{
"type": "FeatureCollection",
"name": "faults_mexico",
"crs": { "type": "name", "properties": { "name": "urn:ogc:def:crs:OGC:1.3:CRS84" } },
"features": [
{ "type": "Feature", "properties": { "average_dip": "(82,,)", "average_rake": "(180.0,,)", "catalog_id": "UCF_97", "catalog_name": "UCERF3", "dip_dir": "NE", "lower_seis_depth": "(11.0,,)", "name": "Imperial", "net_slip_rate": "(11.89,4.69,18.37)", "slip_type": "Dextral", "upper_seis_depth": "(0.0,,)", "downthrown_side_id": null, "reference": null, "epistemic_quality": null, "accuracy": null, "activity_confidence": null, "fs_name": null, "last_movement": null, "downthrown_side_dir": null, "vert_sep_rate": null, "strike_slip_rate": null, "exposure_quality": null, "shortening_rate": null, "notes": null, "index_right": 156, "NAME_EN": "Mexico" }, "geometry": { "type": "LineString", "coordinates": [ [ -115.169, 32.47 ], [ -115.499817, 32.83587 ], [ -115.535857999998996, 32.880439 ], [ -115.552535, 32.925506 ] ] } },
{ "type": "Feature", "properties": { "average_dip": "(90,,)", "average_rake": "(180.0,,)", "catalog_id": "UCF_104", "catalog_name": "UCERF3", "dip_dir": null, "lower_seis_depth": "(13.3000001907348,,)", "name": "Laguna Salada", "net_slip_rate": "(1.82,0.42,2.92)", "slip_type": "Normal-Dextral", "upper_seis_depth": "(0.0,,)", "downthrown_side_id": null, "reference": null, "epistemic_quality": null, "accuracy": null, "activity_confidence": null, "fs_name": null, "last_movement": null, "downthrown_side_dir": null, "vert_sep_rate": null, "strike_slip_rate": null, "exposure_quality": null, "shortening_rate": null, "notes": null, "index_right": 156, "NAME_EN": "Mexico" }, "geometry": { "type": "LineString", "coordinates": [ [ -115.099, 32.1608 ], [ -115.2, 32.2014 ], [ -115.327, 32.263 ], [ -115.399999999998997, 32.2883 ], [ -115.72, 32.5449 ], [ -115.808, 32.5919 ], [ -115.839999999998994, 32.6628 ], [ -115.883, 32.7271 ] ] } },
{ "type": "Feature", "properties": { "average_dip": "(90,,)", "average_rake": "(180.0,,)", "catalog_id": "UCF_172", "catalog_name": "UCERF3", "dip_dir": null, "lower_seis_depth": "(14.3000001907348,,)", "name": "Cerro Prieto", "net_slip_rate": "(10.84,1.33,21.62)", "slip_type": "Dextral", "upper_seis_depth": "(0.0,,)", "downthrown_side_id": null, "reference": null, "epistemic_quality": null, "accuracy": null, "activity_confidence": null, "fs_name": null, "last_movement": null, "downthrown_side_dir": null, "vert_sep_rate": null, "strike_slip_rate": null, "exposure_quality": null, "shortening_rate": null, "notes": null, "index_right": 156, "NAME_EN": "Mexico" }, "geometry": { "type": "LineString", "coordinates": [ [ -115.612139, 32.650793 ], [ -115.341379, 32.439508 ], [ -115.286507999999003, 32.405134 ], [ -115.236572, 32.371519 ], [ -115.160502, 32.314109 ], [ -115.007618999998996, 32.209411 ], [ -114.933083, 32.152218 ] ] } },
{ "type": "Feature", "properties": { "average_dip": "(37,,)", "average_rake": "(-90.0,,)", "catalog_id": "UCF_173", "catalog_name": "UCERF3", "dip_dir": "W", "lower_seis_depth": "(15.3000001907348,,)", "name": "Canada David (Detachment)", "net_slip_rate": "(0.29,0.14,0.41)", "slip_type": "Normal", "upper_seis_depth": "(0.0,,)", "downthrown_side_id": null, "reference": null, "epistemic_quality": null, "accuracy": null, "activity_confidence": null, "fs_name": null, "last_movement": null, "downthrown_side_dir": null, "vert_sep_rate": null, "strike_slip_rate": null, "exposure_quality": null, "shortening_rate": null, "notes": null, "index_right": 156, "NAME_EN": "Mexico" }, "geometry": { "type": "LineString", "coordinates": [ [ -115.418692, 32.315722 ], [ -115.468101, 32.278401 ], [ -115.475178999999002, 32.241551 ], [ -115.468761, 32.204041 ], [ -115.360814, 32.135308 ], [ -115.343427999998994, 32.09116 ], [ -115.331862999999004, 32.050083 ] ] } },
{ "type": "Feature", "properties": { "average_dip": "(90,,)", "average_rake": "(180.0,,)", "catalog_id": "UCF_177", "catalog_name": "UCERF3", "dip_dir": null, "lower_seis_depth": "(8.30000019073486,,)", "name": "San Diego Trough south", "net_slip_rate": "(2.06,1.2,2.7)", "slip_type": "Dextral", "upper_seis_depth": "(0.0,,)", "downthrown_side_id": null, "reference": null, "epistemic_quality": null, "accuracy": null, "activity_confidence": null, "fs_name": null, "last_movement": null, "downthrown_side_dir": null, "vert_sep_rate": null, "strike_slip_rate": null, "exposure_quality": null, "shortening_rate": null, "notes": null, "index_right": 156, "NAME_EN": "Mexico" }, "geometry": { "type": "LineString", "coordinates": [ [ -117.428825, 32.447493 ], [ -117.352076, 32.317965 ], [ -117.329247, 32.263617 ], [ -117.242997, 32.167181 ], [ -117.213693, 32.140455 ], [ -117.166753, 32.068361 ], [ -117.11048, 32.02117 ], [ -117.083009, 31.98074 ], [ -117.033767, 31.871583 ], [ -117.001185, 31.825004 ], [ -116.965155, 31.797774 ], [ -116.896383, 31.75311 ], [ -116.800644999998994, 31.684391 ], [ -116.773004999999003, 31.653614 ], [ -116.705128, 31.601704 ], [ -116.637984, 31.579077 ], [ -116.528148, 31.578082 ], [ -116.452675, 31.568752 ], [ -116.387931, 31.551577 ], [ -116.322455, 31.525488 ] ] } },
{ "type": "Feature", "properties": { "average_dip": "(50,,)", "average_rake": null, "catalog_id": "US_171", "catalog_name": "USGS Hazfaults 2014", "dip_dir": "SW", "lower_seis_depth": null, "name": "West Indio Mountains fault", "net_slip_rate": "(0.0,0.0,0.06)", "slip_type": "Normal", "upper_seis_depth": null, "downthrown_side_id": null, "reference": null, "epistemic_quality": null, "accuracy": null, "activity_confidence": null, "fs_name": null, "last_movement": null, "downthrown_side_dir": null, "vert_sep_rate": null, "strike_slip_rate": null, "exposure_quality": null, "shortening_rate": null, "notes": null, "index_right": 156, "NAME_EN": "Mexico" }, "geometry": { "type": "LineString", "coordinates": [ [ -105.136427966909025, 30.83788761031288 ], [ -105.114236799105484, 30.811745019001986 ], [ -105.084678640183327, 30.802671561626877 ], [ -105.03607377807478, 30.733227565254783 ], [ -105.027448615552402, 30.707264670080583 ], [ -105.025831250985632, 30.678157462958875 ], [ -105.029694311236241, 30.666658302969925 ] ] } },
{ "type": "Feature", "properties": { "average_dip": "(74.0,,)", "average_rake": null, "catalog_id": "MX_2.0", "catalog_name": "Villegas Mexico", "dip_dir": "W", "lower_seis_depth": null, "name": "Teras", "net_slip_rate": "(0.07,,)", "slip_type": "Normal", "upper_seis_depth": null, "downthrown_side_id": null, "reference": "Suter M. & Contreras J., 2002", "epistemic_quality": null, "accuracy": null, "activity_confidence": null, "fs_name": null, "last_movement": "1887", "downthrown_side_dir": null, "vert_sep_rate": null, "strike_slip_rate": null, "exposure_quality": null, "shortening_rate": null, "notes": null, "index_right": 156, "NAME_EN": "Mexico" }, "geometry": { "type": "LineString", "coordinates": [ [ -109.21274823452768, 30.805490750814332 ], [ -109.245142198697067, 30.701970908794788 ], [ -109.24443798208469, 30.665351644951141 ], [ -109.263451830618891, 30.622394431596089 ] ] } },
{ "type": "Feature", "properties": { "average_dip": "(74.0,,)", "average_rake": null, "catalog_id": "MX_3.0", "catalog_name": "Villegas Mexico", "dip_dir": "W", "lower_seis_depth": null, "name": "Otates", "net_slip_rate": "(0.06,,)", "slip_type": "Normal", "upper_seis_depth": null, "downthrown_side_id": null, "reference": "Suter M. & Contreras J., 2002", "epistemic_quality": null, "accuracy": null, "activity_confidence": null, "fs_name": null, "last_movement": "1887", "downthrown_side_dir": null, "vert_sep_rate": null, "strike_slip_rate": null, "exposure_quality": null, "shortening_rate": null, "notes": null, "index_right": 156, "NAME_EN": "Mexico" }, "geometry": { "type": "LineString", "coordinates": [ [ -109.183875353420191, 30.516761939739414 ], [ -109.155706688925079, 30.422396913680782 ], [ -109.164861504885991, 30.385777649837131 ], [ -109.162748855048861, 30.34704573615635 ] ] } },
{ "type": "Feature", "properties": { "average_dip": "(74.0,,)", "average_rake": null, "catalog_id": "MX_4.0", "catalog_name": "Villegas Mexico", "dip_dir": "W", "lower_seis_depth": null, "name": "Pitaycachi", "net_slip_rate": "(0.015,,)", "slip_type": "Normal", "upper_seis_depth": null, "downthrown_side_id": null, "reference": "Suter M. & Contreras J., 2002", "epistemic_quality": null, "accuracy": null, "activity_confidence": null, "fs_name": null, "last_movement": "1887", "downthrown_side_dir": null, "vert_sep_rate": null, "strike_slip_rate": null, "exposure_quality": null, "shortening_rate": null, "notes": null, "index_right": 156, "NAME_EN": "Mexico" }, "geometry": { "type": "LineString", "coordinates": [ [ -109.173312424545458, 31.242808899090907 ], [ -109.158523861818182, 31.192809472727269 ], [ -109.141622647272726, 31.17802091 ], [ -109.12683408454545, 31.135767873636361 ], [ -109.142326864545453, 31.05689553909091 ], [ -109.161340730909089, 31.031543717272726 ], [ -109.162749165454542, 31.004783460909088 ], [ -109.166270251818176, 30.993515984545454 ], [ -109.155002775454548, 30.958305120909092 ], [ -109.155706992727275, 30.918164736363636 ], [ -109.138805778181819, 30.892108697272725 ], [ -109.144439516363633, 30.884362307272728 ], [ -109.144439516363633, 30.870277961818182 ], [ -109.181763031818178, 30.822391187272729 ] ] } },
{ "type": "Feature", "properties": { "average_dip": "(80.0,,)", "average_rake": null, "catalog_id": "MX_5.0", "catalog_name": "Villegas Mexico", "dip_dir": "S", "lower_seis_depth": null, "name": "Acambay-Timadeje", "net_slip_rate": "(0.17,,)", "slip_type": "Normal", "upper_seis_depth": null, "downthrown_side_id": null, "reference": "Langridge R. M., et al, 2000", "epistemic_quality": null, "accuracy": null, "activity_confidence": null, "fs_name": null, "last_movement": "1912", "downthrown_side_dir": null, "vert_sep_rate": null, "strike_slip_rate": null, "exposure_quality": null, "shortening_rate": null, "notes": null, "index_right": 156, "NAME_EN": "Mexico" }, "geometry": { "type": "LineString", "coordinates": [ [ -100.050887768309479, 20.002033918293595 ], [ -100.014626872108749, 19.997289501968265 ], [ -99.992599224884003, 19.991528425001793 ], [ -99.93024403889396, 19.980006271068849 ], [ -99.916010789917962, 19.980006271068849 ], [ -99.90889416542997, 19.981700705470754 ], [ -99.906860844147687, 19.987461782437226 ], [ -99.904488635985018, 19.989833990599891 ], [ -99.899744219659695, 19.990850651241033 ], [ -99.860094454655155, 19.978989610427707 ], [ -99.84789452696144, 19.972889646580857 ], [ -99.836711259908881, 19.973567420341617 ], [ -99.825527992856323, 19.977295176025805 ], [ -99.809261422598041, 19.964417474571338 ], [ -99.797400381784726, 19.960689718887149 ], [ -99.781811585287201, 19.960011945126389 ], [ -99.772661639516926, 19.964078587690956 ], [ -99.731995213871244, 19.933578768456695 ], [ -99.729284118828204, 19.926462143968699 ], [ -99.705900924081931, 19.905790044265476 ] ] } },
{ "type": "Feature", "properties": { "average_dip": "(60.0,,)", "average_rake": null, "catalog_id": "MX_6.0", "catalog_name": "Villegas Mexico", "dip_dir": "N", "lower_seis_depth": null, "name": "Pastores Este", "net_slip_rate": "(0.03,,)", "slip_type": "Normal", "upper_seis_depth": null, "downthrown_side_id": null, "reference": "Langridge R. M., et al, 2013", "epistemic_quality": null, "accuracy": null, "activity_confidence": null, "fs_name": null, "last_movement": null, "downthrown_side_dir": null, "vert_sep_rate": null, "strike_slip_rate": null, "exposure_quality": null, "shortening_rate": null, "notes": null, "index_right": 156, "NAME_EN": "Mexico" }, "geometry": { "type": "LineString", "coordinates": [ [ -100.046821125744898, 19.858006994131799 ], [ -100.034621198051198, 19.856990333490657 ], [ -100.023437930998639, 19.860040315414082 ], [ -100.000054736252366, 19.858006994131799 ], [ -99.98412705287447, 19.852923690926087 ], [ -99.972002391448612, 19.854360616222412 ], [ -99.934242575826502, 19.846096683510503 ], [ -99.909069365411781, 19.843808209836439 ], [ -99.884023292423379, 19.844825309247135 ], [ -99.869148213541934, 19.843172522704752 ], [ -99.855798783776549, 19.844698171820795 ], [ -99.846517751653934, 19.842536835573064 ], [ -99.77164497887577, 19.861056976055224 ], [ -99.733350761392757, 19.873595790629309 ] ] } },
{ "type": "Feature", "properties": { "average_dip": "(70.0,,)", "average_rake": null, "catalog_id": "MX_8.0", "catalog_name": "Villegas Mexico", "dip_dir": "N", "lower_seis_depth": null, "name": "Venta de Bravo", "net_slip_rate": "(0.2,,)", "slip_type": "Dextral", "upper_seis_depth": null, "downthrown_side_id": null, "reference": "Suter, M., et al, 1992", "epistemic_quality": null, "accuracy": null, "activity_confidence": null, "fs_name": null, "last_movement": "1979", "downthrown_side_dir": null, "vert_sep_rate": null, "strike_slip_rate": null, "exposure_quality": null, "shortening_rate": null, "notes": null, "index_right": 156, "NAME_EN": "Mexico" }, "geometry": { "type": "LineString", "coordinates": [ [ -100.387444754071652, 19.847031661237786 ], [ -100.353858003257315, 19.847031661237786 ], [ -100.343832107491849, 19.851042019543975 ], [ -100.333304916938104, 19.858561441368078 ], [ -100.325284200325726, 19.858561441368078 ], [ -100.311749241042335, 19.855052377850164 ], [ -100.281170258957644, 19.859564030944625 ], [ -100.269640478827355, 19.859062736156353 ], [ -100.256105519543965, 19.856556262214983 ], [ -100.24908739250813, 19.853548493485341 ], [ -100.196451439739405, 19.857057557003259 ], [ -100.174394469055358, 19.854049788273617 ], [ -100.129779232899011, 19.859062736156353 ], [ -100.111231325732888, 19.854551083061889 ], [ -100.100202840390864, 19.855052377850164 ], [ -100.093686008143308, 19.858561441368078 ], [ -100.085163996742665, 19.858060146579806 ], [ -100.035535812703571, 19.843021302931596 ] ] } },
{ "type": "Feature", "properties": { "average_dip": "(70.0,,)", "average_rake": null, "catalog_id": "MX_15.0", "catalog_name": "Villegas Mexico", "dip_dir": "NE", "lower_seis_depth": null, "name": "Amargosa (Seccion I)", "net_slip_rate": "(0.75,,)", "slip_type": "Normal", "upper_seis_depth": null, "downthrown_side_id": null, "reference": "Collins, E.W., & Raney, J.A., 1993", "epistemic_quality": null, "accuracy": null, "activity_confidence": null, "fs_name": null, "last_movement": null, "downthrown_side_dir": null, "vert_sep_rate": null, "strike_slip_rate": null, "exposure_quality": null, "shortening_rate": null, "notes": null, "index_right": 156, "NAME_EN": "Mexico" }, "geometry": { "type": "LineString", "coordinates": [ [ -106.046979925728749, 31.314219350426807 ], [ -106.041319012389039, 31.310445408200337 ], [ -106.031884156822855, 31.299752571892004 ], [ -106.026852233854228, 31.29723661040769 ], [ -106.018046368659142, 31.28905973558367 ], [ -105.999805647897858, 31.28088286075965 ], [ -105.972130071570405, 31.264529111111614 ], [ -105.959550264148845, 31.25383627480328 ], [ -105.949486418211592, 31.23685353478416 ], [ -105.933761658934628, 31.218612814022887 ], [ -105.919294880399818, 31.198485122148377 ], [ -105.899796178896395, 31.17709944953171 ], [ -105.832494209190997, 31.094072720549356 ], [ -105.819285411398354, 31.081492913127789 ], [ -105.777772046907174, 31.048785413831713 ], [ -105.732484740189534, 31.019851856762102 ], [ -105.70229320237776, 30.985257386352789 ], [ -105.695374308295897, 30.979596473013082 ], [ -105.69285834681159, 30.974564550044455 ], [ -105.673988635679237, 30.959468781138575 ], [ -105.655118924546883, 30.947517964088085 ] ] } },
{ "type": "Feature", "properties": { "average_dip": "(70.0,,)", "average_rake": null, "catalog_id": "MX_16.0", "catalog_name": "Villegas Mexico", "dip_dir": "NE", "lower_seis_depth": null, "name": "Amargosa (Seccion II)", "net_slip_rate": "(0.75,,)", "slip_type": "Normal", "upper_seis_depth": null, "downthrown_side_id": null, "reference": "Collins, E.W., & Raney, J.A., 1993", "epistemic_quality": null, "accuracy": null, "activity_confidence": null, "fs_name": null, "last_movement": null, "downthrown_side_dir": null, "vert_sep_rate": null, "strike_slip_rate": null, "exposure_quality": null, "shortening_rate": null, "notes": null, "index_right": 156, "NAME_EN": "Mexico" }, "geometry": { "type": "LineString", "coordinates": [ [ -105.632423026059527, 30.926525666556913 ], [ -105.630099654460821, 30.922911532958924 ], [ -105.617192034468005, 30.912585436964672 ], [ -105.607640395673315, 30.912843589364527 ], [ -105.602735500076051, 30.91129467496539 ], [ -105.586213746485242, 30.894772921374585 ] ] } },
{ "type": "Feature", "properties": { "average_dip": "(70.0,,)", "average_rake": null, "catalog_id": "MX_17.0", "catalog_name": "Villegas Mexico", "dip_dir": "NE", "lower_seis_depth": null, "name": "Amargosa (Seccion III)", "net_slip_rate": "(0.75,,)", "slip_type": "Normal", "upper_seis_depth": null, "downthrown_side_id": null, "reference": "Collins, E.W., & Raney, J.A., 1993", "epistemic_quality": null, "accuracy": null, "activity_confidence": null, "fs_name": null, "last_movement": null, "downthrown_side_dir": null, "vert_sep_rate": null, "strike_slip_rate": null, "exposure_quality": null, "shortening_rate": null, "notes": null, "index_right": 156, "NAME_EN": "Mexico" }, "geometry": { "type": "LineString", "coordinates": [ [ -105.575371345691281, 30.889868025777318 ], [ -105.570208297694165, 30.885221282579902 ], [ -105.563238182898033, 30.882639758581341 ], [ -105.555493610902346, 30.873604424586372 ] ] } },
{ "type": "Feature", "properties": { "average_dip": "(90.0,,)", "average_rake": null, "catalog_id": "MX_20.0", "catalog_name": "Villegas Mexico", "dip_dir": null, "lower_seis_depth": null, "name": "San Miguel", "net_slip_rate": "(1.0,,)", "slip_type": "Dextral", "upper_seis_depth": null, "downthrown_side_id": null, "reference": "Cruz-Castillo M., 2002", "epistemic_quality": null, "accuracy": null, "activity_confidence": null, "fs_name": null, "last_movement": "1956", "downthrown_side_dir": null, "vert_sep_rate": null, "strike_slip_rate": null, "exposure_quality": null, "shortening_rate": null, "notes": null, "index_right": 156, "NAME_EN": "Mexico" }, "geometry": { "type": "LineString", "coordinates": [ [ -116.326798199921413, 32.072030273045236 ], [ -116.25821166801876, 32.03479758429809 ], [ -116.245147566703977, 32.021080277917562 ], [ -116.236002695783625, 32.016507842457386 ], [ -116.232736670454926, 32.009975791799988 ], [ -116.215100133679954, 31.995605280353722 ], [ -116.203342442496648, 31.991032844893546 ], [ -116.152392447368968, 31.964904642263967 ], [ -116.125611039673657, 31.947268105489002 ], [ -116.089684761057981, 31.918527082596466 ], [ -116.086418735729282, 31.910688621807591 ], [ -116.075314249611708, 31.900237340755758 ], [ -116.036121945667347, 31.873455933060441 ], [ -116.026323869681249, 31.869536702666004 ], [ -115.968188618830439, 31.821852732867026 ], [ -115.947286056726782, 31.802256580894841 ] ] } },
{ "type": "Feature", "properties": { "average_dip": "(90.0,,)", "average_rake": null, "catalog_id": "MX_21.0", "catalog_name": "Villegas Mexico", "dip_dir": null, "lower_seis_depth": null, "name": "Calabazas", "net_slip_rate": "(1.0,,)", "slip_type": "Dextral", "upper_seis_depth": null, "downthrown_side_id": null, "reference": "Cruz-Castillo M., 2002", "epistemic_quality": null, "accuracy": null, "activity_confidence": null, "fs_name": null, "last_movement": null, "downthrown_side_dir": null, "vert_sep_rate": null, "strike_slip_rate": null, "exposure_quality": null, "shortening_rate": null, "notes": null, "index_right": 156, "NAME_EN": "Mexico" }, "geometry": { "type": "LineString", "coordinates": [ [ -116.762485978769618, 32.415616137624205 ], [ -116.735051366008562, 32.395366780586279 ], [ -116.715455214036382, 32.386221909665927 ], [ -116.702391112721585, 32.382955884337228 ], [ -116.662545603711479, 32.364666142496525 ], [ -116.643602656805044, 32.361400117167825 ], [ -116.627925735227294, 32.352908451313212 ], [ -116.572403304639437, 32.329393068946594 ], [ -116.554766767864464, 32.310450122040152 ], [ -116.536477026023761, 32.299998840988316 ], [ -116.51296164365715, 32.292160380199448 ] ] } },
{ "type": "Feature", "properties": { "average_dip": "(90.0,,)", "average_rake": null, "catalog_id": "MX_22.0", "catalog_name": "Villegas Mexico", "dip_dir": null, "lower_seis_depth": null, "name": "Vallecitos", "net_slip_rate": "(1.0,,)", "slip_type": "Dextral", "upper_seis_depth": null, "downthrown_side_id": null, "reference": "Cruz-Castillo M., 2002", "epistemic_quality": null, "accuracy": null, "activity_confidence": null, "fs_name": null, "last_movement": "1949", "downthrown_side_dir": null, "vert_sep_rate": null, "strike_slip_rate": null, "exposure_quality": null, "shortening_rate": null, "notes": null, "index_right": 156, "NAME_EN": "Mexico" }, "geometry": { "type": "LineString", "coordinates": [ [ -116.7788161054131, 32.348989220918789 ], [ -116.742236621731692, 32.338537939866953 ], [ -116.696512267129933, 32.328086658815124 ], [ -116.627272530161548, 32.301958456185545 ], [ -116.590693046480141, 32.27844307381892 ], [ -116.576322535033867, 32.264072562372654 ], [ -116.53974305135246, 32.239250769874552 ], [ -116.520146899380279, 32.223573848296809 ], [ -116.507082798065483, 32.215735387507934 ], [ -116.456132802937802, 32.193526415272792 ], [ -116.420859729387871, 32.18176872408948 ], [ -116.399957167284214, 32.171317443037651 ], [ -116.36599050386576, 32.167398212643214 ], [ -116.337249480973227, 32.156946931591378 ], [ -116.322878969526954, 32.143882830276588 ], [ -116.312427688475125, 32.138657189750674 ], [ -116.295444356765898, 32.126899498567369 ], [ -116.266703333873366, 32.112528987121095 ], [ -116.230123850191958, 32.096852065543352 ], [ -116.198770007036458, 32.090320014885954 ], [ -116.113853348490323, 32.052434121073063 ] ] } },
{ "type": "Feature", "properties": { "average_dip": "(90.0,,)", "average_rake": null, "catalog_id": "MX_23.0", "catalog_name": "Villegas Mexico", "dip_dir": null, "lower_seis_depth": null, "name": "Tres Hermanas (Sección I)", "net_slip_rate": "(1.0,,)", "slip_type": "Dextral", "upper_seis_depth": null, "downthrown_side_id": null, "reference": "Cruz-Castillo M., 2002", "epistemic_quality": null, "accuracy": null, "activity_confidence": null, "fs_name": null, "last_movement": null, "downthrown_side_dir": null, "vert_sep_rate": null, "strike_slip_rate": null, "exposure_quality": null, "shortening_rate": null, "notes": null, "index_right": 156, "NAME_EN": "Mexico" }, "geometry": { "type": "LineString", "coordinates": [ [ -116.339861894136831, 31.991033074918573 ], [ -116.34378112540719, 31.964904866449519 ], [ -116.322878558631942, 31.930938195439744 ], [ -116.295443939739442, 31.859085622149841 ], [ -116.284992656351818, 31.83557023452769 ], [ -116.271928552117288, 31.792458690553751 ], [ -116.266702910423476, 31.759798429967429 ], [ -116.258864447882758, 31.740202273615637 ], [ -116.232736239413697, 31.715380475570036 ], [ -116.194850337133573, 31.690558677524432 ], [ -116.159577255700341, 31.674881752443 ], [ -116.129529815960936, 31.665736879478828 ], [ -116.116465711726406, 31.659204827361567 ], [ -116.06029006351794, 31.646140723127036 ], [ -116.018484929967443, 31.643527902280134 ] ] } },
{ "type": "Feature", "properties": { "average_dip": "(90.0,,)", "average_rake": null, "catalog_id": "MX_24.0", "catalog_name": "Villegas Mexico", "dip_dir": null, "lower_seis_depth": null, "name": "Tres Hermanas (Sección II)", "net_slip_rate": "(1.0,,)", "slip_type": "Dextral", "upper_seis_depth": null, "downthrown_side_id": null, "reference": "Cruz-Castillo M., 2002", "epistemic_quality": null, "accuracy": null, "activity_confidence": null, "fs_name": null, "last_movement": null, "downthrown_side_dir": null, "vert_sep_rate": null, "strike_slip_rate": null, "exposure_quality": null, "shortening_rate": null, "notes": null, "index_right": 156, "NAME_EN": "Mexico" }, "geometry": { "type": "LineString", "coordinates": [ [ -116.456132421824123, 31.923099732899029 ], [ -116.409101646579828, 31.876068957654727 ], [ -116.350313177524455, 31.822506130293164 ], [ -116.318959327361583, 31.801603563517919 ], [ -116.301975991856708, 31.785926638436486 ], [ -116.265396500000023, 31.757185609120526 ] ] } },
{ "type": "Feature", "properties": { "average_dip": "(90.0,,)", "average_rake": null, "catalog_id": "MX_25.0", "catalog_name": "Villegas Mexico", "dip_dir": null, "lower_seis_depth": null, "name": "Agua Blanca", "net_slip_rate": "(4.0,,)", "slip_type": "Dextral", "upper_seis_depth": null, "downthrown_side_id": null, "reference": "Cruz-Castillo M., 2002", "epistemic_quality": null, "accuracy": null, "activity_confidence": null, "fs_name": null, "last_movement": null, "downthrown_side_dir": null, "vert_sep_rate": null, "strike_slip_rate": null, "exposure_quality": null, "shortening_rate": null, "notes": null, "index_right": 156, "NAME_EN": "Mexico" }, "geometry": { "type": "LineString", "coordinates": [ [ -116.669077320846895, 31.706235602605869 ], [ -116.588079874592822, 31.669656110749187 ], [ -116.51230807003256, 31.631770208469057 ], [ -116.435229855048846, 31.584739433224758 ], [ -116.333329842019538, 31.540321478827362 ], [ -116.243187522801293, 31.48283942019544 ], [ -116.179173412052094, 31.469775315960909 ], [ -116.132142636807799, 31.452791980456023 ], [ -116.087724682410411, 31.44103428664495 ], [ -116.043306728013008, 31.439727876221497 ], [ -115.804233620521146, 31.407067615635178 ] ] } },
{ "type": "Feature", "properties": { "average_dip": "(90.0,,)", "average_rake": null, "catalog_id": "MX_26.0", "catalog_name": "Villegas Mexico", "dip_dir": null, "lower_seis_depth": null, "name": "Maximitos", "net_slip_rate": "(4.0,,)", "slip_type": "Dextral", "upper_seis_depth": null, "downthrown_side_id": null, "reference": "Cruz-Castillo M., 2002", "epistemic_quality": null, "accuracy": null, "activity_confidence": null, "fs_name": null, "last_movement": null, "downthrown_side_dir": null, "vert_sep_rate": null, "strike_slip_rate": null, "exposure_quality": null, "shortening_rate": null, "notes": null, "index_right": 156, "NAME_EN": "Mexico" }, "geometry": { "type": "LineString", "coordinates": [ [ -116.654706806188926, 31.639608671009775 ], [ -116.602450389250805, 31.601722768729644 ], [ -116.551500382736151, 31.579513791530946 ], [ -116.511001659609107, 31.569062508143325 ], [ -116.478341399022796, 31.566449687296419 ], [ -116.430004213355033, 31.555998403908795 ], [ -116.364683692182396, 31.553385583061889 ] ] } },
{ "type": "Feature", "properties": { "average_dip": "(90.0,,)", "average_rake": null, "catalog_id": "MX_27.0", "catalog_name": "Villegas Mexico", "dip_dir": null, "lower_seis_depth": null, "name": "Bahía Soledad", "net_slip_rate": "(4.0,,)", "slip_type": "Dextral", "upper_seis_depth": null, "downthrown_side_id": null, "reference": "Cruz-Castillo M., 2002", "epistemic_quality": null, "accuracy": null, "activity_confidence": null, "fs_name": null, "last_movement": null, "downthrown_side_dir": null, "vert_sep_rate": null, "strike_slip_rate": null, "exposure_quality": null, "shortening_rate": null, "notes": null, "index_right": 156, "NAME_EN": "Mexico" }, "geometry": { "type": "LineString", "coordinates": [ [ -116.645561933224755, 31.552079172638436 ], [ -116.52537217426709, 31.561224045602607 ], [ -116.509695249185654, 31.566449687296419 ] ] } },
{ "type": "Feature", "properties": { "average_dip": "(90.0,,)", "average_rake": null, "catalog_id": "MX_28.0", "catalog_name": "Villegas Mexico", "dip_dir": null, "lower_seis_depth": null, "name": "Imperial", "net_slip_rate": "(40.0,,)", "slip_type": "Dextral", "upper_seis_depth": null, "downthrown_side_id": null, "reference": "Cruz-Castillo M., 2002", "epistemic_quality": null, "accuracy": null, "activity_confidence": null, "fs_name": null, "last_movement": "1940", "downthrown_side_dir": null, "vert_sep_rate": null, "strike_slip_rate": null, "exposure_quality": null, "shortening_rate": null, "notes": null, "index_right": 156, "NAME_EN": "Mexico" }, "geometry": { "type": "LineString", "coordinates": [ [ -115.55101227320867, 32.905622057665433 ], [ -115.385827531669833, 32.716839495906768 ], [ -115.309104070032532, 32.63901264495118 ], [ -115.241170728012989, 32.584143407166167 ], [ -115.179769438110696, 32.525354938110787 ], [ -115.141883535830573, 32.482243394136844 ] ] } },
{ "type": "Feature", "properties": { "average_dip": "(90.0,,)", "average_rake": null, "catalog_id": "MX_29.0", "catalog_name": "Villegas Mexico", "dip_dir": null, "lower_seis_depth": null, "name": "Cerro Prieto", "net_slip_rate": "(50.0,,)", "slip_type": "Dextral", "upper_seis_depth": null, "downthrown_side_id": null, "reference": "Cruz-Castillo M., 2002", "epistemic_quality": null, "accuracy": null, "activity_confidence": null, "fs_name": null, "last_movement": "1934", "downthrown_side_dir": null, "vert_sep_rate": null, "strike_slip_rate": null, "exposure_quality": null, "shortening_rate": null, "notes": null, "index_right": 156, "NAME_EN": "Mexico" }, "geometry": { "type": "LineString", "coordinates": [ [ -115.293427144951096, 32.420842104234566 ], [ -115.179769438110696, 32.328086964169415 ], [ -115.033451470683985, 32.198752332247594 ], [ -114.962905307817536, 32.133431811074949 ], [ -114.874069399022744, 32.064192058631953 ], [ -114.834877086319153, 32.028918977198728 ], [ -114.719912969055315, 31.930938195439765 ], [ -114.672882193811006, 31.883907420195463 ], [ -114.619319366449446, 31.834263824104255 ], [ -114.597110389250744, 31.804216384364842 ], [ -114.57620782247551, 31.765024071661259 ] ] } },
{ "type": "Feature", "properties": { "average_dip": "(0.0,,)", "average_rake": null, "catalog_id": "MX_30.0", "catalog_name": "Villegas Mexico", "dip_dir": "SW", "lower_seis_depth": null, "name": "Laguna Salada", "net_slip_rate": "(1.0,,)", "slip_type": "Dextral", "upper_seis_depth": null, "downthrown_side_id": null, "reference": "Cruz-Castillo M., 2002", "epistemic_quality": null, "accuracy": null, "activity_confidence": null, "fs_name": null, "last_movement": "1982", "downthrown_side_dir": null, "vert_sep_rate": null, "strike_slip_rate": null, "exposure_quality": null, "shortening_rate": null, "notes": null, "index_right": 156, "NAME_EN": "Mexico" }, "geometry": { "type": "LineString", "coordinates": [ [ -115.916041054734208, 32.706515449560584 ], [ -115.90719187215177, 32.664481832294001 ], [ -115.876957164995105, 32.640146580192301 ], [ -115.790516311074882, 32.599820332247603 ], [ -115.719316942996699, 32.562587635179199 ], [ -115.677511809446202, 32.536459426710138 ], [ -115.642238728012984, 32.507065192182452 ], [ -115.624602187296361, 32.494654293159648 ] ] } },
{ "type": "Feature", "properties": { "average_dip": "(60.0,,)", "average_rake": null, "catalog_id": "MX_31.0", "catalog_name": "Villegas Mexico", "dip_dir": "NW", "lower_seis_depth": null, "name": "Cañon Rojo", "net_slip_rate": "(1.0,,)", "slip_type": "Normal", "upper_seis_depth": null, "downthrown_side_id": null, "reference": "Cruz-Castillo M., 2002", "epistemic_quality": null, "accuracy": null, "activity_confidence": null, "fs_name": null, "last_movement": null, "downthrown_side_dir": null, "vert_sep_rate": null, "strike_slip_rate": null, "exposure_quality": null, "shortening_rate": null, "notes": null, "index_right": 156, "NAME_EN": "Mexico" }, "geometry": { "type": "LineString", "coordinates": [ [ -115.637666291530891, 32.470485700325774 ], [ -115.624602187296361, 32.494654293159648 ] ] } },
{ "type": "Feature", "properties": { "average_dip": "(0.0,,)", "average_rake": null, "catalog_id": "MX_32.0", "catalog_name": "Villegas Mexico", "dip_dir": "SW", "lower_seis_depth": null, "name": "Chupamirtos", "net_slip_rate": "(1.0,,)", "slip_type": "Normal", "upper_seis_depth": null, "downthrown_side_id": null, "reference": "Cruz-Castillo M., 2002", "epistemic_quality": null, "accuracy": null, "activity_confidence": null, "fs_name": null, "last_movement": null, "downthrown_side_dir": null, "vert_sep_rate": null, "strike_slip_rate": null, "exposure_quality": null, "shortening_rate": null, "notes": null, "index_right": 156, "NAME_EN": "Mexico" }, "geometry": { "type": "LineString", "coordinates": [ [ -115.637666291530891, 32.470485700325774 ], [ -115.614099873260287, 32.450810482185382 ], [ -115.5787118826414, 32.411401128996161 ], [ -115.561822159846017, 32.396119951228911 ], [ -115.54251961950844, 32.384860136031996 ], [ -115.483807725981649, 32.355906325525631 ] ] } },
{ "type": "Feature", "properties": { "average_dip": "(0.0,,)", "average_rake": null, "catalog_id": "MX_33.0", "catalog_name": "Villegas Mexico", "dip_dir": "NE", "lower_seis_depth": null, "name": "Cucapah", "net_slip_rate": "(1.0,,)", "slip_type": "Normal", "upper_seis_depth": null, "downthrown_side_id": null, "reference": "Cruz-Castillo M., 2002", "epistemic_quality": null, "accuracy": null, "activity_confidence": null, "fs_name": null, "last_movement": null, "downthrown_side_dir": null, "vert_sep_rate": null, "strike_slip_rate": null, "exposure_quality": null, "shortening_rate": null, "notes": null, "index_right": 156, "NAME_EN": "Mexico" }, "geometry": { "type": "LineString", "coordinates": [ [ -115.51195726397394, 32.449201937157255 ], [ -115.47576500084098, 32.424269489221217 ], [ -115.448419735362748, 32.408988311453967 ], [ -115.418661652342323, 32.38727295357419 ], [ -115.345472853562342, 32.344646510328708 ] ] } },
{ "type": "Feature", "properties": { "average_dip": "(0.0,,)", "average_rake": null, "catalog_id": "MX_34.0", "catalog_name": "Villegas Mexico", "dip_dir": "NE", "lower_seis_depth": null, "name": "Pescadores", "net_slip_rate": "(1.0,,)", "slip_type": "Normal", "upper_seis_depth": null, "downthrown_side_id": null, "reference": "Cruz-Castillo M., 2002", "epistemic_quality": null, "accuracy": null, "activity_confidence": null, "fs_name": null, "last_movement": null, "downthrown_side_dir": null, "vert_sep_rate": null, "strike_slip_rate": null, "exposure_quality": null, "shortening_rate": null, "notes": null, "index_right": 156, "NAME_EN": "Mexico" }, "geometry": { "type": "LineString", "coordinates": [ [ -115.537326751762691, 32.440424746693886 ], [ -115.521241301481368, 32.421122206356308 ], [ -115.478614858235886, 32.384125670709288 ], [ -115.456095227842042, 32.368844492942038 ], [ -115.428540540789726, 32.347041131166357 ], [ -115.415025719137887, 32.334312385324019 ], [ -115.387033992232872, 32.312946063401036 ], [ -115.348914582270382, 32.286383894105469 ] ] } },
{ "type": "Feature", "properties": { "average_dip": "(0.0,,)", "average_rake": null, "catalog_id": "MX_35.0", "catalog_name": "Villegas Mexico", "dip_dir": "NE", "lower_seis_depth": null, "name": "Borregos", "net_slip_rate": "(1.0,,)", "slip_type": "Normal", "upper_seis_depth": null, "downthrown_side_id": null, "reference": "Cruz-Castillo M., 2002", "epistemic_quality": null, "accuracy": null, "activity_confidence": null, "fs_name": null, "last_movement": null, "downthrown_side_dir": null, "vert_sep_rate": null, "strike_slip_rate": null, "exposure_quality": null, "shortening_rate": null, "notes": null, "index_right": 156, "NAME_EN": "Mexico" }, "geometry": { "type": "LineString", "coordinates": [ [ -115.614099873260287, 32.49424119794493 ], [ -115.557800797275689, 32.419443854136823 ], [ -115.488633361066036, 32.37199177580694 ], [ -115.457266733017477, 32.347863600384969 ], [ -115.434243949511412, 32.336938296416953 ], [ -115.404158169788275, 32.316479966205222 ], [ -115.347596903908794, 32.287597617671025 ] ] } },
{ "type": "Feature", "properties": { "average_dip": "(0.0,,)", "average_rake": null, "catalog_id": "MX_36.0", "catalog_name": "Villegas Mexico", "dip_dir": "ENE", "lower_seis_depth": null, "name": "S.F. Sierra Juárez (Sección I)", "net_slip_rate": "(0.0,,)", "slip_type": "Normal", "upper_seis_depth": null, "downthrown_side_id": null, "reference": "Díaz-Torres J., et al, 2012", "epistemic_quality": null, "accuracy": null, "activity_confidence": null, "fs_name": null, "last_movement": null, "downthrown_side_dir": null, "vert_sep_rate": null, "strike_slip_rate": null, "exposure_quality": null, "shortening_rate": null, "notes": null, "index_right": 156, "NAME_EN": "Mexico" }, "geometry": { "type": "LineString", "coordinates": [ [ -115.987199231818167, 32.619341163636371 ], [ -115.949140072727246, 32.549747272727281 ], [ -115.920867554545438, 32.517125136363646 ], [ -115.903469081818159, 32.483415595454552 ], [ -115.85018625909089, 32.419258727272734 ], [ -115.829525572727249, 32.355101859090915 ], [ -115.828438168181805, 32.337703386363643 ], [ -115.83713740454543, 32.312693081818189 ], [ -115.846924045454529, 32.296382013636368 ], [ -115.85888549545453, 32.288770181818187 ] ] } },
{ "type": "Feature", "properties": { "average_dip": "(0.0,,)", "average_rake": null, "catalog_id": "MX_37.0", "catalog_name": "Villegas Mexico", "dip_dir": "ENE", "lower_seis_depth": null, "name": "S.F. Sierra Juárez (Seccion II)", "net_slip_rate": "(0.0,,)", "slip_type": "Normal", "upper_seis_depth": null, "downthrown_side_id": null, "reference": "Díaz-Torres J., et al, 2012", "epistemic_quality": null, "accuracy": null, "activity_confidence": null, "fs_name": null, "last_movement": null, "downthrown_side_dir": null, "vert_sep_rate": null, "strike_slip_rate": null, "exposure_quality": null, "shortening_rate": null, "notes": null, "index_right": 156, "NAME_EN": "Mexico" }, "geometry": { "type": "LineString", "coordinates": [ [ -115.848011449999987, 32.259410259090906 ], [ -115.813214504545442, 32.21265186363636 ], [ -115.799078245454524, 32.180029727272725 ], [ -115.795816031818163, 32.16154385 ], [ -115.78929160454544, 32.13870835454545 ], [ -115.774067940909077, 32.120222477272726 ], [ -115.761019086363618, 32.091949959090904 ], [ -115.755582063636353, 32.068027059090909 ], [ -115.755582063636353, 32.045191563636358 ], [ -115.75231985, 32.026705686363634 ], [ -115.736008781818171, 31.9821221 ] ] } },
{ "type": "Feature", "properties": { "average_dip": "(0.0,,)", "average_rake": null, "catalog_id": "MX_38.0", "catalog_name": "Villegas Mexico", "dip_dir": "ENE", "lower_seis_depth": null, "name": "San Pedro Martir", "net_slip_rate": "(0.0,,)", "slip_type": "Normal", "upper_seis_depth": null, "downthrown_side_id": null, "reference": "Díaz-Torres J., et al, 2012", "epistemic_quality": null, "accuracy": null, "activity_confidence": null, "fs_name": null, "last_movement": null, "downthrown_side_dir": null, "vert_sep_rate": null, "strike_slip_rate": null, "exposure_quality": null, "shortening_rate": null, "notes": null, "index_right": 156, "NAME_EN": "Mexico" }, "geometry": { "type": "LineString", "coordinates": [ [ -115.45939360925378, 31.386242119262651 ], [ -115.457866992448928, 31.361816250384948 ], [ -115.442600824400358, 31.33128391428782 ], [ -115.430387889961509, 31.317544363044114 ], [ -115.427334656351789, 31.302278194995548 ], [ -115.438020973985786, 31.276325709312989 ], [ -115.438020973985786, 31.241213522801292 ], [ -115.444127441205211, 31.224420737947874 ], [ -115.444127441205211, 31.207627953094452 ], [ -115.434967740376081, 31.160302832143906 ], [ -115.419701572327511, 31.146563280900196 ], [ -115.395275703449812, 31.119084178412781 ], [ -115.387642619425534, 31.100764776754506 ], [ -115.363216750547821, 31.070232440657378 ], [ -115.349477199304118, 31.061072739828241 ], [ -115.325051330426419, 31.056492889413672 ], [ -115.306731928768144, 31.058019506218528 ], [ -115.294518994329295, 31.050386422194244 ], [ -115.283832676695297, 31.022907319706832 ], [ -115.265513275037023, 31.013747618877691 ], [ -115.245667256573881, 30.987795133195132 ], [ -115.231927705330179, 30.977108815561138 ], [ -115.238034172549604, 30.952682946683435 ], [ -115.238034172549604, 30.93436354502516 ], [ -115.230401088525326, 30.880931956855186 ], [ -115.219714770891329, 30.854979471172626 ], [ -115.207501836452479, 30.838186686319208 ], [ -115.199868752428188, 30.818340667856074 ], [ -115.187655817989338, 30.795441415783227 ], [ -115.169336416331063, 30.77406878051524 ], [ -115.152543631477641, 30.751169528442393 ], [ -115.140330697038792, 30.751169528442393 ], [ -115.135750846624219, 30.742009827613256 ], [ -115.135750846624219, 30.731323509979259 ], [ -115.143383930648511, 30.687051622638425 ], [ -115.141857313843644, 30.677891921809287 ], [ -115.143383930648511, 30.664152370565578 ], [ -115.137277463429086, 30.632093417663594 ], [ -115.114378211356239, 30.60919416559075 ], [ -115.115904828161092, 30.58782153032276 ], [ -115.114378211356239, 30.571028745469341 ], [ -115.105218510527095, 30.563395661445057 ] ] } },
{ "type": "Feature", "properties": { "average_dip": "(0.0,,)", "average_rake": null, "catalog_id": "MX_40.0", "catalog_name": "Villegas Mexico", "dip_dir": "S", "lower_seis_depth": null, "name": "San Mateo", "net_slip_rate": "(0.055,,)", "slip_type": "Normal", "upper_seis_depth": null, "downthrown_side_id": null, "reference": "Sunye-Puchol I., et al, 2015", "epistemic_quality": null, "accuracy": null, "activity_confidence": null, "fs_name": null, "last_movement": null, "downthrown_side_dir": null, "vert_sep_rate": null, "strike_slip_rate": null, "exposure_quality": null, "shortening_rate": null, "notes": null, "index_right": 156, "NAME_EN": "Mexico" }, "geometry": { "type": "LineString", "coordinates": [ [ -100.004860257967422, 19.924558011907692 ], [ -99.967303128581108, 19.928752209098043 ], [ -99.946332142629359, 19.927608337137038 ], [ -99.925742447331274, 19.924176721254025 ], [ -99.888566608598623, 19.909878321741463 ] ] } },
{ "type": "Feature", "properties": { "average_dip": "(57.0,,)", "average_rake": null, "catalog_id": "MX_41.0", "catalog_name": "Villegas Mexico", "dip_dir": "N", "lower_seis_depth": null, "name": "Pastores Oeste", "net_slip_rate": "(0.12,,)", "slip_type": "Normal", "upper_seis_depth": null, "downthrown_side_id": null, "reference": "Ortuño M., et al., 2012", "epistemic_quality": null, "accuracy": null, "activity_confidence": null, "fs_name": null, "last_movement": null, "downthrown_side_dir": null, "vert_sep_rate": null, "strike_slip_rate": null, "exposure_quality": null, "shortening_rate": null, "notes": null, "index_right": 156, "NAME_EN": "Mexico" }, "geometry": { "type": "LineString", "coordinates": [ [ -100.025272973083872, 19.860717487539272 ], [ -100.060871452458244, 19.876609665831406 ], [ -100.067864010906789, 19.874448329583675 ], [ -100.075110844207998, 19.878262452373789 ], [ -100.081976265230196, 19.879406689210821 ], [ -100.095579969848274, 19.878262452373789 ], [ -100.116684782620226, 19.88296653714826 ] ] } },
{ "type": "Feature", "properties": { "average_dip": "(25.0,,)", "average_rake": null, "catalog_id": "MX_42.0", "catalog_name": "Villegas Mexico", "dip_dir": "SW", "lower_seis_depth": null, "name": "Cañada David", "net_slip_rate": "(0.0,,)", "slip_type": "Normal", "upper_seis_depth": null, "downthrown_side_id": null, "reference": "Spelz R.M. et al., 2008", "epistemic_quality": null, "accuracy": null, "activity_confidence": null, "fs_name": null, "last_movement": null, "downthrown_side_dir": null, "vert_sep_rate": null, "strike_slip_rate": null, "exposure_quality": null, "shortening_rate": null, "notes": null, "index_right": 156, "NAME_EN": "Mexico" }, "geometry": { "type": "LineString", "coordinates": [ [ -115.429429009826293, 32.319445207112629 ], [ -115.436557479560221, 32.315168125272265 ], [ -115.439408867453793, 32.310891043431909 ], [ -115.440121714427193, 32.305188267644759 ], [ -115.43299324469325, 32.29449556304386 ], [ -115.435131785613436, 32.28879278725671 ], [ -115.440121714427193, 32.285941399363139 ], [ -115.465071358495948, 32.285941399363139 ], [ -115.473625522176675, 32.281664317522782 ], [ -115.478615450990432, 32.27524869476224 ], [ -115.474338369150061, 32.251724744640264 ], [ -115.477902604017032, 32.248873356746685 ], [ -115.477902604017032, 32.243170580959543 ], [ -115.462219970602376, 32.220359477810959 ], [ -115.461507123628991, 32.210379620183453 ], [ -115.45794288876202, 32.200399762555946 ], [ -115.429429009826293, 32.178301506380748 ], [ -115.404479365757524, 32.164757413886278 ], [ -115.392360967209839, 32.150500474418415 ], [ -115.383093956555726, 32.150500474418415 ], [ -115.372401251954827, 32.142659157711087 ], [ -115.356718618540171, 32.136956381923937 ], [ -115.343887373019086, 32.129827912190002 ], [ -115.336758903285158, 32.121986595482682 ], [ -115.336046056311758, 32.111293890881782 ], [ -115.351728689726414, 32.099888339307483 ], [ -115.354580077619985, 32.086344246813013 ], [ -115.346738760912658, 32.069235919451572 ], [ -115.33961029117873, 32.066384531558001 ], [ -115.337471750258544, 32.059968908797458 ], [ -115.338184597231944, 32.05284043906353 ], [ -115.341748832098915, 32.046424816302988 ], [ -115.336046056311758, 32.031455029861732 ], [ -115.337471750258544, 32.025752254074582 ], [ -115.333194668418187, 32.015772396447076 ], [ -115.321789116843902, 32.004366844872784 ], [ -115.308245024349432, 32.003653997899391 ], [ -115.281156839360477, 31.997951222112242 ] ] } },
{ "type": "Feature", "properties": { "average_dip": "(35.0,,)", "average_rake": null, "catalog_id": "MX_43.0", "catalog_name": "Villegas Mexico", "dip_dir": "N", "lower_seis_depth": null, "name": "S.F. Tenango B", "net_slip_rate": "(0.4,,)", "slip_type": "Dextral", "upper_seis_depth": null, "downthrown_side_id": null, "reference": "Norini G., et al., 2006", "epistemic_quality": null, "accuracy": null, "activity_confidence": null, "fs_name": null, "last_movement": null, "downthrown_side_dir": null, "vert_sep_rate": null, "strike_slip_rate": null, "exposure_quality": null, "shortening_rate": null, "notes": null, "index_right": 156, "NAME_EN": "Mexico" }, "geometry": { "type": "LineString", "coordinates": [ [ -99.440040083636362, 19.052358329090911 ], [ -99.46988716, 19.04033659 ], [ -99.495174266363634, 19.033703906363638 ], [ -99.507610548181816, 19.033703906363638 ], [ -99.525021342727271, 19.039092961818181 ], [ -99.54782119272727, 19.042409303636365 ] ] } },
{ "type": "Feature", "properties": { "average_dip": "(35.0,,)", "average_rake": null, "catalog_id": "MX_44.0", "catalog_name": "Villegas Mexico", "dip_dir": "N", "lower_seis_depth": null, "name": "S.F. Tenango I", "net_slip_rate": "(0.4,,)", "slip_type": "Dextral", "upper_seis_depth": null, "downthrown_side_id": null, "reference": "Norini G.,et al., 2006", "epistemic_quality": null, "accuracy": null, "activity_confidence": null, "fs_name": null, "last_movement": null, "downthrown_side_dir": null, "vert_sep_rate": null, "strike_slip_rate": null, "exposure_quality": null, "shortening_rate": null, "notes": null, "index_right": 156, "NAME_EN": "Mexico" }, "geometry": { "type": "LineString", "coordinates": [ [ -99.585130038181816, 19.079303606363638 ], [ -99.613318943636358, 19.088009003636365 ], [ -99.630729738181813, 19.090081717272728 ], [ -99.644409648181806, 19.089252631818184 ], [ -99.672598553636362, 19.07847452090909 ], [ -99.687107549090896, 19.080132691818182 ], [ -99.702031087272715, 19.084278119090911 ], [ -99.71944188181817, 19.085521747272729 ], [ -99.733536334545448, 19.092983516363635 ], [ -99.786183260909084, 19.107077969090909 ], [ -99.799034085454537, 19.112467024545456 ], [ -99.817688508181803, 19.122830592727272 ], [ -99.835928388181813, 19.136925045454547 ] ] } },
{ "type": "Feature", "properties": { "average_dip": "(70.0,,)", "average_rake": null, "catalog_id": "MX_45.0", "catalog_name": "Villegas Mexico", "dip_dir": "SW", "lower_seis_depth": null, "name": "Indiviso", "net_slip_rate": "(0.0,,)", "slip_type": "Dextral", "upper_seis_depth": null, "downthrown_side_id": null, "reference": "Fletcher J., et al., 2014", "epistemic_quality": null, "accuracy": null, "activity_confidence": null, "fs_name": null, "last_movement": "2010", "downthrown_side_dir": null, "vert_sep_rate": null, "strike_slip_rate": null, "exposure_quality": null, "shortening_rate": null, "notes": null, "index_right": 156, "NAME_EN": "Mexico" }, "geometry": { "type": "LineString", "coordinates": [ [ -115.341857662801345, 32.28540211257107 ], [ -115.276983702777912, 32.242395779521821 ], [ -114.898050995579922, 31.953703381210531 ] ] } },
{ "type": "Feature", "properties": { "average_dip": "(0.0,,)", "average_rake": null, "catalog_id": "MX_0.0", "catalog_name": "Villegas Mexico", "dip_dir": "NE", "lower_seis_depth": null, "name": "Paso Inferior-Superior", "net_slip_rate": "(0.0,,)", "slip_type": "Dextral", "upper_seis_depth": null, "downthrown_side_id": null, "reference": "Fletcher J., et al., 2014", "epistemic_quality": null, "accuracy": null, "activity_confidence": null, "fs_name": null, "last_movement": "2010", "downthrown_side_dir": null, "vert_sep_rate": null, "strike_slip_rate": null, "exposure_quality": null, "shortening_rate": null, "notes": null, "index_right": 156, "NAME_EN": "Mexico" }, "geometry": { "type": "LineString", "coordinates": [ [ -115.628791016038534, 32.493146497327778 ], [ -115.652151818379039, 32.510465712856082 ], [ -115.675915393173696, 32.531007108017562 ], [ -115.69887342306005, 32.546312461275136 ], [ -115.733914626570808, 32.586992479143952 ], [ -115.752844931915703, 32.616394868296659 ] ] } },
{ "type": "Feature", "properties": { "average_dip": "(70.0,,)", "average_rake": null, "catalog_id": "MX_8.0", "catalog_name": "Villegas Mexico", "dip_dir": "W, SW", "lower_seis_depth": null, "name": "Montañas Indio Oeste", "net_slip_rate": "(0.2,,)", "slip_type": "Normal", "upper_seis_depth": null, "downthrown_side_id": null, "reference": "Collins E.W., & Raney J.A., 1993", "epistemic_quality": null, "accuracy": null, "activity_confidence": null, "fs_name": null, "last_movement": null, "downthrown_side_dir": null, "vert_sep_rate": null, "strike_slip_rate": null, "exposure_quality": null, "shortening_rate": null, "notes": null, "index_right": 156, "NAME_EN": "Mexico" }, "geometry": { "type": "LineString", "coordinates": [ [ -105.025029727198657, 30.678228594462539 ], [ -105.034624303745886, 30.622580050488594 ], [ -105.034624303745886, 30.610107100977196 ], [ -105.018313523615589, 30.577485540716605 ], [ -105.011597320032521, 30.546782895765464 ], [ -105.009678404723076, 30.524715369706833 ], [ -105.002002743485292, 30.497850555374583 ], [ -104.989529793973901, 30.471945198697057 ], [ -104.967462267915266, 30.433566892508132 ], [ -104.962664979641644, 30.42109394299673 ], [ -104.954029860749131, 30.406702078175883 ], [ -104.932921792345226, 30.380796721498356 ], [ -104.926205588762173, 30.368323771986955 ] ] } },
{ "type": "Feature", "properties": { "average_dip": null, "average_rake": null, "catalog_id": "MX_10.0", "catalog_name": "Villegas Mexico", "dip_dir": "E, NE", "lower_seis_depth": null, "name": "Loreto", "net_slip_rate": "(0.06,,)", "slip_type": "Normal", "upper_seis_depth": null, "downthrown_side_id": null, "reference": "Dorsey R. J., et al, 1994", "epistemic_quality": null, "accuracy": null, "activity_confidence": null, "fs_name": null, "last_movement": null, "downthrown_side_dir": null, "vert_sep_rate": null, "strike_slip_rate": null, "exposure_quality": null, "shortening_rate": null, "notes": null, "index_right": 156, "NAME_EN": "Mexico" }, "geometry": { "type": "LineString", "coordinates": [ [ -111.561892156149852, 26.250097983451987 ], [ -111.554946286198586, 26.241608586844873 ], [ -111.554946286198586, 26.228488610270244 ], [ -111.548386297911264, 26.211895698719978 ], [ -111.53796749298435, 26.204178065440782 ], [ -111.523303989753884, 26.184498100578839 ], [ -111.517129883130536, 26.148996987494549 ], [ -111.493591101628994, 26.135877010919916 ], [ -111.486259350013754, 26.125072324329047 ], [ -111.461562923520333, 26.098446489515826 ], [ -111.427991218755849, 26.077608879662005 ], [ -111.402137147270537, 26.069119483054891 ], [ -111.392104224007596, 26.058314796464018 ], [ -111.363548980874569, 26.04249364824167 ], [ -111.356988992587262, 26.033618369970601 ], [ -111.348499595980144, 26.028216026675164 ] ] } },
{ "type": "Feature", "properties": { "average_dip": "(70.0,,)", "average_rake": null, "catalog_id": "MX_2.0", "catalog_name": "Villegas Mexico", "dip_dir": "E o SE", "lower_seis_depth": null, "name": "San Juan de los Planes", "net_slip_rate": "(1.0,,)", "slip_type": "Normal", "upper_seis_depth": null, "downthrown_side_id": null, "reference": "Coyan M. M. et al, 2013", "epistemic_quality": null, "accuracy": null, "activity_confidence": null, "fs_name": null, "last_movement": null, "downthrown_side_dir": null, "vert_sep_rate": null, "strike_slip_rate": null, "exposure_quality": null, "shortening_rate": null, "notes": null, "index_right": 156, "NAME_EN": "Mexico" }, "geometry": { "type": "LineString", "coordinates": [ [ -109.989603819894512, 24.125869196832415 ], [ -110.02707707146007, 24.081306411186894 ], [ -110.049358464282832, 24.059025018364135 ], [ -110.061511951277055, 24.037756416124228 ], [ -110.070627066522732, 24.016487813884321 ], [ -110.068601485357021, 23.974963399987359 ], [ -110.060941664495104, 23.890175029315962 ], [ -110.062763553745924, 23.868312358306191 ], [ -110.044445541543197, 23.770868329286696 ] ] } },
{ "type": "Feature", "properties": { "average_dip": null, "average_rake": null, "catalog_id": "MX_11.0", "catalog_name": "Villegas Mexico", "dip_dir": "NE", "lower_seis_depth": null, "name": "Saltito", "net_slip_rate": "(0.8,,)", "slip_type": "Normal", "upper_seis_depth": null, "downthrown_side_id": null, "reference": "Coyan M. M., et al, 2013", "epistemic_quality": null, "accuracy": null, "activity_confidence": null, "fs_name": null, "last_movement": null, "downthrown_side_dir": null, "vert_sep_rate": null, "strike_slip_rate": null, "exposure_quality": null, "shortening_rate": null, "notes": null, "index_right": 156, "NAME_EN": "Mexico" }, "geometry": { "type": "LineString", "coordinates": [ [ -110.210231288165588, 24.329787050706805 ], [ -110.183968719860729, 24.268968471474484 ], [ -110.179130878330881, 24.245470384043813 ], [ -110.16116175264861, 24.235103580765575 ], [ -110.116238938442919, 24.227501258361535 ] ] } },
{ "type": "Feature", "properties": { "average_dip": null, "average_rake": null, "catalog_id": "MX_12.0", "catalog_name": "Villegas Mexico", "dip_dir": "NE", "lower_seis_depth": null, "name": "El Carrizal", "net_slip_rate": "(0.25,,)", "slip_type": "Normal", "upper_seis_depth": null, "downthrown_side_id": null, "reference": "Maloney S. J., 2009", "epistemic_quality": null, "accuracy": null, "activity_confidence": null, "fs_name": null, "last_movement": null, "downthrown_side_dir": null, "vert_sep_rate": null, "strike_slip_rate": null, "exposure_quality": null, "shortening_rate": null, "notes": null, "index_right": 156, "NAME_EN": "Mexico" }, "geometry": { "type": "LineString", "coordinates": [ [ -110.628156411854704, 24.32247738507284 ], [ -110.605396719966976, 24.263302186164754 ], [ -110.591740904834339, 24.214748176804274 ], [ -110.568981212946611, 24.152538352311158 ], [ -110.508288701246016, 24.070603461515347 ], [ -110.461252004678045, 23.996255134682112 ], [ -110.449113502337923, 23.968943504416842 ], [ -110.368695924334631, 23.883973988036001 ], [ -110.358074734787024, 23.858179670563246 ], [ -110.342901606861872, 23.838454604260548 ], [ -110.326211166144205, 23.824798789127914 ], [ -110.311038038219053, 23.764106277427313 ], [ -110.304968787048992, 23.711000329689288 ], [ -110.291312971916369, 23.657894381951262 ], [ -110.271587905613671, 23.613892310968328 ], [ -110.235172398593306, 23.559269050437788 ], [ -110.197239578780426, 23.522853543417426 ], [ -110.169927948515166, 23.501611164322217 ] ] } },
{ "type": "Feature", "properties": { "average_dip": null, "average_rake": null, "catalog_id": "MX_13.0", "catalog_name": "Villegas Mexico", "dip_dir": "W", "lower_seis_depth": null, "name": "La Gata", "net_slip_rate": "(0.63,,)", "slip_type": "Normal", "upper_seis_depth": null, "downthrown_side_id": null, "reference": "Coyan, M. M. et al, 2013", "epistemic_quality": null, "accuracy": null, "activity_confidence": null, "fs_name": null, "last_movement": null, "downthrown_side_dir": null, "vert_sep_rate": null, "strike_slip_rate": null, "exposure_quality": null, "shortening_rate": null, "notes": null, "index_right": 156, "NAME_EN": "Mexico" }, "geometry": { "type": "LineString", "coordinates": [ [ -109.861913451634621, 24.038739892872531 ], [ -109.869500015597183, 23.914320243886301 ], [ -109.895294333069941, 23.862731608940791 ], [ -109.893777020277426, 23.795969846070129 ], [ -109.901363584240002, 23.786865969315038 ] ] } },
{ "type": "Feature", "properties": { "average_dip": null, "average_rake": null, "catalog_id": "MX_14.0", "catalog_name": "Villegas Mexico", "dip_dir": "E", "lower_seis_depth": null, "name": "San José del Cabo", "net_slip_rate": "(0.65,,)", "slip_type": "Normal", "upper_seis_depth": null, "downthrown_side_id": null, "reference": "Coyan M. M., et al, 2013", "epistemic_quality": null, "accuracy": null, "activity_confidence": null, "fs_name": null, "last_movement": null, "downthrown_side_dir": null, "vert_sep_rate": null, "strike_slip_rate": null, "exposure_quality": null, "shortening_rate": null, "notes": null, "index_right": 156, "NAME_EN": "Mexico" }, "geometry": { "type": "LineString", "coordinates": [ [ -109.810324816689118, 23.897629803168641 ], [ -109.805772878311572, 23.853627732185707 ], [ -109.801220939934026, 23.827833414712948 ], [ -109.773909309668753, 23.755002400672229 ], [ -109.75266693057354, 23.704931078519234 ], [ -109.751149617781024, 23.624513500515938 ], [ -109.757218868951085, 23.586580680703062 ], [ -109.823980631821755, 23.418158960733894 ], [ -109.827015257406785, 23.357466449033293 ], [ -109.82549794461427, 23.311947065257844 ], [ -109.808807503896602, 23.234564112839578 ], [ -109.792117063178935, 23.181458165101553 ], [ -109.731424551478341, 23.067659705662926 ], [ -109.698043670043006, 23.023657634679989 ] ] } },
{ "type": "Feature", "properties": { "average_dip": "(65.0,,)", "average_rake": null, "catalog_id": "MX_nan", "catalog_name": "Villegas Mexico", "dip_dir": "SW", "lower_seis_depth": null, "name": "Z.F. Zacoalco S (Seccion K)\n", "net_slip_rate": "(0.2,,)", "slip_type": "Normal", "upper_seis_depth": null, "downthrown_side_id": null, "reference": "Pacheco et al.,1999", "epistemic_quality": null, "accuracy": null, "activity_confidence": null, "fs_name": null, "last_movement": null, "downthrown_side_dir": null, "vert_sep_rate": null, "strike_slip_rate": null, "exposure_quality": null, "shortening_rate": null, "notes": null, "index_right": 156, "NAME_EN": "Mexico" }, "geometry": { "type": "LineString", "coordinates": [ [ -103.689690668195723, 20.158142562691133 ], [ -103.667963588685012, 20.130429451070338 ], [ -103.658208573394504, 20.114244993883791 ], [ -103.650227197247702, 20.106707027522937 ] ] } },
{ "type": "Feature", "properties": { "average_dip": "(65.0,,)", "average_rake": null, "catalog_id": "MX_nan", "catalog_name": "Villegas Mexico", "dip_dir": "SW", "lower_seis_depth": null, "name": "Z.F. Zacoalco S (Seccion L)\n", "net_slip_rate": "(0.2,,)", "slip_type": "Normal", "upper_seis_depth": null, "downthrown_side_id": null, "reference": "Pacheco et al., 1999", "epistemic_quality": null, "accuracy": null, "activity_confidence": null, "fs_name": null, "last_movement": null, "downthrown_side_dir": null, "vert_sep_rate": null, "strike_slip_rate": null, "exposure_quality": null, "shortening_rate": null, "notes": null, "index_right": 156, "NAME_EN": "Mexico" }, "geometry": { "type": "LineString", "coordinates": [ [ -103.720064238532117, 20.196497509174314 ], [ -103.704766600917438, 20.179647937308868 ], [ -103.682152701834866, 20.160581316513763 ], [ -103.665081425076451, 20.141071285932721 ] ] } },
{ "type": "Feature", "properties": { "average_dip": "(65.0,,)", "average_rake": null, "catalog_id": "MX_nan", "catalog_name": "Villegas Mexico", "dip_dir": "SW", "lower_seis_depth": null, "name": "Z.F. Zacoalco S (Seccion M)\n", "net_slip_rate": "(2.0,,)", "slip_type": "Normal", "upper_seis_depth": null, "downthrown_side_id": null, "reference": "Pacheco et al., 1999", "epistemic_quality": null, "accuracy": null, "activity_confidence": null, "fs_name": null, "last_movement": null, "downthrown_side_dir": null, "vert_sep_rate": null, "strike_slip_rate": null, "exposure_quality": null, "shortening_rate": null, "notes": null, "index_right": 156, "NAME_EN": "Mexico" }, "geometry": { "type": "LineString", "coordinates": [ [ -103.646236509174315, 20.134198434250763 ], [ -103.629386937308865, 20.118679091743118 ], [ -103.6120939556575, 20.105820207951069 ] ] } },
{ "type": "Feature", "properties": { "average_dip": "(65.0,,)", "average_rake": null, "catalog_id": "MX_nan", "catalog_name": "Villegas Mexico", "dip_dir": "SW", "lower_seis_depth": null, "name": "Z.F. Zacoalco S (Seccion N)\n", "net_slip_rate": "(0.2,,)", "slip_type": "Normal", "upper_seis_depth": null, "downthrown_side_id": null, "reference": "Pacheco et al., 1999", "epistemic_quality": null, "accuracy": null, "activity_confidence": null, "fs_name": null, "last_movement": null, "downthrown_side_dir": null, "vert_sep_rate": null, "strike_slip_rate": null, "exposure_quality": null, "shortening_rate": null, "notes": null, "index_right": 156, "NAME_EN": "Mexico" }, "geometry": { "type": "LineString", "coordinates": [ [ -103.669958932721713, 20.191398296636084 ], [ -103.665746539755347, 20.187407608562687 ], [ -103.638476837920493, 20.142401515290516 ], [ -103.624287724770639, 20.124886828746174 ], [ -103.599235071865451, 20.102051224770637 ] ] } },
{ "type": "Feature", "properties": { "average_dip": "(65.0,,)", "average_rake": null, "catalog_id": "MX_nan", "catalog_name": "Villegas Mexico", "dip_dir": "SW", "lower_seis_depth": null, "name": "Z.F. Zacoalco S (Seccin O)\n", "net_slip_rate": "(0.2,,)", "slip_type": "Normal", "upper_seis_depth": null, "downthrown_side_id": null, "reference": "Pacheco et al., 1999", "epistemic_quality": null, "accuracy": null, "activity_confidence": null, "fs_name": null, "last_movement": null, "downthrown_side_dir": null, "vert_sep_rate": null, "strike_slip_rate": null, "exposure_quality": null, "shortening_rate": null, "notes": null, "index_right": 156, "NAME_EN": "Mexico" }, "geometry": { "type": "LineString", "coordinates": [ [ -103.685921685015288, 20.228423013761461 ], [ -103.660425622324155, 20.195610689602439 ], [ -103.641580706422019, 20.160581316513756 ], [ -103.620297036697238, 20.144175154434244 ], [ -103.603447464831802, 20.134420139143725 ], [ -103.587706417431193, 20.121561255351676 ], [ -103.581498680428126, 20.113579879204885 ] ] } },
{ "type": "Feature", "properties": { "average_dip": "(65.0,,)", "average_rake": null, "catalog_id": "MX_nan", "catalog_name": "Villegas Mexico", "dip_dir": "SW", "lower_seis_depth": null, "name": "Z.F. Zacoalco S (Seccion P)\n", "net_slip_rate": "(0.2,,)", "slip_type": "Normal", "upper_seis_depth": null, "downthrown_side_id": null, "reference": "Pacheco et al., 1999", "epistemic_quality": null, "accuracy": null, "activity_confidence": null, "fs_name": null, "last_movement": null, "downthrown_side_dir": null, "vert_sep_rate": null, "strike_slip_rate": null, "exposure_quality": null, "shortening_rate": null, "notes": null, "index_right": 156, "NAME_EN": "Mexico" }, "geometry": { "type": "LineString", "coordinates": [ [ -103.64490627981651, 20.177430888379199 ], [ -103.629608642201831, 20.162576660550453 ], [ -103.614754414373081, 20.154595284403662 ], [ -103.608546677370029, 20.149496071865435 ], [ -103.595466088685015, 20.136193778287456 ] ] } },
{ "type": "Feature", "properties": { "average_dip": "(65.0,,)", "average_rake": null, "catalog_id": "MX_nan", "catalog_name": "Villegas Mexico", "dip_dir": "SW", "lower_seis_depth": null, "name": "Z.F. Zacoalco S (Seccion Q)\n", "net_slip_rate": "(0.2,,)", "slip_type": "Normal", "upper_seis_depth": null, "downthrown_side_id": null, "reference": "Pacheco et al., 1999", "epistemic_quality": null, "accuracy": null, "activity_confidence": null, "fs_name": null, "last_movement": null, "downthrown_side_dir": null, "vert_sep_rate": null, "strike_slip_rate": null, "exposure_quality": null, "shortening_rate": null, "notes": null, "index_right": 156, "NAME_EN": "Mexico" }, "geometry": { "type": "LineString", "coordinates": [ [ -103.646679918960245, 20.197827738532105 ], [ -103.619410217125377, 20.172109970948007 ], [ -103.607216448012224, 20.163241775229352 ], [ -103.599678481651367, 20.161024726299686 ], [ -103.599013366972471, 20.156147218654429 ], [ -103.586597892966353, 20.140627876146784 ], [ -103.584159139143722, 20.135085253822623 ], [ -103.57728628746176, 20.1279906972477 ] ] } },
{ "type": "Feature", "properties": { "average_dip": "(65.0,,)", "average_rake": null, "catalog_id": "MX_nan", "catalog_name": "Villegas Mexico", "dip_dir": "SW", "lower_seis_depth": null, "name": "Z.F. Zacoalco S (Seccion R)\n", "net_slip_rate": "(0.2,,)", "slip_type": "Normal", "upper_seis_depth": null, "downthrown_side_id": null, "reference": "Pacheco et al., 1999", "epistemic_quality": null, "accuracy": null, "activity_confidence": null, "fs_name": null, "last_movement": null, "downthrown_side_dir": null, "vert_sep_rate": null, "strike_slip_rate": null, "exposure_quality": null, "shortening_rate": null, "notes": null, "index_right": 156, "NAME_EN": "Mexico" }, "geometry": { "type": "LineString", "coordinates": [ [ -103.648896967889897, 20.226649374617729 ], [ -103.634707854740057, 20.208469573394488 ], [ -103.618079987767572, 20.190954886850147 ], [ -103.607881562691119, 20.182751805810391 ], [ -103.595244383792036, 20.163685185015282 ] ] } },
{ "type": "Feature", "properties": { "average_dip": "(65.0,,)", "average_rake": null, "catalog_id": "MX_nan", "catalog_name": "Villegas Mexico", "dip_dir": "SW", "lower_seis_depth": null, "name": "Z.F. Zacoalco S (Seccion S)\n", "net_slip_rate": "(0.2,,)", "slip_type": "Normal", "upper_seis_depth": null, "downthrown_side_id": null, "reference": "Pacheco et al., 1999", "epistemic_quality": null, "accuracy": null, "activity_confidence": null, "fs_name": null, "last_movement": null, "downthrown_side_dir": null, "vert_sep_rate": null, "strike_slip_rate": null, "exposure_quality": null, "shortening_rate": null, "notes": null, "index_right": 156, "NAME_EN": "Mexico" }, "geometry": { "type": "LineString", "coordinates": [ [ -103.692943758957625, 20.244783325732897 ], [ -103.67617723615632, 20.232385544788272 ], [ -103.661299899022765, 20.21821665228013 ], [ -103.639456189739377, 20.203339315146579 ] ] } },
{ "type": "Feature", "properties": { "average_dip": "(65.0,,)", "average_rake": null, "catalog_id": "MX_nan", "catalog_name": "Villegas Mexico", "dip_dir": "SW", "lower_seis_depth": null, "name": "Z.F. Zacoalco S (Seccion T)\n", "net_slip_rate": "(0.2,,)", "slip_type": "Normal", "upper_seis_depth": null, "downthrown_side_id": null, "reference": "Pacheco et al., 1999", "epistemic_quality": null, "accuracy": null, "activity_confidence": null, "fs_name": null, "last_movement": null, "downthrown_side_dir": null, "vert_sep_rate": null, "strike_slip_rate": null, "exposure_quality": null, "shortening_rate": null, "notes": null, "index_right": 156, "NAME_EN": "Mexico" }, "geometry": { "type": "LineString", "coordinates": [ [ -103.681726719055334, 20.245491770358306 ], [ -103.662716788273571, 20.241241102605866 ], [ -103.65268048941364, 20.236400064332248 ] ] } },
{ "type": "Feature", "properties": { "average_dip": "(65.0,,)", "average_rake": null, "catalog_id": "MX_nan", "catalog_name": "Villegas Mexico", "dip_dir": "SW", "lower_seis_depth": null, "name": "Z.F. Zacoalco S (Seccion U)\n", "net_slip_rate": "(0.2,,)", "slip_type": "Normal", "upper_seis_depth": null, "downthrown_side_id": null, "reference": "Pacheco et al., 1999", "epistemic_quality": null, "accuracy": null, "activity_confidence": null, "fs_name": null, "last_movement": null, "downthrown_side_dir": null, "vert_sep_rate": null, "strike_slip_rate": null, "exposure_quality": null, "shortening_rate": null, "notes": null, "index_right": 156, "NAME_EN": "Mexico" }, "geometry": { "type": "LineString", "coordinates": [ [ -103.656813083061834, 20.253048513029324 ], [ -103.641699597719821, 20.239588065146588 ], [ -103.636032040716557, 20.230378285016293 ], [ -103.619501666123725, 20.216209392508151 ], [ -103.613125664495058, 20.208416501628673 ], [ -103.588566250814281, 20.1685074543974 ], [ -103.582662545602545, 20.161895304560268 ] ] } },
{ "type": "Feature", "properties": { "average_dip": "(65.0,,)", "average_rake": null, "catalog_id": "MX_nan", "catalog_name": "Villegas Mexico", "dip_dir": "SW", "lower_seis_depth": null, "name": "Z.F. Zacoalco S (Seccion V)\n", "net_slip_rate": "(0.2,,)", "slip_type": "Normal", "upper_seis_depth": null, "downthrown_side_id": null, "reference": "Pacheco et al., 1999", "epistemic_quality": null, "accuracy": null, "activity_confidence": null, "fs_name": null, "last_movement": null, "downthrown_side_dir": null, "vert_sep_rate": null, "strike_slip_rate": null, "exposure_quality": null, "shortening_rate": null, "notes": null, "index_right": 156, "NAME_EN": "Mexico" }, "geometry": { "type": "LineString", "coordinates": [ [ -103.588342025398106, 20.183597863367265 ], [ -103.573976983726581, 20.16386987280503 ], [ -103.558079670943414, 20.137246662240461 ], [ -103.554057459275384, 20.133224450572431 ] ] } },
{ "type": "Feature", "properties": { "average_dip": "(65.0,,)", "average_rake": null, "catalog_id": "MX_nan", "catalog_name": "Villegas Mexico", "dip_dir": "SW", "lower_seis_depth": null, "name": "Z.F. Zacoalco S (Seccion W)\n", "net_slip_rate": "(0.2,,)", "slip_type": "Normal", "upper_seis_depth": null, "downthrown_side_id": null, "reference": "Pacheco et al., 1999", "epistemic_quality": null, "accuracy": null, "activity_confidence": null, "fs_name": null, "last_movement": null, "downthrown_side_dir": null, "vert_sep_rate": null, "strike_slip_rate": null, "exposure_quality": null, "shortening_rate": null, "notes": null, "index_right": 156, "NAME_EN": "Mexico" }, "geometry": { "type": "LineString", "coordinates": [ [ -103.582021407062626, 20.197005235594023 ], [ -103.569763238169585, 20.173446567252714 ], [ -103.551567518718983, 20.146057221132331 ] ] } },
{ "type": "Feature", "properties": { "average_dip": "(65.0,,)", "average_rake": null, "catalog_id": "MX_nan", "catalog_name": "Villegas Mexico", "dip_dir": "SW", "lower_seis_depth": null, "name": "Z.F. Zacoalco S (Seccion X)\n", "net_slip_rate": "(0.2,,)", "slip_type": "Normal", "upper_seis_depth": null, "downthrown_side_id": null, "reference": "Pacheco et al., 1999", "epistemic_quality": null, "accuracy": null, "activity_confidence": null, "fs_name": null, "last_movement": null, "downthrown_side_dir": null, "vert_sep_rate": null, "strike_slip_rate": null, "exposure_quality": null, "shortening_rate": null, "notes": null, "index_right": 156, "NAME_EN": "Mexico" }, "geometry": { "type": "LineString", "coordinates": [ [ -103.592268470121638, 20.217212060878641 ], [ -103.580584902895467, 20.201218981151005 ], [ -103.574934653171326, 20.196526400871637 ] ] } },
{ "type": "Feature", "properties": { "average_dip": "(65.0,,)", "average_rake": null, "catalog_id": "MX_nan", "catalog_name": "Villegas Mexico", "dip_dir": "SW", "lower_seis_depth": null, "name": "Z.F. Zacoalco S (Seccion Y)", "net_slip_rate": "(0.2,,)", "slip_type": "Normal", "upper_seis_depth": null, "downthrown_side_id": null, "reference": "Pacheco et al., 1999", "epistemic_quality": null, "accuracy": null, "activity_confidence": null, "fs_name": null, "last_movement": null, "downthrown_side_dir": null, "vert_sep_rate": null, "strike_slip_rate": null, "exposure_quality": null, "shortening_rate": null, "notes": null, "index_right": 156, "NAME_EN": "Mexico" }, "geometry": { "type": "LineString", "coordinates": [ [ -103.577903428450114, 20.206677696986183 ], [ -103.591406567621362, 20.221808874213529 ] ] } },
{ "type": "Feature", "properties": { "average_dip": "(65.0,,)", "average_rake": null, "catalog_id": "MX_nan", "catalog_name": "Villegas Mexico", "dip_dir": "SW", "lower_seis_depth": null, "name": "Z.F. Zacoalco S (Seccion Z)\n", "net_slip_rate": "(0.2,,)", "slip_type": "Normal", "upper_seis_depth": null, "downthrown_side_id": null, "reference": "Pacheco et al., 1999", "epistemic_quality": null, "accuracy": null, "activity_confidence": null, "fs_name": null, "last_movement": null, "downthrown_side_dir": null, "vert_sep_rate": null, "strike_slip_rate": null, "exposure_quality": null, "shortening_rate": null, "notes": null, "index_right": 156, "NAME_EN": "Mexico" }, "geometry": { "type": "LineString", "coordinates": [ [ -103.584798648452448, 20.223436912269637 ], [ -103.60356896956992, 20.229757530605109 ] ] } },
{ "type": "Feature", "properties": { "average_dip": "(60.0,,)", "average_rake": null, "catalog_id": "MX_nan", "catalog_name": "Villegas Mexico", "dip_dir": "S, SW", "lower_seis_depth": null, "name": "Amatlán de las Cañas", "net_slip_rate": "(0.75,,)", "slip_type": "Normal", "upper_seis_depth": null, "downthrown_side_id": null, "reference": "Nuñez-Cordu et al., 2002", "epistemic_quality": null, "accuracy": null, "activity_confidence": null, "fs_name": null, "last_movement": null, "downthrown_side_dir": null, "vert_sep_rate": null, "strike_slip_rate": null, "exposure_quality": null, "shortening_rate": null, "notes": null, "index_right": 156, "NAME_EN": "Mexico" }, "geometry": { "type": "LineString", "coordinates": [ [ -104.679309375714681, 20.968334429918553 ], [ -104.643791403781279, 20.958186437937581 ], [ -104.593051443876405, 20.939581785972464 ], [ -104.571064127917637, 20.94042745197088 ], [ -104.512713174027041, 20.948884111955024 ], [ -104.496645520057172, 20.948884111955024 ], [ -104.483114864082538, 20.942964449966123 ], [ -104.468738542109492, 20.929433793991493 ], [ -104.45859055012852, 20.916748804015274 ], [ -104.443368562157062, 20.889687492066013 ], [ -104.4399858981634, 20.882076498080284 ], [ -104.439140232164988, 20.874465504094555 ], [ -104.428992240184016, 20.862626180116752 ], [ -104.411233254217308, 20.848249858143706 ], [ -104.407004924225234, 20.847404192145294 ], [ -104.391782936253776, 20.823725544189688 ], [ -104.38670894026329, 20.801738228230914 ], [ -104.379097946277568, 20.789898904253114 ], [ -104.364721624304522, 20.774676916281653 ] ] } },
{ "type": "Feature", "properties": { "average_dip": "(60.0,,)", "average_rake": null, "catalog_id": "MX_nan", "catalog_name": "Villegas Mexico", "dip_dir": "NE", "lower_seis_depth": null, "name": "Tepuzhuacán", "net_slip_rate": "(0.64,,)", "slip_type": "Normal", "upper_seis_depth": null, "downthrown_side_id": null, "reference": "Nuñez-Cordu et al., 2002", "epistemic_quality": null, "accuracy": null, "activity_confidence": null, "fs_name": null, "last_movement": null, "downthrown_side_dir": null, "vert_sep_rate": null, "strike_slip_rate": null, "exposure_quality": null, "shortening_rate": null, "notes": null, "index_right": 156, "NAME_EN": "Mexico" }, "geometry": { "type": "LineString", "coordinates": [ [ -104.505102353420213, 20.885036784201958 ], [ -104.459013549674282, 20.82626298859935 ] ] } },
{ "type": "Feature", "properties": { "average_dip": "(70.0,,)", "average_rake": null, "catalog_id": "MX_nan", "catalog_name": "Villegas Mexico", "dip_dir": "S", "lower_seis_depth": null, "name": "Ameca", "net_slip_rate": "(0.2,,)", "slip_type": "Normal", "upper_seis_depth": null, "downthrown_side_id": null, "reference": "Nuñez-Cordu et al., 2002", "epistemic_quality": null, "accuracy": null, "activity_confidence": null, "fs_name": null, "last_movement": null, "downthrown_side_dir": null, "vert_sep_rate": null, "strike_slip_rate": null, "exposure_quality": null, "shortening_rate": null, "notes": null, "index_right": 156, "NAME_EN": "Mexico" }, "geometry": { "type": "LineString", "coordinates": [ [ -104.063241803745967, 20.611886626221494 ], [ -103.976983859120566, 20.580596979641687 ], [ -103.959224870521211, 20.586516642508137 ], [ -103.952036708469095, 20.587362308631917 ], [ -103.940620215798077, 20.583133978013024 ], [ -103.90975340228016, 20.588207974755694 ], [ -103.877195256514696, 20.582288311889247 ], [ -103.860281934039122, 20.575100149837127 ] ] } },
{ "type": "Feature", "properties": { "average_dip": "(79.0,,)", "average_rake": null, "catalog_id": "MX_nan", "catalog_name": "Villegas Mexico", "dip_dir": "NW", "lower_seis_depth": null, "name": "Tepehuaje\n", "net_slip_rate": "(0.2,,)", "slip_type": "Normal", "upper_seis_depth": null, "downthrown_side_id": null, "reference": "Moore et al., 1994", "epistemic_quality": null, "accuracy": null, "activity_confidence": null, "fs_name": null, "last_movement": null, "downthrown_side_dir": null, "vert_sep_rate": null, "strike_slip_rate": null, "exposure_quality": null, "shortening_rate": null, "notes": null, "index_right": 156, "NAME_EN": "Mexico" }, "geometry": { "type": "LineString", "coordinates": [ [ -103.438589221010545, 21.035591017247221 ], [ -103.432550266026794, 21.03678291625717 ], [ -103.424048053089166, 21.042106731834942 ], [ -103.41061932424374, 21.046079728534774 ], [ -103.40052791262616, 21.05299274279248 ], [ -103.390913260612578, 21.063719833882022 ] ] } },
{ "type": "Feature", "properties": { "average_dip": "(45.0,,)", "average_rake": null, "catalog_id": "MX_nan", "catalog_name": "Villegas Mexico", "dip_dir": "S", "lower_seis_depth": null, "name": "Aljibes Mediograben A\n", "net_slip_rate": "(0.07,,)", "slip_type": "Normal", "upper_seis_depth": null, "downthrown_side_id": null, "reference": "Suter et al., 1995b", "epistemic_quality": null, "accuracy": null, "activity_confidence": null, "fs_name": null, "last_movement": null, "downthrown_side_dir": null, "vert_sep_rate": null, "strike_slip_rate": null, "exposure_quality": null, "shortening_rate": null, "notes": null, "index_right": 156, "NAME_EN": "Mexico" }, "geometry": { "type": "LineString", "coordinates": [ [ -99.564350035965589, 20.665914633183903 ], [ -99.531698890789656, 20.663808107688684 ], [ -99.51168689858504, 20.660648319445851 ], [ -99.482195541651947, 20.65959505669824 ], [ -99.447437870980792, 20.675393997912401 ] ] } },
{ "type": "Feature", "properties": { "average_dip": "(65.0,,)", "average_rake": null, "catalog_id": "MX_nan", "catalog_name": "Villegas Mexico", "dip_dir": "S", "lower_seis_depth": null, "name": "Aljibes Mediograben B\n", "net_slip_rate": "(0.07,,)", "slip_type": "Normal", "upper_seis_depth": null, "downthrown_side_id": null, "reference": "Suter et al., 1995b", "epistemic_quality": null, "accuracy": null, "activity_confidence": null, "fs_name": null, "last_movement": null, "downthrown_side_dir": null, "vert_sep_rate": null, "strike_slip_rate": null, "exposure_quality": null, "shortening_rate": null, "notes": null, "index_right": 156, "NAME_EN": "Mexico" }, "geometry": { "type": "LineString", "coordinates": [ [ -99.612800122355679, 20.67434073516479 ], [ -99.582255502674968, 20.656435268455407 ], [ -99.564350035965589, 20.649062429222134 ], [ -99.551710882994257, 20.645902640979301 ], [ -99.544338043760973, 20.64484937823169 ], [ -99.530645628042038, 20.649062429222134 ], [ -99.487461855389995, 20.643796115484079 ], [ -99.453757447466458, 20.648009166474523 ] ] } },
{ "type": "Feature", "properties": { "average_dip": "(70.0,,)", "average_rake": null, "catalog_id": "MX_nan", "catalog_name": "Villegas Mexico", "dip_dir": "S", "lower_seis_depth": null, "name": "Aljibes Mediograben C\n", "net_slip_rate": "(7.0,,)", "slip_type": "Normal", "upper_seis_depth": null, "downthrown_side_id": null, "reference": "Suter et al., 1995b", "epistemic_quality": null, "accuracy": null, "activity_confidence": null, "fs_name": null, "last_movement": null, "downthrown_side_dir": null, "vert_sep_rate": null, "strike_slip_rate": null, "exposure_quality": null, "shortening_rate": null, "notes": null, "index_right": 156, "NAME_EN": "Mexico" }, "geometry": { "type": "LineString", "coordinates": [ [ -99.621753201187317, 20.631156918205804 ], [ -99.569090074538252, 20.632736812005277 ], [ -99.545391667546156, 20.631683549472296 ], [ -99.515373685356195, 20.625890605540896 ], [ -99.510634003957776, 20.623257449208442 ], [ -99.503261166226906, 20.622730817941953 ] ] } },
{ "type": "Feature", "properties": { "average_dip": "(75.0,,)", "average_rake": null, "catalog_id": "MX_nan", "catalog_name": "Villegas Mexico", "dip_dir": "S", "lower_seis_depth": null, "name": "Aljibes Mediograben D\n", "net_slip_rate": "(0.7,,)", "slip_type": "Normal", "upper_seis_depth": null, "downthrown_side_id": null, "reference": "Suter et al., 1995b", "epistemic_quality": null, "accuracy": null, "activity_confidence": null, "fs_name": null, "last_movement": null, "downthrown_side_dir": null, "vert_sep_rate": null, "strike_slip_rate": null, "exposure_quality": null, "shortening_rate": null, "notes": null, "index_right": 156, "NAME_EN": "Mexico" }, "geometry": { "type": "LineString", "coordinates": [ [ -99.615960257255921, 20.623257449208442 ], [ -99.598581425461731, 20.623257449208442 ], [ -99.590681956464365, 20.625363974274407 ], [ -99.571196599604207, 20.626417236807388 ], [ -99.546444930079147, 20.625363974274407 ], [ -99.514320422823204, 20.619571030343007 ] ] } },
{ "type": "Feature", "properties": { "average_dip": null, "average_rake": null, "catalog_id": "MX_nan", "catalog_name": "Villegas Mexico", "dip_dir": "S", "lower_seis_depth": null, "name": "Aljibes Mediograben E\n", "net_slip_rate": "(0.7,,)", "slip_type": "Normal", "upper_seis_depth": null, "downthrown_side_id": null, "reference": "Suter et al., 1995b", "epistemic_quality": null, "accuracy": null, "activity_confidence": null, "fs_name": null, "last_movement": null, "downthrown_side_dir": null, "vert_sep_rate": null, "strike_slip_rate": null, "exposure_quality": null, "shortening_rate": null, "notes": null, "index_right": 156, "NAME_EN": "Mexico" }, "geometry": { "type": "LineString", "coordinates": [ [ -99.711280516490746, 20.584286735488128 ], [ -99.662830439973604, 20.599032410949867 ], [ -99.658090758575185, 20.602192198548813 ], [ -99.57277649340368, 20.611144930079156 ] ] } },
{ "type": "Feature", "properties": { "average_dip": "(80.0,,)", "average_rake": null, "catalog_id": "MX_nan", "catalog_name": "Villegas Mexico", "dip_dir": "S", "lower_seis_depth": null, "name": "SN Cerro el Fraile \n", "net_slip_rate": "(0.2,,)", "slip_type": "Normal", "upper_seis_depth": null, "downthrown_side_id": null, "reference": "Suter et al., 1995b", "epistemic_quality": null, "accuracy": null, "activity_confidence": null, "fs_name": null, "last_movement": null, "downthrown_side_dir": null, "vert_sep_rate": null, "strike_slip_rate": null, "exposure_quality": null, "shortening_rate": null, "notes": null, "index_right": 156, "NAME_EN": "Mexico" }, "geometry": { "type": "LineString", "coordinates": [ [ -99.062997427440621, 20.602718829815299 ], [ -98.997168519129275, 20.603245461081791 ] ] } },
{ "type": "Feature", "properties": { "average_dip": "(65.0,,)", "average_rake": null, "catalog_id": "MX_nan", "catalog_name": "Villegas Mexico", "dip_dir": "N", "lower_seis_depth": null, "name": "SN Reservorio Debodhe\n", "net_slip_rate": "(0.2,,)", "slip_type": "Normal", "upper_seis_depth": null, "downthrown_side_id": null, "reference": "Suter et al., 1995b", "epistemic_quality": null, "accuracy": null, "activity_confidence": null, "fs_name": null, "last_movement": null, "downthrown_side_dir": null, "vert_sep_rate": null, "strike_slip_rate": null, "exposure_quality": null, "shortening_rate": null, "notes": null, "index_right": 156, "NAME_EN": "Mexico" }, "geometry": { "type": "LineString", "coordinates": [ [ -99.124613285620043, 20.497392576517147 ], [ -99.08511594063323, 20.47843385092348 ], [ -99.061417533641148, 20.473167538258572 ], [ -99.024553344986799, 20.469481119393137 ] ] } },
{ "type": "Feature", "properties": { "average_dip": "(70.0,,)", "average_rake": null, "catalog_id": "MX_nan", "catalog_name": "Villegas Mexico", "dip_dir": "N", "lower_seis_depth": null, "name": "SN Cerro Guadril", "net_slip_rate": "(0.2,,)", "slip_type": "Normal", "upper_seis_depth": null, "downthrown_side_id": null, "reference": "Suter et al., 1995b", "epistemic_quality": null, "accuracy": null, "activity_confidence": null, "fs_name": null, "last_movement": null, "downthrown_side_dir": null, "vert_sep_rate": null, "strike_slip_rate": null, "exposure_quality": null, "shortening_rate": null, "notes": null, "index_right": 156, "NAME_EN": "Mexico" }, "geometry": { "type": "LineString", "coordinates": [ [ -99.130932860817936, 20.458421862796833 ], [ -99.118820341688647, 20.458421862796833 ], [ -99.094068672163573, 20.454735443931398 ], [ -99.074583315303414, 20.445782712401051 ], [ -99.044565333113439, 20.437883243403693 ] ] } },
{ "type": "Feature", "properties": { "average_dip": "(90.0,,)", "average_rake": null, "catalog_id": "MX_nan", "catalog_name": "Villegas Mexico", "dip_dir": null, "lower_seis_depth": null, "name": "Concordia", "net_slip_rate": null, "slip_type": "Dextral", "upper_seis_depth": null, "downthrown_side_id": null, "reference": "Guzmán-Speziale, 2010", "epistemic_quality": null, "accuracy": null, "activity_confidence": null, "fs_name": null, "last_movement": "1902", "downthrown_side_dir": null, "vert_sep_rate": null, "strike_slip_rate": null, "exposure_quality": null, "shortening_rate": null, "notes": null, "index_right": 156, "NAME_EN": "Mexico" }, "geometry": { "type": "LineString", "coordinates": [ [ -92.848729395878493, 16.334952963616722 ], [ -92.705750855530425, 16.239633936718008 ], [ -92.53829851097862, 16.132722055196474 ], [ -92.378574736175366, 16.038691123255848 ], [ -92.198241442042658, 15.936931621566677 ], [ -92.066855756317409, 15.864798303913593 ] ] } },
{ "type": "Feature", "properties": { "average_dip": null, "average_rake": null, "catalog_id": "MX_2.0", "catalog_name": "Villegas Mexico", "dip_dir": "SW", "lower_seis_depth": null, "name": "SN Rio Casas Grandes", "net_slip_rate": "(0.2,,)", "slip_type": "Normal", "upper_seis_depth": null, "downthrown_side_id": null, "reference": "Nakata, J.K., et al, 1982", "epistemic_quality": null, "accuracy": null, "activity_confidence": null, "fs_name": null, "last_movement": null, "downthrown_side_dir": null, "vert_sep_rate": null, "strike_slip_rate": null, "exposure_quality": null, "shortening_rate": null, "notes": null, "index_right": 156, "NAME_EN": "Mexico" }, "geometry": { "type": "LineString", "coordinates": [ [ -107.99907242712095, 31.583498927822173 ], [ -107.938130390093903, 31.571310520416763 ] ] } },
{ "type": "Feature", "properties": { "average_dip": null, "average_rake": null, "catalog_id": "MX_3.0", "catalog_name": "Villegas Mexico", "dip_dir": "NNE", "lower_seis_depth": null, "name": "SN Cerro La Rosina y el Fresal", "net_slip_rate": "(0.2,,)", "slip_type": "Normal", "upper_seis_depth": null, "downthrown_side_id": null, "reference": "Nakata, J.K., et al, 1982", "epistemic_quality": null, "accuracy": null, "activity_confidence": null, "fs_name": null, "last_movement": null, "downthrown_side_dir": null, "vert_sep_rate": null, "strike_slip_rate": null, "exposure_quality": null, "shortening_rate": null, "notes": null, "index_right": 156, "NAME_EN": "Mexico" }, "geometry": { "type": "LineString", "coordinates": [ [ -107.535929508148627, 31.325863169656976 ], [ -107.521057934975431, 31.282687634638037 ], [ -107.507145818135996, 31.222241885611524 ] ] } },
{ "type": "Feature", "properties": { "average_dip": null, "average_rake": null, "catalog_id": "MX_4.0", "catalog_name": "Villegas Mexico", "dip_dir": "NW", "lower_seis_depth": null, "name": "SN Sierra El Malpais", "net_slip_rate": "(0.2,,)", "slip_type": "Normal", "upper_seis_depth": null, "downthrown_side_id": null, "reference": "Nakata, J.K., et al, 1982", "epistemic_quality": null, "accuracy": null, "activity_confidence": null, "fs_name": null, "last_movement": null, "downthrown_side_dir": null, "vert_sep_rate": null, "strike_slip_rate": null, "exposure_quality": null, "shortening_rate": null, "notes": null, "index_right": 156, "NAME_EN": "Mexico" }, "geometry": { "type": "LineString", "coordinates": [ [ -107.408801543926202, 31.218883788443385 ], [ -107.369943562409148, 31.205451399770826 ], [ -107.348355794899675, 31.202573030769564 ], [ -107.294146512042573, 31.183383904094477 ], [ -107.263443909362437, 31.16323532108564 ], [ -107.213072451840333, 31.139728640908661 ] ] } },
{ "type": "Feature", "properties": { "average_dip": null, "average_rake": null, "catalog_id": "MX_5.0", "catalog_name": "Villegas Mexico", "dip_dir": "NE", "lower_seis_depth": null, "name": "SN El Barreal y Ahumada", "net_slip_rate": "(0.2,,)", "slip_type": "Normal", "upper_seis_depth": null, "downthrown_side_id": null, "reference": "Nakata, J.K., et al, 1982", "epistemic_quality": null, "accuracy": null, "activity_confidence": null, "fs_name": null, "last_movement": null, "downthrown_side_dir": null, "vert_sep_rate": null, "strike_slip_rate": null, "exposure_quality": null, "shortening_rate": null, "notes": null, "index_right": 156, "NAME_EN": "Mexico" }, "geometry": { "type": "LineString", "coordinates": [ [ -107.268720975454542, 31.385349021818186 ], [ -107.21211305, 31.32298435818182 ], [ -107.184288815454536, 31.295160123636368 ], [ -107.152626755454548, 31.268295345454547 ], [ -107.136315997272717, 31.241430567272729 ], [ -107.126721433636362, 31.21744415818182 ], [ -107.107532306363638, 31.143566018181819 ], [ -107.08546481, 31.075444616363637 ], [ -107.037491991818172, 30.967026047272725 ], [ -107.023100146363632, 30.907539752727271 ] ] } },
{ "type": "Feature", "properties": { "average_dip": null, "average_rake": null, "catalog_id": "MX_6.0", "catalog_name": "Villegas Mexico", "dip_dir": "W, SW", "lower_seis_depth": null, "name": "Sierra El Camello (parte Sur)", "net_slip_rate": "(0.2,,)", "slip_type": "Normal", "upper_seis_depth": null, "downthrown_side_id": null, "reference": "Nakata, J.K., et al, 1982", "epistemic_quality": null, "accuracy": null, "activity_confidence": null, "fs_name": null, "last_movement": null, "downthrown_side_dir": null, "vert_sep_rate": null, "strike_slip_rate": null, "exposure_quality": null, "shortening_rate": null, "notes": null, "index_right": 156, "NAME_EN": "Mexico" }, "geometry": { "type": "LineString", "coordinates": [ [ -107.412797153578381, 32.030510302665292 ], [ -107.412797153578381, 32.058441540780038 ], [ -107.412797153578381, 32.031840361623132 ], [ -107.423437625241135, 32.023860007876067 ], [ -107.416787330451911, 32.001249005592697 ], [ -107.418117389409758, 31.987948416014245 ], [ -107.40747691774699, 31.98129812122502 ], [ -107.386195974421469, 31.971987708520103 ], [ -107.383535856505787, 31.936076116658285 ], [ -107.378215620674396, 31.913465114374915 ], [ -107.364915031095947, 31.893514230007238 ], [ -107.370235266927338, 31.884203817302321 ], [ -107.387526033379316, 31.864252932934644 ], [ -107.395506387126389, 31.846962166482658 ], [ -107.395506387126389, 31.817700869410064 ], [ -107.415457271494063, 31.792429749211006 ], [ -107.418117389409758, 31.776469041716865 ], [ -107.411679973636367, 31.753780265454555 ], [ -107.398247584545459, 31.7288344 ], [ -107.363707155454549, 31.694293970909101 ], [ -107.304220860909084, 31.671267018181826 ], [ -107.269680431818173, 31.648240065454551 ], [ -107.258166955454541, 31.627132025454554 ], [ -107.25432913, 31.598348334545463 ], [ -107.240896740909093, 31.571483556363642 ], [ -107.196761748181814, 31.544618778181825 ], [ -107.123843064545454, 31.523510738181823 ], [ -107.100816111818176, 31.502402698181825 ], [ -107.068194595454543, 31.460186618181822 ], [ -106.970330046363628, 31.356565330909095 ], [ -106.935789617272718, 31.329700552727274 ], [ -106.866708759090898, 31.23567382909091 ], [ -106.83984398090908, 31.193457749090911 ], [ -106.786114424545445, 31.147403843636365 ], [ -106.761168559090905, 31.11670124 ], [ -106.745817257272719, 31.078322985454545 ], [ -106.728547042727257, 31.001566476363635 ], [ -106.734303780909073, 30.978539523636361 ], [ -106.728547042727257, 30.957431483636363 ], [ -106.72662813, 30.932485618181815 ] ] } },
{ "type": "Feature", "properties": { "average_dip": null, "average_rake": null, "catalog_id": "MX_7.0", "catalog_name": "Villegas Mexico", "dip_dir": "NE", "lower_seis_depth": null, "name": "SN Cuenca Mesilla", "net_slip_rate": "(0.2,,)", "slip_type": "Normal", "upper_seis_depth": null, "downthrown_side_id": null, "reference": "Nakata J.K., et al, 1982", "epistemic_quality": null, "accuracy": null, "activity_confidence": null, "fs_name": null, "last_movement": null, "downthrown_side_dir": null, "vert_sep_rate": null, "strike_slip_rate": null, "exposure_quality": null, "shortening_rate": null, "notes": null, "index_right": 156, "NAME_EN": "Mexico" }, "geometry": { "type": "LineString", "coordinates": [ [ -106.780357177524422, 31.776807250814336 ], [ -106.780357177524422, 31.760496484527689 ], [ -106.771722065960915, 31.736510063517919 ], [ -106.767884238599351, 31.720199297231272 ], [ -106.748695101791526, 31.668388627850163 ], [ -106.737181619706831, 31.651118404723128 ], [ -106.71703302605863, 31.630010354234528 ], [ -106.675776381921821, 31.575321314332246 ], [ -106.65946561563517, 31.547497065960911 ], [ -106.652749417752446, 31.528307929153094 ], [ -106.626844083061883, 31.48033508713355 ], [ -106.625884626221492, 31.474578346091203 ], [ -106.623006255700318, 31.470740518729642 ], [ -106.623006255700318, 31.462105407166124 ] ] } },
{ "type": "Feature", "properties": { "average_dip": null, "average_rake": null, "catalog_id": "MX_8.0", "catalog_name": "Villegas Mexico", "dip_dir": "E", "lower_seis_depth": null, "name": "Mont. Este Franklin (parte sur)", "net_slip_rate": "(0.2,,)", "slip_type": "Normal", "upper_seis_depth": null, "downthrown_side_id": null, "reference": "Collins E., et al, 1996", "epistemic_quality": null, "accuracy": null, "activity_confidence": null, "fs_name": null, "last_movement": null, "downthrown_side_dir": null, "vert_sep_rate": null, "strike_slip_rate": null, "exposure_quality": null, "shortening_rate": null, "notes": null, "index_right": 156, "NAME_EN": "Mexico" }, "geometry": { "type": "LineString", "coordinates": [ [ -106.463804689490928, 31.818130461843413 ], [ -106.465161434583251, 31.814060226566415 ], [ -106.47194516004491, 31.807547850123221 ], [ -106.473301905137248, 31.792895003126031 ], [ -106.490396893300641, 31.748393764097525 ], [ -106.490601211726386, 31.728834408794789 ], [ -106.487722841205212, 31.711564185667754 ], [ -106.481966100162865, 31.693334505700328 ], [ -106.476209359120517, 31.659753516286646 ], [ -106.476209359120517, 31.59930773534202 ] ] } },
{ "type": "Feature", "properties": { "average_dip": null, "average_rake": null, "catalog_id": "MX_9.0", "catalog_name": "Villegas Mexico", "dip_dir": "SW", "lower_seis_depth": null, "name": "Sierra El Presidio (parte Suroeste)", "net_slip_rate": "(0.2,,)", "slip_type": "Normal", "upper_seis_depth": null, "downthrown_side_id": null, "reference": "Collins E., et al, 1996", "epistemic_quality": null, "accuracy": null, "activity_confidence": null, "fs_name": null, "last_movement": null, "downthrown_side_dir": null, "vert_sep_rate": null, "strike_slip_rate": null, "exposure_quality": null, "shortening_rate": null, "notes": null, "index_right": 156, "NAME_EN": "Mexico" }, "geometry": { "type": "LineString", "coordinates": [ [ -106.501155328990222, 31.487051397394136 ], [ -106.433993293159602, 31.416051530944625 ], [ -106.402331190553738, 31.385348885993487 ], [ -106.38218257980455, 31.373835394136808 ], [ -106.359155596091199, 31.351767868078177 ], [ -106.343804273615618, 31.328740884364819 ], [ -106.332290781758942, 31.305713900651465 ], [ -106.310223255700308, 31.268295052117264 ] ] } },
{ "type": "Feature", "properties": { "average_dip": null, "average_rake": null, "catalog_id": "MX_10.0", "catalog_name": "Villegas Mexico", "dip_dir": "S", "lower_seis_depth": null, "name": "SN Andocutin y Santa Clara", "net_slip_rate": "(0.2,,)", "slip_type": "Normal", "upper_seis_depth": null, "downthrown_side_id": null, "reference": "Pasquaré, G., et al, 1991", "epistemic_quality": null, "accuracy": null, "activity_confidence": null, "fs_name": null, "last_movement": null, "downthrown_side_dir": null, "vert_sep_rate": null, "strike_slip_rate": null, "exposure_quality": null, "shortening_rate": null, "notes": null, "index_right": 156, "NAME_EN": "Mexico" }, "geometry": { "type": "LineString", "coordinates": [ [ -100.865179432490294, 19.958067874756026 ], [ -100.854652238968157, 19.960073054474528 ], [ -100.832093967134981, 19.954558810248642 ], [ -100.820564183753589, 19.954558810248642 ], [ -100.787980013327896, 19.960073054474528 ], [ -100.77745281980576, 19.963582118981911 ] ] } },
{ "type": "Feature", "properties": { "average_dip": null, "average_rake": null, "catalog_id": "MX_11.0", "catalog_name": "Villegas Mexico", "dip_dir": "S", "lower_seis_depth": null, "name": "SN Bordo de Enmedio y Chumbacua", "net_slip_rate": "(0.2,,)", "slip_type": "Normal", "upper_seis_depth": null, "downthrown_side_id": null, "reference": "Pasquaré, G., et al, 1991", "epistemic_quality": null, "accuracy": null, "activity_confidence": null, "fs_name": null, "last_movement": null, "downthrown_side_dir": null, "vert_sep_rate": null, "strike_slip_rate": null, "exposure_quality": null, "shortening_rate": null, "notes": null, "index_right": 156, "NAME_EN": "Mexico" }, "geometry": { "type": "LineString", "coordinates": [ [ -100.784972144951141, 19.944532864820847 ], [ -100.804021346905529, 19.938517327361563 ], [ -100.815551127035832, 19.93701344299674 ] ] } },
{ "type": "Feature", "properties": { "average_dip": null, "average_rake": null, "catalog_id": "MX_12.0", "catalog_name": "Villegas Mexico", "dip_dir": "S", "lower_seis_depth": null, "name": "SN Tzintzimeo y San Nicolas", "net_slip_rate": "(1.0,,)", "slip_type": "Dextral", "upper_seis_depth": null, "downthrown_side_id": null, "reference": "Pasquaré, G., et al, 1991", "epistemic_quality": null, "accuracy": null, "activity_confidence": null, "fs_name": null, "last_movement": null, "downthrown_side_dir": null, "vert_sep_rate": null, "strike_slip_rate": null, "exposure_quality": null, "shortening_rate": null, "notes": null, "index_right": 156, "NAME_EN": "Mexico" }, "geometry": { "type": "LineString", "coordinates": [ [ -100.812543358306186, 19.893902091205209 ], [ -100.853649530944622, 19.896909859934851 ], [ -100.872197438110746, 19.893902091205209 ], [ -100.889742755700311, 19.894904680781757 ], [ -100.901272535830614, 19.893902091205209 ], [ -100.933355402280128, 19.880367131921822 ], [ -100.938869644951126, 19.878863247557003 ], [ -100.950900719869693, 19.882372311074917 ], [ -100.966440858306186, 19.877359363192181 ], [ -100.97095251140064, 19.873850299674267 ] ] } },
{ "type": "Feature", "properties": { "average_dip": null, "average_rake": null, "catalog_id": "MX_13.0", "catalog_name": "Villegas Mexico", "dip_dir": "N", "lower_seis_depth": null, "name": "SN Balneario Atzimba", "net_slip_rate": "(0.2,,)", "slip_type": "Normal", "upper_seis_depth": null, "downthrown_side_id": null, "reference": "Pasquaré, G., et al, 1991", "epistemic_quality": null, "accuracy": null, "activity_confidence": null, "fs_name": null, "last_movement": null, "downthrown_side_dir": null, "vert_sep_rate": null, "strike_slip_rate": null, "exposure_quality": null, "shortening_rate": null, "notes": null, "index_right": 156, "NAME_EN": "Mexico" }, "geometry": { "type": "LineString", "coordinates": [ [ -100.813044395765473, 19.879866263843649 ], [ -100.817054754071663, 19.881370148208468 ], [ -100.825576765472306, 19.881370148208468 ], [ -100.852646684039087, 19.87836237947883 ] ] } },
{ "type": "Feature", "properties": { "average_dip": null, "average_rake": null, "catalog_id": "MX_14.0", "catalog_name": "Villegas Mexico", "dip_dir": "N", "lower_seis_depth": null, "name": "SN Cerro Palo Dulce y Chehuayito", "net_slip_rate": "(0.2,,)", "slip_type": "Normal", "upper_seis_depth": null, "downthrown_side_id": null, "reference": "Pasquaré, G., et al, 1991", "epistemic_quality": null, "accuracy": null, "activity_confidence": null, "fs_name": null, "last_movement": null, "downthrown_side_dir": null, "vert_sep_rate": null, "strike_slip_rate": null, "exposure_quality": null, "shortening_rate": null, "notes": null, "index_right": 156, "NAME_EN": "Mexico" }, "geometry": { "type": "LineString", "coordinates": [ [ -101.075221570032568, 19.899918055374595 ], [ -101.105299257328994, 19.893902517915311 ], [ -101.121841985342016, 19.897411581433229 ], [ -101.128358817589572, 19.900920644951142 ] ] } },
{ "type": "Feature", "properties": { "average_dip": null, "average_rake": null, "catalog_id": "MX_15.0", "catalog_name": "Villegas Mexico", "dip_dir": "NW", "lower_seis_depth": null, "name": "SN La Quemada y Rio Grande", "net_slip_rate": "(0.2,,)", "slip_type": "Dextral", "upper_seis_depth": null, "downthrown_side_id": null, "reference": "Pasquaré, G., et al, 1991", "epistemic_quality": null, "accuracy": null, "activity_confidence": null, "fs_name": null, "last_movement": null, "downthrown_side_dir": null, "vert_sep_rate": null, "strike_slip_rate": null, "exposure_quality": null, "shortening_rate": null, "notes": null, "index_right": 156, "NAME_EN": "Mexico" }, "geometry": { "type": "LineString", "coordinates": [ [ -101.212575993485316, 19.708423167752443 ], [ -101.222100594462518, 19.703911514657982 ], [ -101.23112390065144, 19.696893387622151 ] ] } },
{ "type": "Feature", "properties": { "average_dip": "(65.0,,)", "average_rake": null, "catalog_id": "MX_16.0", "catalog_name": "Villegas Mexico", "dip_dir": "NW", "lower_seis_depth": null, "name": "SN Rio Chiquito", "net_slip_rate": "(0.2,,)", "slip_type": "Dextral", "upper_seis_depth": null, "downthrown_side_id": null, "reference": "Pasquaré, G., et al, 1991", "epistemic_quality": null, "accuracy": null, "activity_confidence": null, "fs_name": null, "last_movement": null, "downthrown_side_dir": null, "vert_sep_rate": null, "strike_slip_rate": null, "exposure_quality": null, "shortening_rate": null, "notes": null, "index_right": 156, "NAME_EN": "Mexico" }, "geometry": { "type": "LineString", "coordinates": [ [ -101.208064340390848, 19.699901156351793 ], [ -101.18249830618889, 19.710929641693813 ] ] } },
{ "type": "Feature", "properties": { "average_dip": null, "average_rake": null, "catalog_id": "MX_17.0", "catalog_name": "Villegas Mexico", "dip_dir": "NW", "lower_seis_depth": null, "name": "SN Querendaro y Volcán Cerro Mozo", "net_slip_rate": "(1.0,,)", "slip_type": "Dextral", "upper_seis_depth": null, "downthrown_side_id": null, "reference": "Pasquaré, G., et al, 1991", "epistemic_quality": null, "accuracy": null, "activity_confidence": null, "fs_name": null, "last_movement": null, "downthrown_side_dir": null, "vert_sep_rate": null, "strike_slip_rate": null, "exposure_quality": null, "shortening_rate": null, "notes": null, "index_right": 156, "NAME_EN": "Mexico" }, "geometry": { "type": "LineString", "coordinates": [ [ -100.903778706840384, 19.800912236156353 ], [ -100.860667355048861, 19.802416120521173 ], [ -100.829085783387626, 19.809434247557004 ], [ -100.813545644951134, 19.816452374592835 ], [ -100.795499032573289, 19.831491218241045 ], [ -100.782465368078178, 19.837506755700328 ], [ -100.766925229641686, 19.84051452442997 ], [ -100.746873438110754, 19.841517114006514 ], [ -100.726320351791529, 19.837506755700328 ] ] } },
{ "type": "Feature", "properties": { "average_dip": "(75.0,,)", "average_rake": null, "catalog_id": "MX_18.0", "catalog_name": "Villegas Mexico", "dip_dir": "S", "lower_seis_depth": null, "name": "SN Presa Laguna Larga y Cerro Pizcuaro", "net_slip_rate": "(0.2,,)", "slip_type": "Normal", "upper_seis_depth": null, "downthrown_side_id": null, "reference": "Pasquaré, G., et al, 1991", "epistemic_quality": null, "accuracy": null, "activity_confidence": null, "fs_name": null, "last_movement": null, "downthrown_side_dir": null, "vert_sep_rate": null, "strike_slip_rate": null, "exposure_quality": null, "shortening_rate": null, "notes": null, "index_right": 156, "NAME_EN": "Mexico" }, "geometry": { "type": "LineString", "coordinates": [ [ -100.675689578175891, 19.804421299674267 ], [ -100.640097648208467, 19.80341871009772 ], [ -100.632076931596089, 19.804922594462543 ], [ -100.618541972312698, 19.810436837133551 ] ] } },
{ "type": "Feature", "properties": { "average_dip": "(45.0,,)", "average_rake": null, "catalog_id": "MX_19.0", "catalog_name": "Villegas Mexico", "dip_dir": "N", "lower_seis_depth": null, "name": "SN Laguna Larga", "net_slip_rate": "(1.0,,)", "slip_type": "Normal", "upper_seis_depth": null, "downthrown_side_id": null, "reference": "Ferrari, L., et al, 1991", "epistemic_quality": null, "accuracy": null, "activity_confidence": null, "fs_name": null, "last_movement": null, "downthrown_side_dir": null, "vert_sep_rate": null, "strike_slip_rate": null, "exposure_quality": null, "shortening_rate": null, "notes": null, "index_right": 156, "NAME_EN": "Mexico" }, "geometry": { "type": "LineString", "coordinates": [ [ -100.686717881107484, 19.792390464169383 ], [ -100.670175153094462, 19.789382695439741 ], [ -100.606510714983699, 19.788881400651466 ], [ -100.588464102605855, 19.783868452768729 ] ] } },
{ "type": "Feature", "properties": { "average_dip": null, "average_rake": null, "catalog_id": "MX_20.0", "catalog_name": "Villegas Mexico", "dip_dir": "N", "lower_seis_depth": null, "name": "SN Los Tejamaniles y Mesa Guadalupe", "net_slip_rate": "(0.2,,)", "slip_type": "Normal", "upper_seis_depth": null, "downthrown_side_id": null, "reference": "Ferrari, L., et al, 1991", "epistemic_quality": null, "accuracy": null, "activity_confidence": null, "fs_name": null, "last_movement": null, "downthrown_side_dir": null, "vert_sep_rate": null, "strike_slip_rate": null, "exposure_quality": null, "shortening_rate": null, "notes": null, "index_right": 156, "NAME_EN": "Mexico" }, "geometry": { "type": "LineString", "coordinates": [ [ -100.6656635, 19.77384255700326 ], [ -100.642102644951137, 19.772839967426712 ], [ -100.628567685667747, 19.768328314332248 ], [ -100.619544379478825, 19.768328314332248 ] ] } },
{ "type": "Feature", "properties": { "average_dip": null, "average_rake": null, "catalog_id": "MX_21.0", "catalog_name": "Villegas Mexico", "dip_dir": "S", "lower_seis_depth": null, "name": "SN Puriatzicuaro y Santa Rita", "net_slip_rate": "(0.2,,)", "slip_type": "Normal", "upper_seis_depth": null, "downthrown_side_id": null, "reference": "Pasquaré, G., et al, 1991", "epistemic_quality": null, "accuracy": null, "activity_confidence": null, "fs_name": null, "last_movement": null, "downthrown_side_dir": null, "vert_sep_rate": null, "strike_slip_rate": null, "exposure_quality": null, "shortening_rate": null, "notes": null, "index_right": 156, "NAME_EN": "Mexico" }, "geometry": { "type": "LineString", "coordinates": [ [ -100.548861675895765, 19.884127475570033 ], [ -100.533321537459273, 19.88513006514658 ], [ -100.504747734527683, 19.883124885993485 ] ] } },
{ "type": "Feature", "properties": { "average_dip": null, "average_rake": null, "catalog_id": "MX_22.0", "catalog_name": "Villegas Mexico", "dip_dir": "SW", "lower_seis_depth": null, "name": "SN Laguna Pachones y Cerro las cuevas", "net_slip_rate": "(0.2,,)", "slip_type": "Normal", "upper_seis_depth": null, "downthrown_side_id": null, "reference": "Aranda-Gomez J.J. & Henry C.D., 1992", "epistemic_quality": null, "accuracy": null, "activity_confidence": null, "fs_name": null, "last_movement": null, "downthrown_side_dir": null, "vert_sep_rate": null, "strike_slip_rate": null, "exposure_quality": null, "shortening_rate": null, "notes": null, "index_right": 156, "NAME_EN": "Mexico" }, "geometry": { "type": "LineString", "coordinates": [ [ -104.657419237012874, 24.39545320145751 ], [ -104.654547806540336, 24.386838910039899 ], [ -104.649625354301705, 24.382736866507706 ], [ -104.649215149948475, 24.377814414269071 ], [ -104.64101106288409, 24.366328692378922 ], [ -104.64101106288409, 24.363867466259606 ], [ -104.631166158406813, 24.356483787901656 ], [ -104.628704932287505, 24.35238174436946 ], [ -104.627884523581059, 24.343767452951848 ], [ -104.621731458282767, 24.338845000713214 ], [ -104.620911049576335, 24.335153161534237 ], [ -104.615578392984474, 24.33351234412136 ], [ -104.61229675815872, 24.330230709295606 ], [ -104.612706962511936, 24.321616417877994 ], [ -104.610655940745843, 24.319155191758675 ], [ -104.605323284153982, 24.318744987405456 ], [ -104.593837562263843, 24.311361309047506 ], [ -104.583172249080135, 24.307259265515309 ], [ -104.572917140249643, 24.297004156684821 ], [ -104.569635505423889, 24.296183747978382 ], [ -104.567584483657797, 24.287569456560771 ], [ -104.561431418359504, 24.283877617381798 ], [ -104.562251827065936, 24.274442917257748 ], [ -104.55404774000155, 24.262546991014382 ], [ -104.553637535648321, 24.258034743128967 ], [ -104.541741609404966, 24.248600043004917 ], [ -104.527794661395504, 24.240395955940524 ], [ -104.519590574331104, 24.239985751587305 ], [ -104.511796691619935, 24.228500029697159 ], [ -104.505643626321643, 24.226449007931063 ], [ -104.501951787142673, 24.223167373105305 ] ] } },
{ "type": "Feature", "properties": { "average_dip": null, "average_rake": null, "catalog_id": "MX_23.0", "catalog_name": "Villegas Mexico", "dip_dir": "SW", "lower_seis_depth": null, "name": "SN Mesa la Gongora y Maar La Breña", "net_slip_rate": "(0.2,,)", "slip_type": "Normal", "upper_seis_depth": null, "downthrown_side_id": null, "reference": "Aranda-Gomez, J.J. y Henry, C.D., 1992", "epistemic_quality": null, "accuracy": null, "activity_confidence": null, "fs_name": null, "last_movement": null, "downthrown_side_dir": null, "vert_sep_rate": null, "strike_slip_rate": null, "exposure_quality": null, "shortening_rate": null, "notes": null, "index_right": 156, "NAME_EN": "Mexico" }, "geometry": { "type": "LineString", "coordinates": [ [ -104.529845683161597, 24.400375653696145 ], [ -104.52410282221652, 24.393402179691414 ], [ -104.521641596097197, 24.387659318746337 ], [ -104.513437509032812, 24.379865436035168 ], [ -104.512617100326381, 24.375763392502972 ], [ -104.513847713386028, 24.372481757677217 ], [ -104.506053830674858, 24.362226648846729 ] ] } },
{ "type": "Feature", "properties": { "average_dip": null, "average_rake": null, "catalog_id": "MX_24.0", "catalog_name": "Villegas Mexico", "dip_dir": "SW", "lower_seis_depth": null, "name": "SN San Buenaventura y Juan Antonio Domínguez", "net_slip_rate": "(0.2,,)", "slip_type": "Normal", "upper_seis_depth": null, "downthrown_side_id": null, "reference": "Aranda-Gomez, J.J. y Henry, C.D., 1992", "epistemic_quality": null, "accuracy": null, "activity_confidence": null, "fs_name": null, "last_movement": null, "downthrown_side_dir": null, "vert_sep_rate": null, "strike_slip_rate": null, "exposure_quality": null, "shortening_rate": null, "notes": null, "index_right": 156, "NAME_EN": "Mexico" }, "geometry": { "type": "LineString", "coordinates": [ [ -104.516309159090909, 24.34335725 ], [ -104.511386704545458, 24.332691931818182 ], [ -104.503182613636369, 24.326538863636365 ], [ -104.499900977272731, 24.3117715 ], [ -104.504003022727275, 24.310130681818183 ], [ -104.493747909090914, 24.29536331818182 ], [ -104.492517295454547, 24.291261272727272 ], [ -104.48841525, 24.288800045454547 ], [ -104.488005045454543, 24.272391863636365 ], [ -104.48595402272727, 24.260906136363637 ], [ -104.483492795454538, 24.256804090909093 ], [ -104.476519318181815, 24.253932659090911 ], [ -104.471596863636364, 24.249420409090909 ], [ -104.466264204545453, 24.242036727272726 ], [ -104.463392772727275, 24.237524477272729 ], [ -104.462162159090909, 24.226448954545454 ], [ -104.458060113636364, 24.227679568181816 ] ] } },
{ "type": "Feature", "properties": { "average_dip": null, "average_rake": null, "catalog_id": "MX_25.0", "catalog_name": "Villegas Mexico", "dip_dir": "SW", "lower_seis_depth": null, "name": "SN Cerro Las Tunas y Cerro Las Escobas", "net_slip_rate": "(0.2,,)", "slip_type": "Normal", "upper_seis_depth": null, "downthrown_side_id": null, "reference": "Yamamoto, J., 1993", "epistemic_quality": null, "accuracy": null, "activity_confidence": null, "fs_name": null, "last_movement": null, "downthrown_side_dir": null, "vert_sep_rate": null, "strike_slip_rate": null, "exposure_quality": null, "shortening_rate": null, "notes": null, "index_right": 156, "NAME_EN": "Mexico" }, "geometry": { "type": "LineString", "coordinates": [ [ -104.513847931818177, 24.407759363636366 ], [ -104.509335681818186, 24.390120568181821 ], [ -104.501131590909097, 24.375763409090911 ] ] } },
{ "type": "Feature", "properties": { "average_dip": null, "average_rake": null, "catalog_id": "MX_26.0", "catalog_name": "Villegas Mexico", "dip_dir": "SW", "lower_seis_depth": null, "name": "SN Cerro Cerro Ojo de Venado y Cerro Venado", "net_slip_rate": "(0.2,,)", "slip_type": "Normal", "upper_seis_depth": null, "downthrown_side_id": null, "reference": "Yamamoto, J., 1993", "epistemic_quality": null, "accuracy": null, "activity_confidence": null, "fs_name": null, "last_movement": null, "downthrown_side_dir": null, "vert_sep_rate": null, "strike_slip_rate": null, "exposure_quality": null, "shortening_rate": null, "notes": null, "index_right": 156, "NAME_EN": "Mexico" }, "geometry": { "type": "LineString", "coordinates": [ [ -104.463187670454545, 24.39832465909091 ], [ -104.451291738636357, 24.373097079545456 ] ] } },
{ "type": "Feature", "properties": { "average_dip": null, "average_rake": null, "catalog_id": "MX_27.0", "catalog_name": "Villegas Mexico", "dip_dir": "NE", "lower_seis_depth": null, "name": "SN Cerro Ojo de Venado y Cerro Peñoncito", "net_slip_rate": "(0.2,,)", "slip_type": "Normal", "upper_seis_depth": null, "downthrown_side_id": null, "reference": "Yamamoto, J., 1993", "epistemic_quality": null, "accuracy": null, "activity_confidence": null, "fs_name": null, "last_movement": null, "downthrown_side_dir": null, "vert_sep_rate": null, "strike_slip_rate": null, "exposure_quality": null, "shortening_rate": null, "notes": null, "index_right": 156, "NAME_EN": "Mexico" }, "geometry": { "type": "LineString", "coordinates": [ [ -104.44513867045454, 24.37801953409091 ], [ -104.450881534090897, 24.388069545454549 ], [ -104.456419295454538, 24.403452215909095 ], [ -104.455803988636362, 24.40673385227273 ], [ -104.45847031818181, 24.408374670454549 ], [ -104.450471329545451, 24.403452215909095 ], [ -104.442267238636362, 24.383762397727274 ], [ -104.441857034090901, 24.376378715909091 ] ] } },
{ "type": "Feature", "properties": { "average_dip": null, "average_rake": null, "catalog_id": "MX_28.0", "catalog_name": "Villegas Mexico", "dip_dir": "NE", "lower_seis_depth": null, "name": "SN Cerro Las Minas y Cerro la Chicharronera", "net_slip_rate": "(0.2,,)", "slip_type": "Normal", "upper_seis_depth": null, "downthrown_side_id": null, "reference": "Yamamoto, J., 1993", "epistemic_quality": null, "accuracy": null, "activity_confidence": null, "fs_name": null, "last_movement": null, "downthrown_side_dir": null, "vert_sep_rate": null, "strike_slip_rate": null, "exposure_quality": null, "shortening_rate": null, "notes": null, "index_right": 156, "NAME_EN": "Mexico" }, "geometry": { "type": "LineString", "coordinates": [ [ -104.455804219090908, 24.434422750909093 ], [ -104.442677644545455, 24.399350184545455 ] ] } },
{ "type": "Feature", "properties": { "average_dip": null, "average_rake": null, "catalog_id": "MX_29.0", "catalog_name": "Villegas Mexico", "dip_dir": "SW", "lower_seis_depth": null, "name": "SN La Sanjuanera y Los Baluartes", "net_slip_rate": "(0.2,,)", "slip_type": "Normal", "upper_seis_depth": null, "downthrown_side_id": null, "reference": "Aranda-Gomez, J.J. & Henry, C.D., 1992", "epistemic_quality": null, "accuracy": null, "activity_confidence": null, "fs_name": null, "last_movement": null, "downthrown_side_dir": null, "vert_sep_rate": null, "strike_slip_rate": null, "exposure_quality": null, "shortening_rate": null, "notes": null, "index_right": 156, "NAME_EN": "Mexico" }, "geometry": { "type": "LineString", "coordinates": [ [ -104.35017631454545, 24.335358133636362 ], [ -104.345253849090895, 24.321616250909088 ], [ -104.34258751363636, 24.320385634545449 ], [ -104.341562, 24.309104984545449 ], [ -104.336639534545441, 24.304182519090904 ], [ -104.333357890909085, 24.279570191818177 ], [ -104.326999706363623, 24.272596699090904 ], [ -104.32576909, 24.267469130909085 ] ] } },
{ "type": "Feature", "properties": { "average_dip": null, "average_rake": null, "catalog_id": "MX_30.0", "catalog_name": "Villegas Mexico", "dip_dir": "SW", "lower_seis_depth": null, "name": "SN Cerro el Obispo y San Diego", "net_slip_rate": "(0.2,,)", "slip_type": "Normal", "upper_seis_depth": null, "downthrown_side_id": null, "reference": "Aranda-Gomez, J.J. & Henry, C.D., 1992", "epistemic_quality": null, "accuracy": null, "activity_confidence": null, "fs_name": null, "last_movement": null, "downthrown_side_dir": null, "vert_sep_rate": null, "strike_slip_rate": null, "exposure_quality": null, "shortening_rate": null, "notes": null, "index_right": 156, "NAME_EN": "Mexico" }, "geometry": { "type": "LineString", "coordinates": [ [ -104.232652434545471, 24.21106606 ], [ -104.22362791454546, 24.19752928 ], [ -104.206399285454552, 24.180710856363643 ], [ -104.205578874545466, 24.174557774545459 ], [ -104.199835998181825, 24.169635309090914 ] ] } },
{ "type": "Feature", "properties": { "average_dip": null, "average_rake": null, "catalog_id": "MX_31.0", "catalog_name": "Villegas Mexico", "dip_dir": "SW", "lower_seis_depth": null, "name": "SN Cerro San Diego y San Diego del Ojo", "net_slip_rate": "(0.2,,)", "slip_type": "Normal", "upper_seis_depth": null, "downthrown_side_id": null, "reference": "Yamamoto, J., 1993", "epistemic_quality": null, "accuracy": null, "activity_confidence": null, "fs_name": null, "last_movement": null, "downthrown_side_dir": null, "vert_sep_rate": null, "strike_slip_rate": null, "exposure_quality": null, "shortening_rate": null, "notes": null, "index_right": 156, "NAME_EN": "Mexico" }, "geometry": { "type": "LineString", "coordinates": [ [ -104.230601407272744, 24.174147569090916 ], [ -104.225678941818188, 24.168814898181825 ], [ -104.218705449090919, 24.15691894 ], [ -104.212552367272735, 24.153227090909098 ], [ -104.201887025454553, 24.151586269090917 ], [ -104.199425792727283, 24.149125036363642 ], [ -104.19573394363637, 24.139280105454553 ] ] } },
{ "type": "Feature", "properties": { "average_dip": null, "average_rake": null, "catalog_id": "MX_32.0", "catalog_name": "Villegas Mexico", "dip_dir": "SW", "lower_seis_depth": null, "name": "SN Monte Redondo y San Rafael  Sección A", "net_slip_rate": "(0.2,,)", "slip_type": "Normal", "upper_seis_depth": null, "downthrown_side_id": null, "reference": "Yamamoto, J., 1993", "epistemic_quality": null, "accuracy": null, "activity_confidence": null, "fs_name": null, "last_movement": null, "downthrown_side_dir": null, "vert_sep_rate": null, "strike_slip_rate": null, "exposure_quality": null, "shortening_rate": null, "notes": null, "index_right": 156, "NAME_EN": "Mexico" }, "geometry": { "type": "LineString", "coordinates": [ [ -104.460727561889229, 24.203272420195439 ], [ -104.460727561889229, 24.197529524429967 ], [ -104.454984666123764, 24.188094767100978 ], [ -104.453343838762194, 24.177019182410422 ] ] } },
{ "type": "Feature", "properties": { "average_dip": null, "average_rake": null, "catalog_id": "MX_33.0", "catalog_name": "Villegas Mexico", "dip_dir": "SW", "lower_seis_depth": null, "name": "SN Monte Redondo y San Rafael  Sección B", "net_slip_rate": "(0.2,,)", "slip_type": "Normal", "upper_seis_depth": null, "downthrown_side_id": null, "reference": "Yamamoto, J., 1993", "epistemic_quality": null, "accuracy": null, "activity_confidence": null, "fs_name": null, "last_movement": null, "downthrown_side_dir": null, "vert_sep_rate": null, "strike_slip_rate": null, "exposure_quality": null, "shortening_rate": null, "notes": null, "index_right": 156, "NAME_EN": "Mexico" }, "geometry": { "type": "LineString", "coordinates": [ [ -104.44472949511399, 24.158970081433225 ], [ -104.440217219869695, 24.151996565146579 ], [ -104.435294737785, 24.149535324104235 ], [ -104.43365391042343, 24.140100566775242 ], [ -104.429141635179136, 24.131076016286645 ], [ -104.430372255700306, 24.122871879478826 ], [ -104.428321221498351, 24.118359604234527 ], [ -104.430782462540705, 24.11589836319218 ] ] } },
{ "type": "Feature", "properties": { "average_dip": null, "average_rake": null, "catalog_id": "MX_34.0", "catalog_name": "Villegas Mexico", "dip_dir": "SW", "lower_seis_depth": null, "name": "SN Monte Redondo y San Rafael  Sección C", "net_slip_rate": "(0.2,,)", "slip_type": "Normal", "upper_seis_depth": null, "downthrown_side_id": null, "reference": "Yamamoto, J., 1993", "epistemic_quality": null, "accuracy": null, "activity_confidence": null, "fs_name": null, "last_movement": null, "downthrown_side_dir": null, "vert_sep_rate": null, "strike_slip_rate": null, "exposure_quality": null, "shortening_rate": null, "notes": null, "index_right": 156, "NAME_EN": "Mexico" }, "geometry": { "type": "LineString", "coordinates": [ [ -104.427090600977181, 24.0880042980456 ], [ -104.407400672638417, 24.062161267100972 ], [ -104.406990465798032, 24.056008164495111 ], [ -104.403298604234507, 24.049855061889247 ], [ -104.396735294788257, 24.046163200325729 ], [ -104.390992399022778, 24.034267201954393 ] ] } },
{ "type": "Feature", "properties": { "average_dip": null, "average_rake": null, "catalog_id": "MX_35.0", "catalog_name": "Villegas Mexico", "dip_dir": "SW, W", "lower_seis_depth": null, "name": "Robledo Oeste (parte sur)", "net_slip_rate": "(0.2,,)", "slip_type": "Normal", "upper_seis_depth": null, "downthrown_side_id": null, "reference": "Mack, G.H., et al, 1993", "epistemic_quality": null, "accuracy": null, "activity_confidence": null, "fs_name": null, "last_movement": null, "downthrown_side_dir": null, "vert_sep_rate": null, "strike_slip_rate": null, "exposure_quality": null, "shortening_rate": null, "notes": null, "index_right": 156, "NAME_EN": "Mexico" }, "geometry": { "type": "LineString", "coordinates": [ [ -107.126149410629608, 31.846406531103685 ], [ -107.123186021941777, 31.845089469464646 ], [ -107.121210429483213, 31.822040890781466 ], [ -107.124173818171059, 31.815784847996031 ], [ -107.148539458493275, 31.784504634068856 ], [ -107.148996167751307, 31.779042852230464 ], [ -107.144175882405904, 31.761368472630657 ], [ -107.152209691314908, 31.692277716013241 ], [ -107.151406310424008, 31.676210098195234 ], [ -107.136142073496913, 31.632827530086622 ], [ -107.124091360133406, 31.615153150486819 ], [ -107.120074455678903, 31.602299056232415 ], [ -107.112040646769898, 31.58944496197801 ], [ -107.082315553806595, 31.555702964560201 ] ] } },
{ "type": "Feature", "properties": { "average_dip": null, "average_rake": null, "catalog_id": "MX_36.0", "catalog_name": "Villegas Mexico", "dip_dir": "NE", "lower_seis_depth": null, "name": "SN Abanicos de la Zona de falla Monte Riley", "net_slip_rate": "(0.2,,)", "slip_type": "Normal", "upper_seis_depth": null, "downthrown_side_id": null, "reference": "Mack G.H., et al, 1993", "epistemic_quality": null, "accuracy": null, "activity_confidence": null, "fs_name": null, "last_movement": null, "downthrown_side_dir": null, "vert_sep_rate": null, "strike_slip_rate": null, "exposure_quality": null, "shortening_rate": null, "notes": null, "index_right": 156, "NAME_EN": "Mexico" }, "geometry": { "type": "LineString", "coordinates": [ [ -107.052590460843277, 31.783059756684963 ], [ -107.049376937279689, 31.775829328666862 ], [ -107.048573556388789, 31.768598900648758 ], [ -107.03491608124348, 31.735660284121852 ], [ -106.989123370462167, 31.65692895681363 ], [ -106.978679418880461, 31.635237672759324 ] ] } },
{ "type": "Feature", "properties": { "average_dip": null, "average_rake": null, "catalog_id": "MX_37.0", "catalog_name": "Villegas Mexico", "dip_dir": "SW", "lower_seis_depth": null, "name": "Zona de Falla Monte Riley (parte sur) seccion A", "net_slip_rate": "(0.2,,)", "slip_type": "Normal", "upper_seis_depth": null, "downthrown_side_id": null, "reference": "Seager W.R., & Mack G.H., 1994", "epistemic_quality": null, "accuracy": null, "activity_confidence": null, "fs_name": null, "last_movement": null, "downthrown_side_dir": null, "vert_sep_rate": null, "strike_slip_rate": null, "exposure_quality": null, "shortening_rate": null, "notes": null, "index_right": 156, "NAME_EN": "Mexico" }, "geometry": { "type": "LineString", "coordinates": [ [ -107.016605841510227, 31.796170540029948 ], [ -107.017769643098347, 31.784200009409339 ], [ -107.015358911237257, 31.773143894322253 ], [ -107.012421416298267, 31.767795519757861 ], [ -107.005190988280177, 31.756548187285258 ], [ -106.998763941152973, 31.751727901939855 ], [ -106.976269276207759, 31.713969000067546 ], [ -106.965021943735167, 31.700311524922242 ], [ -106.956184753935261, 31.682637145322438 ], [ -106.938510374335451, 31.655322195031829 ], [ -106.928869803644645, 31.644878243450126 ] ] } },
{ "type": "Feature", "properties": { "average_dip": null, "average_rake": null, "catalog_id": "MX_38.0", "catalog_name": "Villegas Mexico", "dip_dir": "SW", "lower_seis_depth": null, "name": "Zona de Falla Monte Riley (parte sur) seccion B", "net_slip_rate": "(0.2,,)", "slip_type": "Normal", "upper_seis_depth": null, "downthrown_side_id": null, "reference": "Seager W.R., & Mack G.H., 1994", "epistemic_quality": null, "accuracy": null, "activity_confidence": null, "fs_name": null, "last_movement": null, "downthrown_side_dir": null, "vert_sep_rate": null, "strike_slip_rate": null, "exposure_quality": null, "shortening_rate": null, "notes": null, "index_right": 156, "NAME_EN": "Mexico" }, "geometry": { "type": "LineString", "coordinates": [ [ -107.015525168606985, 31.795671767920755 ], [ -106.999315075058249, 31.780874862014727 ], [ -106.966628705516953, 31.742087331249053 ], [ -106.940117136117252, 31.707541952940343 ], [ -106.919229232953853, 31.672193193740732 ], [ -106.903964996026744, 31.651305290577326 ] ] } },
{ "type": "Feature", "properties": { "average_dip": "(70.0,,)", "average_rake": null, "catalog_id": "MX_39.0", "catalog_name": "Villegas Mexico", "dip_dir": "W", "lower_seis_depth": null, "name": "Ixtapa sección A", "net_slip_rate": "(0.2,,)", "slip_type": "Normal", "upper_seis_depth": null, "downthrown_side_id": null, "reference": "Ferrari, L., et al, 1994", "epistemic_quality": null, "accuracy": null, "activity_confidence": null, "fs_name": null, "last_movement": null, "downthrown_side_dir": null, "vert_sep_rate": null, "strike_slip_rate": null, "exposure_quality": null, "shortening_rate": null, "notes": null, "index_right": 156, "NAME_EN": "Mexico" }, "geometry": { "type": "LineString", "coordinates": [ [ -105.183244702235157, 20.740031652105991 ], [ -105.166948936442793, 20.759819367710996 ], [ -105.151817153921314, 20.772623183690705 ], [ -105.145997237566903, 20.785426999670413 ], [ -105.141341304483376, 20.808706665088064 ], [ -105.137849354670735, 20.838970230131014 ] ] } },
{ "type": "Feature", "properties": { "average_dip": "(70.0,,)", "average_rake": null, "catalog_id": "MX_40.0", "catalog_name": "Villegas Mexico", "dip_dir": "W", "lower_seis_depth": null, "name": "Ixtapa sección B", "net_slip_rate": "(0.2,,)", "slip_type": "Normal", "upper_seis_depth": null, "downthrown_side_id": null, "reference": "Ferrari, L., et al, 1994", "epistemic_quality": null, "accuracy": null, "activity_confidence": null, "fs_name": null, "last_movement": null, "downthrown_side_dir": null, "vert_sep_rate": null, "strike_slip_rate": null, "exposure_quality": null, "shortening_rate": null, "notes": null, "index_right": 156, "NAME_EN": "Mexico" }, "geometry": { "type": "LineString", "coordinates": [ [ -105.227476066528695, 20.685324438374508 ], [ -105.214672250548986, 20.705112153979513 ], [ -105.207688350923689, 20.710932070333925 ], [ -105.193720551673096, 20.715588003417455 ], [ -105.183244702235157, 20.721407919771867 ] ] } },
{ "type": "Feature", "properties": { "average_dip": "(70.0,,)", "average_rake": null, "catalog_id": "MX_44.0", "catalog_name": "Villegas Mexico", "dip_dir": "SE", "lower_seis_depth": null, "name": "Techaluta", "net_slip_rate": "(0.55,,)", "slip_type": "Normal", "upper_seis_depth": null, "downthrown_side_id": null, "reference": "Michaud F., et al, 1993", "epistemic_quality": null, "accuracy": null, "activity_confidence": null, "fs_name": null, "last_movement": null, "downthrown_side_dir": null, "vert_sep_rate": null, "strike_slip_rate": null, "exposure_quality": null, "shortening_rate": null, "notes": null, "index_right": 156, "NAME_EN": "Mexico" }, "geometry": { "type": "LineString", "coordinates": [ [ -103.657262169381099, 19.999737723127033 ], [ -103.647950299674264, 20.013705527687296 ], [ -103.618850706840391, 20.036985201954398 ], [ -103.585095179153086, 20.059100892508141 ], [ -103.546683716612378, 20.131267882736157 ] ] } },
{ "type": "Feature", "properties": { "average_dip": "(65.0,,)", "average_rake": null, "catalog_id": "MX_46.0", "catalog_name": "Villegas Mexico", "dip_dir": "NE", "lower_seis_depth": null, "name": "Z.F. Plan de Barrancas (Hostotipaquillo A)", "net_slip_rate": "(0.2,,)", "slip_type": "Normal", "upper_seis_depth": null, "downthrown_side_id": null, "reference": "Michaud F., et al, 1993", "epistemic_quality": null, "accuracy": null, "activity_confidence": null, "fs_name": null, "last_movement": null, "downthrown_side_dir": null, "vert_sep_rate": null, "strike_slip_rate": null, "exposure_quality": null, "shortening_rate": null, "notes": null, "index_right": 156, "NAME_EN": "Mexico" }, "geometry": { "type": "LineString", "coordinates": [ [ -104.127802927524414, 21.033646507328989 ], [ -104.103359269543958, 21.021133682410422 ] ] } },
{ "type": "Feature", "properties": { "average_dip": "(65.0,,)", "average_rake": null, "catalog_id": "MX_47.0", "catalog_name": "Villegas Mexico", "dip_dir": "NE", "lower_seis_depth": null, "name": "Z.F. Plan de Barrancas (Hostotipaquillo B)", "net_slip_rate": "(0.2,,)", "slip_type": "Normal", "upper_seis_depth": null, "downthrown_side_id": null, "reference": "Michaud F., et al, 1993", "epistemic_quality": null, "accuracy": null, "activity_confidence": null, "fs_name": null, "last_movement": null, "downthrown_side_dir": null, "vert_sep_rate": null, "strike_slip_rate": null, "exposure_quality": null, "shortening_rate": null, "notes": null, "index_right": 156, "NAME_EN": "Mexico" }, "geometry": { "type": "LineString", "coordinates": [ [ -104.105978232899005, 21.035101486970682 ], [ -104.093465407980446, 21.024334637622147 ], [ -104.052143986156338, 20.999890979641691 ] ] } },
{ "type": "Feature", "properties": { "average_dip": "(65.0,,)", "average_rake": null, "catalog_id": "MX_48.0", "catalog_name": "Villegas Mexico", "dip_dir": "NE", "lower_seis_depth": null, "name": "Z.F. Plan de Barrancas (Hostotipaquillo C)", "net_slip_rate": "(0.2,,)", "slip_type": "Normal", "upper_seis_depth": null, "downthrown_side_id": null, "reference": "Michaud F., et al, 1993", "epistemic_quality": null, "accuracy": null, "activity_confidence": null, "fs_name": null, "last_movement": null, "downthrown_side_dir": null, "vert_sep_rate": null, "strike_slip_rate": null, "exposure_quality": null, "shortening_rate": null, "notes": null, "index_right": 156, "NAME_EN": "Mexico" }, "geometry": { "type": "LineString", "coordinates": [ [ -104.098121342833863, 21.035683478827362 ], [ -104.08153457491855, 21.026080613192182 ], [ -104.066402786644929, 21.021424678338761 ], [ -104.028282320032559, 21.00018197557003 ] ] } },
{ "type": "Feature", "properties": { "average_dip": "(65.0,,)", "average_rake": null, "catalog_id": "MX_49.0", "catalog_name": "Villegas Mexico", "dip_dir": "NE", "lower_seis_depth": null, "name": "Z.F. Plan de Barrancas (Hostotipaquillo D)", "net_slip_rate": "(0.2,,)", "slip_type": "Normal", "upper_seis_depth": null, "downthrown_side_id": null, "reference": "Michaud F., et al, 1993", "epistemic_quality": null, "accuracy": null, "activity_confidence": null, "fs_name": null, "last_movement": null, "downthrown_side_dir": null, "vert_sep_rate": null, "strike_slip_rate": null, "exposure_quality": null, "shortening_rate": null, "notes": null, "index_right": 156, "NAME_EN": "Mexico" }, "geometry": { "type": "LineString", "coordinates": [ [ -104.000055498181808, 20.97864834 ], [ -103.984632690909081, 20.969336456363635 ], [ -103.970082872727275, 20.95798759818182 ], [ -103.946512167272715, 20.948675714545455 ] ] } },
{ "type": "Feature", "properties": { "average_dip": "(65.0,,)", "average_rake": null, "catalog_id": "MX_50.0", "catalog_name": "Villegas Mexico", "dip_dir": "NE", "lower_seis_depth": null, "name": "Z.F. Plan de Barrancas (Hostotipaquillo E)", "net_slip_rate": "(0.2,,)", "slip_type": "Normal", "upper_seis_depth": null, "downthrown_side_id": null, "reference": "Michaud F., et al, 1993", "epistemic_quality": null, "accuracy": null, "activity_confidence": null, "fs_name": null, "last_movement": null, "downthrown_side_dir": null, "vert_sep_rate": null, "strike_slip_rate": null, "exposure_quality": null, "shortening_rate": null, "notes": null, "index_right": 156, "NAME_EN": "Mexico" }, "geometry": { "type": "LineString", "coordinates": [ [ -104.000346494545454, 20.971955423636363 ], [ -103.974156821818184, 20.95304066 ] ] } },
{ "type": "Feature", "properties": { "average_dip": "(65.0,,)", "average_rake": null, "catalog_id": "MX_51.0", "catalog_name": "Villegas Mexico", "dip_dir": "NE", "lower_seis_depth": null, "name": "Z.F. Plan de Barrancas (Hostotipaquillo F)", "net_slip_rate": "(0.2,,)", "slip_type": "Normal", "upper_seis_depth": null, "downthrown_side_id": null, "reference": "Michaud F., et al, 1993", "epistemic_quality": null, "accuracy": null, "activity_confidence": null, "fs_name": null, "last_movement": null, "downthrown_side_dir": null, "vert_sep_rate": null, "strike_slip_rate": null, "exposure_quality": null, "shortening_rate": null, "notes": null, "index_right": 156, "NAME_EN": "Mexico" }, "geometry": { "type": "LineString", "coordinates": [ [ -104.000928487272716, 20.958278594545455 ], [ -103.986960661818173, 20.947220732727274 ], [ -103.973574829090907, 20.939072834545453 ] ] } },
{ "type": "Feature", "properties": { "average_dip": "(65.0,,)", "average_rake": null, "catalog_id": "MX_52.0", "catalog_name": "Villegas Mexico", "dip_dir": "NE", "lower_seis_depth": null, "name": "Z.F. Plan de Barrancas (Hostotipaquillo G)", "net_slip_rate": "(0.2,,)", "slip_type": "Normal", "upper_seis_depth": null, "downthrown_side_id": null, "reference": "Michaud F., et al, 1993", "epistemic_quality": null, "accuracy": null, "activity_confidence": null, "fs_name": null, "last_movement": null, "downthrown_side_dir": null, "vert_sep_rate": null, "strike_slip_rate": null, "exposure_quality": null, "shortening_rate": null, "notes": null, "index_right": 156, "NAME_EN": "Mexico" }, "geometry": { "type": "LineString", "coordinates": [ [ -103.997145534545453, 20.942273794545454 ], [ -103.987833650909081, 20.93441689272727 ], [ -103.979976749090909, 20.930051947272727 ] ] } },
{ "type": "Feature", "properties": { "average_dip": "(65.0,,)", "average_rake": null, "catalog_id": "MX_53.0", "catalog_name": "Villegas Mexico", "dip_dir": "NE", "lower_seis_depth": null, "name": "Z.F. Plan de Barrancas (Hostotipaquillo H)", "net_slip_rate": "(0.2,,)", "slip_type": "Normal", "upper_seis_depth": null, "downthrown_side_id": null, "reference": "Michaud F., et al, 1993", "epistemic_quality": null, "accuracy": null, "activity_confidence": null, "fs_name": null, "last_movement": null, "downthrown_side_dir": null, "vert_sep_rate": null, "strike_slip_rate": null, "exposure_quality": null, "shortening_rate": null, "notes": null, "index_right": 156, "NAME_EN": "Mexico" }, "geometry": { "type": "LineString", "coordinates": [ [ -103.998891512727269, 20.934125896363636 ], [ -103.979685752727264, 20.919576078181816 ], [ -103.967754901818182, 20.915502129090907 ] ] } },
{ "type": "Feature", "properties": { "average_dip": "(65.0,,)", "average_rake": null, "catalog_id": "MX_54.0", "catalog_name": "Villegas Mexico", "dip_dir": "NE", "lower_seis_depth": null, "name": "Z.F. Plan de Barrancas (Hostotipaquillo I)", "net_slip_rate": "(0.2,,)", "slip_type": "Normal", "upper_seis_depth": null, "downthrown_side_id": null, "reference": "Michaud F., et al, 1993", "epistemic_quality": null, "accuracy": null, "activity_confidence": null, "fs_name": null, "last_movement": null, "downthrown_side_dir": null, "vert_sep_rate": null, "strike_slip_rate": null, "exposure_quality": null, "shortening_rate": null, "notes": null, "index_right": 156, "NAME_EN": "Mexico" }, "geometry": { "type": "LineString", "coordinates": [ [ -103.970082872727275, 20.944310769090908 ], [ -103.962225970909088, 20.938199845454545 ], [ -103.9479671490909, 20.932961910909089 ], [ -103.933126334545449, 20.93063394 ], [ -103.91886751272726, 20.92335903090909 ] ] } },
{ "type": "Feature", "properties": { "average_dip": "(65.0,,)", "average_rake": null, "catalog_id": "MX_55.0", "catalog_name": "Villegas Mexico", "dip_dir": "NE", "lower_seis_depth": null, "name": "Z.F. Plan de Barrancas (Hostotipaquillo J)", "net_slip_rate": "(0.2,,)", "slip_type": "Normal", "upper_seis_depth": null, "downthrown_side_id": null, "reference": "Michaud F., et al, 1993", "epistemic_quality": null, "accuracy": null, "activity_confidence": null, "fs_name": null, "last_movement": null, "downthrown_side_dir": null, "vert_sep_rate": null, "strike_slip_rate": null, "exposure_quality": null, "shortening_rate": null, "notes": null, "index_right": 156, "NAME_EN": "Mexico" }, "geometry": { "type": "LineString", "coordinates": [ [ -103.938946261818174, 20.927723976363634 ], [ -103.926724414545447, 20.920158070909089 ], [ -103.919740501818183, 20.9178301 ] ] } },
{ "type": "Feature", "properties": { "average_dip": "(65.0,,)", "average_rake": null, "catalog_id": "MX_56.0", "catalog_name": "Villegas Mexico", "dip_dir": "NE", "lower_seis_depth": null, "name": "Z.F. Plan de Barrancas (Magdalena-Tequila A)", "net_slip_rate": "(0.2,,)", "slip_type": "Normal", "upper_seis_depth": null, "downthrown_side_id": null, "reference": "Harris, J.M. & Carmichael I, S.E., 1984", "epistemic_quality": null, "accuracy": null, "activity_confidence": null, "fs_name": null, "last_movement": null, "downthrown_side_dir": null, "vert_sep_rate": null, "strike_slip_rate": null, "exposure_quality": null, "shortening_rate": null, "notes": null, "index_right": 156, "NAME_EN": "Mexico" }, "geometry": { "type": "LineString", "coordinates": [ [ -103.927888267100982, 20.902989032573288 ], [ -103.917412384364823, 20.890767169381107 ] ] } },
{ "type": "Feature", "properties": { "average_dip": "(65.0,,)", "average_rake": null, "catalog_id": "MX_57.0", "catalog_name": "Villegas Mexico", "dip_dir": "NE", "lower_seis_depth": null, "name": "Z.F. Plan de Barrancas (Magdalena-Tequila B)", "net_slip_rate": "(0.2,,)", "slip_type": "Normal", "upper_seis_depth": null, "downthrown_side_id": null, "reference": "Harris, J.M. & Carmichael I, S.E., 1984", "epistemic_quality": null, "accuracy": null, "activity_confidence": null, "fs_name": null, "last_movement": null, "downthrown_side_dir": null, "vert_sep_rate": null, "strike_slip_rate": null, "exposure_quality": null, "shortening_rate": null, "notes": null, "index_right": 156, "NAME_EN": "Mexico" }, "geometry": { "type": "LineString", "coordinates": [ [ -103.944766078175888, 20.899206074918567 ], [ -103.931671224755704, 20.880582283387621 ], [ -103.913338429967425, 20.85992151465798 ] ] } },
{ "type": "Feature", "properties": { "average_dip": "(65.0,,)", "average_rake": null, "catalog_id": "MX_58.0", "catalog_name": "Villegas Mexico", "dip_dir": "NE", "lower_seis_depth": null, "name": "Z.F. Plan de Barrancas (Magdalena-Tequila C)", "net_slip_rate": "(0.2,,)", "slip_type": "Normal", "upper_seis_depth": null, "downthrown_side_id": null, "reference": null, "epistemic_quality": null, "accuracy": null, "activity_confidence": null, "fs_name": null, "last_movement": null, "downthrown_side_dir": null, "vert_sep_rate": null, "strike_slip_rate": null, "exposure_quality": null, "shortening_rate": null, "notes": null, "index_right": 156, "NAME_EN": "Mexico" }, "geometry": { "type": "LineString", "coordinates": [ [ -103.965717843648207, 20.890767169381107 ], [ -103.949422026058627, 20.875053345276871 ] ] } },
{ "type": "Feature", "properties": { "average_dip": "(65.0,,)", "average_rake": null, "catalog_id": "MX_59.0", "catalog_name": "Villegas Mexico", "dip_dir": "NE", "lower_seis_depth": null, "name": "Z.F. Plan de Barrancas (Magdalena-Tequila D)", "net_slip_rate": "(0.2,,)", "slip_type": "Normal", "upper_seis_depth": null, "downthrown_side_id": null, "reference": "Harris, J.M. & Carmichael I, S.E., 1984", "epistemic_quality": null, "accuracy": null, "activity_confidence": null, "fs_name": null, "last_movement": null, "downthrown_side_dir": null, "vert_sep_rate": null, "strike_slip_rate": null, "exposure_quality": null, "shortening_rate": null, "notes": null, "index_right": 156, "NAME_EN": "Mexico" }, "geometry": { "type": "LineString", "coordinates": [ [ -103.98230465798045, 20.891640159609121 ], [ -103.976193726384366, 20.883492250814331 ], [ -103.947967042345283, 20.861376498371335 ] ] } },
{ "type": "Feature", "properties": { "average_dip": "(65.0,,)", "average_rake": null, "catalog_id": "MX_60.0", "catalog_name": "Villegas Mexico", "dip_dir": "NE", "lower_seis_depth": null, "name": "Z.F. Plan de Barrancas (Magdalena-Tequila E)", "net_slip_rate": "(0.2,,)", "slip_type": "Normal", "upper_seis_depth": null, "downthrown_side_id": null, "reference": "Harris, J.M. & Carmichael I, S.E., 1984", "epistemic_quality": null, "accuracy": null, "activity_confidence": null, "fs_name": null, "last_movement": null, "downthrown_side_dir": null, "vert_sep_rate": null, "strike_slip_rate": null, "exposure_quality": null, "shortening_rate": null, "notes": null, "index_right": 156, "NAME_EN": "Mexico" }, "geometry": { "type": "LineString", "coordinates": [ [ -103.959024918566769, 20.85963051791531 ], [ -103.933999198697066, 20.836932771986969 ] ] } },
{ "type": "Feature", "properties": { "average_dip": "(65.0,,)", "average_rake": null, "catalog_id": "MX_61.0", "catalog_name": "Villegas Mexico", "dip_dir": "NE", "lower_seis_depth": null, "name": "Z.F. Plan de Barrancas (Magdalena-Tequila F)", "net_slip_rate": "(0.2,,)", "slip_type": "Normal", "upper_seis_depth": null, "downthrown_side_id": null, "reference": "Harris, J.M. & Carmichael I, S.E., 1984", "epistemic_quality": null, "accuracy": null, "activity_confidence": null, "fs_name": null, "last_movement": null, "downthrown_side_dir": null, "vert_sep_rate": null, "strike_slip_rate": null, "exposure_quality": null, "shortening_rate": null, "notes": null, "index_right": 156, "NAME_EN": "Mexico" }, "geometry": { "type": "LineString", "coordinates": [ [ -103.876090846905541, 20.829657853420194 ], [ -103.866778951140063, 20.817144993485339 ] ] } },
{ "type": "Feature", "properties": { "average_dip": "(65.0,,)", "average_rake": null, "catalog_id": "MX_62.0", "catalog_name": "Villegas Mexico", "dip_dir": "NE", "lower_seis_depth": null, "name": "Z.F. Plan de Barrancas (Magdalena-Tequila G)", "net_slip_rate": "(0.2,,)", "slip_type": "Normal", "upper_seis_depth": null, "downthrown_side_id": null, "reference": "Harris, J.M. & Carmichael I, S.E., 1984", "epistemic_quality": null, "accuracy": null, "activity_confidence": null, "fs_name": null, "last_movement": null, "downthrown_side_dir": null, "vert_sep_rate": null, "strike_slip_rate": null, "exposure_quality": null, "shortening_rate": null, "notes": null, "index_right": 156, "NAME_EN": "Mexico" }, "geometry": { "type": "LineString", "coordinates": [ [ -103.912174442996744, 20.85410157980456 ], [ -103.870852905537461, 20.813944029315959 ] ] } },
{ "type": "Feature", "properties": { "average_dip": "(65.0,,)", "average_rake": null, "catalog_id": "MX_63.0", "catalog_name": "Villegas Mexico", "dip_dir": "NE", "lower_seis_depth": null, "name": "Z.F. Plan de Barrancas (Magdalena-Tequila H)", "net_slip_rate": "(0.2,,)", "slip_type": "Normal", "upper_seis_depth": null, "downthrown_side_id": null, "reference": "Harris, J.M. & Carmichael I, S.E., 1984", "epistemic_quality": null, "accuracy": null, "activity_confidence": null, "fs_name": null, "last_movement": null, "downthrown_side_dir": null, "vert_sep_rate": null, "strike_slip_rate": null, "exposure_quality": null, "shortening_rate": null, "notes": null, "index_right": 156, "NAME_EN": "Mexico" }, "geometry": { "type": "LineString", "coordinates": [ [ -103.920322351791526, 20.84857264169381 ], [ -103.906936501628664, 20.83780576221498 ], [ -103.883656762214983, 20.811907052117263 ] ] } },
{ "type": "Feature", "properties": { "average_dip": "(65.0,,)", "average_rake": null, "catalog_id": "MX_64.0", "catalog_name": "Villegas Mexico", "dip_dir": "SW", "lower_seis_depth": null, "name": "S.F. Villa Corona (Villa Corona)", "net_slip_rate": "(0.15,,)", "slip_type": "Normal", "upper_seis_depth": null, "downthrown_side_id": null, "reference": "Allan, J. F., 1986", "epistemic_quality": null, "accuracy": null, "activity_confidence": null, "fs_name": null, "last_movement": null, "downthrown_side_dir": null, "vert_sep_rate": null, "strike_slip_rate": null, "exposure_quality": null, "shortening_rate": null, "notes": null, "index_right": 156, "NAME_EN": "Mexico" }, "geometry": { "type": "LineString", "coordinates": [ [ -103.646383814710717, 20.406383501867055 ], [ -103.657001637438327, 20.416635192776468 ], [ -103.680800205620884, 20.446291870050125 ], [ -103.694713214712237, 20.451417715504832 ], [ -103.703134246530681, 20.452516110959412 ], [ -103.709724619258154, 20.456543560959538 ], [ -103.714850464712868, 20.462401670050632 ] ] } },
{ "type": "Feature", "properties": { "average_dip": "(65.0,,)", "average_rake": null, "catalog_id": "MX_65.0", "catalog_name": "Villegas Mexico", "dip_dir": "SW", "lower_seis_depth": null, "name": "S.F. Villa Corona (Sierra de Ahuisculco)", "net_slip_rate": "(0.3,,)", "slip_type": "Normal", "upper_seis_depth": null, "downthrown_side_id": null, "reference": "Allan, J. F., 1986", "epistemic_quality": null, "accuracy": null, "activity_confidence": null, "fs_name": null, "last_movement": null, "downthrown_side_dir": null, "vert_sep_rate": null, "strike_slip_rate": null, "exposure_quality": null, "shortening_rate": null, "notes": null, "index_right": 156, "NAME_EN": "Mexico" }, "geometry": { "type": "LineString", "coordinates": [ [ -103.680800205620884, 20.410410951867181 ], [ -103.685926051075597, 20.414804533685501 ], [ -103.698008401075967, 20.435307915504328 ], [ -103.703134246530681, 20.440799892777225 ], [ -103.708626223803577, 20.442996683686385 ], [ -103.715582728349247, 20.443362815504578 ], [ -103.721806969258537, 20.448854792777478 ], [ -103.733157055622527, 20.473385624596428 ], [ -103.743408746531941, 20.479609865505715 ], [ -103.755857228350507, 20.493156742778869 ], [ -103.765742787441724, 20.519518233688785 ] ] } },
{ "type": "Feature", "properties": { "average_dip": "(65.0,,)", "average_rake": null, "catalog_id": "MX_66.0", "catalog_name": "Villegas Mexico", "dip_dir": "SW, S", "lower_seis_depth": null, "name": "Z.F. Villa Corona (Buenavista)", "net_slip_rate": "(0.23,,)", "slip_type": "Normal", "upper_seis_depth": null, "downthrown_side_id": null, "reference": "Ferrari L. & Rosas-Elguera J., 2000", "epistemic_quality": null, "accuracy": null, "activity_confidence": null, "fs_name": null, "last_movement": null, "downthrown_side_dir": null, "vert_sep_rate": null, "strike_slip_rate": null, "exposure_quality": null, "shortening_rate": null, "notes": null, "index_right": 156, "NAME_EN": "Mexico" }, "geometry": { "type": "LineString", "coordinates": [ [ -103.756223360168704, 20.514758520052272 ], [ -103.760983073805221, 20.525742474598072 ], [ -103.769037973805467, 20.537092560962066 ], [ -103.812973791988668, 20.555765283689922 ], [ -103.836406228353042, 20.562355656417402 ] ] } },
{ "type": "Feature", "properties": { "average_dip": "(70.0,,)", "average_rake": null, "catalog_id": "MX_67.0", "catalog_name": "Villegas Mexico", "dip_dir": "SW", "lower_seis_depth": null, "name": "Z.F. Villa Corona (El Timbal A)", "net_slip_rate": "(0.15,,)", "slip_type": "Normal", "upper_seis_depth": null, "downthrown_side_id": null, "reference": "Ferrari, L., & Rosas-Elguera, J., 2000", "epistemic_quality": null, "accuracy": null, "activity_confidence": null, "fs_name": null, "last_movement": null, "downthrown_side_dir": null, "vert_sep_rate": null, "strike_slip_rate": null, "exposure_quality": null, "shortening_rate": null, "notes": null, "index_right": 156, "NAME_EN": "Mexico" }, "geometry": { "type": "LineString", "coordinates": [ [ -103.787344564715141, 20.502676170051895 ], [ -103.772699291987408, 20.484369579142228 ] ] } },
{ "type": "Feature", "properties": { "average_dip": "(70.0,,)", "average_rake": null, "catalog_id": "MX_68.0", "catalog_name": "Villegas Mexico", "dip_dir": "SW", "lower_seis_depth": null, "name": "Z.F. Villa Corona (El Timbal B)", "net_slip_rate": "(0.15,,)", "slip_type": "Normal", "upper_seis_depth": null, "downthrown_side_id": null, "reference": "Ferrari, L., & Rosas-Elguera, J., 2000", "epistemic_quality": null, "accuracy": null, "activity_confidence": null, "fs_name": null, "last_movement": null, "downthrown_side_dir": null, "vert_sep_rate": null, "strike_slip_rate": null, "exposure_quality": null, "shortening_rate": null, "notes": null, "index_right": 156, "NAME_EN": "Mexico" }, "geometry": { "type": "LineString", "coordinates": [ [ -103.774346885169265, 20.481715123460329 ], [ -103.756497959032345, 20.458923417777793 ] ] } },
{ "type": "Feature", "properties": { "average_dip": "(70.0,,)", "average_rake": null, "catalog_id": "MX_69.0", "catalog_name": "Villegas Mexico", "dip_dir": "SW", "lower_seis_depth": null, "name": "Z.F. Villa Corona (El Timbal C)", "net_slip_rate": "(0.15,,)", "slip_type": "Normal", "upper_seis_depth": null, "downthrown_side_id": null, "reference": "Ferrari, L., & Rosas-Elguera, J., 2000", "epistemic_quality": null, "accuracy": null, "activity_confidence": null, "fs_name": null, "last_movement": null, "downthrown_side_dir": null, "vert_sep_rate": null, "strike_slip_rate": null, "exposure_quality": null, "shortening_rate": null, "notes": null, "index_right": 156, "NAME_EN": "Mexico" }, "geometry": { "type": "LineString", "coordinates": [ [ -103.795124865851733, 20.494712803006195 ], [ -103.783408647669546, 20.481898189369428 ], [ -103.769129506760009, 20.462127071186988 ], [ -103.762173002214325, 20.455536698459504 ] ] } },
{ "type": "Feature", "properties": { "average_dip": "(70.0,,)", "average_rake": null, "catalog_id": "MX_70.0", "catalog_name": "Villegas Mexico", "dip_dir": "SW", "lower_seis_depth": null, "name": "Z.F. Villa Corona (El Timbal D)", "net_slip_rate": "(0.15,,)", "slip_type": "Normal", "upper_seis_depth": null, "downthrown_side_id": null, "reference": "Ferrari, L., & Rosas-Elguera, J., 2000", "epistemic_quality": null, "accuracy": null, "activity_confidence": null, "fs_name": null, "last_movement": null, "downthrown_side_dir": null, "vert_sep_rate": null, "strike_slip_rate": null, "exposure_quality": null, "shortening_rate": null, "notes": null, "index_right": 156, "NAME_EN": "Mexico" }, "geometry": { "type": "LineString", "coordinates": [ [ -103.700845922666957, 20.426063087094942 ], [ -103.68986196812115, 20.40574277118521 ], [ -103.66276821357485, 20.370227984820449 ] ] } },
{ "type": "Feature", "properties": { "average_dip": "(70.0,,)", "average_rake": null, "catalog_id": "MX_71.0", "catalog_name": "Villegas Mexico", "dip_dir": "SW", "lower_seis_depth": null, "name": "Z.F. Villa Corona (El Timbal E)", "net_slip_rate": "(0.15,,)", "slip_type": "Normal", "upper_seis_depth": null, "downthrown_side_id": null, "reference": "Ferrari, L., & Rosas-Elguera, J., 2000", "epistemic_quality": null, "accuracy": null, "activity_confidence": null, "fs_name": null, "last_movement": null, "downthrown_side_dir": null, "vert_sep_rate": null, "strike_slip_rate": null, "exposure_quality": null, "shortening_rate": null, "notes": null, "index_right": 156, "NAME_EN": "Mexico" }, "geometry": { "type": "LineString", "coordinates": [ [ -103.703408845394307, 20.422035637094815 ], [ -103.693889418121287, 20.40391211209424 ] ] } },
{ "type": "Feature", "properties": { "average_dip": "(70.0,,)", "average_rake": null, "catalog_id": "MX_72.0", "catalog_name": "Villegas Mexico", "dip_dir": "SW", "lower_seis_depth": null, "name": "Z.F. Villa Corona (El Timbal F)", "net_slip_rate": "(0.15,,)", "slip_type": "Normal", "upper_seis_depth": null, "downthrown_side_id": null, "reference": "Ferrari, L., & Rosas-Elguera, J., 2000", "epistemic_quality": null, "accuracy": null, "activity_confidence": null, "fs_name": null, "last_movement": null, "downthrown_side_dir": null, "vert_sep_rate": null, "strike_slip_rate": null, "exposure_quality": null, "shortening_rate": null, "notes": null, "index_right": 156, "NAME_EN": "Mexico" }, "geometry": { "type": "LineString", "coordinates": [ [ -103.743500279486483, 20.461944005277893 ], [ -103.731784061304296, 20.443820480277321 ], [ -103.695903143121342, 20.402081453003273 ] ] } },
{ "type": "Feature", "properties": { "average_dip": "(70.0,,)", "average_rake": null, "catalog_id": "MX_73.0", "catalog_name": "Villegas Mexico", "dip_dir": "SW", "lower_seis_depth": null, "name": "Z.F. Villa Corona (El Timbal G)", "net_slip_rate": "(0.15,,)", "slip_type": "Normal", "upper_seis_depth": null, "downthrown_side_id": null, "reference": "Ferrari, L., & Rosas-Elguera, J., 2000", "epistemic_quality": null, "accuracy": null, "activity_confidence": null, "fs_name": null, "last_movement": null, "downthrown_side_dir": null, "vert_sep_rate": null, "strike_slip_rate": null, "exposure_quality": null, "shortening_rate": null, "notes": null, "index_right": 156, "NAME_EN": "Mexico" }, "geometry": { "type": "LineString", "coordinates": [ [ -103.743500279486483, 20.432470393913324 ], [ -103.720617040849405, 20.410868616639917 ], [ -103.715125063576494, 20.402630650730565 ] ] } },
{ "type": "Feature", "properties": { "average_dip": null, "average_rake": null, "catalog_id": "MX_75.0", "catalog_name": "Villegas Mexico", "dip_dir": "NW", "lower_seis_depth": null, "name": "SN Huaniqueo de Morales y Cerro La Leonera", "net_slip_rate": "(0.2,,)", "slip_type": "Normal", "upper_seis_depth": null, "downthrown_side_id": null, "reference": "Pasquaré, G.et al, 1991", "epistemic_quality": null, "accuracy": null, "activity_confidence": null, "fs_name": null, "last_movement": null, "downthrown_side_dir": null, "vert_sep_rate": null, "strike_slip_rate": null, "exposure_quality": null, "shortening_rate": null, "notes": null, "index_right": 156, "NAME_EN": "Mexico" }, "geometry": { "type": "LineString", "coordinates": [ [ -101.481743746723538, 19.902032753943612 ], [ -101.455430317635319, 19.92037241664146 ], [ -101.424332628712889, 19.931137001268457 ] ] } },
{ "type": "Feature", "properties": { "average_dip": null, "average_rake": null, "catalog_id": "MX_76.0", "catalog_name": "Villegas Mexico", "dip_dir": "NW", "lower_seis_depth": null, "name": "SN Cerro las Huertas y Barranca el Terreno", "net_slip_rate": "(0.2,,)", "slip_type": "Normal", "upper_seis_depth": null, "downthrown_side_id": null, "reference": "Pasquaré, G., et al, 1991", "epistemic_quality": null, "accuracy": null, "activity_confidence": null, "fs_name": null, "last_movement": null, "downthrown_side_dir": null, "vert_sep_rate": null, "strike_slip_rate": null, "exposure_quality": null, "shortening_rate": null, "notes": null, "index_right": 156, "NAME_EN": "Mexico" }, "geometry": { "type": "LineString", "coordinates": [ [ -101.469783097137991, 19.930738312948939 ], [ -101.424731317032411, 19.958247806995711 ], [ -101.413169355766371, 19.962234690190893 ] ] } },
{ "type": "Feature", "properties": { "average_dip": null, "average_rake": null, "catalog_id": "MX_77.0", "catalog_name": "Villegas Mexico", "dip_dir": "N", "lower_seis_depth": null, "name": "SN El Cuatro y Volcán Cerro las Ventanas", "net_slip_rate": "(0.2,,)", "slip_type": "Normal", "upper_seis_depth": null, "downthrown_side_id": null, "reference": "Pasquaré, G., et al, 1991", "epistemic_quality": null, "accuracy": null, "activity_confidence": null, "fs_name": null, "last_movement": null, "downthrown_side_dir": null, "vert_sep_rate": null, "strike_slip_rate": null, "exposure_quality": null, "shortening_rate": null, "notes": null, "index_right": 156, "NAME_EN": "Mexico" }, "geometry": { "type": "LineString", "coordinates": [ [ -101.363732004146087, 19.969012391622709 ], [ -101.419947057198186, 19.962633378510414 ], [ -101.474567356972202, 19.96063993691282 ], [ -101.499286032782351, 19.954260923800526 ], [ -101.513638812285009, 19.947881910688231 ], [ -101.563076163905308, 19.947084534049193 ], [ -101.575834190129896, 19.944293715812567 ], [ -101.587794839715443, 19.938712079339307 ] ] } },
{ "type": "Feature", "properties": { "average_dip": null, "average_rake": null, "catalog_id": "MX_78.0", "catalog_name": "Villegas Mexico", "dip_dir": "N", "lower_seis_depth": null, "name": "SN Cerro El Varal y Cerecuaro", "net_slip_rate": "(0.2,,)", "slip_type": "Normal", "upper_seis_depth": null, "downthrown_side_id": null, "reference": "Pasquaré, G., et al, 1991", "epistemic_quality": null, "accuracy": null, "activity_confidence": null, "fs_name": null, "last_movement": null, "downthrown_side_dir": null, "vert_sep_rate": null, "strike_slip_rate": null, "exposure_quality": null, "shortening_rate": null, "notes": null, "index_right": 156, "NAME_EN": "Mexico" }, "geometry": { "type": "LineString", "coordinates": [ [ -101.407188914545443, 20.032005323636366 ], [ -101.398019065454534, 20.039580416363638 ], [ -101.359346223636351, 20.053534534545456 ], [ -101.3565554, 20.055926669090912 ] ] } },
{ "type": "Feature", "properties": { "average_dip": null, "average_rake": null, "catalog_id": "MX_79.0", "catalog_name": "Villegas Mexico", "dip_dir": "SE", "lower_seis_depth": null, "name": "SN Rincon Don Pedro y Arroyo Colorado", "net_slip_rate": "(0.2,,)", "slip_type": "Dextral", "upper_seis_depth": null, "downthrown_side_id": null, "reference": "Pasquaré, G., et al, 1991", "epistemic_quality": null, "accuracy": null, "activity_confidence": null, "fs_name": null, "last_movement": null, "downthrown_side_dir": null, "vert_sep_rate": null, "strike_slip_rate": null, "exposure_quality": null, "shortening_rate": null, "notes": null, "index_right": 156, "NAME_EN": "Mexico" }, "geometry": { "type": "LineString", "coordinates": [ [ -101.450646025454532, 20.053933223636363 ], [ -101.437090596363632, 20.058717492727276 ], [ -101.404398090909083, 20.07785456909091 ], [ -101.38167281272726, 20.084233594545456 ] ] } },
{ "type": "Feature", "properties": { "average_dip": null, "average_rake": null, "catalog_id": "MX_80.0", "catalog_name": "Villegas Mexico", "dip_dir": "NW", "lower_seis_depth": null, "name": "SN Aragon y Moral", "net_slip_rate": "(0.2,,)", "slip_type": "Normal", "upper_seis_depth": null, "downthrown_side_id": null, "reference": "Pasquaré, G., et al, 1991", "epistemic_quality": null, "accuracy": null, "activity_confidence": null, "fs_name": null, "last_movement": null, "downthrown_side_dir": null, "vert_sep_rate": null, "strike_slip_rate": null, "exposure_quality": null, "shortening_rate": null, "notes": null, "index_right": 156, "NAME_EN": "Mexico" }, "geometry": { "type": "LineString", "coordinates": [ [ -101.345392105454536, 20.089815241818183 ], [ -101.327849785454532, 20.099782469090911 ], [ -101.302333683636363, 20.109749696363636 ], [ -101.293961212727268, 20.118919545454546 ], [ -101.288778254545448, 20.127690705454548 ] ] } },
{ "type": "Feature", "properties": { "average_dip": null, "average_rake": null, "catalog_id": "MX_81.0", "catalog_name": "Villegas Mexico", "dip_dir": "N", "lower_seis_depth": null, "name": "SN Cerro Blanco y Carretera Federal 43", "net_slip_rate": "(0.2,,)", "slip_type": "Normal", "upper_seis_depth": null, "downthrown_side_id": null, "reference": "Pasquaré, G., et al, 1991", "epistemic_quality": null, "accuracy": null, "activity_confidence": null, "fs_name": null, "last_movement": null, "downthrown_side_dir": null, "vert_sep_rate": null, "strike_slip_rate": null, "exposure_quality": null, "shortening_rate": null, "notes": null, "index_right": 156, "NAME_EN": "Mexico" }, "geometry": { "type": "LineString", "coordinates": [ [ -101.239340894545464, 20.025626447272732 ], [ -101.22458939818182, 20.029613338181822 ], [ -101.2062497, 20.0419727 ], [ -101.19309296, 20.040776632727276 ], [ -101.175550640000012, 20.047155658181822 ], [ -101.170367681818192, 20.043966145454547 ] ] } },
{ "type": "Feature", "properties": { "average_dip": null, "average_rake": null, "catalog_id": "MX_82.0", "catalog_name": "Villegas Mexico", "dip_dir": "N", "lower_seis_depth": null, "name": "SN El Cerro y Rancho Seco", "net_slip_rate": "(0.2,,)", "slip_type": "Normal", "upper_seis_depth": null, "downthrown_side_id": null, "reference": "Pasquaré, G., et al, 1991", "epistemic_quality": null, "accuracy": null, "activity_confidence": null, "fs_name": null, "last_movement": null, "downthrown_side_dir": null, "vert_sep_rate": null, "strike_slip_rate": null, "exposure_quality": null, "shortening_rate": null, "notes": null, "index_right": 156, "NAME_EN": "Mexico" }, "geometry": { "type": "LineString", "coordinates": [ [ -101.211831347272735, 20.022038245454549 ], [ -101.209040523636375, 20.023633001818187 ], [ -101.197877229090921, 20.024829069090913 ], [ -101.164387345454557, 20.025626447272732 ] ] } },
{ "type": "Feature", "properties": { "average_dip": null, "average_rake": null, "catalog_id": "MX_83.0", "catalog_name": "Villegas Mexico", "dip_dir": "S", "lower_seis_depth": null, "name": "SN El Comal y La Joyita", "net_slip_rate": "(0.2,,)", "slip_type": "Normal", "upper_seis_depth": null, "downthrown_side_id": null, "reference": "Pasquaré, G., et al, 1991", "epistemic_quality": null, "accuracy": null, "activity_confidence": null, "fs_name": null, "last_movement": null, "downthrown_side_dir": null, "vert_sep_rate": null, "strike_slip_rate": null, "exposure_quality": null, "shortening_rate": null, "notes": null, "index_right": 156, "NAME_EN": "Mexico" }, "geometry": { "type": "LineString", "coordinates": [ [ -101.123322369090914, 20.118122316363639 ], [ -101.106178738181825, 20.127292165454548 ], [ -101.094616754545456, 20.130481678181823 ], [ -101.052754400000012, 20.14722662 ], [ -101.012088112727284, 20.159585981818186 ] ] } },
{ "type": "Feature", "properties": { "average_dip": null, "average_rake": null, "catalog_id": "MX_84.0", "catalog_name": "Villegas Mexico", "dip_dir": "S", "lower_seis_depth": null, "name": "SN El Aguacate y Volcán Blanco", "net_slip_rate": "(0.2,,)", "slip_type": "Normal", "upper_seis_depth": null, "downthrown_side_id": null, "reference": "Pasquará, G., et al, 1991", "epistemic_quality": null, "accuracy": null, "activity_confidence": null, "fs_name": null, "last_movement": null, "downthrown_side_dir": null, "vert_sep_rate": null, "strike_slip_rate": null, "exposure_quality": null, "shortening_rate": null, "notes": null, "index_right": 156, "NAME_EN": "Mexico" }, "geometry": { "type": "LineString", "coordinates": [ [ -101.131296150909094, 20.090612769090914 ], [ -101.09501544363637, 20.100181307272731 ], [ -101.068303274545457, 20.110945912727274 ] ] } },
{ "type": "Feature", "properties": { "average_dip": null, "average_rake": null, "catalog_id": "MX_85.0", "catalog_name": "Villegas Mexico", "dip_dir": "N", "lower_seis_depth": null, "name": "SN Pusandero y Las Canas (sección A)", "net_slip_rate": "(0.2,,)", "slip_type": "Normal", "upper_seis_depth": null, "downthrown_side_id": null, "reference": "Pasquaré, G., et al, 1991", "epistemic_quality": null, "accuracy": null, "activity_confidence": null, "fs_name": null, "last_movement": null, "downthrown_side_dir": null, "vert_sep_rate": null, "strike_slip_rate": null, "exposure_quality": null, "shortening_rate": null, "notes": null, "index_right": 156, "NAME_EN": "Mexico" }, "geometry": { "type": "LineString", "coordinates": [ [ -101.005709423636361, 20.090214307272728 ], [ -101.063120652727264, 20.086227416363638 ], [ -101.08185904, 20.080645769090911 ], [ -101.098205292727272, 20.079449701818184 ], [ -101.109368587272726, 20.07626018909091 ] ] } },
{ "type": "Feature", "properties": { "average_dip": null, "average_rake": null, "catalog_id": "MX_86.0", "catalog_name": "Villegas Mexico", "dip_dir": "N", "lower_seis_depth": null, "name": "SN Pusandero y Las Canas (sección B)", "net_slip_rate": "(0.2,,)", "slip_type": "Normal", "upper_seis_depth": null, "downthrown_side_id": null, "reference": "Pasquaré, G., et al, 1991", "epistemic_quality": null, "accuracy": null, "activity_confidence": null, "fs_name": null, "last_movement": null, "downthrown_side_dir": null, "vert_sep_rate": null, "strike_slip_rate": null, "exposure_quality": null, "shortening_rate": null, "notes": null, "index_right": 156, "NAME_EN": "Mexico" }, "geometry": { "type": "LineString", "coordinates": [ [ -101.085447241818173, 20.074266743636365 ], [ -101.079865594545453, 20.077057567272728 ], [ -101.069499678181813, 20.075064121818183 ], [ -101.045179643636359, 20.078652323636366 ] ] } },
{ "type": "Feature", "properties": { "average_dip": null, "average_rake": null, "catalog_id": "MX_87.0", "catalog_name": "Villegas Mexico", "dip_dir": "N", "lower_seis_depth": null, "name": "SN Cerro Ceja de Palomas y Los Nietos", "net_slip_rate": "(0.2,,)", "slip_type": "Normal", "upper_seis_depth": null, "downthrown_side_id": null, "reference": "Pasquaré, G., et al, 1991", "epistemic_quality": null, "accuracy": null, "activity_confidence": null, "fs_name": null, "last_movement": null, "downthrown_side_dir": null, "vert_sep_rate": null, "strike_slip_rate": null, "exposure_quality": null, "shortening_rate": null, "notes": null, "index_right": 156, "NAME_EN": "Mexico" }, "geometry": { "type": "LineString", "coordinates": [ [ -100.987369725454542, 20.130880594545456 ], [ -100.96344838, 20.134867485454549 ] ] } },
{ "type": "Feature", "properties": { "average_dip": null, "average_rake": null, "catalog_id": "MX_88.0", "catalog_name": "Villegas Mexico", "dip_dir": "N", "lower_seis_depth": null, "name": "SN Arroyo la Mora y Obrajuelo", "net_slip_rate": "(0.2,,)", "slip_type": "Normal", "upper_seis_depth": null, "downthrown_side_id": null, "reference": "Pasquaré, G., et al, 1991", "epistemic_quality": null, "accuracy": null, "activity_confidence": null, "fs_name": null, "last_movement": null, "downthrown_side_dir": null, "vert_sep_rate": null, "strike_slip_rate": null, "exposure_quality": null, "shortening_rate": null, "notes": null, "index_right": 156, "NAME_EN": "Mexico" }, "geometry": { "type": "LineString", "coordinates": [ [ -100.897664783636358, 20.100181130909093 ], [ -100.880521152727269, 20.102971954545456 ], [ -100.873344749090904, 20.100978509090911 ], [ -100.866567034545454, 20.101377198181819 ], [ -100.853808983636355, 20.106560156363638 ] ] } },
{ "type": "Feature", "properties": { "average_dip": null, "average_rake": null, "catalog_id": "MX_89.0", "catalog_name": "Villegas Mexico", "dip_dir": "N", "lower_seis_depth": null, "name": "SN Cutero y Cerro La Tortuga (sección A)", "net_slip_rate": "(0.2,,)", "slip_type": "Normal", "upper_seis_depth": null, "downthrown_side_id": null, "reference": "Pasquaré, G., et al, 1991", "epistemic_quality": null, "accuracy": null, "activity_confidence": null, "fs_name": null, "last_movement": null, "downthrown_side_dir": null, "vert_sep_rate": null, "strike_slip_rate": null, "exposure_quality": null, "shortening_rate": null, "notes": null, "index_right": 156, "NAME_EN": "Mexico" }, "geometry": { "type": "LineString", "coordinates": [ [ -100.878527707272724, 19.999312790909091 ], [ -100.864573589090895, 20.008881329090912 ], [ -100.838260109090896, 20.018449867272729 ], [ -100.806763670909078, 20.01765248909091 ], [ -100.7983912, 20.018848556363636 ], [ -100.790816107272718, 20.023632825454548 ] ] } },
{ "type": "Feature", "properties": { "average_dip": null, "average_rake": null, "catalog_id": "MX_90.0", "catalog_name": "Villegas Mexico", "dip_dir": "N", "lower_seis_depth": null, "name": "SN Cutero y Cerro La Tortuga (sección B)", "net_slip_rate": "(0.2,,)", "slip_type": "Normal", "upper_seis_depth": null, "downthrown_side_id": null, "reference": "Pasquaré, G., et al, 1991", "epistemic_quality": null, "accuracy": null, "activity_confidence": null, "fs_name": null, "last_movement": null, "downthrown_side_dir": null, "vert_sep_rate": null, "strike_slip_rate": null, "exposure_quality": null, "shortening_rate": null, "notes": null, "index_right": 156, "NAME_EN": "Mexico" }, "geometry": { "type": "LineString", "coordinates": [ [ -100.86616834545454, 20.007286572727274 ], [ -100.86098538727272, 20.00409706 ], [ -100.85022078181818, 20.003299681818184 ], [ -100.832279772727262, 20.006887883636367 ], [ -100.809953183636352, 20.007685261818182 ] ] } },
{ "type": "Feature", "properties": { "average_dip": null, "average_rake": null, "catalog_id": "MX_92.0", "catalog_name": "Villegas Mexico", "dip_dir": "NE", "lower_seis_depth": null, "name": "Sierra el Presidio (parte Noreste)", "net_slip_rate": "(0.2,,)", "slip_type": "Normal", "upper_seis_depth": null, "downthrown_side_id": null, "reference": "Collins E.W., & Raney J., 1991", "epistemic_quality": null, "accuracy": null, "activity_confidence": null, "fs_name": null, "last_movement": null, "downthrown_side_dir": null, "vert_sep_rate": null, "strike_slip_rate": null, "exposure_quality": null, "shortening_rate": null, "notes": null, "index_right": 156, "NAME_EN": "Mexico" }, "geometry": { "type": "LineString", "coordinates": [ [ -106.341898454089488, 31.362105295605161 ], [ -106.326177778530365, 31.344812552490115 ], [ -106.307312967859403, 31.318087404039591 ], [ -106.290020224744353, 31.285073985365411 ], [ -106.282159886964791, 31.274069512474018 ], [ -106.230281657619656, 31.219047148017051 ] ] } },
{ "type": "Feature", "properties": { "average_dip": null, "average_rake": null, "catalog_id": "MX_93.0", "catalog_name": "Villegas Mexico", "dip_dir": "SW", "lower_seis_depth": null, "name": "Sierra de Guadalupe (parte suroeste)", "net_slip_rate": "(0.2,,)", "slip_type": "Normal", "upper_seis_depth": null, "downthrown_side_id": null, "reference": "Collins E.W., & Raney J., 1991", "epistemic_quality": null, "accuracy": null, "activity_confidence": null, "fs_name": null, "last_movement": null, "downthrown_side_dir": null, "vert_sep_rate": null, "strike_slip_rate": null, "exposure_quality": null, "shortening_rate": null, "notes": null, "index_right": 156, "NAME_EN": "Mexico" }, "geometry": { "type": "LineString", "coordinates": [ [ -106.266439211405654, 31.346384620046031 ], [ -106.247574400734692, 31.314943268927763 ], [ -106.223993387395993, 31.300794660924545 ], [ -106.216133049616431, 31.283501917809499 ], [ -106.172115158050858, 31.239484026243925 ] ] } },
{ "type": "Feature", "properties": { "average_dip": "(75.0,,)", "average_rake": null, "catalog_id": "MX_94.0", "catalog_name": "Villegas Mexico", "dip_dir": "SW", "lower_seis_depth": null, "name": "Caballo (seccion sur)", "net_slip_rate": "(0.2,,)", "slip_type": "Normal", "upper_seis_depth": null, "downthrown_side_id": null, "reference": "Collins E.W.,& Raney J.A., 1993", "epistemic_quality": null, "accuracy": null, "activity_confidence": null, "fs_name": null, "last_movement": null, "downthrown_side_dir": null, "vert_sep_rate": null, "strike_slip_rate": null, "exposure_quality": null, "shortening_rate": null, "notes": null, "index_right": 156, "NAME_EN": "Mexico" }, "geometry": { "type": "LineString", "coordinates": [ [ -105.283896988959825, 30.779261249250304 ], [ -105.303547833408743, 30.810309583479594 ] ] } },
{ "type": "Feature", "properties": { "average_dip": null, "average_rake": null, "catalog_id": "MX_95.0", "catalog_name": "Villegas Mexico", "dip_dir": "E", "lower_seis_depth": null, "name": "SN Margen Oeste de Presido Bolson (seccion A)", "net_slip_rate": "(0.2,,)", "slip_type": "Normal", "upper_seis_depth": null, "downthrown_side_id": null, "reference": "Henry C.D., 1998", "epistemic_quality": null, "accuracy": null, "activity_confidence": null, "fs_name": null, "last_movement": null, "downthrown_side_dir": null, "vert_sep_rate": null, "strike_slip_rate": null, "exposure_quality": null, "shortening_rate": null, "notes": null, "index_right": 156, "NAME_EN": "Mexico" }, "geometry": { "type": "LineString", "coordinates": [ [ -104.749393525454565, 30.259299474545479 ], [ -104.744677318181843, 30.237290507272753 ], [ -104.744677318181843, 30.218425678181845 ], [ -104.736816972727297, 30.202704987272753 ], [ -104.735244903636385, 30.130389809090936 ], [ -104.743105249090931, 30.106808772727302 ], [ -104.747821456363653, 30.075367390909118 ], [ -104.746249387272741, 30.009340489090938 ], [ -104.741533180000019, 29.984187383636392 ], [ -104.741533180000019, 29.960606347272755 ], [ -104.744677318181843, 29.943313587272758 ], [ -104.736816972727297, 29.902439790909121 ], [ -104.732100765454561, 29.866282201818212 ] ] } },
{ "type": "Feature", "properties": { "average_dip": null, "average_rake": null, "catalog_id": "MX_96.0", "catalog_name": "Villegas Mexico", "dip_dir": "E", "lower_seis_depth": null, "name": "SN Margen Oeste de Presido Bolson (seccion B)", "net_slip_rate": "(0.2,,)", "slip_type": "Normal", "upper_seis_depth": null, "downthrown_side_id": null, "reference": "Henry C.D., 1998", "epistemic_quality": null, "accuracy": null, "activity_confidence": null, "fs_name": null, "last_movement": null, "downthrown_side_dir": null, "vert_sep_rate": null, "strike_slip_rate": null, "exposure_quality": null, "shortening_rate": null, "notes": null, "index_right": 156, "NAME_EN": "Mexico" }, "geometry": { "type": "LineString", "coordinates": [ [ -104.760398009090935, 29.869426340000029 ], [ -104.743105249090931, 29.845845303636395 ], [ -104.725812489090927, 29.841129096363666 ], [ -104.694371107272744, 29.817548060000032 ], [ -104.68808283090911, 29.808115645454578 ], [ -104.669218001818209, 29.795539092727303 ], [ -104.661357656363663, 29.786106678181849 ], [ -104.650353172727293, 29.765669780000032 ], [ -104.644064896363659, 29.757809434545486 ], [ -104.629916274545479, 29.746804950909123 ], [ -104.612623514545476, 29.737372536363669 ], [ -104.585898340000028, 29.727940121818214 ], [ -104.578037994545483, 29.710647361818214 ], [ -104.574893856363659, 29.68392218727276 ], [ -104.552884889090933, 29.639904252727305 ], [ -104.549740750909109, 29.616323216363671 ], [ -104.526159714545472, 29.520427001818216 ] ] } },
{ "type": "Feature", "properties": { "average_dip": null, "average_rake": null, "catalog_id": "MX_97.0", "catalog_name": "Villegas Mexico", "dip_dir": "SW", "lower_seis_depth": null, "name": "SN Oeste de la Sierra El Peguis", "net_slip_rate": "(0.2,,)", "slip_type": "Normal", "upper_seis_depth": null, "downthrown_side_id": null, "reference": "Henry, C.D., 1998", "epistemic_quality": null, "accuracy": null, "activity_confidence": null, "fs_name": null, "last_movement": null, "downthrown_side_dir": null, "vert_sep_rate": null, "strike_slip_rate": null, "exposure_quality": null, "shortening_rate": null, "notes": null, "index_right": 156, "NAME_EN": "Mexico" }, "geometry": { "type": "LineString", "coordinates": [ [ -104.856294223636382, 29.672917703636397 ], [ -104.846861809090925, 29.643048390909126 ], [ -104.832713187272745, 29.608462870909126 ], [ -104.816992496363653, 29.581737696363671 ], [ -104.793411460000016, 29.5518683836364 ], [ -104.787123183636382, 29.536147692727308 ], [ -104.779262838181836, 29.523571140000033 ], [ -104.766686285454568, 29.5172828636364 ], [ -104.744677318181843, 29.510994587272762 ] ] } },
{ "type": "Feature", "properties": { "average_dip": null, "average_rake": null, "catalog_id": "MX_98.0", "catalog_name": "Villegas Mexico", "dip_dir": "NE", "lower_seis_depth": null, "name": "Z.F. Redford Bolson (Sección A)", "net_slip_rate": "(0.2,,)", "slip_type": "Normal", "upper_seis_depth": null, "downthrown_side_id": null, "reference": "Henry C.D., 1998", "epistemic_quality": null, "accuracy": null, "activity_confidence": null, "fs_name": null, "last_movement": null, "downthrown_side_dir": null, "vert_sep_rate": null, "strike_slip_rate": null, "exposure_quality": null, "shortening_rate": null, "notes": null, "index_right": 156, "NAME_EN": "Mexico" }, "geometry": { "type": "LineString", "coordinates": [ [ -104.321294065798057, 29.520964721989934 ], [ -104.309132293514963, 29.492160524477349 ], [ -104.280328096002378, 29.444793621901098 ], [ -104.261125297660655, 29.428791289949661 ], [ -104.227200353923621, 29.387825320153983 ], [ -104.210557928694129, 29.372463081480603 ], [ -104.207357462303833, 29.367342335256144 ], [ -104.171512238732618, 29.340458417577732 ], [ -104.165111305952038, 29.332777298241041 ], [ -104.154229720225061, 29.325096178904353 ], [ -104.141427854663917, 29.319335339401835 ], [ -104.123505242878309, 29.313574499899318 ], [ -104.080618993248464, 29.310374033509031 ], [ -104.063336474740908, 29.304613194006514 ] ] } },
{ "type": "Feature", "properties": { "average_dip": null, "average_rake": null, "catalog_id": "MX_99.0", "catalog_name": "Villegas Mexico", "dip_dir": "NE", "lower_seis_depth": null, "name": "Z.F. Redford Bolson (Sección B)", "net_slip_rate": "(0.2,,)", "slip_type": "Normal", "upper_seis_depth": null, "downthrown_side_id": null, "reference": "Henry C.D., 1998", "epistemic_quality": null, "accuracy": null, "activity_confidence": null, "fs_name": null, "last_movement": null, "downthrown_side_dir": null, "vert_sep_rate": null, "strike_slip_rate": null, "exposure_quality": null, "shortening_rate": null, "notes": null, "index_right": 156, "NAME_EN": "Mexico" }, "geometry": { "type": "LineString", "coordinates": [ [ -104.053094982291995, 29.314854686455433 ], [ -104.023650691501345, 29.296291981391768 ], [ -104.000607333491274, 29.287330675498964 ] ] } },
{ "type": "Feature", "properties": { "average_dip": null, "average_rake": null, "catalog_id": "MX_100.0", "catalog_name": "Villegas Mexico", "dip_dir": "NE", "lower_seis_depth": null, "name": "Z.F. Redford Bolson (Sección C)", "net_slip_rate": "(0.2,,)", "slip_type": "Normal", "upper_seis_depth": null, "downthrown_side_id": null, "reference": "Henry C.D., 1998", "epistemic_quality": null, "accuracy": null, "activity_confidence": null, "fs_name": null, "last_movement": null, "downthrown_side_dir": null, "vert_sep_rate": null, "strike_slip_rate": null, "exposure_quality": null, "shortening_rate": null, "notes": null, "index_right": 156, "NAME_EN": "Mexico" }, "geometry": { "type": "LineString", "coordinates": [ [ -104.157430186615358, 29.364781962143915 ], [ -104.152309440390894, 29.3635017755878 ], [ -104.145908507610315, 29.357740936085282 ], [ -104.122225056322193, 29.35134000330471 ], [ -104.100461884868238, 29.336617857909388 ] ] } },
{ "type": "Feature", "properties": { "average_dip": null, "average_rake": null, "catalog_id": "MX_101.0", "catalog_name": "Villegas Mexico", "dip_dir": "NE", "lower_seis_depth": null, "name": "Z.F. Redford Bolson (Sección E)", "net_slip_rate": "(0.2,,)", "slip_type": "Normal", "upper_seis_depth": null, "downthrown_side_id": null, "reference": "Henry C.D., 1998", "epistemic_quality": null, "accuracy": null, "activity_confidence": null, "fs_name": null, "last_movement": null, "downthrown_side_dir": null, "vert_sep_rate": null, "strike_slip_rate": null, "exposure_quality": null, "shortening_rate": null, "notes": null, "index_right": 156, "NAME_EN": "Mexico" }, "geometry": { "type": "LineString", "coordinates": [ [ -104.143988227776148, 29.371822988202545 ], [ -104.134386828605287, 29.364141868865858 ], [ -104.127345802546657, 29.361581495753629 ], [ -104.127345802546657, 29.35326028313888 ] ] } },
{ "type": "Feature", "properties": { "average_dip": null, "average_rake": null, "catalog_id": "MX_102.0", "catalog_name": "Villegas Mexico", "dip_dir": "NE", "lower_seis_depth": null, "name": "Z.F. Redford Bolson (Sección D)", "net_slip_rate": "(0.2,,)", "slip_type": "Normal", "upper_seis_depth": null, "downthrown_side_id": null, "reference": "Henry, C.D., 1998", "epistemic_quality": null, "accuracy": null, "activity_confidence": null, "fs_name": null, "last_movement": null, "downthrown_side_dir": null, "vert_sep_rate": null, "strike_slip_rate": null, "exposure_quality": null, "shortening_rate": null, "notes": null, "index_right": 156, "NAME_EN": "Mexico" }, "geometry": { "type": "LineString", "coordinates": [ [ -104.12414533615636, 29.35134000330471 ], [ -104.12414533615636, 29.349419723470536 ], [ -104.114863983624531, 29.33821809110453 ], [ -104.113903843707448, 29.332777298241041 ] ] } },
{ "type": "Feature", "properties": { "average_dip": null, "average_rake": null, "catalog_id": "MX_103.0", "catalog_name": "Villegas Mexico", "dip_dir": "E", "lower_seis_depth": null, "name": "Z.F. Redford Bolson (Sección F)", "net_slip_rate": "(0.2,,)", "slip_type": "Normal", "upper_seis_depth": null, "downthrown_side_id": null, "reference": "Henry C.D., 1998", "epistemic_quality": null, "accuracy": null, "activity_confidence": null, "fs_name": null, "last_movement": null, "downthrown_side_dir": null, "vert_sep_rate": null, "strike_slip_rate": null, "exposure_quality": null, "shortening_rate": null, "notes": null, "index_right": 156, "NAME_EN": "Mexico" }, "geometry": { "type": "LineString", "coordinates": [ [ -104.213758395084398, 29.483519265223578 ], [ -104.211838115250231, 29.479678705555234 ], [ -104.213438348445379, 29.461756093769623 ], [ -104.221759561060125, 29.428471243310632 ], [ -104.227520400562639, 29.389105506710099 ] ] } },
{ "type": "Feature", "properties": { "average_dip": "(70.0,,)", "average_rake": null, "catalog_id": "MX_104.0", "catalog_name": "Villegas Mexico", "dip_dir": "SW", "lower_seis_depth": null, "name": "Santa Rosa Cinco Minas (Seccion A)", "net_slip_rate": "(0.45,,)", "slip_type": "Dextral", "upper_seis_depth": null, "downthrown_side_id": null, "reference": "Ferrari, L., & Rosas-Elguera, J., 2000", "epistemic_quality": null, "accuracy": null, "activity_confidence": null, "fs_name": null, "last_movement": null, "downthrown_side_dir": null, "vert_sep_rate": null, "strike_slip_rate": null, "exposure_quality": null, "shortening_rate": null, "notes": null, "index_right": 156, "NAME_EN": "Mexico" }, "geometry": { "type": "LineString", "coordinates": [ [ -104.002500303037351, 21.105154131406842 ], [ -103.93503477104359, 21.045916103314759 ], [ -103.892251750754852, 21.017942590049053 ] ] } },
{ "type": "Feature", "properties": { "average_dip": "(70.0,,)", "average_rake": null, "catalog_id": "MX_105.0", "catalog_name": "Villegas Mexico", "dip_dir": "SW", "lower_seis_depth": null, "name": "Santa Rosa Cinco Minas (Seccion B)", "net_slip_rate": "(0.45,,)", "slip_type": "Dextral", "upper_seis_depth": null, "downthrown_side_id": null, "reference": "Ferrari, L., & Rosas-Elguera, J., 2000", "epistemic_quality": null, "accuracy": null, "activity_confidence": null, "fs_name": null, "last_movement": null, "downthrown_side_dir": null, "vert_sep_rate": null, "strike_slip_rate": null, "exposure_quality": null, "shortening_rate": null, "notes": null, "index_right": 156, "NAME_EN": "Mexico" }, "geometry": { "type": "LineString", "coordinates": [ [ -103.84617772890546, 20.99984208146536 ], [ -103.782003198472367, 20.970223067419315 ], [ -103.76719369144935, 20.96199556351764 ], [ -103.691500655553909, 20.934022050251933 ] ] } },
{ "type": "Feature", "properties": { "average_dip": "(70.0,,)", "average_rake": null, "catalog_id": "MX_106.0", "catalog_name": "Villegas Mexico", "dip_dir": "SW", "lower_seis_depth": null, "name": "Santa Rosa Cinco Minas (Seccion C)", "net_slip_rate": "(0.45,,)", "slip_type": "Dextral", "upper_seis_depth": null, "downthrown_side_id": null, "reference": "Ferrari, L., & Rosas-Elguera, J., 2000", "epistemic_quality": null, "accuracy": null, "activity_confidence": null, "fs_name": null, "last_movement": null, "downthrown_side_dir": null, "vert_sep_rate": null, "strike_slip_rate": null, "exposure_quality": null, "shortening_rate": null, "notes": null, "index_right": 156, "NAME_EN": "Mexico" }, "geometry": { "type": "LineString", "coordinates": [ [ -103.854405232807139, 20.981741572881667 ], [ -103.800103707056053, 20.958704561956967 ], [ -103.768839192229677, 20.947186056494616 ], [ -103.747447682085323, 20.942249554153609 ], [ -103.716183167258947, 20.932376549471595 ], [ -103.661881641507861, 20.909339538546895 ] ] } },
{ "type": "Feature", "properties": { "average_dip": "(70.0,,)", "average_rake": null, "catalog_id": "MX_107.0", "catalog_name": "Villegas Mexico", "dip_dir": "SW", "lower_seis_depth": null, "name": "San Marcos", "net_slip_rate": "(0.4,,)", "slip_type": "Normal", "upper_seis_depth": null, "downthrown_side_id": null, "reference": "Ferrari, L., & Rosas-Elguera, J., 2000", "epistemic_quality": null, "accuracy": null, "activity_confidence": null, "fs_name": null, "last_movement": null, "downthrown_side_dir": null, "vert_sep_rate": null, "strike_slip_rate": null, "exposure_quality": null, "shortening_rate": null, "notes": null, "index_right": 156, "NAME_EN": "Mexico" }, "geometry": { "type": "LineString", "coordinates": [ [ -103.586188605612421, 20.409107301324848 ], [ -103.569733597809062, 20.392652293521493 ], [ -103.573024599369731, 20.386070290400149 ], [ -103.554924090786045, 20.369615282596794 ], [ -103.531887079861349, 20.328477763088401 ], [ -103.522014075179328, 20.31366825606538 ], [ -103.512141070497321, 20.261012231094639 ], [ -103.507204568156311, 20.247848224851953 ] ] } },
{ "type": "Feature", "properties": { "average_dip": null, "average_rake": null, "catalog_id": "MX_111.0", "catalog_name": "Villegas Mexico", "dip_dir": "N", "lower_seis_depth": null, "name": "SN Huaniqueo de Morales y Cerro La Encinera", "net_slip_rate": "(0.2,,)", "slip_type": "Normal", "upper_seis_depth": null, "downthrown_side_id": null, "reference": "Ortega-Gutierrez, F. et al, 1992", "epistemic_quality": null, "accuracy": null, "activity_confidence": null, "fs_name": null, "last_movement": null, "downthrown_side_dir": null, "vert_sep_rate": null, "strike_slip_rate": null, "exposure_quality": null, "shortening_rate": null, "notes": null, "index_right": 156, "NAME_EN": "Mexico" }, "geometry": { "type": "LineString", "coordinates": [ [ -101.491484788537647, 19.885830947490753 ], [ -101.45270368828713, 19.89205727092547 ] ] } },
{ "type": "Feature", "properties": { "average_dip": null, "average_rake": null, "catalog_id": "MX_112.0", "catalog_name": "Villegas Mexico", "dip_dir": "N", "lower_seis_depth": null, "name": "SN Reservorio El Casco", "net_slip_rate": "(0.2,,)", "slip_type": "Normal", "upper_seis_depth": null, "downthrown_side_id": null, "reference": "Ortega-Gutierrez F. et al, 1992", "epistemic_quality": null, "accuracy": null, "activity_confidence": null, "fs_name": null, "last_movement": null, "downthrown_side_dir": null, "vert_sep_rate": null, "strike_slip_rate": null, "exposure_quality": null, "shortening_rate": null, "notes": null, "index_right": 156, "NAME_EN": "Mexico" }, "geometry": { "type": "LineString", "coordinates": [ [ -101.472272133367667, 19.893658325522967 ], [ -101.463199490648506, 19.899706754002406 ], [ -101.450924738734358, 19.904332022839625 ], [ -101.417836277052714, 19.91126992609545 ] ] } },
{ "type": "Feature", "properties": { "average_dip": null, "average_rake": null, "catalog_id": "MX_113.0", "catalog_name": "Villegas Mexico", "dip_dir": "N", "lower_seis_depth": null, "name": "SN Pamaseo y las Peñas (Sección A)", "net_slip_rate": "(0.2,,)", "slip_type": "Normal", "upper_seis_depth": null, "downthrown_side_id": null, "reference": "Ortega-Gutierrez, F. et al, 1992", "epistemic_quality": null, "accuracy": null, "activity_confidence": null, "fs_name": null, "last_movement": null, "downthrown_side_dir": null, "vert_sep_rate": null, "strike_slip_rate": null, "exposure_quality": null, "shortening_rate": null, "notes": null, "index_right": 156, "NAME_EN": "Mexico" }, "geometry": { "type": "LineString", "coordinates": [ [ -101.236319287149527, 20.095970637102059 ], [ -101.260868966641851, 20.088737249394498 ] ] } },
{ "type": "Feature", "properties": { "average_dip": null, "average_rake": null, "catalog_id": "MX_114.0", "catalog_name": "Villegas Mexico", "dip_dir": "N", "lower_seis_depth": null, "name": "SN Pamaseo y las Peñas (Sección B)", "net_slip_rate": "(0.2,,)", "slip_type": "Normal", "upper_seis_depth": null, "downthrown_side_id": null, "reference": "Ortega-Gutierrez, F. et al, 1992", "epistemic_quality": null, "accuracy": null, "activity_confidence": null, "fs_name": null, "last_movement": null, "downthrown_side_dir": null, "vert_sep_rate": null, "strike_slip_rate": null, "exposure_quality": null, "shortening_rate": null, "notes": null, "index_right": 156, "NAME_EN": "Mexico" }, "geometry": { "type": "LineString", "coordinates": [ [ -101.257800256705309, 20.095532249968269 ], [ -101.267006386514936, 20.092682733598625 ], [ -101.280158000528687, 20.085668539457956 ], [ -101.29221364670795, 20.076681603215228 ] ] } },
{ "type": "Feature", "properties": { "average_dip": "(75.0,,)", "average_rake": null, "catalog_id": "MX_115.0", "catalog_name": "Villegas Mexico", "dip_dir": "N", "lower_seis_depth": null, "name": "SN Taimeo el Chico y cerro Zacatanal", "net_slip_rate": "(0.2,,)", "slip_type": "Normal", "upper_seis_depth": null, "downthrown_side_id": null, "reference": "Ortega-Gutierrez, F. et al, 1992", "epistemic_quality": null, "accuracy": null, "activity_confidence": null, "fs_name": null, "last_movement": null, "downthrown_side_dir": null, "vert_sep_rate": null, "strike_slip_rate": null, "exposure_quality": null, "shortening_rate": null, "notes": null, "index_right": 156, "NAME_EN": "Mexico" }, "geometry": { "type": "LineString", "coordinates": [ [ -100.715449903887375, 19.826476693100627 ], [ -100.687329104979895, 19.82669811671407 ], [ -100.674707959013546, 19.822712491672068 ], [ -100.660094000526186, 19.822269644445175 ] ] } },
{ "type": "Feature", "properties": { "average_dip": null, "average_rake": null, "catalog_id": "MX_123.0", "catalog_name": "Villegas Mexico", "dip_dir": "SW", "lower_seis_depth": null, "name": "SN Lagunetas y Rancho las Pampas", "net_slip_rate": "(0.2,,)", "slip_type": "Normal", "upper_seis_depth": null, "downthrown_side_id": null, "reference": "Noyola-Medrano, M.C., 1995", "epistemic_quality": null, "accuracy": null, "activity_confidence": null, "fs_name": null, "last_movement": null, "downthrown_side_dir": null, "vert_sep_rate": null, "strike_slip_rate": null, "exposure_quality": null, "shortening_rate": null, "notes": null, "index_right": 156, "NAME_EN": "Mexico" }, "geometry": { "type": "LineString", "coordinates": [ [ -104.702848563154575, 27.671273686386318 ], [ -104.696699695006217, 27.66102557280572 ], [ -104.68986761928582, 27.639162930500447 ], [ -104.6844019587095, 27.591338400457662 ], [ -104.672104222412784, 27.564693305148108 ], [ -104.667321769408503, 27.548979530991193 ], [ -104.663905731548297, 27.523700850825719 ], [ -104.659806486116068, 27.510719906956965 ], [ -104.652974410395672, 27.503204623664526 ], [ -104.650924787679543, 27.497055755516168 ] ] } },
{ "type": "Feature", "properties": { "average_dip": null, "average_rake": null, "catalog_id": "MX_124.0", "catalog_name": "Villegas Mexico", "dip_dir": "NE", "lower_seis_depth": null, "name": "El Milagro (Sección A)", "net_slip_rate": "(0.2,,)", "slip_type": "Normal", "upper_seis_depth": null, "downthrown_side_id": null, "reference": "Noyola-Medrano M.C., 1995", "epistemic_quality": null, "accuracy": null, "activity_confidence": null, "fs_name": null, "last_movement": null, "downthrown_side_dir": null, "vert_sep_rate": null, "strike_slip_rate": null, "exposure_quality": null, "shortening_rate": null, "notes": null, "index_right": 156, "NAME_EN": "Mexico" }, "geometry": { "type": "LineString", "coordinates": [ [ -104.510867235411382, 27.775804444908406 ], [ -104.507451197551191, 27.76487312375577 ], [ -104.502668744546909, 27.760090670751492 ], [ -104.490371008250193, 27.731395952725819 ], [ -104.489687800678155, 27.716365386140943 ], [ -104.49173742339427, 27.708166895276467 ], [ -104.490371008250193, 27.6623919879498 ], [ -104.470557988661042, 27.634380477496169 ], [ -104.467825158372875, 27.596804061033978 ], [ -104.460309875080441, 27.574258211156664 ] ] } },
{ "type": "Feature", "properties": { "average_dip": null, "average_rake": null, "catalog_id": "MX_125.0", "catalog_name": "Villegas Mexico", "dip_dir": "NE", "lower_seis_depth": null, "name": "El Milagro (Sección B)", "net_slip_rate": "(0.2,,)", "slip_type": "Normal", "upper_seis_depth": null, "downthrown_side_id": null, "reference": "Noyola-Medrano M.C., 1995", "epistemic_quality": null, "accuracy": null, "activity_confidence": null, "fs_name": null, "last_movement": null, "downthrown_side_dir": null, "vert_sep_rate": null, "strike_slip_rate": null, "exposure_quality": null, "shortening_rate": null, "notes": null, "index_right": 156, "NAME_EN": "Mexico" }, "geometry": { "type": "LineString", "coordinates": [ [ -104.477390064381439, 27.569475758152386 ], [ -104.463042705368608, 27.543513870414873 ], [ -104.460309875080441, 27.542147455270793 ] ] } },
{ "type": "Feature", "properties": { "average_dip": null, "average_rake": null, "catalog_id": "MX_126.0", "catalog_name": "Villegas Mexico", "dip_dir": "NE", "lower_seis_depth": null, "name": "El Milagro (Sección C)", "net_slip_rate": "(0.2,,)", "slip_type": "Normal", "upper_seis_depth": null, "downthrown_side_id": null, "reference": "Noyola-Medrano, M.C., 1995", "epistemic_quality": null, "accuracy": null, "activity_confidence": null, "fs_name": null, "last_movement": null, "downthrown_side_dir": null, "vert_sep_rate": null, "strike_slip_rate": null, "exposure_quality": null, "shortening_rate": null, "notes": null, "index_right": 156, "NAME_EN": "Mexico" }, "geometry": { "type": "LineString", "coordinates": [ [ -104.456210629648211, 27.516868775105323 ], [ -104.447328931211686, 27.499105378232287 ] ] } },
{ "type": "Feature", "properties": { "average_dip": null, "average_rake": null, "catalog_id": "MX_127.0", "catalog_name": "Villegas Mexico", "dip_dir": "NE", "lower_seis_depth": null, "name": "El Milagro (Sección D)", "net_slip_rate": "(0.2,,)", "slip_type": "Normal", "upper_seis_depth": null, "downthrown_side_id": null, "reference": "Noyola-Medrano M.C., 1995", "epistemic_quality": null, "accuracy": null, "activity_confidence": null, "fs_name": null, "last_movement": null, "downthrown_side_dir": null, "vert_sep_rate": null, "strike_slip_rate": null, "exposure_quality": null, "shortening_rate": null, "notes": null, "index_right": 156, "NAME_EN": "Mexico" }, "geometry": { "type": "LineString", "coordinates": [ [ -104.448695346355763, 27.524384058397761 ], [ -104.441863270635366, 27.514819152389205 ] ] } },
{ "type": "Feature", "properties": { "average_dip": null, "average_rake": null, "catalog_id": "MX_128.0", "catalog_name": "Villegas Mexico", "dip_dir": "NE", "lower_seis_depth": null, "name": "SN Cerro Lamojino y Laguna El Flaco", "net_slip_rate": "(0.2,,)", "slip_type": "Normal", "upper_seis_depth": null, "downthrown_side_id": null, "reference": "Noyola-Medrano M.C., 1995", "epistemic_quality": null, "accuracy": null, "activity_confidence": null, "fs_name": null, "last_movement": null, "downthrown_side_dir": null, "vert_sep_rate": null, "strike_slip_rate": null, "exposure_quality": null, "shortening_rate": null, "notes": null, "index_right": 156, "NAME_EN": "Mexico" }, "geometry": { "type": "LineString", "coordinates": [ [ -104.489004156351783, 27.682888355048863 ], [ -104.479439237785002, 27.671957019543974 ], [ -104.47397357003257, 27.656243224755702 ], [ -104.469874319218235, 27.650777557003259 ], [ -104.464408651465789, 27.647361514657984 ], [ -104.430931436482069, 27.607052214983714 ], [ -104.414534433224745, 27.591338420195441 ], [ -104.404286306188922, 27.584506335504887 ], [ -104.381740426710095, 27.56469328990228 ] ] } },
{ "type": "Feature", "properties": { "average_dip": null, "average_rake": null, "catalog_id": "MX_129.0", "catalog_name": "Villegas Mexico", "dip_dir": "NE", "lower_seis_depth": null, "name": "San Francisco (Sección A)", "net_slip_rate": "(0.2,,)", "slip_type": "Normal", "upper_seis_depth": null, "downthrown_side_id": null, "reference": "Noyola-Medrano M.C., 1995", "epistemic_quality": null, "accuracy": null, "activity_confidence": null, "fs_name": null, "last_movement": null, "downthrown_side_dir": null, "vert_sep_rate": null, "strike_slip_rate": null, "exposure_quality": null, "shortening_rate": null, "notes": null, "index_right": 156, "NAME_EN": "Mexico" }, "geometry": { "type": "LineString", "coordinates": [ [ -104.462359026058621, 27.80586587947883 ], [ -104.456893358306175, 27.793568127035833 ], [ -104.450061273615631, 27.78332 ], [ -104.445278814332241, 27.782636791530948 ], [ -104.430248228013028, 27.762823745928344 ], [ -104.417950475570024, 27.741644283387625 ], [ -104.413851224755689, 27.723880863192186 ], [ -104.403603097719866, 27.702701400651467 ], [ -104.391988553745918, 27.689720439739418 ], [ -104.383790052117249, 27.674006644951142 ] ] } },
{ "type": "Feature", "properties": { "average_dip": null, "average_rake": null, "catalog_id": "MX_130.0", "catalog_name": "Villegas Mexico", "dip_dir": "NE", "lower_seis_depth": null, "name": "San Francisco (Sección B)", "net_slip_rate": "(0.2,,)", "slip_type": "Normal", "upper_seis_depth": null, "downthrown_side_id": null, "reference": "Noyola-Medrano M.C., 1995", "epistemic_quality": null, "accuracy": null, "activity_confidence": null, "fs_name": null, "last_movement": null, "downthrown_side_dir": null, "vert_sep_rate": null, "strike_slip_rate": null, "exposure_quality": null, "shortening_rate": null, "notes": null, "index_right": 156, "NAME_EN": "Mexico" }, "geometry": { "type": "LineString", "coordinates": [ [ -104.361244172638422, 27.669224185667755 ], [ -104.357144921824101, 27.655560016286646 ], [ -104.348263211726376, 27.650777557003259 ], [ -104.343480752442986, 27.636430179153095 ], [ -104.340064710097707, 27.605685798045602 ], [ -104.327766957654717, 27.590655211726386 ], [ -104.322301289902271, 27.579040667752444 ], [ -104.305904286644946, 27.568792540716611 ], [ -104.303854661237779, 27.565376498371336 ], [ -104.303171452768723, 27.555811579804562 ], [ -104.305904286644946, 27.548979495114008 ], [ -104.31751883061888, 27.526433615635177 ], [ -104.322984498371326, 27.520967947882735 ], [ -104.327766957654717, 27.512086237785017 ], [ -104.327083749185661, 27.495006026058633 ], [ -104.323667706840382, 27.486807524429967 ], [ -104.321618081433215, 27.468360895765471 ], [ -104.318202039087936, 27.462895228013029 ], [ -104.316835622149824, 27.454696726384363 ] ] } },
{ "type": "Feature", "properties": { "average_dip": null, "average_rake": null, "catalog_id": "MX_131.0", "catalog_name": "Villegas Mexico", "dip_dir": "SW", "lower_seis_depth": null, "name": "El Carretón", "net_slip_rate": "(0.2,,)", "slip_type": "Normal", "upper_seis_depth": null, "downthrown_side_id": null, "reference": "Noyola-Medrano, M.C.,1995", "epistemic_quality": null, "accuracy": null, "activity_confidence": null, "fs_name": null, "last_movement": null, "downthrown_side_dir": null, "vert_sep_rate": null, "strike_slip_rate": null, "exposure_quality": null, "shortening_rate": null, "notes": null, "index_right": 156, "NAME_EN": "Mexico" }, "geometry": { "type": "LineString", "coordinates": [ [ -104.389255483713356, 27.732762938110749 ], [ -104.363976770358306, 27.686304762214984 ], [ -104.35919431107493, 27.680839094462542 ], [ -104.355095060260595, 27.681522302931597 ], [ -104.348946184039093, 27.677423052117266 ], [ -104.340064473941368, 27.666491716612377 ], [ -104.325033887622155, 27.633697710097721 ], [ -104.322984262214987, 27.626182416938111 ], [ -104.322984262214987, 27.601586912052117 ], [ -104.298388757328993, 27.568109697068405 ], [ -104.29565592345277, 27.56127761237785 ] ] } },
{ "type": "Feature", "properties": { "average_dip": null, "average_rake": null, "catalog_id": "MX_132.0", "catalog_name": "Villegas Mexico", "dip_dir": "NE", "lower_seis_depth": null, "name": "SN Sierra El Diablo", "net_slip_rate": "(0.2,,)", "slip_type": "Normal", "upper_seis_depth": null, "downthrown_side_id": null, "reference": "Noyola-Medrano M.C., 1995", "epistemic_quality": null, "accuracy": null, "activity_confidence": null, "fs_name": null, "last_movement": null, "downthrown_side_dir": null, "vert_sep_rate": null, "strike_slip_rate": null, "exposure_quality": null, "shortening_rate": null, "notes": null, "index_right": 156, "NAME_EN": "Mexico" }, "geometry": { "type": "LineString", "coordinates": [ [ -104.200689946254073, 27.560594403908794 ], [ -104.187025776872972, 27.546930234527686 ], [ -104.180193692182414, 27.534632482084689 ], [ -104.1726783990228, 27.530533231270358 ], [ -104.154914978827364, 27.487491097719868 ], [ -104.151498936482085, 27.482025429967425 ], [ -104.128953057003258, 27.459479550488595 ], [ -104.11802172149838, 27.445132172638434 ], [ -104.112556053745934, 27.430101586319214 ], [ -104.102307926710097, 27.412338166123774 ], [ -104.096159050488595, 27.393208328990223 ], [ -104.092059799674274, 27.38774266123778 ], [ -104.087277340390884, 27.386376244299669 ], [ -104.084544506514661, 27.383643410423449 ], [ -104.081128464169382, 27.376128117263839 ] ] } },
{ "type": "Feature", "properties": { "average_dip": null, "average_rake": null, "catalog_id": "MX_133.0", "catalog_name": "Villegas Mexico", "dip_dir": "SW", "lower_seis_depth": null, "name": "SN Cerro Parapeto y Rancho El Alamito", "net_slip_rate": "(0.2,,)", "slip_type": "Normal", "upper_seis_depth": null, "downthrown_side_id": null, "reference": "Noyola-Medrano, M.C., 1995", "epistemic_quality": null, "accuracy": null, "activity_confidence": null, "fs_name": null, "last_movement": null, "downthrown_side_dir": null, "vert_sep_rate": null, "strike_slip_rate": null, "exposure_quality": null, "shortening_rate": null, "notes": null, "index_right": 156, "NAME_EN": "Mexico" }, "geometry": { "type": "LineString", "coordinates": [ [ -104.43682556944033, 27.978419687000297 ], [ -104.42627683067812, 27.966911971986971 ] ] } },
{ "type": "Feature", "properties": { "average_dip": null, "average_rake": null, "catalog_id": "MX_134.0", "catalog_name": "Villegas Mexico", "dip_dir": "SW", "lower_seis_depth": null, "name": "SN Falla en campo Volcanico Camargo", "net_slip_rate": "(0.2,,)", "slip_type": "Normal", "upper_seis_depth": null, "downthrown_side_id": null, "reference": "Noyola-Medrano M.C., 1995", "epistemic_quality": null, "accuracy": null, "activity_confidence": null, "fs_name": null, "last_movement": null, "downthrown_side_dir": null, "vert_sep_rate": null, "strike_slip_rate": null, "exposure_quality": null, "shortening_rate": null, "notes": null, "index_right": 156, "NAME_EN": "Mexico" }, "geometry": { "type": "LineString", "coordinates": [ [ -104.435626849126436, 27.988249193574177 ], [ -104.424838366301444, 27.975542758246963 ] ] } },
{ "type": "Feature", "properties": { "average_dip": "(65.0,,)", "average_rake": null, "catalog_id": "MX_135.0", "catalog_name": "Villegas Mexico", "dip_dir": "SW", "lower_seis_depth": null, "name": "Z.F. Zacoalco (Sección A)", "net_slip_rate": "(0.2,,)", "slip_type": "Normal", "upper_seis_depth": null, "downthrown_side_id": null, "reference": "Ferrari, L., & Rosas-Elguera, J., 2000", "epistemic_quality": null, "accuracy": null, "activity_confidence": null, "fs_name": null, "last_movement": null, "downthrown_side_dir": null, "vert_sep_rate": null, "strike_slip_rate": null, "exposure_quality": null, "shortening_rate": null, "notes": null, "index_right": 156, "NAME_EN": "Mexico" }, "geometry": { "type": "LineString", "coordinates": [ [ -103.80561989317728, 20.359156082685885 ], [ -103.794992219834427, 20.349059793010188 ], [ -103.787021464827305, 20.338432119667345 ], [ -103.780644860821596, 20.334181050330209 ] ] } },
{ "type": "Feature", "properties": { "average_dip": "(65.0,,)", "average_rake": null, "catalog_id": "MX_137.0", "catalog_name": "Villegas Mexico", "dip_dir": "SW", "lower_seis_depth": null, "name": "Z.F. Zacoalco (Sección B)", "net_slip_rate": "(0.2,,)", "slip_type": "Normal", "upper_seis_depth": null, "downthrown_side_id": null, "reference": "Ferrari, L., & Rosas-Elguera, J., 2000", "epistemic_quality": null, "accuracy": null, "activity_confidence": null, "fs_name": null, "last_movement": null, "downthrown_side_dir": null, "vert_sep_rate": null, "strike_slip_rate": null, "exposure_quality": null, "shortening_rate": null, "notes": null, "index_right": 156, "NAME_EN": "Mexico" }, "geometry": { "type": "LineString", "coordinates": [ [ -103.803494358508715, 20.364469919357305 ], [ -103.778253634319469, 20.338697811500914 ] ] } },
{ "type": "Feature", "properties": { "average_dip": "(65.0,,)", "average_rake": null, "catalog_id": "MX_138.0", "catalog_name": "Villegas Mexico", "dip_dir": "SW", "lower_seis_depth": null, "name": "Z.F. Zacoalco (Sección C)", "net_slip_rate": "(0.2,,)", "slip_type": "Normal", "upper_seis_depth": null, "downthrown_side_id": null, "reference": "Ferrari, L., & Rosas-Elguera, J., 2000", "epistemic_quality": null, "accuracy": null, "activity_confidence": null, "fs_name": null, "last_movement": null, "downthrown_side_dir": null, "vert_sep_rate": null, "strike_slip_rate": null, "exposure_quality": null, "shortening_rate": null, "notes": null, "index_right": 156, "NAME_EN": "Mexico" }, "geometry": { "type": "LineString", "coordinates": [ [ -103.7817076281559, 20.376160360034429 ], [ -103.773471181315188, 20.367923913193728 ], [ -103.760717973303784, 20.349325484843757 ] ] } },
{ "type": "Feature", "properties": { "average_dip": "(65.0,,)", "average_rake": null, "catalog_id": "MX_139.0", "catalog_name": "Villegas Mexico", "dip_dir": "SW", "lower_seis_depth": null, "name": "Z.F. Zacoalco (Sección D)", "net_slip_rate": "(0.2,,)", "slip_type": "Normal", "upper_seis_depth": null, "downthrown_side_id": null, "reference": "Ferrari, L., & Rosas-Elguera, J., 2000", "epistemic_quality": null, "accuracy": null, "activity_confidence": null, "fs_name": null, "last_movement": null, "downthrown_side_dir": null, "vert_sep_rate": null, "strike_slip_rate": null, "exposure_quality": null, "shortening_rate": null, "notes": null, "index_right": 156, "NAME_EN": "Mexico" }, "geometry": { "type": "LineString", "coordinates": [ [ -103.775596715983767, 20.380942813038708 ], [ -103.758858130468781, 20.355170705182317 ], [ -103.754607061131651, 20.351185327678753 ] ] } },
{ "type": "Feature", "properties": { "average_dip": "(65.0,,)", "average_rake": null, "catalog_id": "MX_140.0", "catalog_name": "Villegas Mexico", "dip_dir": "SW", "lower_seis_depth": null, "name": "Z.F. Zacoalco (Sección E)", "net_slip_rate": "(0.2,,)", "slip_type": "Normal", "upper_seis_depth": null, "downthrown_side_id": null, "reference": "Ferrari, L., & Rosas-Elguera, J., 2000", "epistemic_quality": null, "accuracy": null, "activity_confidence": null, "fs_name": null, "last_movement": null, "downthrown_side_dir": null, "vert_sep_rate": null, "strike_slip_rate": null, "exposure_quality": null, "shortening_rate": null, "notes": null, "index_right": 156, "NAME_EN": "Mexico" }, "geometry": { "type": "LineString", "coordinates": [ [ -103.767891652810206, 20.391039102714409 ], [ -103.763640583473062, 20.387319417044413 ], [ -103.749293224460231, 20.366064070358732 ], [ -103.743713695955236, 20.361015925520881 ] ] } },
{ "type": "Feature", "properties": { "average_dip": "(65.0,,)", "average_rake": null, "catalog_id": "MX_141.0", "catalog_name": "Villegas Mexico", "dip_dir": "SW", "lower_seis_depth": null, "name": "Z.F. Zacoalco (Sección G)", "net_slip_rate": "(0.2,,)", "slip_type": "Normal", "upper_seis_depth": null, "downthrown_side_id": null, "reference": "Ferrari, L., & Rosas-Elguera, J., 2000", "epistemic_quality": null, "accuracy": null, "activity_confidence": null, "fs_name": null, "last_movement": null, "downthrown_side_dir": null, "vert_sep_rate": null, "strike_slip_rate": null, "exposure_quality": null, "shortening_rate": null, "notes": null, "index_right": 156, "NAME_EN": "Mexico" }, "geometry": { "type": "LineString", "coordinates": [ [ -103.781176244488748, 20.270680702106727 ], [ -103.763374891639486, 20.256599034927465 ], [ -103.749558916293793, 20.242517367748199 ] ] } },
{ "type": "Feature", "properties": { "average_dip": "(65.0,,)", "average_rake": null, "catalog_id": "MX_142.0", "catalog_name": "Villegas Mexico", "dip_dir": "SW", "lower_seis_depth": null, "name": "Z.F. Zacoalco (Sección H)", "net_slip_rate": "(0.2,,)", "slip_type": "Normal", "upper_seis_depth": null, "downthrown_side_id": null, "reference": "Ferrari, L., & Rosas-Elguera, J., 2000", "epistemic_quality": null, "accuracy": null, "activity_confidence": null, "fs_name": null, "last_movement": null, "downthrown_side_dir": null, "vert_sep_rate": null, "strike_slip_rate": null, "exposure_quality": null, "shortening_rate": null, "notes": null, "index_right": 156, "NAME_EN": "Mexico" }, "geometry": { "type": "LineString", "coordinates": [ [ -103.774002564982339, 20.285559444786706 ], [ -103.752481526463086, 20.265898249102449 ], [ -103.736540016448814, 20.254739192092465 ] ] } },
{ "type": "Feature", "properties": { "average_dip": "(65.0,,)", "average_rake": null, "catalog_id": "MX_143.0", "catalog_name": "Villegas Mexico", "dip_dir": "SW", "lower_seis_depth": null, "name": "Z.F. Zacoalco (Sección I)", "net_slip_rate": "(0.2,,)", "slip_type": "Normal", "upper_seis_depth": null, "downthrown_side_id": null, "reference": "Ferrari, L., & Rosas-Elguera, J., 2000", "epistemic_quality": null, "accuracy": null, "activity_confidence": null, "fs_name": null, "last_movement": null, "downthrown_side_dir": null, "vert_sep_rate": null, "strike_slip_rate": null, "exposure_quality": null, "shortening_rate": null, "notes": null, "index_right": 156, "NAME_EN": "Mexico" }, "geometry": { "type": "LineString", "coordinates": [ [ -103.726709418606688, 20.290076205957416 ], [ -103.669585674388912, 20.255801959426751 ] ] } },
{ "type": "Feature", "properties": { "average_dip": "(65.0,,)", "average_rake": null, "catalog_id": "MX_144.0", "catalog_name": "Villegas Mexico", "dip_dir": "SW", "lower_seis_depth": null, "name": "Z.F. Zacoalco (Sección I)", "net_slip_rate": "(0.2,,)", "slip_type": "Normal", "upper_seis_depth": null, "downthrown_side_id": null, "reference": null, "epistemic_quality": null, "accuracy": null, "activity_confidence": null, "fs_name": null, "last_movement": null, "downthrown_side_dir": null, "vert_sep_rate": null, "strike_slip_rate": null, "exposure_quality": null, "shortening_rate": null, "notes": null, "index_right": 156, "NAME_EN": "Mexico" }, "geometry": { "type": "LineString", "coordinates": [ [ -103.718738663599552, 20.294592967128121 ], [ -103.698014700581012, 20.282636834617424 ], [ -103.694029323077459, 20.278385765280287 ] ] } },
{ "type": "Feature", "properties": { "average_dip": "(65.0,,)", "average_rake": null, "catalog_id": "MX_145.0", "catalog_name": "Villegas Mexico", "dip_dir": "SW", "lower_seis_depth": null, "name": "Z.F. Zacoalco (Sección J)", "net_slip_rate": "(0.2,,)", "slip_type": "Normal", "upper_seis_depth": null, "downthrown_side_id": null, "reference": "Ferrari, L., & Rosas-Elguera, J., 2000", "epistemic_quality": null, "accuracy": null, "activity_confidence": null, "fs_name": null, "last_movement": null, "downthrown_side_dir": null, "vert_sep_rate": null, "strike_slip_rate": null, "exposure_quality": null, "shortening_rate": null, "notes": null, "index_right": 156, "NAME_EN": "Mexico" }, "geometry": { "type": "LineString", "coordinates": [ [ -103.738399859283817, 20.321959225985939 ], [ -103.728834953275253, 20.31664538931452 ], [ -103.721129890101693, 20.308408942473815 ], [ -103.692169480242455, 20.285559444786706 ] ] } },
{ "type": "Feature", "properties": { "average_dip": "(75.0,,)", "average_rake": null, "catalog_id": "MX_162.0", "catalog_name": "Villegas Mexico", "dip_dir": "NE", "lower_seis_depth": null, "name": "Atotonilco-Zocoalco", "net_slip_rate": "(0.2,,)", "slip_type": "Normal", "upper_seis_depth": null, "downthrown_side_id": null, "reference": "Ferrari, L., & Rosas-Elguera, J., 2000", "epistemic_quality": null, "accuracy": null, "activity_confidence": null, "fs_name": null, "last_movement": null, "downthrown_side_dir": null, "vert_sep_rate": null, "strike_slip_rate": null, "exposure_quality": null, "shortening_rate": null, "notes": null, "index_right": 156, "NAME_EN": "Mexico" }, "geometry": { "type": "LineString", "coordinates": [ [ -103.677290342019546, 20.3812086335505 ], [ -103.664005732899028, 20.35012264820848 ], [ -103.6403591286645, 20.312394358306197 ], [ -103.608741758957663, 20.254473462540727 ], [ -103.597582687296423, 20.237734855048867 ], [ -103.586955, 20.226575783387631 ] ] } },
{ "type": "Feature", "properties": { "average_dip": "(60.0,,)", "average_rake": null, "catalog_id": "MX_163.0", "catalog_name": "Villegas Mexico", "dip_dir": "N", "lower_seis_depth": null, "name": "Pajacuaran", "net_slip_rate": "(0.2,,)", "slip_type": "Normal", "upper_seis_depth": null, "downthrown_side_id": null, "reference": "Díaz E.C. & Mooser F., 1972", "epistemic_quality": null, "accuracy": null, "activity_confidence": null, "fs_name": null, "last_movement": null, "downthrown_side_dir": null, "vert_sep_rate": null, "strike_slip_rate": null, "exposure_quality": null, "shortening_rate": null, "notes": null, "index_right": 156, "NAME_EN": "Mexico" }, "geometry": { "type": "LineString", "coordinates": [ [ -102.644108821546055, 20.117620950623127 ], [ -102.618389852056382, 20.117620950623127 ], [ -102.557766566830722, 20.113028277499971 ], [ -102.536640270464204, 20.105680000502918 ], [ -102.513676904848424, 20.107517069752181 ], [ -102.503573023977481, 20.11210974287534 ], [ -102.480609658361686, 20.113028277499971 ], [ -102.453972154247381, 20.110272673626074 ], [ -102.439275600253282, 20.102924396629025 ] ] } },
{ "type": "Feature", "properties": { "average_dip": "(77.0,,)", "average_rake": null, "catalog_id": "MX_169.0", "catalog_name": "Villegas Mexico", "dip_dir": "N", "lower_seis_depth": null, "name": "Morelia", "net_slip_rate": "(0.2,,)", "slip_type": "Dextral", "upper_seis_depth": null, "downthrown_side_id": null, "reference": "Ferrari, L., et al, 1991", "epistemic_quality": null, "accuracy": null, "activity_confidence": null, "fs_name": null, "last_movement": null, "downthrown_side_dir": null, "vert_sep_rate": null, "strike_slip_rate": null, "exposure_quality": null, "shortening_rate": null, "notes": null, "index_right": 156, "NAME_EN": "Mexico" }, "geometry": { "type": "LineString", "coordinates": [ [ -101.228522239351037, 19.676421327091735 ], [ -101.195913731093313, 19.679497601455669 ], [ -101.179301849528073, 19.677651836837306 ], [ -101.141771302288049, 19.682573875819603 ], [ -101.10639414710279, 19.684419640437966 ] ] } },
{ "type": "Feature", "properties": { "average_dip": null, "average_rake": null, "catalog_id": "MX_170.0", "catalog_name": "Villegas Mexico", "dip_dir": "N", "lower_seis_depth": null, "name": "SN Tunguitiro y Zipiajo", "net_slip_rate": "(0.2,,)", "slip_type": "Normal", "upper_seis_depth": null, "downthrown_side_id": null, "reference": "Suter, M., et al, 1995", "epistemic_quality": null, "accuracy": null, "activity_confidence": null, "fs_name": null, "last_movement": null, "downthrown_side_dir": null, "vert_sep_rate": null, "strike_slip_rate": null, "exposure_quality": null, "shortening_rate": null, "notes": null, "index_right": 156, "NAME_EN": "Mexico" }, "geometry": { "type": "LineString", "coordinates": [ [ -101.609167358486403, 19.787019198889755 ], [ -101.589393445054569, 19.784194354113779 ], [ -101.534026487445445, 19.793233857396903 ] ] } },
{ "type": "Feature", "properties": { "average_dip": null, "average_rake": null, "catalog_id": "MX_171.0", "catalog_name": "Villegas Mexico", "dip_dir": "NW", "lower_seis_depth": null, "name": "SN San Pedro Puruatiro y Chucandiro (Sección A)", "net_slip_rate": "(0.2,,)", "slip_type": "Normal", "upper_seis_depth": null, "downthrown_side_id": null, "reference": "Suter, M., et al 1995", "epistemic_quality": null, "accuracy": null, "activity_confidence": null, "fs_name": null, "last_movement": null, "downthrown_side_dir": null, "vert_sep_rate": null, "strike_slip_rate": null, "exposure_quality": null, "shortening_rate": null, "notes": null, "index_right": 156, "NAME_EN": "Mexico" }, "geometry": { "type": "LineString", "coordinates": [ [ -101.460015554314879, 19.8288269015742 ], [ -101.430637168644722, 19.842386156498883 ], [ -101.41877282058563, 19.845211001274858 ], [ -101.390524372825865, 19.862160069930717 ], [ -101.375270211035598, 19.867244790527472 ], [ -101.366230707752479, 19.872894480079424 ], [ -101.336287353127133, 19.884758828138523 ] ] } },
{ "type": "Feature", "properties": { "average_dip": null, "average_rake": null, "catalog_id": "MX_172.0", "catalog_name": "Villegas Mexico", "dip_dir": "NW", "lower_seis_depth": null, "name": "SN San Pedro Puruatiro y Chucandiro (Sección B)", "net_slip_rate": "(0.2,,)", "slip_type": "Normal", "upper_seis_depth": null, "downthrown_side_id": null, "reference": "Suter, M., et al, 1995", "epistemic_quality": null, "accuracy": null, "activity_confidence": null, "fs_name": null, "last_movement": null, "downthrown_side_dir": null, "vert_sep_rate": null, "strike_slip_rate": null, "exposure_quality": null, "shortening_rate": null, "notes": null, "index_right": 156, "NAME_EN": "Mexico" }, "geometry": { "type": "LineString", "coordinates": [ [ -101.390524372825865, 19.861030132020325 ], [ -101.373010335214815, 19.863290007841105 ], [ -101.305214060591396, 19.88645373500411 ] ] } },
{ "type": "Feature", "properties": { "average_dip": null, "average_rake": null, "catalog_id": "MX_173.0", "catalog_name": "Villegas Mexico", "dip_dir": "NW", "lower_seis_depth": null, "name": "SN El Santo y San Sebastian (Sección A)", "net_slip_rate": "(0.2,,)", "slip_type": "Normal", "upper_seis_depth": null, "downthrown_side_id": null, "reference": "Suter, M., et al, 1995", "epistemic_quality": null, "accuracy": null, "activity_confidence": null, "fs_name": null, "last_movement": null, "downthrown_side_dir": null, "vert_sep_rate": null, "strike_slip_rate": null, "exposure_quality": null, "shortening_rate": null, "notes": null, "index_right": 156, "NAME_EN": "Mexico" }, "geometry": { "type": "LineString", "coordinates": [ [ -101.370750459394031, 19.823742180977444 ], [ -101.359451080290128, 19.8288269015742 ], [ -101.34476188745505, 19.838996342767715 ], [ -101.31820834656088, 19.850295721871618 ], [ -101.313123625964124, 19.850860690826813 ], [ -101.308038905367368, 19.854250504557982 ], [ -101.295044619397871, 19.857640318289153 ] ] } },
{ "type": "Feature", "properties": { "average_dip": null, "average_rake": null, "catalog_id": "MX_174.0", "catalog_name": "Villegas Mexico", "dip_dir": "NW", "lower_seis_depth": null, "name": "SN El Santo y San Sebastian (Sección B)", "net_slip_rate": "(0.2,,)", "slip_type": "Normal", "upper_seis_depth": null, "downthrown_side_id": null, "reference": "Suter, M., et al, 1995", "epistemic_quality": null, "accuracy": null, "activity_confidence": null, "fs_name": null, "last_movement": null, "downthrown_side_dir": null, "vert_sep_rate": null, "strike_slip_rate": null, "exposure_quality": null, "shortening_rate": null, "notes": null, "index_right": 156, "NAME_EN": "Mexico" }, "geometry": { "type": "LineString", "coordinates": [ [ -101.295609588353074, 19.851143175304408 ], [ -101.275270705966037, 19.858770256199541 ] ] } },
{ "type": "Feature", "properties": { "average_dip": null, "average_rake": null, "catalog_id": "MX_175.0", "catalog_name": "Villegas Mexico", "dip_dir": "NW", "lower_seis_depth": null, "name": "SN El Santo y San Sebastian (Sección C)", "net_slip_rate": "(0.2,,)", "slip_type": "Normal", "upper_seis_depth": null, "downthrown_side_id": null, "reference": "Suter, M., et al, 1995", "epistemic_quality": null, "accuracy": null, "activity_confidence": null, "fs_name": null, "last_movement": null, "downthrown_side_dir": null, "vert_sep_rate": null, "strike_slip_rate": null, "exposure_quality": null, "shortening_rate": null, "notes": null, "index_right": 156, "NAME_EN": "Mexico" }, "geometry": { "type": "LineString", "coordinates": [ [ -101.300411824472235, 19.84492851679726 ], [ -101.274988221488442, 19.855662926945968 ] ] } },
{ "type": "Feature", "properties": { "average_dip": null, "average_rake": null, "catalog_id": "MX_176.0", "catalog_name": "Villegas Mexico", "dip_dir": "NW", "lower_seis_depth": null, "name": "SN El Santo y San Sebastian (Sección D)", "net_slip_rate": "(0.2,,)", "slip_type": "Normal", "upper_seis_depth": null, "downthrown_side_id": null, "reference": "Suter, M., et al, 1995", "epistemic_quality": null, "accuracy": null, "activity_confidence": null, "fs_name": null, "last_movement": null, "downthrown_side_dir": null, "vert_sep_rate": null, "strike_slip_rate": null, "exposure_quality": null, "shortening_rate": null, "notes": null, "index_right": 156, "NAME_EN": "Mexico" }, "geometry": { "type": "LineString", "coordinates": [ [ -101.275553190443645, 19.864702430229094 ], [ -101.2441974134303, 19.875154355900204 ], [ -101.249847102982258, 19.871199573213836 ], [ -101.257474183877392, 19.859617709632335 ], [ -101.264818780294931, 19.854250504557982 ], [ -101.280355426562807, 19.846905908140442 ] ] } },
{ "type": "Feature", "properties": { "average_dip": null, "average_rake": null, "catalog_id": "MX_177.0", "catalog_name": "Villegas Mexico", "dip_dir": "NW", "lower_seis_depth": null, "name": "SN El Santo y San Sebastian (Sección E)", "net_slip_rate": "(0.2,,)", "slip_type": "Normal", "upper_seis_depth": null, "downthrown_side_id": null, "reference": "Suter, M., et al, 1995", "epistemic_quality": null, "accuracy": null, "activity_confidence": null, "fs_name": null, "last_movement": null, "downthrown_side_dir": null, "vert_sep_rate": null, "strike_slip_rate": null, "exposure_quality": null, "shortening_rate": null, "notes": null, "index_right": 156, "NAME_EN": "Mexico" }, "geometry": { "type": "LineString", "coordinates": [ [ -101.248717165071866, 19.859052740677139 ], [ -101.227530829252046, 19.868657212915458 ], [ -101.203519648656254, 19.874871871422606 ], [ -101.187700517910784, 19.881933983362547 ], [ -101.178096045672461, 19.88871361082489 ], [ -101.175553685374084, 19.892668393511258 ] ] } },
{ "type": "Feature", "properties": { "average_dip": null, "average_rake": null, "catalog_id": "MX_178.0", "catalog_name": "Villegas Mexico", "dip_dir": "N", "lower_seis_depth": null, "name": "SN Reservorio El Tablon", "net_slip_rate": "(0.2,,)", "slip_type": "Normal", "upper_seis_depth": null, "downthrown_side_id": null, "reference": "Suter, M., et al, 1995", "epistemic_quality": null, "accuracy": null, "activity_confidence": null, "fs_name": null, "last_movement": null, "downthrown_side_dir": null, "vert_sep_rate": null, "strike_slip_rate": null, "exposure_quality": null, "shortening_rate": null, "notes": null, "index_right": 156, "NAME_EN": "Mexico" }, "geometry": { "type": "LineString", "coordinates": [ [ -101.538070843391623, 20.012442839228918 ], [ -101.518742741826259, 20.012166723492271 ], [ -101.507145880887037, 20.016032343805342 ], [ -101.475668686909145, 20.017689038225232 ], [ -101.469041909229588, 20.019621848381767 ] ] } },
{ "type": "Feature", "properties": { "average_dip": null, "average_rake": null, "catalog_id": "MX_179.0", "catalog_name": "Villegas Mexico", "dip_dir": "N", "lower_seis_depth": null, "name": "SN La Tinaja del Coyote y Leona", "net_slip_rate": "(0.2,,)", "slip_type": "Normal", "upper_seis_depth": null, "downthrown_side_id": null, "reference": "Suter, M., et al, 1995", "epistemic_quality": null, "accuracy": null, "activity_confidence": null, "fs_name": null, "last_movement": null, "downthrown_side_dir": null, "vert_sep_rate": null, "strike_slip_rate": null, "exposure_quality": null, "shortening_rate": null, "notes": null, "index_right": 156, "NAME_EN": "Mexico" }, "geometry": { "type": "LineString", "coordinates": [ [ -101.058084321060491, 20.127054532211595 ], [ -101.0348831387319, 20.134014886910172 ], [ -101.015327856483509, 20.134014886910172 ] ] } },
{ "type": "Feature", "properties": { "average_dip": null, "average_rake": null, "catalog_id": "MX_180.0", "catalog_name": "Villegas Mexico", "dip_dir": "S", "lower_seis_depth": null, "name": "SN Puerto Las Cabras y San Francisco Rancho Viejo", "net_slip_rate": "(0.2,,)", "slip_type": "Normal", "upper_seis_depth": null, "downthrown_side_id": null, "reference": "Suter, M., et al, 1992", "epistemic_quality": null, "accuracy": null, "activity_confidence": null, "fs_name": null, "last_movement": null, "downthrown_side_dir": null, "vert_sep_rate": null, "strike_slip_rate": null, "exposure_quality": null, "shortening_rate": null, "notes": null, "index_right": 156, "NAME_EN": "Mexico" }, "geometry": { "type": "LineString", "coordinates": [ [ -100.980526082990622, 19.996465020247815 ], [ -100.963290918975105, 19.990167556472912 ], [ -100.941415518493855, 19.985858765469029 ], [ -100.916888554317921, 19.993482011091281 ], [ -100.899984835764229, 19.991824783782096 ], [ -100.892693035603813, 19.993150565629445 ], [ -100.866840289580523, 20.003093929484553 ] ] } },
{ "type": "Feature", "properties": { "average_dip": null, "average_rake": null, "catalog_id": "MX_181.0", "catalog_name": "Villegas Mexico", "dip_dir": "N", "lower_seis_depth": null, "name": "SN Cerro Quinceo", "net_slip_rate": "(1.0,,)", "slip_type": "Normal", "upper_seis_depth": null, "downthrown_side_id": null, "reference": "Suter, M., et al, 1995", "epistemic_quality": null, "accuracy": null, "activity_confidence": null, "fs_name": null, "last_movement": null, "downthrown_side_dir": null, "vert_sep_rate": null, "strike_slip_rate": null, "exposure_quality": null, "shortening_rate": null, "notes": null, "index_right": 156, "NAME_EN": "Mexico" }, "geometry": { "type": "LineString", "coordinates": [ [ -101.230468929364747, 19.755629727366379 ], [ -101.207878319995416, 19.768607311472167 ], [ -101.201629853574104, 19.770529916524875 ], [ -101.19297813083692, 19.77197187031441 ], [ -101.15116147094048, 19.772933172840762 ] ] } },
{ "type": "Feature", "properties": { "average_dip": null, "average_rake": null, "catalog_id": "MX_182.0", "catalog_name": "Villegas Mexico", "dip_dir": "N", "lower_seis_depth": null, "name": "Cointzio (Sección A)", "net_slip_rate": "(1.0,,)", "slip_type": "Normal", "upper_seis_depth": null, "downthrown_side_id": null, "reference": "Martinez-Reyes, J., & Nieto-Samaniego A.F., 1991", "epistemic_quality": null, "accuracy": null, "activity_confidence": null, "fs_name": null, "last_movement": null, "downthrown_side_dir": null, "vert_sep_rate": null, "strike_slip_rate": null, "exposure_quality": null, "shortening_rate": null, "notes": null, "index_right": 156, "NAME_EN": "Mexico" }, "geometry": { "type": "LineString", "coordinates": [ [ -101.325157228210699, 19.627776491361193 ], [ -101.302085967578179, 19.636428214098387 ], [ -101.280456660735197, 19.641234726730161 ] ] } },
{ "type": "Feature", "properties": { "average_dip": null, "average_rake": null, "catalog_id": "MX_183.0", "catalog_name": "Villegas Mexico", "dip_dir": "N", "lower_seis_depth": null, "name": "Cointzio (Sección B)", "net_slip_rate": "(1.0,,)", "slip_type": "Normal", "upper_seis_depth": null, "downthrown_side_id": null, "reference": "Martinez-Reyes, J., & Nieto-Samaniego A.F., 1991", "epistemic_quality": null, "accuracy": null, "activity_confidence": null, "fs_name": null, "last_movement": null, "downthrown_side_dir": null, "vert_sep_rate": null, "strike_slip_rate": null, "exposure_quality": null, "shortening_rate": null, "notes": null, "index_right": 156, "NAME_EN": "Mexico" }, "geometry": { "type": "LineString", "coordinates": [ [ -101.286705127156509, 19.634265283414091 ], [ -101.278774381314079, 19.636908865361566 ], [ -101.253059538734092, 19.638350819151096 ], [ -101.226864044890917, 19.635226585940444 ], [ -101.218692973416907, 19.638831470414274 ], [ -101.211963855732421, 19.639312121677452 ] ] } },
{ "type": "Feature", "properties": { "average_dip": null, "average_rake": null, "catalog_id": "MX_184.0", "catalog_name": "Villegas Mexico", "dip_dir": "NW", "lower_seis_depth": null, "name": "SN Miguel Hidalgo y El Venado", "net_slip_rate": "(0.2,,)", "slip_type": "Dextral", "upper_seis_depth": null, "downthrown_side_id": null, "reference": "Suter, M., et al, 1995", "epistemic_quality": null, "accuracy": null, "activity_confidence": null, "fs_name": null, "last_movement": null, "downthrown_side_dir": null, "vert_sep_rate": null, "strike_slip_rate": null, "exposure_quality": null, "shortening_rate": null, "notes": null, "index_right": 156, "NAME_EN": "Mexico" }, "geometry": { "type": "LineString", "coordinates": [ [ -101.105740159609113, 19.780864371335511 ], [ -101.079304328990219, 19.791919355048869 ], [ -101.045658726384346, 19.79864847557004 ], [ -101.033161788273603, 19.805377596091216 ], [ -101.019703547231245, 19.81691323127037 ] ] } },
{ "type": "Feature", "properties": { "average_dip": null, "average_rake": null, "catalog_id": "MX_185.0", "catalog_name": "Villegas Mexico", "dip_dir": "W", "lower_seis_depth": null, "name": "SN Sierra Los Pilares", "net_slip_rate": "(0.2,,)", "slip_type": "Normal", "upper_seis_depth": null, "downthrown_side_id": null, "reference": "Henry C.D., et al, 1985", "epistemic_quality": null, "accuracy": null, "activity_confidence": null, "fs_name": null, "last_movement": null, "downthrown_side_dir": null, "vert_sep_rate": null, "strike_slip_rate": null, "exposure_quality": null, "shortening_rate": null, "notes": null, "index_right": 156, "NAME_EN": "Mexico" }, "geometry": { "type": "LineString", "coordinates": [ [ -105.027839830251523, 30.53978787327318 ], [ -105.029814200402413, 30.52855864304005 ], [ -105.027963228385957, 30.521154754974251 ], [ -105.029197209730256, 30.515601838924901 ], [ -105.025248469428504, 30.507334163918095 ], [ -105.029690802267979, 30.488701045619166 ], [ -105.027839830251523, 30.477225019117178 ] ] } },
{ "type": "Feature", "properties": { "average_dip": null, "average_rake": null, "catalog_id": "MX_186.0", "catalog_name": "Villegas Mexico", "dip_dir": "N", "lower_seis_depth": null, "name": "Mesa Tascotal", "net_slip_rate": "(0.2,,)", "slip_type": "Normal", "upper_seis_depth": null, "downthrown_side_id": null, "reference": "Henry C.D., et al, 1985", "epistemic_quality": null, "accuracy": null, "activity_confidence": null, "fs_name": null, "last_movement": null, "downthrown_side_dir": null, "vert_sep_rate": null, "strike_slip_rate": null, "exposure_quality": null, "shortening_rate": null, "notes": null, "index_right": 156, "NAME_EN": "Mexico" }, "geometry": { "type": "LineString", "coordinates": [ [ -104.526720006331345, 29.517557727655195 ], [ -104.519316118265536, 29.519285301537213 ], [ -104.424299554754455, 29.520519282881512 ], [ -104.349767081558738, 29.524221226914413 ] ] } },
{ "type": "Feature", "properties": { "average_dip": "(82.0,,)", "average_rake": null, "catalog_id": "MX_187.0", "catalog_name": "Villegas Mexico", "dip_dir": "NE", "lower_seis_depth": null, "name": "Z.F. Bedford-Latijas", "net_slip_rate": "(0.2,,)", "slip_type": "Dextral", "upper_seis_depth": null, "downthrown_side_id": null, "reference": "Henry C.D., et al, 1985", "epistemic_quality": null, "accuracy": null, "activity_confidence": null, "fs_name": null, "last_movement": null, "downthrown_side_dir": null, "vert_sep_rate": null, "strike_slip_rate": null, "exposure_quality": null, "shortening_rate": null, "notes": null, "index_right": 156, "NAME_EN": "Mexico" }, "geometry": { "type": "LineString", "coordinates": [ [ -104.125922865702734, 29.293466715530329 ], [ -104.108647126882545, 29.29297312299261 ], [ -104.073602056704431, 29.278658939398731 ], [ -104.046701263398688, 29.271748643870652 ], [ -104.023749210394712, 29.261876793116254 ], [ -104.000056768584145, 29.246328628178073 ] ] } },
{ "type": "Feature", "properties": { "average_dip": null, "average_rake": null, "catalog_id": "MX_191.0", "catalog_name": "Villegas Mexico", "dip_dir": "N", "lower_seis_depth": null, "name": "SN Sur de Tlacotepec", "net_slip_rate": "(0.2,,)", "slip_type": "Normal", "upper_seis_depth": null, "downthrown_side_id": null, "reference": "Suter, M., et al, 1992", "epistemic_quality": null, "accuracy": null, "activity_confidence": null, "fs_name": null, "last_movement": null, "downthrown_side_dir": null, "vert_sep_rate": null, "strike_slip_rate": null, "exposure_quality": null, "shortening_rate": null, "notes": null, "index_right": 156, "NAME_EN": "Mexico" }, "geometry": { "type": "LineString", "coordinates": [ [ -100.162801908282646, 19.839012322811719 ], [ -100.082392391955182, 19.8357524775552 ], [ -100.057400244988528, 19.8265162493284 ], [ -100.045990786590721, 19.824886326700138 ] ] } },
{ "type": "Feature", "properties": { "average_dip": null, "average_rake": null, "catalog_id": "MX_192.0", "catalog_name": "Villegas Mexico", "dip_dir": "N", "lower_seis_depth": null, "name": "SN Zaragoza y Santiago", "net_slip_rate": "(0.2,,)", "slip_type": "Normal", "upper_seis_depth": null, "downthrown_side_id": null, "reference": "Suter et al, 1995a", "epistemic_quality": null, "accuracy": null, "activity_confidence": null, "fs_name": null, "last_movement": null, "downthrown_side_dir": null, "vert_sep_rate": null, "strike_slip_rate": null, "exposure_quality": null, "shortening_rate": null, "notes": null, "index_right": 156, "NAME_EN": "Mexico" }, "geometry": { "type": "LineString", "coordinates": [ [ -100.234518503926054, 19.879217080975451 ], [ -100.225282275699257, 19.881390311146465 ], [ -100.20083343627536, 19.880847003603712 ], [ -100.195943668390584, 19.879217080975451 ] ] } },
{ "type": "Feature", "properties": { "average_dip": null, "average_rake": null, "catalog_id": "MX_193.0", "catalog_name": "Villegas Mexico", "dip_dir": "N", "lower_seis_depth": null, "name": "SN Carretera Maravatio-El Oro y el Jaguey", "net_slip_rate": "(0.2,,)", "slip_type": "Normal", "upper_seis_depth": null, "downthrown_side_id": null, "reference": "Suter, M., et al, 1992", "epistemic_quality": null, "accuracy": null, "activity_confidence": null, "fs_name": null, "last_movement": null, "downthrown_side_dir": null, "vert_sep_rate": null, "strike_slip_rate": null, "exposure_quality": null, "shortening_rate": null, "notes": null, "index_right": 156, "NAME_EN": "Mexico" }, "geometry": { "type": "LineString", "coordinates": [ [ -100.414353300577332, 19.865634392406623 ], [ -100.37740838767013, 19.861831239607351 ], [ -100.36708554435782, 19.854224934008808 ] ] } },
{ "type": "Feature", "properties": { "average_dip": null, "average_rake": null, "catalog_id": "MX_194.0", "catalog_name": "Villegas Mexico", "dip_dir": "N", "lower_seis_depth": null, "name": "SN Cerro El Pelon y Cerro EL Zorrillo", "net_slip_rate": "(0.2,,)", "slip_type": "Normal", "upper_seis_depth": null, "downthrown_side_id": null, "reference": "Suter et al, 1995a", "epistemic_quality": null, "accuracy": null, "activity_confidence": null, "fs_name": null, "last_movement": null, "downthrown_side_dir": null, "vert_sep_rate": null, "strike_slip_rate": null, "exposure_quality": null, "shortening_rate": null, "notes": null, "index_right": 156, "NAME_EN": "Mexico" }, "geometry": { "type": "LineString", "coordinates": [ [ -100.239951579353587, 19.965059672730444 ], [ -100.211699587130425, 19.963973057644939 ], [ -100.176384596851463, 19.966146287815953 ] ] } },
{ "type": "Feature", "properties": { "average_dip": null, "average_rake": null, "catalog_id": "MX_195.0", "catalog_name": "Villegas Mexico", "dip_dir": "N", "lower_seis_depth": null, "name": "SN Cerro EL Zorrillo y Volcan Altamirano", "net_slip_rate": "(0.2,,)", "slip_type": "Normal", "upper_seis_depth": null, "downthrown_side_id": null, "reference": "Suter et al, 1995a", "epistemic_quality": null, "accuracy": null, "activity_confidence": null, "fs_name": null, "last_movement": null, "downthrown_side_dir": null, "vert_sep_rate": null, "strike_slip_rate": null, "exposure_quality": null, "shortening_rate": null, "notes": null, "index_right": 156, "NAME_EN": "Mexico" }, "geometry": { "type": "LineString", "coordinates": [ [ -100.194313745762329, 19.970492748157977 ], [ -100.18616413262103, 19.972122670786238 ], [ -100.136179838687738, 19.973209285871743 ], [ -100.112817614349353, 19.972122670786238 ], [ -100.099234925780522, 19.968862825529719 ] ] } },
{ "type": "Feature", "properties": { "average_dip": null, "average_rake": null, "catalog_id": "MX_196.0", "catalog_name": "Villegas Mexico", "dip_dir": "N", "lower_seis_depth": null, "name": "SN Juanacatlan y El Calvario", "net_slip_rate": "(0.2,,)", "slip_type": "Normal", "upper_seis_depth": null, "downthrown_side_id": null, "reference": "Suter et al, 1995a", "epistemic_quality": null, "accuracy": null, "activity_confidence": null, "fs_name": null, "last_movement": null, "downthrown_side_dir": null, "vert_sep_rate": null, "strike_slip_rate": null, "exposure_quality": null, "shortening_rate": null, "notes": null, "index_right": 156, "NAME_EN": "Mexico" }, "geometry": { "type": "LineString", "coordinates": [ [ -100.076416008984893, 19.930831297536997 ], [ -100.061746705330563, 19.927028144737726 ], [ -100.043817556419711, 19.916705301425417 ], [ -100.028604945222625, 19.912902148626145 ], [ -100.02425848488059, 19.908555688284121 ], [ -100.006329335969738, 19.907469073198616 ] ] } },
{ "type": "Feature", "properties": { "average_dip": null, "average_rake": null, "catalog_id": "MX_197.0", "catalog_name": "Villegas Mexico", "dip_dir": "N", "lower_seis_depth": null, "name": "SN San Pedro el Alto (Sección A)", "net_slip_rate": "(0.2,,)", "slip_type": "Normal", "upper_seis_depth": null, "downthrown_side_id": null, "reference": "Suter, M., et al, 1995", "epistemic_quality": null, "accuracy": null, "activity_confidence": null, "fs_name": null, "last_movement": null, "downthrown_side_dir": null, "vert_sep_rate": null, "strike_slip_rate": null, "exposure_quality": null, "shortening_rate": null, "notes": null, "index_right": 156, "NAME_EN": "Mexico" }, "geometry": { "type": "LineString", "coordinates": [ [ -100.047620709218975, 19.911272225997887 ], [ -100.009045873683505, 19.901492690228331 ], [ -99.994376570029175, 19.901492690228331 ] ] } },
{ "type": "Feature", "properties": { "average_dip": null, "average_rake": null, "catalog_id": "MX_198.0", "catalog_name": "Villegas Mexico", "dip_dir": "N", "lower_seis_depth": null, "name": "SN San Pedro el Alto (Sección B)", "net_slip_rate": "(0.2,,)", "slip_type": "Normal", "upper_seis_depth": null, "downthrown_side_id": null, "reference": "Suter et al, 1995a", "epistemic_quality": null, "accuracy": null, "activity_confidence": null, "fs_name": null, "last_movement": null, "downthrown_side_dir": null, "vert_sep_rate": null, "strike_slip_rate": null, "exposure_quality": null, "shortening_rate": null, "notes": null, "index_right": 156, "NAME_EN": "Mexico" }, "geometry": { "type": "LineString", "coordinates": [ [ -99.987313571973388, 19.897689537429059 ], [ -99.962321425006735, 19.894972999715293 ], [ -99.953085196779938, 19.891713154458774 ], [ -99.944392276095883, 19.892256462001527 ] ] } },
{ "type": "Feature", "properties": { "average_dip": null, "average_rake": null, "catalog_id": "MX_199.0", "catalog_name": "Villegas Mexico", "dip_dir": "SW", "lower_seis_depth": null, "name": "Epitacio Huerta", "net_slip_rate": "(0.2,,)", "slip_type": "Normal", "upper_seis_depth": null, "downthrown_side_id": null, "reference": "Aguirre-Díaz, G., 1993a", "epistemic_quality": null, "accuracy": null, "activity_confidence": null, "fs_name": null, "last_movement": null, "downthrown_side_dir": null, "vert_sep_rate": null, "strike_slip_rate": null, "exposure_quality": null, "shortening_rate": null, "notes": null, "index_right": 156, "NAME_EN": "Mexico" }, "geometry": { "type": "LineString", "coordinates": [ [ -100.343723320019436, 20.20031183874255 ], [ -100.321991018309319, 20.152500774980275 ], [ -100.308408329740487, 20.137831471325942 ], [ -100.298085486428178, 20.129681858184647 ], [ -100.289392565744123, 20.130225165727399 ], [ -100.277983107346316, 20.123162167671609 ], [ -100.266573648948494, 20.125878705385375 ], [ -100.255707498093429, 20.121532245043348 ], [ -100.194857053305086, 20.112296016816547 ], [ -100.184534209992776, 20.108492864017272 ], [ -100.178014519479731, 20.104146403675248 ] ] } },
{ "type": "Feature", "properties": { "average_dip": "(75,60,90)", "average_rake": null, "catalog_id": "CA_1.0", "catalog_name": "GEM_Central_Am_Carib", "dip_dir": "S", "lower_seis_depth": null, "name": "Tuxtla Fault", "net_slip_rate": "(6.,4.,8.)", "slip_type": "Sinistral", "upper_seis_depth": null, "downthrown_side_id": null, "reference": "Witt et al., 2012", "epistemic_quality": "1", "accuracy": "100000", "activity_confidence": "1", "fs_name": "Tuxtla-Malpaso Fault Zone", "last_movement": null, "downthrown_side_dir": null, "vert_sep_rate": "(0,,)", "strike_slip_rate": null, "exposure_quality": "1", "shortening_rate": null, "notes": null, "index_right": 156, "NAME_EN": "Mexico" }, "geometry": { "type": "LineString", "coordinates": [ [ -93.647518422022699, 16.98358835751003 ], [ -93.585914353310216, 16.974254407705104 ], [ -93.544844974168555, 16.963053667939199 ], [ -93.466439795807204, 16.935051818524428 ], [ -93.380567457601899, 16.912650338992613 ], [ -93.332030918616312, 16.893982439382768 ], [ -93.221890310918212, 16.869714169889967 ], [ -93.192021671542463, 16.849179480319137 ], [ -93.149085502439817, 16.824911210826336 ], [ -93.074413904000437, 16.800642941333535 ], [ -93.029610944936806, 16.768907511996797 ], [ -92.956806136458397, 16.746506032464982 ], [ -92.923203917160677, 16.7203709730112 ], [ -92.893335277784928, 16.699836283440369 ], [ -92.846665528760312, 16.684901963752491 ], [ -92.796262199813725, 16.662500484220676 ], [ -92.729057761218286, 16.627031474961967 ], [ -92.687988382076611, 16.621431105079015 ], [ -92.641318633052009, 16.595296045625229 ], [ -92.603982833832305, 16.58222851589834 ], [ -92.577847774378526, 16.560760431347017 ], [ -92.530244630373417, 16.515957472283386 ], [ -92.504109570919638, 16.497289572673541 ], [ -92.489175251231757, 16.480488463024678 ], [ -92.4602400068365, 16.463687353375818 ], [ -92.4350383423632, 16.445952848746462 ], [ -92.427571182519259, 16.433818714000061 ], [ -92.424770997577781, 16.412350629448738 ], [ -92.407036492948436, 16.372214645287571 ], [ -92.389301988319076, 16.347012980814277 ], [ -92.371567483689731, 16.306876996653109 ], [ -92.356633164001849, 16.282608727160309 ], [ -92.343565634274952, 16.254606877745541 ], [ -92.33049810454807, 16.236872373116189 ], [ -92.263293665952602, 16.19766978393551 ], [ -92.22502447175242, 16.155667009813357 ], [ -92.184888487591252, 16.124864975457111 ], [ -92.126084603820232, 16.090329361178895 ], [ -92.071014299971196, 16.060460721803143 ], [ -92.021544366005102, 16.046459797095757 ], [ -91.919804313131436, 16.05112677199822 ], [ -91.861933824340923, 16.046459797095757 ], [ -91.817130865277292, 16.036192452310342 ], [ -91.781661856018573, 16.021258132622464 ], [ -91.68645556800837, 16.019391342661478 ] ] } },
{ "type": "Feature", "properties": { "average_dip": "(90,60,90)", "average_rake": null, "catalog_id": "CA_2.0", "catalog_name": "GEM_Central_Am_Carib", "dip_dir": null, "lower_seis_depth": null, "name": "Malpaso Fault", "net_slip_rate": "(2.,0.,2.)", "slip_type": "Sinistral", "upper_seis_depth": null, "downthrown_side_id": null, "reference": "Witt et al., 2012", "epistemic_quality": "1", "accuracy": "100000", "activity_confidence": "1", "fs_name": "Tuxtla-Malpaso Fault Zone", "last_movement": null, "downthrown_side_dir": null, "vert_sep_rate": null, "strike_slip_rate": null, "exposure_quality": "1", "shortening_rate": null, "notes": null, "index_right": 156, "NAME_EN": "Mexico" }, "geometry": { "type": "LineString", "coordinates": [ [ -92.491508738683265, 16.57266121734833 ], [ -92.477507813975876, 16.563793965033653 ], [ -92.467707166680711, 16.560060385111683 ], [ -92.456973124405053, 16.546526157894544 ], [ -92.428037880009782, 16.531591838206669 ], [ -92.419170627695109, 16.522724585891993 ], [ -92.394902358202316, 16.517124216009037 ], [ -92.382301525965659, 16.510123753655346 ], [ -92.334231684470311, 16.506390173733376 ], [ -92.289895422896933, 16.506856871223622 ], [ -92.262360270972408, 16.50125650134067 ], [ -92.174621142806132, 16.494256038986975 ], [ -92.155019848215787, 16.497989618908946 ], [ -92.149886175823084, 16.496122828947961 ], [ -92.120017536447321, 16.495189433967468 ], [ -92.07521457738369, 16.479321719299101 ], [ -92.057946770244584, 16.479321719299101 ] ] } },
{ "type": "Feature", "properties": { "average_dip": "(90,,)", "average_rake": null, "catalog_id": "CA_3.0", "catalog_name": "GEM_Central_Am_Carib", "dip_dir": null, "lower_seis_depth": null, "name": "San Cristobal Fault", "net_slip_rate": "(2,0,4)", "slip_type": "Sinistral", "upper_seis_depth": null, "downthrown_side_id": null, "reference": "Witt et al., 2012", "epistemic_quality": "1", "accuracy": "100000", "activity_confidence": "1", "fs_name": "San Cristobal Fault Zone", "last_movement": null, "downthrown_side_dir": null, "vert_sep_rate": null, "strike_slip_rate": "None", "exposure_quality": "1", "shortening_rate": null, "notes": null, "index_right": 156, "NAME_EN": "Mexico" }, "geometry": { "type": "LineString", "coordinates": [ [ -92.736758269807623, 16.771007650702952 ], [ -92.729291109963683, 16.768207465761478 ], [ -92.703156050509904, 16.763540490859015 ], [ -92.689621823292768, 16.763540490859015 ], [ -92.682154663448827, 16.76540728082 ], [ -92.647852397915756, 16.756190005387637 ], [ -92.62941784705103, 16.754206541054089 ], [ -92.620083897246118, 16.749306217406506 ], [ -92.579014518104458, 16.740672313836953 ], [ -92.549145878728709, 16.729938271561291 ], [ -92.496409062330898, 16.715820672481335 ], [ -92.489875297467449, 16.71010362822582 ], [ -92.456506426914842, 16.699836283440412 ], [ -92.421037417656137, 16.701703073401397 ], [ -92.409836677890226, 16.700302980930658 ], [ -92.404236308007285, 16.702169770891643 ], [ -92.387901895848671, 16.702169770891643 ], [ -92.361300138904639, 16.700769678420905 ], [ -92.334231684470353, 16.692835821086721 ], [ -92.324431037175188, 16.691435728615982 ], [ -92.283595006778654, 16.692369123596471 ], [ -92.246025858813837, 16.690268984890366 ], [ -92.22129089183079, 16.690268984890366 ], [ -92.186988626297691, 16.692835821086717 ], [ -92.161786961824404, 16.690502333635489 ], [ -92.144985852175537, 16.692835821086717 ], [ -92.12515120884008, 16.692835821086717 ], [ -92.109516842916833, 16.695402657283072 ], [ -92.072414392442269, 16.696102703518445 ], [ -92.035078593222579, 16.690969031125739 ], [ -91.978608196902798, 16.686768753713523 ], [ -91.951539742468526, 16.682568476301309 ], [ -91.93053835540745, 16.682101778811063 ], [ -91.914203943248822, 16.683968568772048 ] ] } },
{ "type": "Feature", "properties": { "average_dip": "(90,,)", "average_rake": null, "catalog_id": "CA_4.0", "catalog_name": "GEM_Central_Am_Carib", "dip_dir": null, "lower_seis_depth": null, "name": "Malpaso Fault", "net_slip_rate": "(2,0,4)", "slip_type": "Sinistral", "upper_seis_depth": null, "downthrown_side_id": null, "reference": "Witt et al., 2012", "epistemic_quality": "1", "accuracy": "100000", "activity_confidence": "1", "fs_name": "Tuxtla-Malpaso Fault Zone", "last_movement": null, "downthrown_side_dir": null, "vert_sep_rate": "(0,,)", "strike_slip_rate": "None", "exposure_quality": "1", "shortening_rate": null, "notes": null, "index_right": 156, "NAME_EN": "Mexico" }, "geometry": { "type": "LineString", "coordinates": [ [ -93.328297338694782, 17.022557597945628 ], [ -93.312896321516661, 17.014623740611444 ], [ -93.295628514377555, 17.000156118413813 ], [ -93.287694657043374, 16.997822630962581 ], [ -93.281860938415292, 16.994089051040614 ], [ -93.254559135235894, 16.969820781547813 ], [ -93.247091975391953, 16.965387155390474 ], [ -93.236824630606549, 16.954886461859935 ], [ -93.205555898760053, 16.93621856225009 ], [ -93.164953217108632, 16.916617267659753 ], [ -93.123883837966986, 16.900516204246255 ], [ -93.097515429768066, 16.885815233303504 ], [ -93.090514967414379, 16.879048119694932 ], [ -93.077680786432609, 16.871814308596118 ], [ -93.029377596192134, 16.83634529933741 ], [ -93.006276070424946, 16.82281107212027 ], [ -92.983641242148011, 16.80297642878481 ], [ -92.967540178734538, 16.791542340273786 ], [ -92.933004564456326, 16.760973654662664 ], [ -92.898235601432987, 16.739738918856464 ], [ -92.871633844488954, 16.729004876580802 ] ] } },
{ "type": "Feature", "properties": { "average_dip": "(90,,)", "average_rake": null, "catalog_id": "CA_5.0", "catalog_name": "GEM_Central_Am_Carib", "dip_dir": null, "lower_seis_depth": null, "name": "Tectapan Fault", "net_slip_rate": "(1,0,2)", "slip_type": "Sinistral", "upper_seis_depth": null, "downthrown_side_id": null, "reference": "Witt et al., 2012", "epistemic_quality": "1", "accuracy": "100000", "activity_confidence": "1", "fs_name": "Tectapan Fault Zone", "last_movement": null, "downthrown_side_dir": null, "vert_sep_rate": "(0,,)", "strike_slip_rate": "None", "exposure_quality": "1", "shortening_rate": null, "notes": null, "index_right": 156, "NAME_EN": "Mexico" }, "geometry": { "type": "LineString", "coordinates": [ [ -92.81493009942406, 16.998989374688215 ], [ -92.76406007298722, 16.991988912334524 ], [ -92.747258963338368, 16.991988912334524 ], [ -92.711789954079663, 16.988722029902799 ], [ -92.684721499645377, 16.983588357510094 ], [ -92.646919002935448, 16.984521752490586 ], [ -92.629651195796328, 16.980788172568616 ], [ -92.61098329618649, 16.982888311274714 ], [ -92.588581816654667, 16.981721567549101 ], [ -92.557313084808172, 16.974721105195407 ], [ -92.533278164060505, 16.974721105195407 ], [ -92.516010356921399, 16.970754176528317 ], [ -92.506909755861599, 16.97098752527344 ], [ -92.48427492758465, 16.962353621703883 ], [ -92.472607490328485, 16.963520365429506 ], [ -92.434804993618542, 16.95862004178192 ], [ -92.429204623735586, 16.959086739272166 ], [ -92.40703649294889, 16.955119810605076 ], [ -92.353366281570615, 16.953486369389211 ], [ -92.323264293449739, 16.950686184447733 ], [ -92.292228910348371, 16.950686184447733 ], [ -92.252092926187203, 16.946252558290393 ], [ -92.21009015206505, 16.945552512055023 ], [ -92.172754352845359, 16.938318700956209 ] ] } },
{ "type": "Feature", "properties": { "average_dip": "(90,,)", "average_rake": null, "catalog_id": "CA_6.0", "catalog_name": "GEM_Central_Am_Carib", "dip_dir": null, "lower_seis_depth": null, "name": null, "net_slip_rate": "(1,0,2)", "slip_type": "Sinistral", "upper_seis_depth": null, "downthrown_side_id": null, "reference": "Witt et al., 2012", "epistemic_quality": "2", "accuracy": "100000", "activity_confidence": "1", "fs_name": "Tuxtla-Malpaso Fault Zone", "last_movement": null, "downthrown_side_dir": null, "vert_sep_rate": "(0,,)", "strike_slip_rate": "None", "exposure_quality": "2", "shortening_rate": null, "notes": null, "index_right": 156, "NAME_EN": "Mexico" }, "geometry": { "type": "LineString", "coordinates": [ [ -94.355498514726634, 17.298842512171351 ], [ -94.317229320526437, 17.289508562366429 ], [ -94.279893521306747, 17.27457424267855 ], [ -94.204288527886874, 17.250305973185753 ], [ -94.114682609759612, 17.210169989024582 ], [ -94.067079465754503, 17.186835114512277 ], [ -94.002675212100542, 17.162566845019477 ], [ -93.944804723310014, 17.128964625721753 ], [ -93.900935159226876, 17.094429011443538 ] ] } },
{ "type": "Feature", "properties": { "average_dip": "(15,10,35)", "average_rake": null, "catalog_id": "CA_7.0", "catalog_name": "GEM_Central_Am_Carib", "dip_dir": null, "lower_seis_depth": null, "name": "Tumbala thrust", "net_slip_rate": null, "slip_type": "Reverse", "upper_seis_depth": null, "downthrown_side_id": null, "reference": "Witt et al., 2012", "epistemic_quality": "1", "accuracy": "100000", "activity_confidence": "1", "fs_name": "Tortuguero Thrust Zone", "last_movement": null, "downthrown_side_dir": "NE", "vert_sep_rate": null, "strike_slip_rate": "(0,,)", "exposure_quality": "1", "shortening_rate": "(1,0,2)", "notes": null, "index_right": 156, "NAME_EN": "Mexico" }, "geometry": { "type": "LineString", "coordinates": [ [ -92.654386162779417, 17.489255088191783 ], [ -92.637118355640311, 17.483654718308831 ], [ -92.616583666069474, 17.480387835877107 ], [ -92.602116043871845, 17.475720860974647 ], [ -92.588115119164456, 17.476654255955136 ], [ -92.574114194457081, 17.473387373523416 ], [ -92.55871317727896, 17.466853608659967 ], [ -92.552646109905751, 17.458453053835537 ], [ -92.548912529983781, 17.446785616579383 ], [ -92.548912529983781, 17.429051111950031 ], [ -92.543778857591079, 17.422517347086583 ], [ -92.509243243312866, 17.403382749986491 ], [ -92.491042041193268, 17.400115867554771 ], [ -92.486841763781044, 17.394515497671815 ], [ -92.480774696407849, 17.390315220259598 ], [ -92.473307536563908, 17.389381825279109 ], [ -92.468640561661445, 17.366046950766801 ], [ -92.466307074210221, 17.359046488413107 ], [ -92.463040191778489, 17.354846211000893 ], [ -92.442972199697905, 17.362780068335077 ], [ -92.436905132324711, 17.366980345747294 ], [ -92.428971274990531, 17.368847135708275 ], [ -92.421037417656336, 17.366046950766801 ], [ -92.411236770361171, 17.370247228179014 ], [ -92.397702543144035, 17.37211401814 ], [ -92.386035105887885, 17.381914665435168 ], [ -92.377167853573198, 17.380981270454676 ], [ -92.37063408870975, 17.37584759806197 ], [ -92.35849995396336, 17.373980808100985 ], [ -92.351966189099912, 17.379114480493691 ], [ -92.342632239294986, 17.391248615240091 ], [ -92.330964802038835, 17.398715775084032 ], [ -92.314630389880222, 17.402916052496245 ], [ -92.299229372702101, 17.406649632418215 ], [ -92.269360733326337, 17.401982657515752 ], [ -92.259093388540933, 17.397315682613293 ], [ -92.225491169243199, 17.373980808100985 ], [ -92.212423639516317, 17.368380438218029 ], [ -92.183955092611299, 17.350412584843557 ], [ -92.145219200920877, 17.332211382723955 ], [ -92.136818646096444, 17.326611012841003 ], [ -92.108816796681666, 17.296275675975004 ], [ -92.083848480953506, 17.276907730129786 ], [ -92.069847556246117, 17.267107082834617 ], [ -92.059113513970459, 17.264306897893139 ], [ -92.047912774204548, 17.257306435539448 ], [ -92.030644967065442, 17.249839275695511 ], [ -92.024111202202008, 17.244238905812555 ] ] } },
{ "type": "Feature", "properties": { "average_dip": "(15,10,35)", "average_rake": null, "catalog_id": "CA_8.0", "catalog_name": "GEM_Central_Am_Carib", "dip_dir": null, "lower_seis_depth": null, "name": null, "net_slip_rate": null, "slip_type": "Reverse", "upper_seis_depth": null, "downthrown_side_id": null, "reference": "Witt et al., 2012", "epistemic_quality": "2", "accuracy": "100000", "activity_confidence": "1", "fs_name": "Tortuguero Thrust Zone", "last_movement": null, "downthrown_side_dir": "N", "vert_sep_rate": null, "strike_slip_rate": "(0,,)", "exposure_quality": null, "shortening_rate": "(1,0,2)", "notes": null, "index_right": 156, "NAME_EN": "Mexico" }, "geometry": { "type": "LineString", "coordinates": [ [ -92.29246225909354, 17.569060359023887 ], [ -92.225257820498101, 17.564393384121423 ], [ -92.211256895790711, 17.555059434316501 ], [ -92.186988626297918, 17.546658879492071 ], [ -92.164587146766095, 17.5307911648237 ] ] } },
{ "type": "Feature", "properties": { "average_dip": "(15,10,35)", "average_rake": null, "catalog_id": "CA_9.0", "catalog_name": "GEM_Central_Am_Carib", "dip_dir": null, "lower_seis_depth": null, "name": null, "net_slip_rate": null, "slip_type": "Reverse", "upper_seis_depth": null, "downthrown_side_id": null, "reference": "Witt et al., 2012", "epistemic_quality": "2", "accuracy": "100000", "activity_confidence": "1", "fs_name": "Tortuguero Thrust Zone", "last_movement": null, "downthrown_side_dir": "N", "vert_sep_rate": null, "strike_slip_rate": "(0,,)", "exposure_quality": null, "shortening_rate": "(1,0,2)", "notes": null, "index_right": 156, "NAME_EN": "Mexico" }, "geometry": { "type": "LineString", "coordinates": [ [ -92.176721281512542, 17.521457215018788 ], [ -92.136585297351374, 17.524257399960263 ], [ -92.122584372643985, 17.521457215018788 ], [ -92.108116750446356, 17.505822849095534 ], [ -92.100649590602416, 17.500922525447951 ], [ -92.09084894330725, 17.491355226897905 ], [ -92.081048296012085, 17.486921600740565 ], [ -92.070780951226666, 17.484588113289334 ], [ -92.058413467735136, 17.48505481077958 ], [ -92.028544828359387, 17.480621184622244 ], [ -92.018277483573968, 17.480621184622244 ], [ -92.002876466395847, 17.475254163484411 ] ] } },
{ "type": "Feature", "properties": { "average_dip": "(15,10,35)", "average_rake": null, "catalog_id": "CA_10.0", "catalog_name": "GEM_Central_Am_Carib", "dip_dir": null, "lower_seis_depth": null, "name": "Nazareth Thrust", "net_slip_rate": null, "slip_type": "Reverse", "upper_seis_depth": null, "downthrown_side_id": null, "reference": "Witt et al., 2012", "epistemic_quality": "2", "accuracy": "100000", "activity_confidence": "1", "fs_name": null, "last_movement": null, "downthrown_side_dir": null, "vert_sep_rate": null, "strike_slip_rate": null, "exposure_quality": "2", "shortening_rate": "(1,0,2)", "notes": null, "index_right": 156, "NAME_EN": "Mexico" }, "geometry": { "type": "LineString", "coordinates": [ [ -92.171937632237515, 16.937735329093428 ], [ -92.143002387842259, 16.922334311915304 ], [ -92.110800261015271, 16.875431214145564 ], [ -92.108466773564047, 16.869597495517489 ], [ -92.106599983603061, 16.849529503436905 ], [ -92.108466773564047, 16.844162482299073 ], [ -92.118267420859212, 16.829461511356321 ], [ -92.12106760580069, 16.819427515316026 ], [ -92.120834257055563, 16.814993889158689 ] ] } },
{ "type": "Feature", "properties": { "average_dip": "(90,,)", "average_rake": null, "catalog_id": "CA_11.0", "catalog_name": "GEM_Central_Am_Carib", "dip_dir": null, "lower_seis_depth": null, "name": null, "net_slip_rate": null, "slip_type": "Sinistral", "upper_seis_depth": null, "downthrown_side_id": null, "reference": "Witt et al., 2012", "epistemic_quality": "2", "accuracy": "100000", "activity_confidence": "2", "fs_name": "Tuxtla-Malpaso Fault Zone", "last_movement": null, "downthrown_side_dir": null, "vert_sep_rate": null, "strike_slip_rate": "None", "exposure_quality": "2", "shortening_rate": null, "notes": null, "index_right": 156, "NAME_EN": "Mexico" }, "geometry": { "type": "LineString", "coordinates": [ [ -92.308446648134534, 16.45983709908138 ], [ -92.273911033856322, 16.45983709908138 ], [ -92.25524313424647, 16.457036914139902 ] ] } },
{ "type": "Feature", "properties": { "average_dip": "(90,,)", "average_rake": null, "catalog_id": "CA_12.0", "catalog_name": "GEM_Central_Am_Carib", "dip_dir": null, "lower_seis_depth": null, "name": null, "net_slip_rate": null, "slip_type": "Sinistral", "upper_seis_depth": null, "downthrown_side_id": null, "reference": "Witt et al., 2012", "epistemic_quality": "2", "accuracy": "100000", "activity_confidence": "1", "fs_name": "Tuxtla-Malpaso Fault Zone", "last_movement": null, "downthrown_side_dir": null, "vert_sep_rate": null, "strike_slip_rate": "None", "exposure_quality": null, "shortening_rate": null, "notes": null, "index_right": 156, "NAME_EN": "Mexico" }, "geometry": { "type": "LineString", "coordinates": [ [ -92.216507242556034, 16.453770031708181 ], [ -92.19223897306324, 16.454236729198424 ], [ -92.181971628277822, 16.451903241747196 ], [ -92.171237586002164, 16.453770031708181 ], [ -92.153969778863058, 16.453770031708181 ] ] } },
{ "type": "Feature", "properties": { "average_dip": "(90,,)", "average_rake": null, "catalog_id": "CA_13.0", "catalog_name": "GEM_Central_Am_Carib", "dip_dir": null, "lower_seis_depth": null, "name": null, "net_slip_rate": null, "slip_type": "Sinistral", "upper_seis_depth": null, "downthrown_side_id": null, "reference": "Witt et al., 2012", "epistemic_quality": "1", "accuracy": "100000", "activity_confidence": "1", "fs_name": "Tuxtla-Malpaso Fault System", "last_movement": null, "downthrown_side_dir": null, "vert_sep_rate": null, "strike_slip_rate": "None", "exposure_quality": null, "shortening_rate": null, "notes": null, "index_right": 156, "NAME_EN": "Mexico" }, "geometry": { "type": "LineString", "coordinates": [ [ -92.16283703117773, 16.445369476883748 ], [ -92.114767189682382, 16.440235804491042 ], [ -92.042429078694227, 16.441169199471535 ], [ -92.019094204181911, 16.438369014530057 ], [ -91.979891615001236, 16.436502224569072 ], [ -91.963090505352383, 16.437902317039811 ], [ -91.933688563466873, 16.437435619549564 ], [ -91.906153411542348, 16.441169199471535 ] ] } },
{ "type": "Feature", "properties": { "average_dip": "(90,,)", "average_rake": null, "catalog_id": "CA_14.0", "catalog_name": "GEM_Central_Am_Carib", "dip_dir": null, "lower_seis_depth": null, "name": null, "net_slip_rate": "(1,0,2)", "slip_type": "Sinistral", "upper_seis_depth": null, "downthrown_side_id": null, "reference": "Witt et al., 2012", "epistemic_quality": "1", "accuracy": "100000", "activity_confidence": "1", "fs_name": "Tuxtla-Malpaso Fault Zone", "last_movement": null, "downthrown_side_dir": null, "vert_sep_rate": null, "strike_slip_rate": null, "exposure_quality": null, "shortening_rate": null, "notes": null, "index_right": 156, "NAME_EN": "Mexico" }, "geometry": { "type": "LineString", "coordinates": [ [ -91.792279223922336, 16.434402085862963 ], [ -91.784812064078395, 16.433468690882474 ], [ -91.765677466978303, 16.436502224569072 ], [ -91.746542869878212, 16.443736035667889 ], [ -91.738842361289159, 16.443502686922766 ], [ -91.723207995365911, 16.451669893002073 ], [ -91.688672381087699, 16.452136590492319 ], [ -91.677238292576661, 16.454470077943551 ], [ -91.644569468259434, 16.456803565394779 ], [ -91.632201984767903, 16.456103519159409 ], [ -91.600699904176309, 16.464037376493593 ] ] } },
{ "type": "Feature", "properties": { "average_dip": "(90,,)", "average_rake": null, "catalog_id": "CA_15.0", "catalog_name": "GEM_Central_Am_Carib", "dip_dir": null, "lower_seis_depth": null, "name": null, "net_slip_rate": "(1,0,2)", "slip_type": "Sinistral", "upper_seis_depth": null, "downthrown_side_id": null, "reference": "Witt et al., 2012", "epistemic_quality": "2", "accuracy": "100000", "activity_confidence": "1", "fs_name": "Tuxtla-Malpaso Fault Zone", "last_movement": null, "downthrown_side_dir": null, "vert_sep_rate": null, "strike_slip_rate": null, "exposure_quality": null, "shortening_rate": null, "notes": null, "index_right": 156, "NAME_EN": "Mexico" }, "geometry": { "type": "LineString", "coordinates": [ [ -91.880251700833739, 16.427634972254399 ], [ -91.855050036360439, 16.425768182293414 ], [ -91.844315994084781, 16.43463543460809 ], [ -91.834982044279855, 16.438835712020307 ] ] } },
{ "type": "Feature", "properties": { "average_dip": "(90,,)", "average_rake": null, "catalog_id": "CA_16.0", "catalog_name": "GEM_Central_Am_Carib", "dip_dir": null, "lower_seis_depth": null, "name": "Necta Fault", "net_slip_rate": null, "slip_type": "Sinistral", "upper_seis_depth": null, "downthrown_side_id": null, "reference": "Authemayou et al., 2012", "epistemic_quality": "1", "accuracy": "100000", "activity_confidence": "1", "fs_name": "Motagua-Polochic Fault Zone", "last_movement": null, "downthrown_side_dir": null, "vert_sep_rate": null, "strike_slip_rate": "None", "exposure_quality": null, "shortening_rate": null, "notes": null, "index_right": 156, "NAME_EN": "Mexico" }, "geometry": { "type": "LineString", "coordinates": [ [ -92.597799092087314, 15.617448129187116 ], [ -92.545528973179756, 15.611847759304162 ], [ -92.525460981099158, 15.611381061813915 ], [ -92.489991971840453, 15.613714549265145 ], [ -92.441922130345105, 15.60951427185293 ], [ -92.405519726105908, 15.603913901969976 ], [ -92.390118708927787, 15.60344720447973 ], [ -92.345315749864156, 15.597846834596776 ] ] } },
{ "type": "Feature", "properties": { "average_dip": "(90,,)", "average_rake": null, "catalog_id": "CA_17.0", "catalog_name": "GEM_Central_Am_Carib", "dip_dir": null, "lower_seis_depth": null, "name": "Necta Fault", "net_slip_rate": null, "slip_type": "Sinistral", "upper_seis_depth": null, "downthrown_side_id": null, "reference": "Authemayou et al., 2012", "epistemic_quality": "1", "accuracy": "100000", "activity_confidence": "1", "fs_name": "Motagua-Polochic Fault Zone", "last_movement": null, "downthrown_side_dir": null, "vert_sep_rate": null, "strike_slip_rate": "None", "exposure_quality": null, "shortening_rate": null, "notes": null, "index_right": 156, "NAME_EN": "Mexico" }, "geometry": { "type": "LineString", "coordinates": [ [ -92.405986423596232, 15.61674808295175 ], [ -92.388251918966873, 15.612547805539535 ], [ -92.377051179200961, 15.612081108049289 ], [ -92.354183002178914, 15.605547343185842 ], [ -92.315913807978717, 15.606947435656581 ], [ -92.305646463193312, 15.604613948205349 ], [ -92.290245446015177, 15.604147250715103 ], [ -92.266443874012637, 15.599013578322396 ], [ -92.252909646795487, 15.599013578322396 ], [ -92.232374957224664, 15.595279998400427 ], [ -92.220707519968514, 15.590146326007719 ], [ -92.167037308590196, 15.585479351105258 ], [ -92.091899012660591, 15.56447796404418 ], [ -92.067630743167783, 15.561677779102702 ], [ -91.988292169825939, 15.563544569063687 ], [ -91.931355076015905, 15.557944199180733 ], [ -91.886552116952274, 15.544876669453842 ], [ -91.869751007303421, 15.543009879492857 ], [ -91.844549342830121, 15.53647611462941 ], [ -91.822147863298312, 15.526208769843995 ], [ -91.792279223922563, 15.516874820039073 ], [ -91.758677004624829, 15.500073710390211 ], [ -91.737208920073513, 15.492606550546272 ] ] } },
{ "type": "Feature", "properties": { "average_dip": "(70,90,45)", "average_rake": null, "catalog_id": "CA_18.0", "catalog_name": "GEM_Central_Am_Carib", "dip_dir": "N", "lower_seis_depth": null, "name": "Mapastapec Fault", "net_slip_rate": "(1,0,4)", "slip_type": "Sinistral", "upper_seis_depth": null, "downthrown_side_id": null, "reference": "Authemayo et al., 2012", "epistemic_quality": "1", "accuracy": "100000", "activity_confidence": "1", "fs_name": "Tonala-Polochic Fault Zone", "last_movement": null, "downthrown_side_dir": "S", "vert_sep_rate": null, "strike_slip_rate": "None", "exposure_quality": null, "shortening_rate": "(1,0,3)", "notes": null, "index_right": 156, "NAME_EN": "Mexico" }, "geometry": { "type": "LineString", "coordinates": [ [ -92.867083543959467, 15.432635923049656 ], [ -92.845148761917898, 15.424235368225224 ], [ -92.82461407234706, 15.408834351047101 ], [ -92.793345340500579, 15.392966636378732 ], [ -92.777010928341952, 15.388299661476271 ], [ -92.733141364258813, 15.382232594103071 ], [ -92.7168069521002, 15.377098921710363 ], [ -92.697205657509869, 15.378032316690856 ], [ -92.627667731463191, 15.369165064376178 ], [ -92.606666344402115, 15.368698366885932 ] ] } },
{ "type": "Feature", "properties": { "average_dip": "(90,80,90)", "average_rake": null, "catalog_id": "CA_19.0", "catalog_name": "GEM_Central_Am_Carib", "dip_dir": null, "lower_seis_depth": null, "name": "El Triunfo Fault", "net_slip_rate": null, "slip_type": "Sinistral", "upper_seis_depth": null, "downthrown_side_id": null, "reference": "Authemayou et al., 2012", "epistemic_quality": "1", "accuracy": "100000", "activity_confidence": "2", "fs_name": "Tonala-Polochic Fault Zone", "last_movement": null, "downthrown_side_dir": null, "vert_sep_rate": null, "strike_slip_rate": "None", "exposure_quality": null, "shortening_rate": null, "notes": null, "index_right": 156, "NAME_EN": "Mexico" }, "geometry": { "type": "LineString", "coordinates": [ [ -92.743175360299119, 15.427968948147191 ], [ -92.728007691866125, 15.420501788303254 ], [ -92.702339329902586, 15.411167838498329 ], [ -92.669203808095105, 15.392499938888484 ], [ -92.63793507624861, 15.379665757906714 ], [ -92.579364541222702, 15.361464555787114 ], [ -92.471557420975842, 15.334396101352837 ], [ -92.364216998219234, 15.299860487074623 ] ] } },
{ "type": "Feature", "properties": { "average_dip": "(90,,)", "average_rake": null, "catalog_id": "CA_20.0", "catalog_name": "GEM_Central_Am_Carib", "dip_dir": null, "lower_seis_depth": null, "name": "Polochic Fault-Cuilco Segment", "net_slip_rate": null, "slip_type": "Sinistral", "upper_seis_depth": null, "downthrown_side_id": null, "reference": "Authemayou et al., 2012; White, 1984", "epistemic_quality": "1", "accuracy": "100000", "activity_confidence": "1", "fs_name": "Motagua-Polochic Fault Zone", "last_movement": "1816", "downthrown_side_dir": null, "vert_sep_rate": null, "strike_slip_rate": "None", "exposure_quality": null, "shortening_rate": null, "notes": null, "index_right": 156, "NAME_EN": "Mexico" }, "geometry": { "type": "LineString", "coordinates": [ [ -92.227007936086878, 15.382932640338437 ], [ -92.192005624318412, 15.390866497672622 ], [ -92.135535227998631, 15.394133380104345 ], [ -92.044062519910455, 15.404167376144636 ], [ -92.007193418181004, 15.405567468615375 ], [ -91.993659190963868, 15.407900956066607 ], [ -91.954456601783193, 15.406967561086114 ], [ -91.906853457778084, 15.414434720930052 ], [ -91.824714699494763, 15.415368115910544 ], [ -91.79437936262876, 15.420501788303252 ], [ -91.76917769815546, 15.418168300852022 ], [ -91.749576403565129, 15.420968485793498 ], [ -91.726241529052814, 15.418634998342268 ], [ -91.696839587167304, 15.408367653556851 ], [ -91.684238754930661, 15.406034166105622 ], [ -91.655770208025643, 15.404634073634883 ], [ -91.618901106296192, 15.393900031359221 ], [ -91.517161053422541, 15.373832039278637 ], [ -91.503626826205405, 15.369631761866422 ], [ -91.473058140594262, 15.364731438218834 ], [ -91.452756799768565, 15.359364417081004 ], [ -91.391619428546321, 15.352363954727311 ], [ -91.372484831446215, 15.346530236099234 ], [ -91.356383768032714, 15.345363492373618 ], [ -91.341449448344846, 15.346296887354111 ], [ -91.328848616108189, 15.348863723550465 ], [ -91.31064741398859, 15.350030467276081 ], [ -91.291279468143372, 15.354697442178542 ], [ -91.271211476062788, 15.35376404719805 ], [ -91.238542651745561, 15.345830189863864 ], [ -91.199806760055139, 15.34092986621628 ], [ -91.163404355815928, 15.342563307432142 ], [ -91.151736918559777, 15.341163214961403 ], [ -91.136335901381656, 15.343963399902879 ], [ -91.112067631888863, 15.345363492373618 ] ] } },
{ "type": "Feature", "properties": { "average_dip": "(90,,)", "average_rake": null, "catalog_id": "CA_25.0", "catalog_name": "GEM_Central_Am_Carib", "dip_dir": null, "lower_seis_depth": null, "name": "Concordia Fault", "net_slip_rate": null, "slip_type": "Sinistral", "upper_seis_depth": null, "downthrown_side_id": null, "reference": "Guzman-Speziale, 2000", "epistemic_quality": null, "accuracy": "100000", "activity_confidence": "1", "fs_name": "Concordia Fault Zone", "last_movement": "1902", "downthrown_side_dir": null, "vert_sep_rate": null, "strike_slip_rate": "None", "exposure_quality": null, "shortening_rate": null, "notes": null, "index_right": 156, "NAME_EN": "Mexico" }, "geometry": { "type": "LineString", "coordinates": [ [ -92.838965020172381, 16.319127805772247 ], [ -92.743758732162163, 16.246322997293849 ], [ -92.516010356922052, 16.091379430532125 ], [ -92.417070488989864, 16.03164215178062 ], [ -92.319997411018662, 15.98310561279502 ], [ -92.217323963164503, 15.938302653731389 ] ] } },
{ "type": "Feature", "properties": { "average_dip": null, "average_rake": null, "catalog_id": "CA_36.0", "catalog_name": "GEM_Central_Am_Carib", "dip_dir": null, "lower_seis_depth": null, "name": "Tonala Fault", "net_slip_rate": null, "slip_type": "Sinistral", "upper_seis_depth": null, "downthrown_side_id": null, "reference": "Guzman-Speziale and Molina-Garza, 2012", "epistemic_quality": "1", "accuracy": "100000", "activity_confidence": "2", "fs_name": "Tonala Fault Zone", "last_movement": null, "downthrown_side_dir": "SW", "vert_sep_rate": null, "strike_slip_rate": "None", "exposure_quality": "2", "shortening_rate": null, "notes": null, "index_right": 156, "NAME_EN": "Mexico" }, "geometry": { "type": "LineString", "coordinates": [ [ -94.026480859116873, 16.347707884527246 ], [ -94.010318363308215, 16.334397593861301 ], [ -93.999860277784975, 16.320136568147788 ], [ -93.981796311881197, 16.306826277481843 ], [ -93.968486021215256, 16.288762311578061 ], [ -93.932358089407685, 16.251683644722931 ], [ -93.914294123503907, 16.242176294247258 ], [ -93.877215456648784, 16.212703507772666 ], [ -93.860102225792559, 16.193688806821317 ], [ -93.816368413604465, 16.156610139966187 ], [ -93.758373575702848, 16.097664567017006 ], [ -93.727950054180681, 16.075797660922952 ], [ -93.711787558372038, 16.060585900161875 ], [ -93.691822122373125, 16.046324874448363 ], [ -93.669955216279078, 16.027310173497014 ], [ -93.627172139138537, 15.994034446832153 ], [ -93.606255968092057, 15.981674891213775 ], [ -93.543507454952604, 15.937941079025672 ], [ -93.509280993240168, 15.922729318264594 ], [ -93.409453813245577, 15.859980805125137 ], [ -93.392340582389366, 15.848096617030544 ], [ -93.382833231913693, 15.8347863263646 ], [ -93.346229932582347, 15.81054258265163 ], [ -93.327690599154778, 15.800084497128388 ], [ -93.268269658681831, 15.748744804559756 ], [ -93.249254957730471, 15.729730103608407 ], [ -93.218831436208319, 15.703109522276518 ], [ -93.150378512783462, 15.66127718018355 ], [ -93.076221179073201, 15.622297043233285 ], [ -93.028684426694824, 15.570957350664642 ], [ -92.973541793935922, 15.534829418857079 ], [ -92.935512392033218, 15.514863982858163 ], [ -92.896532255082931, 15.492046341716543 ] ] } },
{ "type": "Feature", "properties": { "average_dip": "(15,10,35)", "average_rake": null, "catalog_id": "CA_57.0", "catalog_name": "GEM_Central_Am_Carib", "dip_dir": "SW", "lower_seis_depth": null, "name": "Velasco Suarez Thrust", "net_slip_rate": null, "slip_type": "Reverse", "upper_seis_depth": null, "downthrown_side_id": null, "reference": null, "epistemic_quality": "2", "accuracy": "100000", "activity_confidence": null, "fs_name": "Chiapas Fold Belt", "last_movement": null, "downthrown_side_dir": "NE", "vert_sep_rate": null, "strike_slip_rate": null, "exposure_quality": "2", "shortening_rate": "(0.2,0.,0.5)", "notes": null, "index_right": 156, "NAME_EN": "Mexico" }, "geometry": { "type": "LineString", "coordinates": [ [ -91.898735822660669, 17.227375487289507 ], [ -91.843593189901739, 17.221671077004103 ], [ -91.805563787999034, 17.214065196623562 ], [ -91.735209394479028, 17.189346085386802 ], [ -91.706687343051996, 17.187444615291668 ], [ -91.623022658866049, 17.162725504054912 ], [ -91.556471205536312, 17.107582871295989 ], [ -91.512737393348203, 17.077159349773822 ], [ -91.48611681201632, 17.056243178727335 ], [ -91.440481529733063, 17.016312306729496 ], [ -91.415762418496314, 16.98208584501706 ], [ -91.377733016593609, 16.94595791320949 ], [ -91.349210965166577, 16.911731451497058 ], [ -91.324491853929814, 16.89461822064084 ], [ -91.24653158002927, 16.8223623570257 ], [ -91.221812468792521, 16.772924134552184 ], [ -91.197093357555758, 16.73109179245921 ], [ -91.17047277622386, 16.704471211127316 ], [ -91.143852194891963, 16.69496386065164 ], [ -91.121034553750349, 16.664540339129477 ], [ -91.103921322894124, 16.628412407321907 ], [ -91.081103681752509, 16.588481535324064 ], [ -91.075399271467106, 16.540944782945683 ], [ -91.06208898080115, 16.499112440852709 ] ] } },
{ "type": "Feature", "properties": { "average_dip": "(15,10,35)", "average_rake": null, "catalog_id": "CA_58.0", "catalog_name": "GEM_Central_Am_Carib", "dip_dir": "SW", "lower_seis_depth": null, "name": "Chancala Thrust", "net_slip_rate": null, "slip_type": "Reverse", "upper_seis_depth": null, "downthrown_side_id": null, "reference": null, "epistemic_quality": "2", "accuracy": "100000", "activity_confidence": null, "fs_name": "Chiapas Fold Belt", "last_movement": null, "downthrown_side_dir": "NE", "vert_sep_rate": null, "strike_slip_rate": null, "exposure_quality": "2", "shortening_rate": "(0.2,0.,0.5)", "notes": null, "index_right": 156, "NAME_EN": "Mexico" }, "geometry": { "type": "LineString", "coordinates": [ [ -91.879721121709267, 17.39422948813764 ], [ -91.824578488950351, 17.384722137661964 ], [ -91.797957907618454, 17.365707436710611 ], [ -91.777041736571974, 17.344791265664121 ], [ -91.702884402861699, 17.308663333856551 ], [ -91.689574112195743, 17.285845692714929 ], [ -91.661052060768725, 17.264929521668442 ], [ -91.636332949531962, 17.249717760907359 ], [ -91.588796197153584, 17.236407470241414 ], [ -91.556471205536283, 17.224998649670603 ], [ -91.539357974680058, 17.207885418814385 ], [ -91.51083592325304, 17.18506777767276 ], [ -91.47470799144547, 17.164151606626273 ], [ -91.41956535868654, 17.128023674818703 ], [ -91.411959478306002, 17.105206033677081 ], [ -91.394846247449777, 17.078585452345187 ], [ -91.343506554881131, 17.044358990632752 ], [ -91.324491853929786, 17.023442819586265 ], [ -91.303575682883292, 16.993019298064102 ], [ -91.286462452027081, 16.977807537303018 ], [ -91.275053631456259, 16.962595776541939 ] ] } },
{ "type": "Feature", "properties": { "average_dip": "(15,10,35)", "average_rake": null, "catalog_id": "CA_59.0", "catalog_name": "GEM_Central_Am_Carib", "dip_dir": "SW", "lower_seis_depth": null, "name": "Sibal Thrust", "net_slip_rate": null, "slip_type": "Reverse", "upper_seis_depth": null, "downthrown_side_id": null, "reference": null, "epistemic_quality": "2", "accuracy": "100000", "activity_confidence": null, "fs_name": "Chiapas Fold Belt", "last_movement": null, "downthrown_side_dir": "NE", "vert_sep_rate": null, "strike_slip_rate": null, "exposure_quality": "2", "shortening_rate": "(0.2,0.,0.5)", "notes": null, "index_right": 156, "NAME_EN": "Mexico" }, "geometry": { "type": "LineString", "coordinates": [ [ -91.770386591239017, 17.130875879961405 ], [ -91.744716744954687, 17.125171469675998 ], [ -91.676263821529815, 17.101403093486809 ], [ -91.645840300007649, 17.08809280282086 ], [ -91.633480744389274, 17.075733247202482 ], [ -91.622071923818467, 17.067176631774373 ], [ -91.593549872391435, 17.050063400918155 ], [ -91.571682966297374, 17.040556050442479 ], [ -91.527949154109265, 17.004428118634909 ], [ -91.48326460687359, 16.96449724663707 ], [ -91.430023444209809, 16.922664904544096 ], [ -91.413860948401151, 16.905551673687878 ], [ -91.399599922687642, 16.886536972736526 ], [ -91.343506554881145, 16.836148015215443 ], [ -91.304526417930873, 16.785759057694356 ], [ -91.28836392212223, 16.759138476362462 ], [ -91.272201426313572, 16.741074510458677 ], [ -91.255088195457361, 16.718256869317056 ], [ -91.24843305012439, 16.703995843603547 ], [ -91.237024229553583, 16.687833347794896 ], [ -91.224664673935209, 16.662163501510573 ] ] } },
{ "type": "Feature", "properties": { "average_dip": "(15,10,35)", "average_rake": null, "catalog_id": "CA_60.0", "catalog_name": "GEM_Central_Am_Carib", "dip_dir": "SW", "lower_seis_depth": null, "name": "Vallescondida Thrust", "net_slip_rate": null, "slip_type": "Reverse", "upper_seis_depth": null, "downthrown_side_id": null, "reference": null, "epistemic_quality": "2", "accuracy": "100000", "activity_confidence": null, "fs_name": "Chiapas Fold Belt", "last_movement": null, "downthrown_side_dir": "NE", "vert_sep_rate": null, "strike_slip_rate": null, "exposure_quality": "2", "shortening_rate": "(0.2,0,0.5)", "notes": null, "index_right": 156, "NAME_EN": "Mexico" }, "geometry": { "type": "LineString", "coordinates": [ [ -91.18853674212761, 16.986839520254907 ], [ -91.183307699365997, 16.975430699684097 ], [ -91.173324981366534, 16.960694306446801 ], [ -91.141475357273023, 16.938352032828959 ], [ -91.132443374321127, 16.924091007115447 ], [ -91.102970587846528, 16.894618220640851 ], [ -91.075399271467063, 16.854687348643008 ], [ -91.066367288515181, 16.836623382739223 ], [ -91.041172809754627, 16.795741775693816 ], [ -91.037845237088149, 16.781956117504087 ], [ -90.996488262518952, 16.723010544554892 ], [ -90.971769151282189, 16.674998424652731 ], [ -90.934690484427051, 16.610348441418132 ], [ -90.922330928808677, 16.579924919895969 ] ] } },
{ "type": "Feature", "properties": { "average_dip": "(15,10,35)", "average_rake": null, "catalog_id": "CA_61.0", "catalog_name": "GEM_Central_Am_Carib", "dip_dir": "SW", "lower_seis_depth": null, "name": "Taniperlas Thrust", "net_slip_rate": null, "slip_type": "Reverse", "upper_seis_depth": null, "downthrown_side_id": null, "reference": null, "epistemic_quality": "2", "accuracy": "100000", "activity_confidence": null, "fs_name": "Chiapas Fold belt", "last_movement": null, "downthrown_side_dir": "NE", "vert_sep_rate": null, "strike_slip_rate": null, "exposure_quality": "2", "shortening_rate": "(0.2,0,0.5)", "notes": null, "index_right": 156, "NAME_EN": "Mexico" }, "geometry": { "type": "LineString", "coordinates": [ [ -92.071769601317868, 17.015361571681947 ], [ -92.026134319034625, 17.009657161396539 ], [ -91.997612267607593, 16.996346870730594 ], [ -91.942469634848678, 16.975430699684107 ], [ -91.912046113326511, 16.958317468827889 ], [ -91.875918181518941, 16.929795417400861 ], [ -91.834085839425967, 16.905076306164101 ], [ -91.792253497332993, 16.891766015498156 ], [ -91.733307924383794, 16.887963075307884 ], [ -91.662953530863788, 16.891766015498156 ], [ -91.642037359817309, 16.878455724832207 ], [ -91.607810898104873, 16.88225866502248 ], [ -91.588796197153513, 16.865145434166262 ], [ -91.575485906487572, 16.844229263119775 ], [ -91.545062384965405, 16.80619986121707 ], [ -91.463299170874606, 16.764367519124093 ], [ -91.444284469923247, 16.747254288267875 ], [ -91.406255068020542, 16.721584441983548 ], [ -91.399599922687571, 16.708274151317603 ], [ -91.375831546498375, 16.674998424652735 ], [ -91.360619785737299, 16.659786663891655 ], [ -91.351112435261626, 16.639821227892735 ], [ -91.347309495071343, 16.624609467131652 ], [ -91.347309495071343, 16.607496236275434 ] ] } },
{ "type": "Feature", "properties": { "average_dip": "(80,75,90)", "average_rake": null, "catalog_id": "CA_70.0", "catalog_name": "GEM_Central_Am_Carib", "dip_dir": "S", "lower_seis_depth": null, "name": "Tenejapa Fault", "net_slip_rate": "(1,0,2)", "slip_type": "Sinistral", "upper_seis_depth": null, "downthrown_side_id": null, "reference": "Witt et al., 2012; Meneses-Rocha 2001", "epistemic_quality": "1", "accuracy": "100000", "activity_confidence": "1", "fs_name": "Tectapan Fault Zone", "last_movement": null, "downthrown_side_dir": null, "vert_sep_rate": null, "strike_slip_rate": "None", "exposure_quality": "1", "shortening_rate": null, "notes": null, "index_right": 156, "NAME_EN": "Mexico" }, "geometry": { "type": "LineString", "coordinates": [ [ -92.720890555139363, 16.828178093258096 ], [ -92.701755958039271, 16.82304442086539 ], [ -92.670953923683015, 16.821644328394651 ], [ -92.644352166738983, 16.814643866040957 ], [ -92.626617662109638, 16.817910748472681 ], [ -92.596749022733874, 16.816510656001942 ], [ -92.585548282967977, 16.820710933414158 ], [ -92.559413223514184, 16.822111025884897 ], [ -92.545412298806809, 16.824444513336129 ], [ -92.520677331823762, 16.824911210826375 ], [ -92.505276314645641, 16.82304442086539 ], [ -92.475874372760131, 16.824444513336129 ], [ -92.443672245933143, 16.818377445962927 ], [ -92.398869286869513, 16.816977353492188 ], [ -92.390468732045079, 16.818377445962927 ], [ -92.364800370081539, 16.815577261021449 ], [ -92.354533025296135, 16.817444050982434 ], [ -92.329331360822835, 16.814177168550714 ], [ -92.311596856193489, 16.815577261021449 ], [ -92.300862813917817, 16.814643866040957 ] ] } }
]
}
