{
"type": "FeatureCollection",
"name": "faults_mongolia",
"crs": { "type": "name", "properties": { "name": "urn:ogc:def:crs:OGC:1.3:CRS84" } },
"features": [
{ "type": "Feature", "properties": { "average_dip": null, "average_rake": null, "catalog_id": "GAF_423", "catalog_name": "HimaTibetMap", "dip_dir": null, "lower_seis_depth": null, "name": null, "net_slip_rate": null, "slip_type": "Dextral", "upper_seis_depth": null, "downthrown_side_id": null, "reference": null, "epistemic_quality": null, "accuracy": null, "activity_confidence": null, "fs_name": null, "last_movement": null, "downthrown_side_dir": null, "vert_sep_rate": null, "strike_slip_rate": null, "exposure_quality": "1", "shortening_rate": null, "notes": null, "index_right": 46, "NAME_EN": "Mongolia" }, "geometry": { "type": "LineString", "coordinates": [ [ 91.053108192240572, 45.244627029605134 ], [ 91.587553311840992, 45.113136563671695 ], [ 92.066857268308041, 45.007095865338279 ] ] } },
{ "type": "Feature", "properties": { "average_dip": null, "average_rake": null, "catalog_id": "GAF_711", "catalog_name": "HimaTibetMap", "dip_dir": null, "lower_seis_depth": null, "name": null, "net_slip_rate": null, "slip_type": "Reverse", "upper_seis_depth": null, "downthrown_side_id": null, "reference": null, "epistemic_quality": null, "accuracy": null, "activity_confidence": null, "fs_name": null, "last_movement": null, "downthrown_side_dir": null, "vert_sep_rate": null, "strike_slip_rate": null, "exposure_quality": "1", "shortening_rate": null, "notes": null, "index_right": 46, "NAME_EN": "Mongolia" }, "geometry": { "type": "LineString", "coordinates": [ [ 101.519318915905757, 43.7493432085354 ], [ 101.150086950898952, 43.733958543326779 ], [ 100.842393646726606, 43.780112538952629 ], [ 100.642392999014589, 43.833958867182794 ], [ 100.396238355676715, 43.833958867182794 ], [ 100.196237707964698, 43.733958543326779 ], [ 100.134699047130226, 43.710881545513857 ] ] } },
{ "type": "Feature", "properties": { "average_dip": null, "average_rake": null, "catalog_id": "GAF_713", "catalog_name": "HimaTibetMap", "dip_dir": null, "lower_seis_depth": null, "name": null, "net_slip_rate": null, "slip_type": "Dextral", "upper_seis_depth": null, "downthrown_side_id": null, "reference": null, "epistemic_quality": null, "accuracy": null, "activity_confidence": null, "fs_name": null, "last_movement": null, "downthrown_side_dir": null, "vert_sep_rate": null, "strike_slip_rate": null, "exposure_quality": "1", "shortening_rate": null, "notes": null, "index_right": 46, "NAME_EN": "Mongolia" }, "geometry": { "type": "LineString", "coordinates": [ [ 97.134689331449906, 44.741654114491197 ], [ 97.603921620312718, 44.633961458030875 ], [ 98.08853857438416, 44.403191479901622 ], [ 99.042387817318414, 44.033959514894811 ] ] } },
{ "type": "Feature", "properties": { "average_dip": null, "average_rake": null, "catalog_id": "GAF_714", "catalog_name": "HimaTibetMap", "dip_dir": null, "lower_seis_depth": null, "name": null, "net_slip_rate": null, "slip_type": "Reverse", "upper_seis_depth": null, "downthrown_side_id": null, "reference": null, "epistemic_quality": null, "accuracy": null, "activity_confidence": null, "fs_name": null, "last_movement": null, "downthrown_side_dir": null, "vert_sep_rate": null, "strike_slip_rate": null, "exposure_quality": "1", "shortening_rate": null, "notes": null, "index_right": 46, "NAME_EN": "Mongolia" }, "geometry": { "type": "LineString", "coordinates": [ [ 95.551607281483214, 44.472422473340401 ], [ 95.82083892263401, 44.341652819067157 ], [ 96.090070563784806, 44.287806490836992 ], [ 96.374686870144231, 44.249344827815449 ], [ 96.597764515669169, 44.249344827815449 ] ] } },
{ "type": "Feature", "properties": { "average_dip": null, "average_rake": null, "catalog_id": "GAF_715", "catalog_name": "HimaTibetMap", "dip_dir": null, "lower_seis_depth": null, "name": null, "net_slip_rate": null, "slip_type": "Anticline", "upper_seis_depth": null, "downthrown_side_id": null, "reference": null, "epistemic_quality": null, "accuracy": null, "activity_confidence": null, "fs_name": null, "last_movement": null, "downthrown_side_dir": null, "vert_sep_rate": null, "strike_slip_rate": null, "exposure_quality": "1", "shortening_rate": null, "notes": null, "index_right": 46, "NAME_EN": "Mongolia" }, "geometry": { "type": "LineString", "coordinates": [ [ 101.828550686598959, 44.633961458030875 ], [ 102.143936323375613, 44.57242279719641 ], [ 102.428552629735023, 44.50319180375763 ], [ 102.782399929533227, 44.50319180375763 ] ] } },
{ "type": "Feature", "properties": { "average_dip": null, "average_rake": null, "catalog_id": "GAF_717", "catalog_name": "HimaTibetMap", "dip_dir": null, "lower_seis_depth": null, "name": null, "net_slip_rate": null, "slip_type": "Dextral", "upper_seis_depth": null, "downthrown_side_id": null, "reference": null, "epistemic_quality": null, "accuracy": null, "activity_confidence": null, "fs_name": null, "last_movement": null, "downthrown_side_dir": null, "vert_sep_rate": null, "strike_slip_rate": null, "exposure_quality": "1", "shortening_rate": null, "notes": null, "index_right": 46, "NAME_EN": "Mongolia" }, "geometry": { "type": "LineString", "coordinates": [ [ 96.527376872246123, 44.725901870957777 ], [ 97.320666634930049, 44.361417385400301 ], [ 97.856673231338092, 44.039813427555472 ], [ 98.510601278955917, 43.728929601638804 ] ] } },
{ "type": "Feature", "properties": { "average_dip": null, "average_rake": null, "catalog_id": "GAF_718", "catalog_name": "HimaTibetMap", "dip_dir": null, "lower_seis_depth": null, "name": null, "net_slip_rate": null, "slip_type": "Reverse", "upper_seis_depth": null, "downthrown_side_id": null, "reference": null, "epistemic_quality": null, "accuracy": null, "activity_confidence": null, "fs_name": null, "last_movement": null, "downthrown_side_dir": null, "vert_sep_rate": null, "strike_slip_rate": null, "exposure_quality": "1", "shortening_rate": null, "notes": null, "index_right": 46, "NAME_EN": "Mongolia" }, "geometry": { "type": "LineString", "coordinates": [ [ 99.968483249503507, 45.294166036209845 ], [ 99.587284997705609, 45.435043651004719 ], [ 99.40497279032401, 45.488908621367464 ], [ 99.189512908873013, 45.493052080626143 ], [ 99.011344160750085, 45.472334784332773 ], [ 98.829031953368485, 45.422613273228698 ] ] } },
{ "type": "Feature", "properties": { "average_dip": null, "average_rake": null, "catalog_id": "GAF_720", "catalog_name": "HimaTibetMap", "dip_dir": null, "lower_seis_depth": null, "name": null, "net_slip_rate": null, "slip_type": "Reverse", "upper_seis_depth": null, "downthrown_side_id": null, "reference": null, "epistemic_quality": null, "accuracy": null, "activity_confidence": null, "fs_name": null, "last_movement": null, "downthrown_side_dir": null, "vert_sep_rate": null, "strike_slip_rate": null, "exposure_quality": "1", "shortening_rate": null, "notes": null, "index_right": 46, "NAME_EN": "Mongolia" }, "geometry": { "type": "LineString", "coordinates": [ [ 98.853892708920526, 45.480621702850122 ], [ 98.626002449693516, 45.571777806540922 ], [ 98.427116405277218, 45.584208184316942 ], [ 98.128787338652785, 45.575921265799593 ] ] } },
{ "type": "Feature", "properties": { "average_dip": null, "average_rake": null, "catalog_id": "GAF_724", "catalog_name": "HimaTibetMap", "dip_dir": null, "lower_seis_depth": null, "name": null, "net_slip_rate": null, "slip_type": "Anticline", "upper_seis_depth": null, "downthrown_side_id": null, "reference": null, "epistemic_quality": null, "accuracy": null, "activity_confidence": null, "fs_name": null, "last_movement": null, "downthrown_side_dir": null, "vert_sep_rate": null, "strike_slip_rate": null, "exposure_quality": "1", "shortening_rate": null, "notes": null, "index_right": 46, "NAME_EN": "Mongolia" }, "geometry": { "type": "LineString", "coordinates": [ [ 95.168195060159761, 45.775163388745938 ], [ 95.597107834983319, 45.783256082610528 ], [ 95.856074038650362, 45.831812245798105 ] ] } },
{ "type": "Feature", "properties": { "average_dip": null, "average_rake": null, "catalog_id": "GAF_725", "catalog_name": "HimaTibetMap", "dip_dir": null, "lower_seis_depth": null, "name": null, "net_slip_rate": null, "slip_type": "Anticline", "upper_seis_depth": null, "downthrown_side_id": null, "reference": null, "epistemic_quality": null, "accuracy": null, "activity_confidence": null, "fs_name": null, "last_movement": null, "downthrown_side_dir": null, "vert_sep_rate": null, "strike_slip_rate": null, "exposure_quality": "1", "shortening_rate": null, "notes": null, "index_right": 46, "NAME_EN": "Mongolia" }, "geometry": { "type": "LineString", "coordinates": [ [ 99.796406681321841, 45.410992164839143 ], [ 100.023002109530509, 45.378621389380761 ], [ 100.209134068416191, 45.378621389380761 ], [ 100.460007578218651, 45.24913828754724 ] ] } },
{ "type": "Feature", "properties": { "average_dip": null, "average_rake": null, "catalog_id": "GAF_726", "catalog_name": "HimaTibetMap", "dip_dir": null, "lower_seis_depth": null, "name": null, "net_slip_rate": null, "slip_type": "Anticline", "upper_seis_depth": null, "downthrown_side_id": null, "reference": null, "epistemic_quality": null, "accuracy": null, "activity_confidence": null, "fs_name": null, "last_movement": null, "downthrown_side_dir": null, "vert_sep_rate": null, "strike_slip_rate": null, "exposure_quality": "1", "shortening_rate": null, "notes": null, "index_right": 46, "NAME_EN": "Mongolia" }, "geometry": { "type": "LineString", "coordinates": [ [ 99.07615692737285, 44.90924514523423 ], [ 99.335123131039907, 44.933523226828022 ], [ 99.537440477654783, 44.933523226828022 ] ] } },
{ "type": "Feature", "properties": { "average_dip": null, "average_rake": null, "catalog_id": "GAF_800", "catalog_name": "HimaTibetMap", "dip_dir": null, "lower_seis_depth": null, "name": null, "net_slip_rate": null, "slip_type": "Sinistral", "upper_seis_depth": null, "downthrown_side_id": null, "reference": null, "epistemic_quality": null, "accuracy": null, "activity_confidence": null, "fs_name": null, "last_movement": null, "downthrown_side_dir": null, "vert_sep_rate": null, "strike_slip_rate": null, "exposure_quality": "2", "shortening_rate": null, "notes": null, "index_right": 46, "NAME_EN": "Mongolia" }, "geometry": { "type": "LineString", "coordinates": [ [ 96.731469329793072, 42.937664116428927 ], [ 97.312526117212784, 42.957700557374437 ], [ 98.300990537191169, 42.910948861834918 ], [ 98.875368510962389, 42.877554793592402 ], [ 99.476461739327618, 42.877554793592402 ], [ 100.211131240662894, 42.864197166295398 ], [ 100.638575314167056, 42.864197166295398 ] ] } },
{ "type": "Feature", "properties": { "average_dip": null, "average_rake": null, "catalog_id": "GAF_801", "catalog_name": "HimaTibetMap", "dip_dir": null, "lower_seis_depth": null, "name": null, "net_slip_rate": null, "slip_type": "Sinistral", "upper_seis_depth": null, "downthrown_side_id": null, "reference": null, "epistemic_quality": null, "accuracy": null, "activity_confidence": null, "fs_name": null, "last_movement": null, "downthrown_side_dir": null, "vert_sep_rate": null, "strike_slip_rate": null, "exposure_quality": "1", "shortening_rate": null, "notes": null, "index_right": 46, "NAME_EN": "Mongolia" }, "geometry": { "type": "LineString", "coordinates": [ [ 99.322849025412054, 43.251568357908546 ], [ 100.137664290529372, 43.271604798854057 ], [ 101.132807524156249, 43.218174289666038 ], [ 101.620360920496935, 43.218174289666038 ], [ 102.25484821710468, 43.178101407775017 ], [ 103.083021109518995, 43.131349712235505 ] ] } },
{ "type": "Feature", "properties": { "average_dip": null, "average_rake": null, "catalog_id": "GAF_802", "catalog_name": "HimaTibetMap", "dip_dir": null, "lower_seis_depth": null, "name": null, "net_slip_rate": null, "slip_type": "Anticline", "upper_seis_depth": null, "downthrown_side_id": null, "reference": null, "epistemic_quality": null, "accuracy": null, "activity_confidence": null, "fs_name": null, "last_movement": null, "downthrown_side_dir": null, "vert_sep_rate": null, "strike_slip_rate": null, "exposure_quality": "1", "shortening_rate": null, "notes": null, "index_right": 46, "NAME_EN": "Mongolia" }, "geometry": { "type": "LineString", "coordinates": [ [ 103.900750740406181, 43.540521533112212 ], [ 104.072120975745293, 43.506859522599171 ], [ 104.185347738380059, 43.482378060407868 ], [ 104.350597608171341, 43.482378060407868 ] ] } },
{ "type": "Feature", "properties": { "average_dip": "(90,,)", "average_rake": "(135,90,112.5)", "catalog_id": "NEA_1", "catalog_name": "GEM_NE_Asia", "dip_dir": null, "lower_seis_depth": null, "name": "Har-Us-Nuur Fault", "net_slip_rate": null, "slip_type": "Dextral-Reverse", "upper_seis_depth": null, "downthrown_side_id": null, "reference": "DEM; Nissen et al. 2009", "epistemic_quality": "1", "accuracy": "60000", "activity_confidence": "1", "fs_name": null, "last_movement": null, "downthrown_side_dir": null, "vert_sep_rate": null, "strike_slip_rate": "(2.4,2.0,2.8)", "exposure_quality": "1", "shortening_rate": null, "notes": "Slip rate from Gregory", "index_right": 46, "NAME_EN": "Mongolia" }, "geometry": { "type": "LineString", "coordinates": [ [ 93.369220159992238, 46.982258698149579 ], [ 93.385355267593681, 46.973808283451184 ], [ 93.446996537896609, 46.92988002573383 ], [ 93.463747278168725, 46.921133237915157 ], [ 93.477737460039094, 46.910941456741249 ], [ 93.4898840950855, 46.90126021830099 ], [ 93.505383156050684, 46.880044376870799 ], [ 93.522850441260545, 46.87268627693684 ], [ 93.542420587125036, 46.858876604754762 ], [ 93.560641161101842, 46.843514912024006 ], [ 93.572268026815735, 46.822345474199793 ], [ 93.599601669758897, 46.818777116240319 ], [ 93.626992112438558, 46.809261975795927 ], [ 93.661151763759619, 46.805820312875191 ], [ 93.676084570875261, 46.800183223697346 ], [ 93.716813386348619, 46.779172096304428 ], [ 93.736205082853502, 46.758002515627247 ] ] } },
{ "type": "Feature", "properties": { "average_dip": "(90,,)", "average_rake": null, "catalog_id": "NEA_2", "catalog_name": "GEM_NE_Asia", "dip_dir": null, "lower_seis_depth": null, "name": "Erzin Fault", "net_slip_rate": null, "slip_type": "Sinistral", "upper_seis_depth": null, "downthrown_side_id": null, "reference": "DEM", "epistemic_quality": "1", "accuracy": "50000", "activity_confidence": "1", "fs_name": null, "last_movement": null, "downthrown_side_dir": null, "vert_sep_rate": null, "strike_slip_rate": null, "exposure_quality": "1", "shortening_rate": null, "notes": null, "index_right": 46, "NAME_EN": "Mongolia" }, "geometry": { "type": "LineString", "coordinates": [ [ 93.304978308937905, 49.744895794122712 ], [ 93.332011113158941, 49.754931134890498 ], [ 93.339776900553332, 49.756582321139895 ], [ 93.351671334410597, 49.756455308809031 ], [ 93.385585216069686, 49.774995587957413 ], [ 93.406818255021477, 49.782358936440886 ], [ 93.419204194410042, 49.789372120039289 ], [ 93.440191480596155, 49.792640361004004 ], [ 93.474301964467799, 49.804156772476439 ], [ 93.497501025544736, 49.815575301917924 ], [ 93.524730431978284, 49.825088685446985 ], [ 93.532889423797712, 49.828956926405361 ], [ 93.537018070260558, 49.83314188789145 ], [ 93.561789949037646, 49.843032175589876 ] ] } },
{ "type": "Feature", "properties": { "average_dip": "(90,,)", "average_rake": null, "catalog_id": "NEA_3", "catalog_name": "GEM_NE_Asia", "dip_dir": null, "lower_seis_depth": null, "name": null, "net_slip_rate": null, "slip_type": "Sinistral", "upper_seis_depth": null, "downthrown_side_id": null, "reference": "DEM", "epistemic_quality": "1", "accuracy": "80000", "activity_confidence": "1", "fs_name": null, "last_movement": null, "downthrown_side_dir": null, "vert_sep_rate": null, "strike_slip_rate": null, "exposure_quality": "1", "shortening_rate": null, "notes": null, "index_right": 46, "NAME_EN": "Mongolia" }, "geometry": { "type": "LineString", "coordinates": [ [ 92.874858736450946, 49.696643704035573 ], [ 92.915416720182876, 49.71118493505535 ], [ 92.92750086424563, 49.713952392049869 ], [ 92.956233062930764, 49.716953811017824 ], [ 93.029631632788011, 49.745358589590133 ], [ 93.079862133428534, 49.757439435692653 ], [ 93.10021951292822, 49.764269734641893 ], [ 93.116110772142008, 49.766908754175176 ], [ 93.153233282204425, 49.777814847606379 ] ] } },
{ "type": "Feature", "properties": { "average_dip": "(45,20,60)", "average_rake": null, "catalog_id": "NEA_4", "catalog_name": "GEM_NE_Asia", "dip_dir": "S", "lower_seis_depth": null, "name": null, "net_slip_rate": null, "slip_type": "Sinistral-Reverse", "upper_seis_depth": null, "downthrown_side_id": null, "reference": "DEM; Rizza et al. 2015 BSSA", "epistemic_quality": "1", "accuracy": "80000", "activity_confidence": "1", "fs_name": null, "last_movement": null, "downthrown_side_dir": "N", "vert_sep_rate": null, "strike_slip_rate": null, "exposure_quality": "1", "shortening_rate": null, "notes": null, "index_right": 46, "NAME_EN": "Mongolia" }, "geometry": { "type": "LineString", "coordinates": [ [ 93.017232325793842, 49.650055363944105 ], [ 93.041095730914819, 49.655152429745947 ], [ 93.060175688245323, 49.661549880391604 ], [ 93.074899207798765, 49.662126893406466 ], [ 93.096843476886505, 49.673278642212502 ], [ 93.11163144560652, 49.678132927613809 ], [ 93.131503307733226, 49.687391782104939 ], [ 93.15904403442201, 49.694593597938152 ], [ 93.181737038354186, 49.6988173007664 ], [ 93.20886401627277, 49.697028834222102 ], [ 93.23839777741459, 49.702629086227333 ], [ 93.267619349048019, 49.702711189156027 ], [ 93.302915396277513, 49.706596390601312 ], [ 93.319741719791509, 49.709229281404347 ], [ 93.344206962241643, 49.715907800953055 ], [ 93.354848101963682, 49.716762917305992 ], [ 93.357260266143541, 49.718652384025944 ] ] } },
{ "type": "Feature", "properties": { "average_dip": "(90,,)", "average_rake": null, "catalog_id": "NEA_5", "catalog_name": "GEM_NE_Asia", "dip_dir": null, "lower_seis_depth": null, "name": "Bulnay Fault", "net_slip_rate": null, "slip_type": "Sinistral", "upper_seis_depth": null, "downthrown_side_id": null, "reference": "DEM; Rizza et al. 2015", "epistemic_quality": "1", "accuracy": "40000", "activity_confidence": "1", "fs_name": null, "last_movement": "1905", "downthrown_side_dir": null, "vert_sep_rate": null, "strike_slip_rate": null, "exposure_quality": "1", "shortening_rate": null, "notes": "Bulnay rupture", "index_right": 46, "NAME_EN": "Mongolia" }, "geometry": { "type": "LineString", "coordinates": [ [ 93.846741391118698, 49.451239002909325 ], [ 93.932866289967194, 49.425296220511882 ], [ 93.971083540385266, 49.419145590710229 ], [ 94.008810459995871, 49.417152075750622 ], [ 94.106605911803911, 49.402592332168332 ], [ 94.189601384232446, 49.396228227315504 ], [ 94.244948972501845, 49.398457590727908 ], [ 94.304444173254183, 49.393740896057096 ], [ 94.330483200959833, 49.394731353998054 ], [ 94.362934945730615, 49.390711749096347 ], [ 94.440643845878853, 49.386894847465321 ], [ 94.450076405015508, 49.384779842506575 ], [ 94.523827204325215, 49.382280546098158 ], [ 94.627652850283383, 49.370006864282736 ], [ 94.673121884957993, 49.361978008664359 ], [ 94.758223629184911, 49.352937288236298 ], [ 94.876499736350794, 49.337639534257818 ], [ 94.950478452237363, 49.334666593172919 ], [ 94.970982181556749, 49.330978737286891 ], [ 94.999871473155565, 49.328786736065723 ], [ 95.008340385644189, 49.326312194051219 ], [ 95.032863033118588, 49.323972498807819 ], [ 95.048913804341552, 49.324309512044756 ], [ 95.090494390486725, 49.318224493717096 ], [ 95.113679850030721, 49.311781100864266 ], [ 95.14085029006813, 49.308827381812193 ], [ 95.169090351780355, 49.302308452123548 ], [ 95.189467631605623, 49.299752816726262 ], [ 95.245388817880595, 49.295800772028635 ], [ 95.281605807376096, 49.296337316939699 ], [ 95.295115359985715, 49.294076810173124 ], [ 95.436328316130343, 49.282114454123125 ], [ 95.483116263828592, 49.276423029839087 ], [ 95.503046456125972, 49.276918072977089 ], [ 95.532667640630621, 49.273780880351794 ], [ 95.576283773540425, 49.272573420200409 ], [ 95.915317275794337, 49.268071560142246 ], [ 95.931588065584123, 49.26920324114527 ], [ 96.053196967958854, 49.26146690502825 ], [ 96.082390360604975, 49.261755484292586 ], [ 96.124264685919968, 49.258559153305974 ], [ 96.190425204463537, 49.256940574304863 ], [ 96.263487329354462, 49.251243521157967 ], [ 96.286895784406326, 49.247977914646235 ], [ 96.496602980610874, 49.236618260500315 ], [ 96.524973374607143, 49.233792453765432 ], [ 96.5419406420813, 49.234325512042574 ], [ 96.663016387690845, 49.22926138294612 ], [ 96.683494573743232, 49.230517705861224 ], [ 96.868829502293991, 49.222495964395641 ], [ 96.890177975640839, 49.220091566930087 ], [ 96.933877546432072, 49.219287967224929 ], [ 97.024001788453702, 49.214244225960314 ], [ 97.074302056431677, 49.209711196878324 ], [ 97.271390712696601, 49.187838381339645 ], [ 97.306030237799462, 49.186687526897998 ], [ 97.440271635046614, 49.174480263722991 ], [ 97.48037118013292, 49.173132384465632 ], [ 97.614697942426432, 49.162364134590476 ], [ 97.6328890091754, 49.162668773083894 ], [ 97.648481785613612, 49.15959376786288 ], [ 97.687274465351919, 49.158014248529213 ], [ 97.765039611689716, 49.160112554583684 ], [ 97.826869270406547, 49.155481934762072 ], [ 97.868251704834407, 49.154819615091249 ], [ 97.879289900483258, 49.154997125468185 ], [ 97.88800265497963, 49.157351739208025 ], [ 97.910377106452316, 49.157340313221724 ], [ 97.979515147552789, 49.153270960010843 ], [ 97.988266940948108, 49.154547290771326 ], [ 98.013337238032918, 49.152074520028158 ], [ 98.07264772013913, 49.151126662159051 ], [ 98.121397313519509, 49.146674057911476 ], [ 98.168492790007548, 49.147225600224047 ], [ 98.235712085790396, 49.144414371551811 ], [ 98.262174485952272, 49.144739500306358 ], [ 98.277831211349707, 49.149094086407743 ], [ 98.289556051884063, 49.149830261715834 ], [ 98.351486299545527, 49.148565939330773 ], [ 98.3885131259714, 49.145588913857523 ], [ 98.413170797728412, 49.147496415125381 ], [ 98.439146074510901, 49.152861401212576 ], [ 98.467974899736504, 49.15143316374543 ], [ 98.47660259611537, 49.153082809451554 ], [ 98.497837188599476, 49.153593349967842 ], [ 98.593686510178415, 49.144293732269425 ], [ 98.602680914407742, 49.143989294208808 ], [ 98.605101780420327, 49.146457110722764 ], [ 98.60977036518662, 49.146606410192369 ], [ 98.660213952984137, 49.145709296352145 ], [ 98.726609863954423, 49.142528738999331 ], [ 98.748421962814959, 49.139463258655269 ], [ 98.814090938117758, 49.13705214386907 ], [ 98.918159488185125, 49.139944998957738 ], [ 98.999645660371115, 49.144097731663933 ], [ 99.141422337236691, 49.16207199601412 ], [ 99.185318506808073, 49.160715429809251 ], [ 99.214089084520154, 49.164605962319015 ], [ 99.236979991928635, 49.17003045523235 ], [ 99.24966508224901, 49.175024890963513 ], [ 99.277253888478299, 49.179646492788443 ], [ 99.321461750698617, 49.181592828972327 ], [ 99.363341149385903, 49.185832516075401 ], [ 99.388404926523435, 49.183977862139358 ], [ 99.414741933213378, 49.184832097318164 ] ] } },
{ "type": "Feature", "properties": { "average_dip": "(90,,)", "average_rake": "(0,,)", "catalog_id": "NEA_6", "catalog_name": "GEM_NE_Asia", "dip_dir": null, "lower_seis_depth": null, "name": "Erzin-Agar-Dag Fault", "net_slip_rate": null, "slip_type": "Sinistral", "upper_seis_depth": null, "downthrown_side_id": null, "reference": "DEM; Arzannikov and Arzannikova 2009", "epistemic_quality": "1", "accuracy": "85000", "activity_confidence": "1", "fs_name": null, "last_movement": null, "downthrown_side_dir": null, "vert_sep_rate": null, "strike_slip_rate": null, "exposure_quality": "2", "shortening_rate": null, "notes": "Little geomorphic expression of this section of the fault trace", "index_right": 46, "NAME_EN": "Mongolia" }, "geometry": { "type": "LineString", "coordinates": [ [ 93.563815108545413, 49.842674505701133 ], [ 93.609522665657622, 49.85524371641543 ], [ 93.638705416954295, 49.8709238760921 ], [ 93.649147835839727, 49.883160795222913 ], [ 93.677285259064533, 49.894937481502168 ], [ 93.690803663654279, 49.90254460294836 ], [ 93.725909432092166, 49.914244129136193 ], [ 93.730773003476088, 49.918211714226658 ], [ 93.757307746273966, 49.931363901043255 ], [ 93.768499448450868, 49.941973780000623 ], [ 93.779836516888793, 49.949528296341462 ], [ 93.842290458336564, 49.979646927269769 ] ] } },
{ "type": "Feature", "properties": { "average_dip": "(70,45,90)", "average_rake": "(22.5,0,67.5)", "catalog_id": "NEA_7", "catalog_name": "GEM_NE_Asia", "dip_dir": "N", "lower_seis_depth": null, "name": "Erzin-Agar-Dag Fault", "net_slip_rate": null, "slip_type": "Sinistral-Reverse", "upper_seis_depth": null, "downthrown_side_id": null, "reference": "DEM; Arzhannikov and Arzhannikova, 2009", "epistemic_quality": "1", "accuracy": "60000", "activity_confidence": "1", "fs_name": null, "last_movement": null, "downthrown_side_dir": "S", "vert_sep_rate": null, "strike_slip_rate": null, "exposure_quality": "1", "shortening_rate": null, "notes": null, "index_right": 46, "NAME_EN": "Mongolia" }, "geometry": { "type": "LineString", "coordinates": [ [ 93.84221151403419, 49.979645458364026 ], [ 93.866998091652306, 49.98015496479848 ], [ 93.873986580698698, 49.982932672345179 ], [ 93.893964817719677, 49.985029482858735 ], [ 93.906772189345531, 49.988522113587273 ], [ 93.932709226714579, 49.999177176007095 ], [ 93.951212346036201, 50.013873099690031 ] ] } },
{ "type": "Feature", "properties": { "average_dip": "(90,,)", "average_rake": "(0,,)", "catalog_id": "NEA_8", "catalog_name": "GEM_NE_Asia", "dip_dir": null, "lower_seis_depth": null, "name": "Erzin-Agar-Dag Fault", "net_slip_rate": null, "slip_type": "Sinistral", "upper_seis_depth": null, "downthrown_side_id": null, "reference": "DEM; Arzhannikov and Arzhannikova, 2009", "epistemic_quality": "1", "accuracy": "80000", "activity_confidence": "1", "fs_name": null, "last_movement": null, "downthrown_side_dir": null, "vert_sep_rate": null, "strike_slip_rate": null, "exposure_quality": "1", "shortening_rate": null, "notes": null, "index_right": 46, "NAME_EN": "Mongolia" }, "geometry": { "type": "LineString", "coordinates": [ [ 93.951511047769216, 50.014285966260459 ], [ 94.001643771076388, 50.040838513472643 ], [ 94.027870914094635, 50.057183136203491 ], [ 94.061767857321769, 50.072223515533146 ], [ 94.109241075109296, 50.088902351699836 ], [ 94.144588492253433, 50.108628974243622 ], [ 94.224381310882819, 50.144520664903759 ], [ 94.338358068896071, 50.204693367283447 ], [ 94.383424956112563, 50.233451010845158 ], [ 94.402557340390032, 50.240847935446695 ] ] } },
{ "type": "Feature", "properties": { "average_dip": "(90,,)", "average_rake": null, "catalog_id": "NEA_14", "catalog_name": "GEM_NE_Asia", "dip_dir": null, "lower_seis_depth": null, "name": "Har-Us-Nuur Fault", "net_slip_rate": null, "slip_type": "Dextral", "upper_seis_depth": null, "downthrown_side_id": null, "reference": "DEM, ...", "epistemic_quality": "1", "accuracy": "70000", "activity_confidence": "1", "fs_name": null, "last_movement": null, "downthrown_side_dir": null, "vert_sep_rate": null, "strike_slip_rate": null, "exposure_quality": "2", "shortening_rate": null, "notes": null, "index_right": 46, "NAME_EN": "Mongolia" }, "geometry": { "type": "LineString", "coordinates": [ [ 91.331001505185299, 50.182447615645962 ], [ 91.346032312408312, 50.165090435965993 ], [ 91.357472986117372, 50.155808545564668 ], [ 91.386227887049927, 50.127458516045017 ], [ 91.423106888906517, 50.087886174860351 ], [ 91.451466226759891, 50.065100745087044 ], [ 91.506345521223452, 50.036017955253527 ], [ 91.535773929594384, 50.024030628671028 ], [ 91.55436597074403, 50.013140263646001 ], [ 91.611773954882153, 49.971395077262017 ], [ 91.626685649924667, 49.95579465852741 ], [ 91.667981350772124, 49.922807677117255 ], [ 91.707654393145717, 49.876137804917441 ], [ 91.759025697176881, 49.80715764904285 ], [ 91.803741097411702, 49.764094958156129 ], [ 91.823710000186935, 49.742712899106962 ], [ 91.832755702017522, 49.721763321941879 ], [ 91.848426654568897, 49.692969090367598 ], [ 91.855844029714746, 49.664637126535588 ], [ 91.856301680102405, 49.649249236792812 ], [ 91.865195325243462, 49.627186408771664 ], [ 91.878789216633663, 49.604738374457717 ], [ 91.887675529202255, 49.583768878019107 ], [ 91.903015682021476, 49.561684983685879 ], [ 91.91447804063354, 49.533734438930537 ] ] } },
{ "type": "Feature", "properties": { "average_dip": "(90,,)", "average_rake": null, "catalog_id": "NEA_15", "catalog_name": "GEM_NE_Asia", "dip_dir": null, "lower_seis_depth": null, "name": "Har-Us-Nuur Fault", "net_slip_rate": null, "slip_type": "Dextral", "upper_seis_depth": null, "downthrown_side_id": null, "reference": "DEM, ...", "epistemic_quality": "1", "accuracy": "70000", "activity_confidence": "1", "fs_name": null, "last_movement": null, "downthrown_side_dir": null, "vert_sep_rate": null, "strike_slip_rate": null, "exposure_quality": "2", "shortening_rate": null, "notes": null, "index_right": 46, "NAME_EN": "Mongolia" }, "geometry": { "type": "LineString", "coordinates": [ [ 92.057613974341137, 49.243691786695692 ], [ 92.060996303846736, 49.223919622621473 ], [ 92.058176270192888, 49.199784064521438 ], [ 92.059535576519806, 49.18269923340187 ], [ 92.059326300791099, 49.169429130618063 ], [ 92.057896300518252, 49.164890181519105 ], [ 92.060124552305766, 49.158058550285034 ], [ 92.045336485070337, 49.068717379716674 ] ] } },
{ "type": "Feature", "properties": { "average_dip": "(90,,)", "average_rake": null, "catalog_id": "NEA_16", "catalog_name": "GEM_NE_Asia", "dip_dir": null, "lower_seis_depth": null, "name": "Har-Us-Nuur Fault", "net_slip_rate": null, "slip_type": "Dextral", "upper_seis_depth": null, "downthrown_side_id": null, "reference": "DEM; Gregory et al., 2014", "epistemic_quality": "1", "accuracy": "60000", "activity_confidence": "1", "fs_name": null, "last_movement": null, "downthrown_side_dir": null, "vert_sep_rate": null, "strike_slip_rate": "(2.4,2.0,2.8)", "exposure_quality": "1", "shortening_rate": null, "notes": "Slip rate from Gregory", "index_right": 46, "NAME_EN": "Mongolia" }, "geometry": { "type": "LineString", "coordinates": [ [ 91.723341177368951, 49.554325728662832 ], [ 91.71395041996962, 49.530628519324758 ], [ 91.7135344332046, 49.506296766417691 ], [ 91.718469340724155, 49.483821438655156 ], [ 91.720683468621061, 49.463317507551565 ], [ 91.737042469032289, 49.431178556210256 ], [ 91.754944674806424, 49.412772115091478 ], [ 91.765198013380612, 49.409280264122579 ], [ 91.77200412838782, 49.404003361751307 ], [ 91.783761673161976, 49.390341119373936 ], [ 91.794109523530892, 49.368336743367891 ], [ 91.80821836024225, 49.351718263948925 ], [ 91.82348577322, 49.325054394829209 ], [ 91.828176879858873, 49.315829244736761 ], [ 91.830826200257661, 49.298240540169779 ], [ 91.85186369382086, 49.271643324511693 ], [ 91.884289364546888, 49.247383612371138 ], [ 91.919377499397541, 49.226248736571819 ], [ 91.942277935772566, 49.209372540098393 ], [ 91.965909110318748, 49.178149044169174 ], [ 91.97495106817189, 49.16022821304604 ], [ 92.007058691883458, 49.117272474675993 ], [ 92.030216791391723, 49.088230383617265 ], [ 92.038901847718449, 49.079548983345148 ], [ 92.048690849016253, 49.059575895800229 ], [ 92.058742835103914, 49.046795188107666 ], [ 92.064307181439162, 49.029577547640116 ], [ 92.064230929628849, 49.019903914210857 ], [ 92.09492717928832, 48.936396076668821 ], [ 92.103317140489452, 48.914851303411076 ], [ 92.133430713963207, 48.850655861419582 ], [ 92.149360941960694, 48.790400151570175 ], [ 92.16196448381119, 48.751307760490441 ], [ 92.166124116269543, 48.729617303179282 ], [ 92.179238395160993, 48.688882111098536 ], [ 92.182885214854451, 48.662752867057328 ], [ 92.194699310354494, 48.636065025043791 ], [ 92.206024528415583, 48.615715217680638 ], [ 92.226108358075592, 48.544809190607822 ], [ 92.23493208616442, 48.526861328981518 ], [ 92.243171168506763, 48.494248662844896 ], [ 92.251767869782611, 48.473528882736602 ], [ 92.252560624697551, 48.462778178355926 ], [ 92.266141047966372, 48.419284966306535 ], [ 92.281505441695046, 48.322517024078415 ], [ 92.310805511211754, 48.23227484104271 ], [ 92.327424055985972, 48.190806543590675 ], [ 92.337012718208115, 48.149110905211877 ], [ 92.386415108934045, 48.006398512311513 ], [ 92.409483495480714, 47.967745733612567 ], [ 92.424645761286058, 47.93588861761021 ], [ 92.432733346536111, 47.922945622323311 ], [ 92.436615910546095, 47.911322228556706 ], [ 92.45334987914147, 47.886003936454941 ], [ 92.470250505620896, 47.867043986706008 ], [ 92.489019579217995, 47.841506827443965 ], [ 92.543822135095709, 47.776575838341877 ], [ 92.60011079198182, 47.724374254396928 ], [ 92.615474690065739, 47.702169660221685 ], [ 92.646200484722343, 47.669912915916875 ], [ 92.663572435300566, 47.65411631493685 ], [ 92.676414910905521, 47.645094154075004 ], [ 92.686456244291335, 47.625350772754437 ], [ 92.701544382184508, 47.612936560030022 ], [ 92.725218371730904, 47.587225727241609 ], [ 92.761251830936018, 47.52952896058212 ], [ 92.770295651771661, 47.508506489007971 ], [ 92.778699985720678, 47.471161477606088 ], [ 92.783771975724278, 47.45860723108084 ] ] } },
{ "type": "Feature", "properties": { "average_dip": "(90,,)", "average_rake": null, "catalog_id": "NEA_17", "catalog_name": "GEM_NE_Asia", "dip_dir": null, "lower_seis_depth": null, "name": "Har-Us-Nuur Fault", "net_slip_rate": null, "slip_type": "Dextral", "upper_seis_depth": null, "downthrown_side_id": null, "reference": "DEM; Gregory et al., 2014", "epistemic_quality": "1", "accuracy": "60000", "activity_confidence": "1", "fs_name": null, "last_movement": null, "downthrown_side_dir": null, "vert_sep_rate": null, "strike_slip_rate": "(2.4,2.0,2.8)", "exposure_quality": "1", "shortening_rate": null, "notes": "Slip rate from Gregory", "index_right": 46, "NAME_EN": "Mongolia" }, "geometry": { "type": "LineString", "coordinates": [ [ 91.723341177368951, 49.554325728662832 ], [ 91.71395041996962, 49.530628519324758 ], [ 91.7135344332046, 49.506296766417691 ], [ 91.718469340724155, 49.483821438655156 ], [ 91.720683468621061, 49.463317507551565 ], [ 91.737042469032289, 49.431178556210256 ], [ 91.754944674806424, 49.412772115091478 ], [ 91.765198013380612, 49.409280264122579 ], [ 91.77200412838782, 49.404003361751307 ], [ 91.783761673161976, 49.390341119373936 ], [ 91.794109523530892, 49.368336743367891 ], [ 91.80821836024225, 49.351718263948925 ], [ 91.82348577322, 49.325054394829209 ], [ 91.828176879858873, 49.315829244736761 ], [ 91.830826200257661, 49.298240540169779 ], [ 91.85186369382086, 49.271643324511693 ], [ 91.884289364546888, 49.247383612371138 ], [ 91.919377499397541, 49.226248736571819 ], [ 91.942277935772566, 49.209372540098393 ], [ 91.965909110318748, 49.178149044169174 ], [ 91.97495106817189, 49.16022821304604 ], [ 92.007058691883458, 49.117272474675993 ], [ 92.030216791391723, 49.088230383617265 ], [ 92.038901847718449, 49.079548983345148 ], [ 92.048690849016253, 49.059575895800229 ], [ 92.058742835103914, 49.046795188107666 ], [ 92.064307181439162, 49.029577547640116 ], [ 92.064230929628849, 49.019903914210857 ], [ 92.09492717928832, 48.936396076668821 ], [ 92.103317140489452, 48.914851303411076 ], [ 92.133430713963207, 48.850655861419582 ], [ 92.149360941960694, 48.790400151570175 ], [ 92.16196448381119, 48.751307760490441 ], [ 92.166124116269543, 48.729617303179282 ], [ 92.179238395160993, 48.688882111098536 ], [ 92.182885214854451, 48.662752867057328 ], [ 92.194699310354494, 48.636065025043791 ], [ 92.206024528415583, 48.615715217680638 ], [ 92.226108358075592, 48.544809190607822 ], [ 92.23493208616442, 48.526861328981518 ], [ 92.243171168506763, 48.494248662844896 ], [ 92.251767869782611, 48.473528882736602 ], [ 92.252560624697551, 48.462778178355926 ], [ 92.266141047966372, 48.419284966306535 ], [ 92.281505441695046, 48.322517024078415 ], [ 92.310805511211754, 48.23227484104271 ], [ 92.327424055985972, 48.190806543590675 ], [ 92.337012718208115, 48.149110905211877 ], [ 92.386415108934045, 48.006398512311513 ], [ 92.409483495480714, 47.967745733612567 ], [ 92.424645761286058, 47.93588861761021 ], [ 92.432733346536111, 47.922945622323311 ], [ 92.436615910546095, 47.911322228556706 ], [ 92.45334987914147, 47.886003936454941 ], [ 92.470250505620896, 47.867043986706008 ], [ 92.489019579217995, 47.841506827443965 ], [ 92.543822135095709, 47.776575838341877 ], [ 92.60011079198182, 47.724374254396928 ], [ 92.615474690065739, 47.702169660221685 ], [ 92.646200484722343, 47.669912915916875 ], [ 92.663572435300566, 47.65411631493685 ], [ 92.676414910905521, 47.645094154075004 ], [ 92.686456244291335, 47.625350772754437 ], [ 92.701544382184508, 47.612936560030022 ], [ 92.725218371730904, 47.587225727241609 ], [ 92.761251830936018, 47.52952896058212 ], [ 92.770295651771661, 47.508506489007971 ], [ 92.7812976204265, 47.464731783056962 ] ] } },
{ "type": "Feature", "properties": { "average_dip": "(90,,)", "average_rake": null, "catalog_id": "NEA_18", "catalog_name": "GEM_NE_Asia", "dip_dir": null, "lower_seis_depth": null, "name": "Har-Us-Nuur Fault", "net_slip_rate": null, "slip_type": "Dextral", "upper_seis_depth": null, "downthrown_side_id": null, "reference": "DEM", "epistemic_quality": "1", "accuracy": "60000", "activity_confidence": "1", "fs_name": null, "last_movement": null, "downthrown_side_dir": null, "vert_sep_rate": null, "strike_slip_rate": null, "exposure_quality": "1", "shortening_rate": null, "notes": null, "index_right": 46, "NAME_EN": "Mongolia" }, "geometry": { "type": "LineString", "coordinates": [ [ 91.924718943112595, 49.690468060485472 ], [ 91.928044279101556, 49.66599398932604 ], [ 91.929061710828449, 49.638537322917877 ], [ 91.931700013212563, 49.632413310344198 ], [ 91.928584165999922, 49.623876229276057 ], [ 91.933447328740314, 49.601252094113192 ], [ 91.948278879302009, 49.576214653200502 ], [ 91.952260210255389, 49.564058520603822 ], [ 91.96111817800913, 49.546823003957186 ], [ 91.976609034687669, 49.521114376405002 ], [ 91.98625627170837, 49.509568800746237 ], [ 92.001485204674324, 49.48674909754812 ], [ 92.006324158226263, 49.474206426379055 ], [ 92.014461482120311, 49.44450827321122 ], [ 92.015616379101658, 49.422443555424174 ], [ 92.021482133092718, 49.394462471639692 ], [ 92.018295976755695, 49.350143243769146 ], [ 92.019673879122465, 49.343559355339224 ], [ 92.038101029097888, 49.303714202251761 ], [ 92.059554265740616, 49.246700287486831 ], [ 92.069486331146095, 49.230598745349909 ], [ 92.077108565175379, 49.203641752596859 ], [ 92.088130990894982, 49.186884976141279 ] ] } },
{ "type": "Feature", "properties": { "average_dip": "(90,,)", "average_rake": null, "catalog_id": "NEA_19", "catalog_name": "GEM_NE_Asia", "dip_dir": "N", "lower_seis_depth": null, "name": null, "net_slip_rate": null, "slip_type": "Sinistral", "upper_seis_depth": null, "downthrown_side_id": null, "reference": "DEM, Google Earth", "epistemic_quality": "1", "accuracy": "60000", "activity_confidence": "1", "fs_name": null, "last_movement": null, "downthrown_side_dir": "S", "vert_sep_rate": null, "strike_slip_rate": null, "exposure_quality": "1", "shortening_rate": null, "notes": null, "index_right": 46, "NAME_EN": "Mongolia" }, "geometry": { "type": "LineString", "coordinates": [ [ 92.743799058082331, 50.660781151531914 ], [ 92.763099619772092, 50.664496021381687 ], [ 92.775603444079053, 50.669124555367347 ], [ 92.788581688256471, 50.676388990279975 ], [ 92.829385668471787, 50.693390277281537 ], [ 92.870232136734103, 50.706925281653703 ], [ 92.919862500422752, 50.729517391482574 ], [ 92.945626830315703, 50.738206126322972 ], [ 93.07593764430537, 50.774004407440003 ], [ 93.167515751667196, 50.793943300341745 ], [ 93.206769593242385, 50.800690823807081 ], [ 93.268896499378656, 50.804096270766934 ], [ 93.298031335370311, 50.797732047793183 ], [ 93.315994519777277, 50.796075505171942 ], [ 93.329229516520968, 50.797069965356194 ], [ 93.383354569590054, 50.795535393744672 ], [ 93.424214972141598, 50.797412010368205 ], [ 93.452598085529289, 50.79637847416474 ], [ 93.480861474716662, 50.797544983245196 ], [ 93.555148315351275, 50.802026388111486 ], [ 93.602222050075, 50.810460983641903 ], [ 93.61981615538464, 50.815930883051941 ] ] } },
{ "type": "Feature", "properties": { "average_dip": "(50,30,70)", "average_rake": "(67.5,45,90)", "catalog_id": "NEA_22", "catalog_name": "GEM_NE_Asia", "dip_dir": "N", "lower_seis_depth": null, "name": "Uureg Nuur Fault", "net_slip_rate": null, "slip_type": "Reverse-Sinistral", "upper_seis_depth": null, "downthrown_side_id": null, "reference": "DEM; Walker et al 2006", "epistemic_quality": "1", "accuracy": "60000", "activity_confidence": "1", "fs_name": null, "last_movement": "1970", "downthrown_side_dir": "S", "vert_sep_rate": null, "strike_slip_rate": null, "exposure_quality": "2", "shortening_rate": null, "notes": null, "index_right": 46, "NAME_EN": "Mongolia" }, "geometry": { "type": "LineString", "coordinates": [ [ 90.484787105886028, 50.384715567510952 ], [ 90.487939132189425, 50.380251754864702 ], [ 90.488545986537304, 50.375334911006142 ], [ 90.493128358661309, 50.370870543816594 ], [ 90.519068010877064, 50.359837409196757 ], [ 90.530615344290396, 50.350159540342041 ], [ 90.54050837651755, 50.345381613783765 ], [ 90.557344408494416, 50.340315938422208 ], [ 90.568016360711454, 50.334754939332235 ], [ 90.594212203827212, 50.328703749201132 ], [ 90.628979384405937, 50.310889211723619 ], [ 90.641089719693127, 50.308329391422063 ], [ 90.653827830854567, 50.301810064686443 ], [ 90.657879912306697, 50.299563168297993 ], [ 90.663861663007211, 50.292426966660592 ], [ 90.683508659956601, 50.289679193805924 ], [ 90.705997908385939, 50.27688080829639 ], [ 90.714314540037165, 50.275047935248452 ], [ 90.731539154644054, 50.276938312854753 ], [ 90.737683037520767, 50.274451894216526 ], [ 90.742327676162063, 50.269906004131009 ], [ 90.749157003347278, 50.267450085270646 ], [ 90.758088916018991, 50.269403037170179 ], [ 90.771455759878364, 50.274984605281894 ], [ 90.784654326698671, 50.274251754567011 ], [ 90.827637801639099, 50.264673427132067 ], [ 90.85082430352108, 50.251325566284017 ], [ 90.872008597008076, 50.250052393280392 ], [ 90.881888934169751, 50.2431884602507 ], [ 90.896054128281463, 50.241379549631532 ], [ 90.901887945831092, 50.246503345255164 ], [ 90.905446411258964, 50.247102259503038 ], [ 90.92398648936053, 50.2447078208817 ], [ 90.948620714665481, 50.245009659280441 ], [ 90.951394444441476, 50.243250072738213 ], [ 90.960665971707641, 50.243653512778273 ], [ 90.967106455195179, 50.246366805058372 ], [ 90.970907290613908, 50.246310537843847 ], [ 90.983789869830844, 50.243550347834166 ], [ 91.018356585083424, 50.252783752042198 ], [ 91.037237487196123, 50.25370414273425 ], [ 91.048092277425098, 50.252177306765354 ], [ 91.065693929607008, 50.258790097216377 ], [ 91.084155561032532, 50.260459194755569 ], [ 91.105514575251718, 50.260809758184557 ], [ 91.117383685764395, 50.256111599052332 ], [ 91.126440193593382, 50.248528862752529 ], [ 91.138049202656276, 50.24802079637508 ], [ 91.172263958414334, 50.25763537612017 ], [ 91.193784178055637, 50.258086948577755 ], [ 91.228056710178336, 50.244902581677643 ], [ 91.251125926815334, 50.241867949625778 ], [ 91.271425496415091, 50.237167382417596 ], [ 91.289688421576557, 50.235588067405267 ], [ 91.3171988610368, 50.225863346606609 ], [ 91.358863358787858, 50.215814854926982 ], [ 91.368455826935474, 50.212880414859406 ], [ 91.380062458983076, 50.206928652979784 ], [ 91.384478157272696, 50.200468496448003 ], [ 91.398224252464189, 50.193715325771628 ], [ 91.411136586268356, 50.192015157653181 ], [ 91.427580121840649, 50.185807711606067 ], [ 91.445721618036018, 50.183425059827414 ], [ 91.452578040957903, 50.180155056583402 ], [ 91.465527033799063, 50.178007860436615 ], [ 91.489919896936328, 50.178450298602165 ], [ 91.545931878041472, 50.174016029807689 ], [ 91.561344451922821, 50.179798050657283 ], [ 91.569451352102234, 50.186603918187579 ], [ 91.579247965878182, 50.188870413270166 ], [ 91.589524045153482, 50.196726309234769 ] ] } },
{ "type": "Feature", "properties": { "average_dip": "(90,,)", "average_rake": "(90,,)", "catalog_id": "NEA_23", "catalog_name": "GEM_NE_Asia", "dip_dir": null, "lower_seis_depth": null, "name": "Hovd Fault (Chihteyn Segment)", "net_slip_rate": null, "slip_type": "Dextral", "upper_seis_depth": null, "downthrown_side_id": null, "reference": "Khil'ko et al., 1985; Baljinnyam et al. 1993", "epistemic_quality": "1", "accuracy": "50000", "activity_confidence": "1", "fs_name": null, "last_movement": null, "downthrown_side_dir": null, "vert_sep_rate": null, "strike_slip_rate": "(0.5,,)", "exposure_quality": "1", "shortening_rate": null, "notes": null, "index_right": 46, "NAME_EN": "Mongolia" }, "geometry": { "type": "LineString", "coordinates": [ [ 89.779292936677038, 50.072915170008599 ], [ 89.827182529231891, 50.048428793858193 ], [ 89.844558412183744, 50.036431734521635 ], [ 89.853353439409958, 50.022193959892903 ], [ 89.862745442431304, 50.013585916165667 ], [ 89.869838572836187, 50.00348228380205 ], [ 89.909311268133962, 49.93055667443813 ], [ 89.915269680701044, 49.893806237942094 ], [ 89.92903643096561, 49.848732813125444 ], [ 89.926780850063537, 49.844294138710474 ], [ 89.930872599007287, 49.838207106641775 ], [ 89.94358216891294, 49.803688437482784 ], [ 89.952805576033512, 49.791447447139873 ], [ 89.953125329066395, 49.786153134575237 ], [ 89.958496839276549, 49.77050119551388 ], [ 89.965407676558428, 49.758912823207602 ], [ 89.970951761746917, 49.739064875874249 ], [ 89.980474357685154, 49.72562049159874 ], [ 89.98320655125984, 49.717353869977039 ], [ 90.000861270136355, 49.687734833337345 ], [ 90.008771924899136, 49.677523913990896 ], [ 90.032749110210048, 49.631521344038049 ], [ 90.042231360631177, 49.618070337022033 ], [ 90.051452903281856, 49.599736869727849 ], [ 90.063568547953025, 49.581330487579798 ], [ 90.071860846068859, 49.571909822995096 ], [ 90.08385393712102, 49.550175945829828 ], [ 90.102594278197458, 49.523143559074803 ], [ 90.147501644259876, 49.450417708229715 ], [ 90.168770254760403, 49.411444228635368 ], [ 90.175934929623196, 49.402512867385255 ], [ 90.183178724773171, 49.38716802586552 ], [ 90.225451431600362, 49.328886140313415 ], [ 90.2393783171226, 49.305353898637691 ], [ 90.255710571955817, 49.282825240061392 ], [ 90.272225480498335, 49.254218539014317 ], [ 90.301150711632502, 49.214497294860884 ] ] } },
{ "type": "Feature", "properties": { "average_dip": "(90,,)", "average_rake": null, "catalog_id": "NEA_24", "catalog_name": "GEM_NE_Asia", "dip_dir": null, "lower_seis_depth": null, "name": "Hovd Fault (north-central segment)", "net_slip_rate": "(0.5,,)", "slip_type": "Dextral", "upper_seis_depth": null, "downthrown_side_id": null, "reference": "Slip rate quoted in Frankel et al., 2010; original source uncertain", "epistemic_quality": "1", "accuracy": "60000", "activity_confidence": "1", "fs_name": null, "last_movement": null, "downthrown_side_dir": null, "vert_sep_rate": null, "strike_slip_rate": null, "exposure_quality": "1", "shortening_rate": null, "notes": null, "index_right": 46, "NAME_EN": "Mongolia" }, "geometry": { "type": "LineString", "coordinates": [ [ 90.268303078216434, 49.226142982323026 ], [ 90.287444538881729, 49.202311885306386 ], [ 90.30809864513202, 49.171029435499818 ], [ 90.325359721581009, 49.154401403451416 ], [ 90.349735522478326, 49.124069900368561 ], [ 90.363138549234236, 49.104038668964662 ], [ 90.425139262532596, 49.024582798750892 ], [ 90.447674535022315, 48.986951674356675 ], [ 90.50922457301948, 48.921094595144659 ], [ 90.51651737337744, 48.909715847540241 ], [ 90.564425570685628, 48.851919228295003 ], [ 90.574482236361391, 48.83646381445886 ], [ 90.578662709005513, 48.825708844773729 ], [ 90.577127083839926, 48.813577894789752 ], [ 90.574401829090149, 48.801612014038845 ], [ 90.571010836607186, 48.794261008515214 ], [ 90.568989665027004, 48.78199634138678 ] ] } },
{ "type": "Feature", "properties": { "average_dip": "(90,,)", "average_rake": null, "catalog_id": "NEA_25", "catalog_name": "GEM_NE_Asia", "dip_dir": null, "lower_seis_depth": null, "name": "Hovd Fault (Ar Hotol segment)", "net_slip_rate": "(1.2,,)", "slip_type": "Dextral", "upper_seis_depth": null, "downthrown_side_id": null, "reference": "DEM, Google Earth", "epistemic_quality": "1", "accuracy": "50000", "activity_confidence": "1", "fs_name": "Hovd Fault", "last_movement": null, "downthrown_side_dir": null, "vert_sep_rate": null, "strike_slip_rate": null, "exposure_quality": "1", "shortening_rate": null, "notes": "Slip rate listed in Frankel et al. 2010; source uncertain", "index_right": 46, "NAME_EN": "Mongolia" }, "geometry": { "type": "LineString", "coordinates": [ [ 90.584332374998837, 48.794170473035706 ], [ 90.606106974487801, 48.762172091550319 ], [ 90.636228073568986, 48.727683499335726 ], [ 90.645302708351466, 48.708415167827638 ], [ 90.67537252414715, 48.673029464601953 ], [ 90.718052587394425, 48.641922848355883 ], [ 90.73911581265186, 48.622423893183459 ], [ 90.768645642227483, 48.601537210667992 ], [ 90.774498110662392, 48.594944940889057 ], [ 90.825588661716324, 48.55201330106096 ], [ 90.835795816431187, 48.545061063181123 ], [ 90.854747023676239, 48.527437821261763 ], [ 90.877971768013367, 48.510223541714005 ], [ 90.92317282880947, 48.464497959438205 ], [ 90.950738298706767, 48.444889329631131 ], [ 90.963742699443074, 48.438242624362907 ], [ 90.980220290838488, 48.434263036663175 ], [ 91.024701548121712, 48.404396476505731 ], [ 91.047083119561421, 48.394634416334277 ], [ 91.062478603090042, 48.381470371372231 ], [ 91.08262069385691, 48.360322004198466 ], [ 91.097453925162071, 48.349341685204955 ], [ 91.113145870375178, 48.334524421354025 ], [ 91.12386007696665, 48.326573219518011 ], [ 91.156739436059183, 48.308718207577186 ], [ 91.173784746862111, 48.293286270041293 ], [ 91.189042795819461, 48.282644098557476 ], [ 91.207957618618565, 48.260316714559501 ], [ 91.227657512303338, 48.232045670684052 ], [ 91.250408405649921, 48.208101179273214 ], [ 91.258710341517897, 48.195281277341564 ], [ 91.277364500709368, 48.150808784353615 ], [ 91.297736388001212, 48.119677814067749 ], [ 91.307606030656515, 48.107471871671386 ], [ 91.330832859003209, 48.069925675702706 ], [ 91.350946421377444, 48.029925794472412 ], [ 91.378212240949111, 47.985122813590472 ], [ 91.38891342688396, 47.961218362821107 ], [ 91.391260649189761, 47.947817648458404 ], [ 91.40194682160373, 47.916500160016831 ], [ 91.408606282782969, 47.904488823413296 ], [ 91.424167348132627, 47.860533122896506 ], [ 91.436794884808947, 47.830949247590368 ], [ 91.452082568077699, 47.800805973141756 ], [ 91.46581439917577, 47.784536738608509 ], [ 91.519838835733381, 47.73273755306046 ], [ 91.540600929862364, 47.706613031190514 ], [ 91.594620723776103, 47.652953904100507 ], [ 91.624002977721517, 47.616803385629595 ], [ 91.654252881801625, 47.575590129093023 ], [ 91.675990083851516, 47.5498656952348 ], [ 91.714787610425972, 47.496902276825615 ], [ 91.769497495962298, 47.437657134076069 ], [ 91.797231619946501, 47.400627651391183 ], [ 91.833909133652512, 47.361152148571612 ], [ 91.86244240087575, 47.325242303713225 ], [ 91.88418060109116, 47.305120256554467 ], [ 91.909510240409745, 47.278264503154659 ], [ 91.926190630877969, 47.26425861790424 ], [ 91.939302461882747, 47.256428716845086 ], [ 91.979185447236489, 47.238258773255239 ] ] } },
{ "type": "Feature", "properties": { "average_dip": "(25,20,45)", "average_rake": "(90,,)", "catalog_id": "NEA_31", "catalog_name": "GEM_NE_Asia", "dip_dir": "S", "lower_seis_depth": null, "name": null, "net_slip_rate": null, "slip_type": "Reverse", "upper_seis_depth": null, "downthrown_side_id": null, "reference": "DEM; Walker et al., 2006", "epistemic_quality": "2", "accuracy": "90000", "activity_confidence": "2", "fs_name": null, "last_movement": null, "downthrown_side_dir": "N", "vert_sep_rate": null, "strike_slip_rate": null, "exposure_quality": "2", "shortening_rate": null, "notes": null, "index_right": 46, "NAME_EN": "Mongolia" }, "geometry": { "type": "LineString", "coordinates": [ [ 91.002057506767386, 50.460528972792673 ], [ 91.012480073894437, 50.456995240966116 ], [ 91.03078864311253, 50.454240861673355 ], [ 91.074873935378776, 50.450146658365675 ], [ 91.100209501056597, 50.443033764817308 ], [ 91.191313991768709, 50.436225015314307 ], [ 91.247280637150212, 50.437644800317067 ], [ 91.267456629711276, 50.440238601433663 ], [ 91.277849858430841, 50.44021936078483 ], [ 91.302802865337881, 50.436586265289655 ], [ 91.318519006623461, 50.438769419629018 ], [ 91.327469835040475, 50.435811945154107 ], [ 91.351946449876138, 50.419319561396939 ], [ 91.390562549482084, 50.403163289373047 ], [ 91.400597878702925, 50.396040601072826 ], [ 91.412506447153746, 50.390981894457951 ], [ 91.429550993404902, 50.37926725064569 ] ] } },
{ "type": "Feature", "properties": { "average_dip": "(90,60,90)", "average_rake": "(180,135,180)", "catalog_id": "NEA_32", "catalog_name": "GEM_NE_Asia", "dip_dir": "W", "lower_seis_depth": null, "name": null, "net_slip_rate": null, "slip_type": "Dextral", "upper_seis_depth": null, "downthrown_side_id": null, "reference": "DEM; Walker et al., 2006", "epistemic_quality": "2", "accuracy": "90000", "activity_confidence": "2", "fs_name": null, "last_movement": null, "downthrown_side_dir": "E", "vert_sep_rate": null, "strike_slip_rate": null, "exposure_quality": "2", "shortening_rate": null, "notes": "Possible reverse component given structural and topographic context", "index_right": 46, "NAME_EN": "Mongolia" }, "geometry": { "type": "LineString", "coordinates": [ [ 91.427218723489389, 50.37475147021982 ], [ 91.431274221983969, 50.364957347639205 ], [ 91.432402313623143, 50.342439733020278 ], [ 91.437015207370607, 50.333994553274877 ], [ 91.445237504492226, 50.323921375585442 ], [ 91.456230451283702, 50.313734989821491 ], [ 91.463501764543054, 50.295439123103797 ], [ 91.463464694775965, 50.288580618531164 ], [ 91.465814042354793, 50.282036607761569 ], [ 91.464941926314054, 50.276693826310627 ], [ 91.468128714084884, 50.261334694046852 ] ] } },
{ "type": "Feature", "properties": { "average_dip": "(20,15,30)", "average_rake": "(90,,)", "catalog_id": "NEA_33", "catalog_name": "GEM_NE_Asia", "dip_dir": "S", "lower_seis_depth": null, "name": null, "net_slip_rate": null, "slip_type": "Reverse", "upper_seis_depth": null, "downthrown_side_id": null, "reference": "DEM", "epistemic_quality": "1", "accuracy": "50000", "activity_confidence": "1", "fs_name": null, "last_movement": null, "downthrown_side_dir": "N", "vert_sep_rate": null, "strike_slip_rate": null, "exposure_quality": "1", "shortening_rate": null, "notes": null, "index_right": 46, "NAME_EN": "Mongolia" }, "geometry": { "type": "LineString", "coordinates": [ [ 92.224596256255509, 49.988300432129051 ], [ 92.234216762065216, 49.979324720099818 ], [ 92.236481201098954, 49.967897868401515 ], [ 92.241470299796404, 49.958881612330558 ], [ 92.246626894867589, 49.954293822906543 ], [ 92.254487595135416, 49.923696137701533 ], [ 92.258895957903377, 49.917646075252094 ], [ 92.260459155359015, 49.910729943822943 ], [ 92.267751547422037, 49.902782189142485 ], [ 92.294328832736994, 49.895563320168961 ], [ 92.310036097848112, 49.884896276435938 ], [ 92.327765915792469, 49.87904626386311 ], [ 92.334254428888258, 49.874718079768165 ], [ 92.362779137287518, 49.864006774738989 ], [ 92.366235583313497, 49.856706472300573 ], [ 92.370337187959265, 49.852190789552125 ], [ 92.380145365444818, 49.851392076838266 ], [ 92.406735899627435, 49.85719645080367 ], [ 92.417227248756859, 49.856415787481417 ], [ 92.427946312571692, 49.852545005098527 ], [ 92.456670465462111, 49.852653590056626 ], [ 92.493447174902983, 49.845479941739733 ], [ 92.505578669384533, 49.840870759928848 ], [ 92.512304483815029, 49.835323565441549 ], [ 92.519659069300019, 49.823381434210631 ], [ 92.531078467016641, 49.811892461714017 ], [ 92.548868331166645, 49.80202999763241 ], [ 92.569205250181113, 49.797105725907265 ], [ 92.592412576240264, 49.79502684155576 ], [ 92.614379725585252, 49.796003157918832 ], [ 92.638369493544573, 49.787524594646342 ], [ 92.654250049001931, 49.79251826791544 ], [ 92.674528280353229, 49.793213173315451 ], [ 92.685915240942805, 49.79154940020954 ], [ 92.715034155202417, 49.782759481597083 ], [ 92.721891169630936, 49.777314618507184 ], [ 92.736621807491346, 49.779168310958653 ], [ 92.763001581448236, 49.777918700219452 ], [ 92.777252204690043, 49.779311485043252 ], [ 92.794551608193842, 49.775921787867226 ], [ 92.803164470334579, 49.772179371336762 ], [ 92.809955895266981, 49.764958400242719 ], [ 92.81596646850619, 49.761806732050921 ], [ 92.825844434926069, 49.759534882706951 ], [ 92.834127933457538, 49.752906289917476 ], [ 92.83298060245113, 49.7417071255488 ], [ 92.83555402905813, 49.736248912357901 ], [ 92.854981915454786, 49.720745571953074 ], [ 92.873517902040007, 49.69769604301797 ] ] } },
{ "type": "Feature", "properties": { "average_dip": "(30,20,50)", "average_rake": "(180,112.5,180)", "catalog_id": "NEA_34", "catalog_name": "GEM_NE_Asia", "dip_dir": "E", "lower_seis_depth": null, "name": null, "net_slip_rate": null, "slip_type": "Reverse", "upper_seis_depth": null, "downthrown_side_id": null, "reference": "DEM; Walker et al. 2006", "epistemic_quality": "1", "accuracy": "50000", "activity_confidence": "1", "fs_name": null, "last_movement": null, "downthrown_side_dir": "W", "vert_sep_rate": null, "strike_slip_rate": null, "exposure_quality": "1", "shortening_rate": null, "notes": "Walker notes possible dextral component, especially in north", "index_right": 46, "NAME_EN": "Mongolia" }, "geometry": { "type": "LineString", "coordinates": [ [ 90.421291334798198, 50.007248315402208 ], [ 90.443739518546508, 49.985317624307051 ], [ 90.449555392721123, 49.982499221197969 ], [ 90.458962376087229, 49.972329798569049 ], [ 90.477303932498572, 49.963471709280604 ], [ 90.50698866679241, 49.945304204396102 ], [ 90.519823072148242, 49.934960960561924 ], [ 90.571483723964704, 49.911511080830124 ], [ 90.603001752440875, 49.891635808123162 ], [ 90.608770949019018, 49.879846820314427 ], [ 90.622803453425135, 49.858375383379858 ], [ 90.627548915824235, 49.854171045968734 ], [ 90.6489889042588, 49.841337522236763 ], [ 90.673930898349738, 49.83231215885084 ], [ 90.686296580031197, 49.819385304071822 ], [ 90.695236972228813, 49.815813586514523 ], [ 90.714794348797881, 49.812063471334703 ] ] } },
{ "type": "Feature", "properties": { "average_dip": "(25,15,35)", "average_rake": "(90,,)", "catalog_id": "NEA_35", "catalog_name": "GEM_NE_Asia", "dip_dir": "E", "lower_seis_depth": null, "name": null, "net_slip_rate": null, "slip_type": "Reverse", "upper_seis_depth": null, "downthrown_side_id": null, "reference": "Walker et al 2006", "epistemic_quality": "1", "accuracy": "70000", "activity_confidence": "1", "fs_name": null, "last_movement": null, "downthrown_side_dir": "W", "vert_sep_rate": null, "strike_slip_rate": null, "exposure_quality": "1", "shortening_rate": null, "notes": null, "index_right": 46, "NAME_EN": "Mongolia" }, "geometry": { "type": "LineString", "coordinates": [ [ 90.931762426388005, 49.836160578886258 ], [ 90.934984117454405, 49.823359741013689 ], [ 90.937178881057633, 49.820358642748985 ], [ 90.937414442501748, 49.814838180962653 ], [ 90.946182514393811, 49.799625067689128 ], [ 90.947170470071768, 49.790155336311848 ], [ 90.943807780127599, 49.778172426313517 ], [ 90.937999283485027, 49.773272311390585 ], [ 90.931823364815614, 49.750657220691082 ], [ 90.92675924330382, 49.743576799249695 ], [ 90.914924047274297, 49.735977107066958 ], [ 90.911902155981366, 49.728985841695938 ], [ 90.898991710281351, 49.718682263744583 ], [ 90.89032362424301, 49.707016243887786 ], [ 90.886188554491326, 49.694444106688437 ], [ 90.869232967797529, 49.670904892264282 ], [ 90.873841158619342, 49.656286701843229 ], [ 90.877951491519951, 49.649610765993323 ], [ 90.877769849101838, 49.631903829667834 ], [ 90.880174322006198, 49.628470692552618 ], [ 90.868889660947104, 49.596554158301572 ], [ 90.871995674074455, 49.583196728406108 ], [ 90.873639431399539, 49.557827507745735 ], [ 90.869188425941871, 49.541921888398711 ], [ 90.871443250766532, 49.533393862101619 ], [ 90.874681021172307, 49.528449252943737 ] ] } },
{ "type": "Feature", "properties": { "average_dip": "(25,15,35)", "average_rake": "(90,,)", "catalog_id": "NEA_36", "catalog_name": "GEM_NE_Asia", "dip_dir": "W", "lower_seis_depth": null, "name": null, "net_slip_rate": null, "slip_type": "Reverse", "upper_seis_depth": null, "downthrown_side_id": null, "reference": "DEM; Walker et al. 2006", "epistemic_quality": "1", "accuracy": "50000", "activity_confidence": "1", "fs_name": null, "last_movement": null, "downthrown_side_dir": "E", "vert_sep_rate": null, "strike_slip_rate": null, "exposure_quality": "1", "shortening_rate": null, "notes": null, "index_right": 46, "NAME_EN": "Mongolia" }, "geometry": { "type": "LineString", "coordinates": [ [ 90.720746295174365, 49.713549913795028 ], [ 90.727842348066588, 49.707900432246255 ], [ 90.747129920336178, 49.701478182191899 ], [ 90.754988258803635, 49.69187938473091 ], [ 90.760423133847581, 49.688918058237604 ], [ 90.760936876138885, 49.68573334917879 ], [ 90.765325285455148, 49.681396874095697 ], [ 90.779231663547876, 49.670964286735305 ], [ 90.789389243698082, 49.660471617758226 ], [ 90.801344161711967, 49.637890817204507 ], [ 90.81338554793318, 49.619184480175122 ], [ 90.814841910056288, 49.613497663030749 ], [ 90.820837358511909, 49.605138440782426 ], [ 90.827204580931181, 49.599671698590178 ], [ 90.828401778451592, 49.596406750667647 ], [ 90.833418194694318, 49.59242783483824 ], [ 90.842660208260938, 49.569389829805708 ], [ 90.844095326676737, 49.554188488198413 ], [ 90.848720503429931, 49.53935080954426 ], [ 90.849164386073269, 49.530299846943677 ], [ 90.850557218912726, 49.528370862700157 ], [ 90.849400094634447, 49.515155530343748 ], [ 90.851568771625011, 49.50584967844771 ], [ 90.851312223440104, 49.488913478949826 ], [ 90.855082733624812, 49.474037466231351 ], [ 90.863380853431067, 49.458035621851245 ], [ 90.873837783686255, 49.445669002362798 ], [ 90.884631638664104, 49.436524372646723 ], [ 90.887523308754837, 49.431564128017023 ], [ 90.89174077761983, 49.415490077317116 ], [ 90.897424939355631, 49.401582552038022 ], [ 90.898096578675975, 49.383692082337802 ], [ 90.895126483259602, 49.378029702909146 ], [ 90.883026845453983, 49.367316440483258 ], [ 90.886275224626672, 49.355624340733272 ], [ 90.886058804424266, 49.351189984753788 ], [ 90.889001836432485, 49.345678933267102 ], [ 90.906888123295971, 49.331537019641587 ], [ 90.926461084437193, 49.32720106379405 ], [ 90.945403185178492, 49.320732418725996 ], [ 90.968067981077056, 49.319179795099089 ], [ 90.984005214174786, 49.32219730526193 ], [ 90.98938618064885, 49.325860416743495 ] ] } },
{ "type": "Feature", "properties": { "average_dip": "(50,30,65)", "average_rake": "(90,90,135)", "catalog_id": "NEA_37", "catalog_name": "GEM_NE_Asia", "dip_dir": "E", "lower_seis_depth": null, "name": null, "net_slip_rate": null, "slip_type": "Reverse", "upper_seis_depth": null, "downthrown_side_id": null, "reference": "DEM; Nissen et al. 2009", "epistemic_quality": "1", "accuracy": "90000", "activity_confidence": "1", "fs_name": null, "last_movement": null, "downthrown_side_dir": "W", "vert_sep_rate": null, "strike_slip_rate": null, "exposure_quality": "1", "shortening_rate": null, "notes": "Possible dextral component; surely merges with Haar us Nuur fault at depth", "index_right": 46, "NAME_EN": "Mongolia" }, "geometry": { "type": "LineString", "coordinates": [ [ 92.371485372322866, 47.941109881259536 ], [ 92.379429236973039, 47.914595283052378 ], [ 92.383913189900539, 47.904561372102464 ], [ 92.382431502207837, 47.892790820477472 ], [ 92.389640346692218, 47.883727423332687 ], [ 92.398395074045652, 47.876039367915645 ], [ 92.402499287470292, 47.857144617362252 ], [ 92.402203398105115, 47.847181117717078 ], [ 92.404873327028781, 47.837089435362287 ], [ 92.403665833683874, 47.828424563344299 ], [ 92.400213844860403, 47.821348258222557 ], [ 92.399069277918045, 47.807044542889095 ], [ 92.408349695008795, 47.786763511081105 ], [ 92.413105791751647, 47.782045891025739 ], [ 92.422757791615922, 47.765757033461902 ], [ 92.433012889066134, 47.757338963205932 ], [ 92.43201072622027, 47.755206312459705 ], [ 92.435721237322497, 47.741717554444286 ], [ 92.436421816221895, 47.724263999796854 ], [ 92.440694375258772, 47.709686492141664 ], [ 92.444391492576344, 47.705930125554573 ], [ 92.445718155398808, 47.700883509030177 ], [ 92.444180583610333, 47.689775436399671 ], [ 92.458706806581688, 47.673634670630911 ], [ 92.462186079875565, 47.665778658171725 ], [ 92.472540634384018, 47.657913182018973 ], [ 92.467834556514759, 47.650025936110644 ], [ 92.456806369205935, 47.638846240514248 ], [ 92.453500228286188, 47.629674396419162 ], [ 92.453357870169285, 47.617282283127736 ], [ 92.455852330369694, 47.614262544457219 ], [ 92.457207346022301, 47.60269096277073 ], [ 92.467100045174249, 47.599069983760856 ], [ 92.480859697857113, 47.599935879985651 ], [ 92.496879812651258, 47.59390118140923 ], [ 92.497189559144076, 47.589265265863979 ], [ 92.495274209191493, 47.583676462650764 ], [ 92.509595373115289, 47.574822904877593 ], [ 92.513209868234583, 47.569623956755898 ], [ 92.523196437394532, 47.561963954471487 ], [ 92.522759104652266, 47.553765942088205 ], [ 92.527587465292072, 47.549930636987767 ], [ 92.529285801506603, 47.544009454803941 ], [ 92.53507628421076, 47.54042419234888 ], [ 92.540845249961109, 47.532192592966808 ], [ 92.563379456584101, 47.522252831035054 ], [ 92.577207492830283, 47.518021476014098 ] ] } },
{ "type": "Feature", "properties": { "average_dip": "(90,,)", "average_rake": null, "catalog_id": "NEA_38", "catalog_name": "GEM_NE_Asia", "dip_dir": null, "lower_seis_depth": null, "name": "Har-Us-Nuur Fault", "net_slip_rate": null, "slip_type": "Dextral", "upper_seis_depth": null, "downthrown_side_id": null, "reference": "DEM; Gregory et al., 2014", "epistemic_quality": "1", "accuracy": "60000", "activity_confidence": "1", "fs_name": null, "last_movement": null, "downthrown_side_dir": null, "vert_sep_rate": null, "strike_slip_rate": "(2.4,2.0,2.8)", "exposure_quality": "1", "shortening_rate": null, "notes": "Slip rate from Gregory", "index_right": 46, "NAME_EN": "Mongolia" }, "geometry": { "type": "LineString", "coordinates": [ [ 93.210188485464911, 47.105179903959375 ], [ 93.259748240801983, 47.071388710411682 ], [ 93.338100828611942, 46.998556776959838 ], [ 93.369220159992238, 46.982258698149579 ] ] } },
{ "type": "Feature", "properties": { "average_dip": "(90,,)", "average_rake": "(135,90,112.5)", "catalog_id": "NEA_39", "catalog_name": "GEM_NE_Asia", "dip_dir": null, "lower_seis_depth": null, "name": "Har-Us-Nuur Fault", "net_slip_rate": null, "slip_type": "Dextral-Reverse", "upper_seis_depth": null, "downthrown_side_id": null, "reference": "DEM; Nissen et al. 2009", "epistemic_quality": "1", "accuracy": "60000", "activity_confidence": "1", "fs_name": null, "last_movement": null, "downthrown_side_dir": null, "vert_sep_rate": null, "strike_slip_rate": "(2.4,2.0,2.8)", "exposure_quality": "1", "shortening_rate": null, "notes": "Slip rate from Gregory", "index_right": 46, "NAME_EN": "Mongolia" }, "geometry": { "type": "LineString", "coordinates": [ [ 92.7812976204265, 47.464731783056962 ], [ 92.789738935338079, 47.443837745741824 ], [ 92.803276541442983, 47.422109427655883 ], [ 92.816892887896984, 47.405632101823073 ], [ 92.851829907567122, 47.35215928858063 ], [ 92.891530296611421, 47.313174809638163 ], [ 92.982047312158699, 47.243472066957537 ], [ 92.992442655706839, 47.2390478653492 ], [ 93.002680333274085, 47.230197160576175 ], [ 93.063990983881382, 47.192545817036319 ], [ 93.092506310822344, 47.178903983358566 ], [ 93.118219535790217, 47.164355532248628 ], [ 93.147290782553739, 47.151128587753334 ], [ 93.210188485464911, 47.105179903959375 ] ] } },
{ "type": "Feature", "properties": { "average_dip": "(60,50,60)", "average_rake": "(90,,)", "catalog_id": "NEA_40", "catalog_name": "GEM_NE_Asia", "dip_dir": "W", "lower_seis_depth": null, "name": "Zereg Fault", "net_slip_rate": "(0.4,0.23,0.88)", "slip_type": "Reverse", "upper_seis_depth": null, "downthrown_side_id": null, "reference": "Nissen et al. 2009", "epistemic_quality": "1", "accuracy": "45000", "activity_confidence": "1", "fs_name": null, "last_movement": null, "downthrown_side_dir": "E", "vert_sep_rate": null, "strike_slip_rate": null, "exposure_quality": "1", "shortening_rate": null, "notes": null, "index_right": 46, "NAME_EN": "Mongolia" }, "geometry": { "type": "LineString", "coordinates": [ [ 92.228570856555152, 47.466367583873186 ], [ 92.249784969999922, 47.454786822860598 ], [ 92.259577913814923, 47.445484210785708 ], [ 92.279567345920782, 47.437176212871051 ], [ 92.299109079247856, 47.432832174778042 ], [ 92.322760711959177, 47.430276005489539 ], [ 92.334683994500153, 47.425238532791695 ], [ 92.345480053629103, 47.417619863146463 ], [ 92.349540711945068, 47.413103866748109 ], [ 92.350701041080853, 47.396328410952407 ], [ 92.356270428297265, 47.386440450899329 ], [ 92.378274906529541, 47.374308145799255 ], [ 92.387191198306184, 47.362976014782127 ], [ 92.397407296349058, 47.354006881570001 ], [ 92.413895533613726, 47.343684990132779 ], [ 92.427133453898008, 47.328392567537428 ], [ 92.485089756581402, 47.291031631510208 ], [ 92.487535453350063, 47.286018732083605 ], [ 92.526590082771662, 47.248165897086324 ], [ 92.529343386116707, 47.240838664081338 ], [ 92.534285607175065, 47.2347943631937 ], [ 92.544970539094138, 47.227817281453149 ], [ 92.547634019153278, 47.22181419657467 ], [ 92.553753896946517, 47.217574314035332 ], [ 92.557099614605619, 47.211038508581197 ], [ 92.561907235346965, 47.20697992218475 ], [ 92.583466143845115, 47.194795013316543 ], [ 92.607803204569962, 47.174503419532577 ], [ 92.618621176955315, 47.167634044530793 ], [ 92.636213838252075, 47.161294828533698 ], [ 92.652260572066453, 47.145948412047453 ], [ 92.68483336837204, 47.125328114590666 ], [ 92.712221544008045, 47.101673891829499 ], [ 92.73434984106126, 47.092131630197898 ], [ 92.747855681480786, 47.080459990445107 ], [ 92.767079931733932, 47.070497009598554 ], [ 92.776270366385532, 47.057704523312594 ], [ 92.781976836396495, 47.054325698823043 ], [ 92.782995351055817, 47.048160256094889 ], [ 92.807676706508587, 47.030490574913848 ], [ 92.820536436720758, 47.026424346295045 ], [ 92.837028632090124, 47.015599422531288 ] ] } },
{ "type": "Feature", "properties": { "average_dip": "(30,15,45)", "average_rake": "(90,,)", "catalog_id": "NEA_41", "catalog_name": "GEM_NE_Asia", "dip_dir": "E", "lower_seis_depth": null, "name": "Altun Huhey Uul Fault", "net_slip_rate": null, "slip_type": "Reverse", "upper_seis_depth": null, "downthrown_side_id": null, "reference": "DEM; Frankel et al. 2010", "epistemic_quality": "1", "accuracy": "40000", "activity_confidence": "1", "fs_name": null, "last_movement": null, "downthrown_side_dir": "W", "vert_sep_rate": null, "strike_slip_rate": null, "exposure_quality": "1", "shortening_rate": null, "notes": null, "index_right": 46, "NAME_EN": "Mongolia" }, "geometry": { "type": "LineString", "coordinates": [ [ 91.359295290713987, 48.946856378816378 ], [ 91.367015202381893, 48.928806196517982 ], [ 91.373061542145635, 48.903388018937072 ], [ 91.376966802791046, 48.893811330309497 ], [ 91.378935525577859, 48.86159237905693 ], [ 91.384042908654948, 48.842551304264809 ], [ 91.396742376929367, 48.831999191568684 ], [ 91.403085260941467, 48.828602712327069 ], [ 91.398891760713227, 48.821356046152381 ], [ 91.401015389331874, 48.816463534699075 ], [ 91.399973408680466, 48.813214190354934 ], [ 91.406297296709099, 48.804507533759384 ], [ 91.416754817538873, 48.798177521199115 ], [ 91.419908800685235, 48.787463431018239 ], [ 91.426111536113041, 48.7818479680097 ], [ 91.429604738439807, 48.776566976504682 ], [ 91.430556058820073, 48.771627357001726 ], [ 91.437959263409951, 48.767496887495625 ], [ 91.449596020287316, 48.764639625120921 ], [ 91.457579060758974, 48.757765629488595 ], [ 91.461209054815754, 48.756471034139338 ], [ 91.463360919880628, 48.753016458802598 ], [ 91.473229022215662, 48.749312793547595 ], [ 91.478076051922756, 48.745632184089217 ], [ 91.480463925670179, 48.739531974927189 ], [ 91.485152714297556, 48.735734249504141 ], [ 91.497976601495495, 48.730706598712345 ], [ 91.506543007310285, 48.730267396877267 ], [ 91.510220065248035, 48.724659401429342 ], [ 91.519167851556375, 48.721800782235512 ], [ 91.520413017412636, 48.713443093144754 ], [ 91.531620368052216, 48.703924453430666 ], [ 91.53720343957913, 48.701265481617533 ], [ 91.562020643979352, 48.694594117917092 ], [ 91.576015519400471, 48.693142501745164 ], [ 91.590972733002644, 48.694048830138406 ], [ 91.610826705120161, 48.688614446491925 ], [ 91.628932771310062, 48.678243557247178 ], [ 91.657609345003195, 48.676896812296746 ], [ 91.671387355841887, 48.673987557025249 ], [ 91.674221067226298, 48.672103304839034 ], [ 91.676583545610924, 48.669869450242153 ], [ 91.67633352407239, 48.664993415208784 ], [ 91.682213654168621, 48.65481748921588 ], [ 91.682409014087867, 48.648630927525332 ], [ 91.685686880219194, 48.639573736332856 ], [ 91.686612894666737, 48.62677825656926 ], [ 91.684024226879075, 48.621925059338992 ], [ 91.688877421321138, 48.608060268307277 ], [ 91.694522390383199, 48.600529457362867 ], [ 91.69656123971437, 48.588328592231498 ], [ 91.698686795163653, 48.586859677530697 ] ] } },
{ "type": "Feature", "properties": { "average_dip": "(30,20,60)", "average_rake": "(90,,)", "catalog_id": "NEA_42", "catalog_name": "GEM_NE_Asia", "dip_dir": "E", "lower_seis_depth": null, "name": null, "net_slip_rate": null, "slip_type": "Reverse", "upper_seis_depth": null, "downthrown_side_id": null, "reference": "DEM; Frankel et al. 2010", "epistemic_quality": "1", "accuracy": "50000", "activity_confidence": "1", "fs_name": null, "last_movement": null, "downthrown_side_dir": "W", "vert_sep_rate": null, "strike_slip_rate": null, "exposure_quality": "1", "shortening_rate": null, "notes": null, "index_right": 46, "NAME_EN": "Mongolia" }, "geometry": { "type": "LineString", "coordinates": [ [ 90.609780289082508, 48.663166503032912 ], [ 90.608087160055859, 48.654015525010308 ], [ 90.610692693404573, 48.648385158905008 ], [ 90.611942298215624, 48.639814802324075 ], [ 90.605881871296958, 48.627803713136096 ], [ 90.606300007046286, 48.617645555012032 ], [ 90.608827167388199, 48.606480153227253 ], [ 90.621973831736994, 48.595812599561363 ], [ 90.653902287505261, 48.580930778110776 ], [ 90.687810737052232, 48.569229398043589 ], [ 90.68638662112734, 48.558985858278156 ], [ 90.695125169593979, 48.553526762158484 ], [ 90.722618914555582, 48.543952509593645 ], [ 90.773708486386226, 48.53644393214595 ], [ 90.791574907157255, 48.531171504679627 ], [ 90.82106882266784, 48.518014017658189 ], [ 90.826474097644009, 48.517262111759287 ] ] } },
{ "type": "Feature", "properties": { "average_dip": "(90,70,90)", "average_rake": "(180,157.5,180)", "catalog_id": "NEA_43", "catalog_name": "GEM_NE_Asia", "dip_dir": "E", "lower_seis_depth": null, "name": "Hoh Serh Fault", "net_slip_rate": "(0.8,0.7,1.0)", "slip_type": "Dextral", "upper_seis_depth": null, "downthrown_side_id": null, "reference": "DEM; Frankel et al. 2010", "epistemic_quality": "1", "accuracy": "60000", "activity_confidence": "1", "fs_name": null, "last_movement": null, "downthrown_side_dir": null, "vert_sep_rate": null, "strike_slip_rate": null, "exposure_quality": "1", "shortening_rate": null, "notes": "Some geomorphic and field evidence for a reverse slip component", "index_right": 46, "NAME_EN": "Mongolia" }, "geometry": { "type": "LineString", "coordinates": [ [ 90.547305740546904, 48.765094148186996 ], [ 90.548737874777004, 48.754984202167982 ], [ 90.540811449745235, 48.729384314020578 ], [ 90.543316238036653, 48.712466363943996 ], [ 90.541443350794097, 48.70507582767442 ], [ 90.543257244278308, 48.68834631088464 ], [ 90.549555840272916, 48.673378502666928 ], [ 90.549727507461, 48.656349705984368 ], [ 90.555284319057975, 48.638912583017358 ], [ 90.551776784861374, 48.621930538196644 ], [ 90.552679027477794, 48.616663127138999 ], [ 90.585085693304634, 48.547835991433601 ], [ 90.588088567154344, 48.530517086631932 ], [ 90.590610977785374, 48.524200673574427 ], [ 90.6329512870999, 48.445208572999732 ], [ 90.634021206435634, 48.43508083212155 ], [ 90.638935493955685, 48.42159268104929 ], [ 90.638297635032615, 48.408730026182141 ], [ 90.640516420718242, 48.395558338279791 ], [ 90.643496740857088, 48.38618352715924 ], [ 90.647531602947225, 48.379402297930966 ], [ 90.648900193353967, 48.367960847161427 ], [ 90.655798172347758, 48.344939962424363 ], [ 90.655100366513949, 48.338933544839612 ], [ 90.662259269902108, 48.314928831244032 ], [ 90.661622275909053, 48.30516393873193 ], [ 90.667199710634137, 48.283519147565322 ], [ 90.699037596266166, 48.206671291763257 ], [ 90.712874287583162, 48.181644794777768 ], [ 90.728379322780981, 48.165986124763528 ], [ 90.731123393900731, 48.158589673758534 ], [ 90.743866177450428, 48.1374919158322 ], [ 90.755608932026817, 48.126082183431343 ], [ 90.792232210769512, 48.077749298702763 ], [ 90.805530899755425, 48.063750317386926 ], [ 90.822475290304467, 48.033099579883533 ], [ 90.829673380745064, 48.013954571114077 ], [ 90.83147749909476, 48.002530941265832 ], [ 90.829271312737191, 47.998227623875131 ], [ 90.830346837187747, 47.99407239785846 ], [ 90.851465132054855, 47.94756526403755 ], [ 90.855345972800734, 47.943314631630848 ], [ 90.864822186202801, 47.915862363988062 ], [ 90.895207459097321, 47.859695880120526 ], [ 90.927822934764649, 47.820324827218556 ], [ 90.936954659361163, 47.795727912608932 ], [ 90.946442562281845, 47.762296096570516 ], [ 90.959826574008616, 47.746071281429721 ], [ 90.994699805210303, 47.710874350999305 ], [ 91.002157811563436, 47.701465358743405 ], [ 91.031967062499959, 47.677540974326419 ], [ 91.056918056494709, 47.663134065463382 ], [ 91.086782903134662, 47.652030271188579 ], [ 91.117870164152421, 47.627696238107411 ], [ 91.146971038967322, 47.610349484505036 ] ] } },
{ "type": "Feature", "properties": { "average_dip": "(50,45,65)", "average_rake": null, "catalog_id": "NEA_50", "catalog_name": "GEM_NE_Asia", "dip_dir": "W", "lower_seis_depth": null, "name": null, "net_slip_rate": null, "slip_type": "Normal", "upper_seis_depth": null, "downthrown_side_id": null, "reference": "DEM, seismicity", "epistemic_quality": "1", "accuracy": "90000", "activity_confidence": "1", "fs_name": null, "last_movement": null, "downthrown_side_dir": "W", "vert_sep_rate": null, "strike_slip_rate": null, "exposure_quality": "2", "shortening_rate": null, "notes": null, "index_right": 46, "NAME_EN": "Mongolia" }, "geometry": { "type": "LineString", "coordinates": [ [ 98.075523208790074, 51.51172983644733 ], [ 98.074514177869887, 51.505116078499988 ], [ 98.06784340532235, 51.498602295757969 ], [ 98.069553235337025, 51.485529932774774 ], [ 98.065795791243062, 51.48073300603685 ], [ 98.065212514807612, 51.475659029531386 ], [ 98.06908289304198, 51.455585301458648 ], [ 98.067237542646836, 51.422570014797863 ], [ 98.060558094479603, 51.411634844627734 ], [ 98.055248304031068, 51.407528031971445 ], [ 98.052205263581556, 51.402718129362512 ], [ 98.047932706809434, 51.382234609588018 ], [ 98.04538713920978, 51.376642128159268 ], [ 98.038543604076082, 51.369687599501233 ], [ 98.037984608117185, 51.361076088990501 ], [ 98.04124239198336, 51.350961226274364 ], [ 98.034839717879166, 51.337919698940283 ], [ 98.03411026492833, 51.333400678096801 ], [ 98.035623999457272, 51.32375832620518 ], [ 98.045900291305102, 51.316836911296754 ], [ 98.053278797697871, 51.304328401641975 ], [ 98.053052048382682, 51.299247999570248 ], [ 98.059584823759252, 51.287638102772895 ] ] } },
{ "type": "Feature", "properties": { "average_dip": "(55,45,65)", "average_rake": null, "catalog_id": "NEA_51", "catalog_name": "GEM_NE_Asia", "dip_dir": "W", "lower_seis_depth": null, "name": null, "net_slip_rate": null, "slip_type": "Normal", "upper_seis_depth": null, "downthrown_side_id": null, "reference": "DEM, Seismicity", "epistemic_quality": "1", "accuracy": "90000", "activity_confidence": "1", "fs_name": null, "last_movement": null, "downthrown_side_dir": "W", "vert_sep_rate": null, "strike_slip_rate": null, "exposure_quality": "2", "shortening_rate": null, "notes": null, "index_right": 46, "NAME_EN": "Mongolia" }, "geometry": { "type": "LineString", "coordinates": [ [ 98.100062032755332, 51.37887998774454 ], [ 98.107015374345366, 51.361070368713889 ], [ 98.105693515958976, 51.355346590038152 ], [ 98.106749867730926, 51.347590493467571 ], [ 98.113356785355492, 51.337744786739393 ], [ 98.125622180433339, 51.328238207315103 ], [ 98.129908521807735, 51.321749527977545 ], [ 98.143876919776403, 51.311104654436683 ], [ 98.149040809856061, 51.300841086851449 ], [ 98.149531736309157, 51.281157441311528 ], [ 98.138100945080097, 51.270313645165309 ], [ 98.13202306577287, 51.268434955563897 ], [ 98.107765314756179, 51.254284204788732 ], [ 98.10434520978113, 51.248819179321188 ], [ 98.082918459280577, 51.242349604901364 ], [ 98.076776817774189, 51.238921770247025 ], [ 98.073832599246131, 51.236100175907957 ], [ 98.072484150537463, 51.229602715616515 ], [ 98.06776699377204, 51.226480768557416 ], [ 98.055820608467371, 51.211216903468419 ], [ 98.055668110492817, 51.207793105469939 ], [ 98.050699222549738, 51.19892726094799 ], [ 98.051405588823386, 51.191067122720227 ], [ 98.047582387328575, 51.188149757367889 ], [ 98.052544803712763, 51.177120114739694 ], [ 98.049863753449785, 51.16821404013654 ], [ 98.049906537460032, 51.161249761444175 ], [ 98.04044641934702, 51.15003039704586 ], [ 98.039281093921957, 51.14352931856552 ], [ 98.030392658544827, 51.133183434560465 ], [ 98.029315225026409, 51.116622256637157 ], [ 98.027746944896322, 51.11289135901778 ], [ 98.004729599355358, 51.092287179388649 ], [ 98.002035578464998, 51.086806719427059 ], [ 97.998799475652689, 51.068734711750643 ], [ 97.99573802828948, 51.062818251260147 ], [ 97.97941603375773, 51.050274051963633 ], [ 97.978025763477518, 51.042339209753656 ], [ 97.982271445196844, 51.026792575008955 ], [ 97.980455955961048, 51.017096411225843 ], [ 97.98227462770808, 51.010433537357869 ], [ 97.981635792899937, 50.999556788698122 ], [ 97.983152699513013, 50.996104486863672 ], [ 97.97736345414404, 50.985591374697407 ], [ 97.97901589151391, 50.979152398406505 ], [ 97.976928400109102, 50.971229284539383 ], [ 97.977476024231819, 50.959392820310377 ], [ 97.972866824823285, 50.949743745009108 ], [ 97.958147677676806, 50.940927703697753 ] ] } },
{ "type": "Feature", "properties": { "average_dip": "(70,60,90)", "average_rake": null, "catalog_id": "NEA_60", "catalog_name": "GEM_NE_Asia", "dip_dir": "E", "lower_seis_depth": null, "name": "Khoton Nuur Fault", "net_slip_rate": null, "slip_type": "Dextral-Normal", "upper_seis_depth": null, "downthrown_side_id": null, "reference": "Gregory 2012 Explorers Club report", "epistemic_quality": "2", "accuracy": "100000", "activity_confidence": "1", "fs_name": "Khoton Nuur Fault", "last_movement": null, "downthrown_side_dir": "E", "vert_sep_rate": null, "strike_slip_rate": null, "exposure_quality": "2", "shortening_rate": null, "notes": "Only mapped in a small figure in a grant proposal report; nothing peer-reviewed yet. Laura Gregory mapped there and did a slip rate study, though. Hard to see the fault in the imagery, but the fault zone is obvious and there is a focal mechanism.", "index_right": 46, "NAME_EN": "Mongolia" }, "geometry": { "type": "LineString", "coordinates": [ [ 88.062052719659661, 48.775842368472006, 0.0 ], [ 88.106464738879609, 48.7508598693435, 0.0 ], [ 88.14158428814001, 48.72141344890904, 0.0 ], [ 88.165295735838342, 48.698374083507467, 0.0 ], [ 88.195645947795953, 48.660563466589771, 0.0 ], [ 88.230514845819428, 48.632338451113974, 0.0 ], [ 88.259355750415978, 48.6203463276169, 0.0 ], [ 88.301695334926436, 48.60652788925109, 0.0 ], [ 88.339228050949529, 48.587230251327746, 0.0 ], [ 88.373274768927061, 48.562704768892281, 0.0 ], [ 88.383022271004833, 48.548806845706856, 0.0 ], [ 88.397717717252576, 48.534260926280922, 0.0 ], [ 88.423962760419144, 48.513462484952619, 0.0 ], [ 88.439242443108768, 48.503080825682126, 0.0 ], [ 88.467596765836447, 48.487240063794381, 0.0 ], [ 88.555832560877008, 48.453878685805556, 0.0 ], [ 88.576965102229181, 48.448812809354877, 0.0 ], [ 88.603737741165489, 48.436824230331133, 0.0 ], [ 88.615955044963812, 48.429150303613483, 0.0 ], [ 88.634584048498525, 48.412432783562267, 0.0 ], [ 88.653816823673566, 48.385302830463743, 0.0 ], [ 88.689002745007954, 48.350491680472913, 0.0 ], [ 88.709444882247084, 48.334031468673764, 0.0 ], [ 88.743088245150048, 48.317670196037035, 0.0 ], [ 88.7527725847645, 48.308060156276333, 0.0 ], [ 88.776362507502427, 48.292102165994912, 0.0 ] ] } },
{ "type": "Feature", "properties": { "average_dip": "(80,70,90)", "average_rake": null, "catalog_id": "NEA_70", "catalog_name": "GEM_NE_Asia", "dip_dir": "E", "lower_seis_depth": null, "name": "Khoton Nuur Fault (south segments)", "net_slip_rate": null, "slip_type": "Dextral-Normal", "upper_seis_depth": null, "downthrown_side_id": null, "reference": "Gregory 2012 Explorers Club report", "epistemic_quality": null, "accuracy": "150000", "activity_confidence": "1", "fs_name": "Khoton Nuur Fault", "last_movement": null, "downthrown_side_dir": "E", "vert_sep_rate": null, "strike_slip_rate": null, "exposure_quality": null, "shortening_rate": null, "notes": "Only mapped in a small figure in a grant proposal report; nothing peer-reviewed yet. Laura Gregory mapped there and did a slip rate study, though. Hard to see the fault in the imagery, but the fault zone is obvious and there is a focal mechanism.", "index_right": 46, "NAME_EN": "Mongolia" }, "geometry": { "type": "LineString", "coordinates": [ [ 88.694033892156668, 48.285213429308953, 0.0 ], [ 88.713306620190806, 48.266893715011562, 0.0 ], [ 88.724590192449725, 48.259883483067057, 0.0 ], [ 88.7396277439409, 48.243153224092282, 0.0 ], [ 88.757371071611885, 48.228712943169008, 0.0 ], [ 88.772235457212545, 48.213410494514761, 0.0 ], [ 88.818829740612372, 48.188474244534561, 0.0 ], [ 88.831084035154831, 48.174659672352824, 0.0 ], [ 88.866014757357974, 48.145004410712978, 0.0 ] ] } },
{ "type": "Feature", "properties": { "average_dip": "(30,15,50)", "average_rake": null, "catalog_id": "NEA_71", "catalog_name": "GEM_NE_Asia", "dip_dir": "E", "lower_seis_depth": null, "name": "Tolbo Nuur Fault", "net_slip_rate": null, "slip_type": "Reverse", "upper_seis_depth": null, "downthrown_side_id": null, "reference": "Gregory et al., 2014", "epistemic_quality": "1", "accuracy": "100000", "activity_confidence": "1", "fs_name": "Tolbo Nuur Fault", "last_movement": null, "downthrown_side_dir": "W", "vert_sep_rate": null, "strike_slip_rate": null, "exposure_quality": "1", "shortening_rate": null, "notes": "Merges into the strike-slip fault segment to the east.", "index_right": 46, "NAME_EN": "Mongolia" }, "geometry": { "type": "LineString", "coordinates": [ [ 89.965382340012212, 48.660629664935094, 0.0 ], [ 89.973154049312626, 48.652485511693406, 0.0 ], [ 89.987314923425529, 48.645666154225879, 0.0 ], [ 90.00056445527666, 48.636833453472576, 0.0 ], [ 90.022444045028266, 48.631565630037208, 0.0 ], [ 90.038021903002701, 48.63324100793097, 0.0 ], [ 90.055911979984373, 48.630150944352209, 0.0 ], [ 90.060430871351841, 48.624932355621119, 0.0 ], [ 90.101014181440434, 48.600596243139712, 0.0 ], [ 90.109267657197677, 48.592821449200898, 0.0 ], [ 90.120737505518633, 48.588581683683906, 0.0 ], [ 90.133713348433091, 48.588890120097695, 0.0 ], [ 90.145975323941073, 48.58485764311429, 0.0 ], [ 90.156049255369567, 48.577866939984624, 0.0 ], [ 90.155262582701695, 48.571188362732755, 0.0 ], [ 90.159387476909401, 48.55768462993732, 0.0 ], [ 90.178032001826082, 48.548496243539653, 0.0 ], [ 90.194198953775313, 48.536517443349418, 0.0 ], [ 90.215498885380299, 48.524546753792251, 0.0 ], [ 90.218317471247133, 48.513508139895229, 0.0 ], [ 90.230871563477322, 48.505704278647201, 0.0 ], [ 90.242075134698013, 48.501084608113331, 0.0 ], [ 90.253367798662339, 48.498623991226999, 0.0 ], [ 90.259789952198986, 48.492928558365065, 0.0 ], [ 90.273506395902302, 48.490555069029298, 0.0 ], [ 90.278699361497274, 48.48661104911956, 0.0 ], [ 90.301990737472522, 48.47955152499221, 0.0 ], [ 90.313016730362733, 48.4637759214122, 0.0 ], [ 90.318983496783545, 48.460217764219891, 0.0 ], [ 90.338198981484922, 48.443298197957347, 0.0 ], [ 90.354637481154796, 48.420523720188491, 0.0 ], [ 90.361431574756978, 48.396681092359991, 0.0 ], [ 90.374068662231579, 48.380596795514819, 0.0 ] ] } },
{ "type": "Feature", "properties": { "average_dip": "(90,,)", "average_rake": null, "catalog_id": "NEA_72", "catalog_name": "GEM_NE_Asia", "dip_dir": null, "lower_seis_depth": null, "name": "Tolbo Nuur Fault (strike-slip segment)", "net_slip_rate": null, "slip_type": "Dextral", "upper_seis_depth": null, "downthrown_side_id": null, "reference": "Gregory et al., 2014", "epistemic_quality": "1", "accuracy": "50000", "activity_confidence": "1", "fs_name": null, "last_movement": null, "downthrown_side_dir": null, "vert_sep_rate": null, "strike_slip_rate": "(0.9, 0.8, 1.1)", "exposure_quality": "1", "shortening_rate": null, "notes": "Slip rate from cosmogenics. In agreement with Frankel et al. 2011 site 100 km farther south.", "index_right": 46, "NAME_EN": "Mongolia" }, "geometry": { "type": "LineString", "coordinates": [ [ 89.785700636463474, 48.954806226030854, 0.0 ], [ 89.829666032514723, 48.930246834990925, 0.0 ], [ 89.840185162231336, 48.922492106561016, 0.0 ], [ 89.848578455619347, 48.918603578305429, 0.0 ], [ 89.871660750954376, 48.911970733198132, 0.0 ], [ 89.895087147028278, 48.898432977428591, 0.0 ], [ 89.918472455375408, 48.880668778680011, 0.0 ], [ 89.936497452232743, 48.861793830980929, 0.0 ], [ 89.953233350828825, 48.835860992430597, 0.0 ], [ 89.958525023692232, 48.819181755176373, 0.0 ], [ 89.963379933693474, 48.7920661078386, 0.0 ], [ 89.986291913670613, 48.760436719824412, 0.0 ], [ 89.991979605012631, 48.742152084204527, 0.0 ], [ 89.994655203512295, 48.724109795452591, 0.0 ], [ 90.000008896797993, 48.712637912716076, 0.0 ], [ 90.005552334591258, 48.702071223006108, 0.0 ], [ 90.018282972674569, 48.689983443352325, 0.0 ], [ 90.045444205352837, 48.674133864707677, 0.0 ], [ 90.086500985060496, 48.657368275769073, 0.0 ], [ 90.190428271540554, 48.598914878262129, 0.0 ], [ 90.235389556127814, 48.560144765364463, 0.0 ], [ 90.266384580961827, 48.542233180581484, 0.0 ], [ 90.349917822340913, 48.513453902348317, 0.0 ], [ 90.366432708008873, 48.503263930859674, 0.0 ], [ 90.37686541923982, 48.494651643401227, 0.0 ], [ 90.395295498502833, 48.487401849719845, 0.0 ], [ 90.454016899885175, 48.469711513219032, 0.0 ], [ 90.509955324792188, 48.459446486638917, 0.0 ] ] } },
{ "type": "Feature", "properties": { "average_dip": "(30,15,50)", "average_rake": null, "catalog_id": "NEA_73", "catalog_name": "GEM_NE_Asia", "dip_dir": "N", "lower_seis_depth": null, "name": null, "net_slip_rate": null, "slip_type": "Reverse", "upper_seis_depth": null, "downthrown_side_id": null, "reference": "DEM", "epistemic_quality": "1", "accuracy": "70000", "activity_confidence": "2", "fs_name": null, "last_movement": null, "downthrown_side_dir": "S", "vert_sep_rate": null, "strike_slip_rate": null, "exposure_quality": "1", "shortening_rate": null, "notes": "Looks like a reverse-bound basin in the DEM. Also mapped by Gregory in a figure but who knows if anyone went there.  Possible fault scarp in Google Earth.", "index_right": 46, "NAME_EN": "Mongolia" }, "geometry": { "type": "LineString", "coordinates": [ [ 88.662941598257959, 49.109581145900854, 0.0 ], [ 88.687815904061253, 49.102519128440427, 0.0 ], [ 88.713666572874885, 49.091546725948795, 0.0 ], [ 88.737783978326803, 49.086235902577897, 0.0 ], [ 88.742344169260463, 49.080884423405266, 0.0 ], [ 88.767505256159353, 49.074719929629417, 0.0 ], [ 88.774228076369084, 49.069560309354678, 0.0 ], [ 88.78865616717998, 49.062700537800929, 0.0 ], [ 88.816268169531511, 49.060236940499017, 0.0 ], [ 88.847958815238343, 49.054186665527659, 0.0 ], [ 88.869231334648262, 49.054647512053457, 0.0 ], [ 88.905740092962944, 49.062104429382394, 0.0 ], [ 88.909910212034987, 49.065263146666133, 0.0 ], [ 88.924230987166098, 49.065570364018917, 0.0 ], [ 88.934250216427188, 49.067742427151373, 0.0 ], [ 88.944693999272104, 49.067238617503058, 0.0 ], [ 88.95162573956145, 49.070164457194203, 0.0 ], [ 88.998830987144217, 49.080064570380031, 0.0 ], [ 89.007324081943366, 49.079915234327423, 0.0 ] ] } },
{ "type": "Feature", "properties": { "average_dip": "(35,20,55)", "average_rake": null, "catalog_id": "NEA_74", "catalog_name": "GEM_NE_Asia", "dip_dir": "E", "lower_seis_depth": null, "name": null, "net_slip_rate": null, "slip_type": "Reverse", "upper_seis_depth": null, "downthrown_side_id": null, "reference": "DEM", "epistemic_quality": "2", "accuracy": "80000", "activity_confidence": "1", "fs_name": null, "last_movement": null, "downthrown_side_dir": "W", "vert_sep_rate": null, "strike_slip_rate": null, "exposure_quality": "1", "shortening_rate": null, "notes": "May be northern, contractional continuation of Olgiy Fault. There is a small thrust focal mechanism at the southeast end and the basin looks actively subsiding.  May have a dextral component.", "index_right": 46, "NAME_EN": "Mongolia" }, "geometry": { "type": "LineString", "coordinates": [ [ 89.137304858811532, 49.252632214104203, 0.0 ], [ 89.166260434006901, 49.235251157455444, 0.0 ], [ 89.205071763773589, 49.228443642722212, 0.0 ], [ 89.219233413895253, 49.221348545407906, 0.0 ], [ 89.240411942055829, 49.215278525544917, 0.0 ], [ 89.248265758803697, 49.20413275213874, 0.0 ], [ 89.256941793081111, 49.199665507556197, 0.0 ], [ 89.26797091940081, 49.19763468950881, 0.0 ], [ 89.277589793294794, 49.191950544548803, 0.0 ], [ 89.30320615615976, 49.187859831997983, 0.0 ], [ 89.321424378023195, 49.189189138245993, 0.0 ], [ 89.339337050905854, 49.177216786576473, 0.0 ], [ 89.365546245860855, 49.153389892944944, 0.0 ], [ 89.377631300561504, 49.144752238071895, 0.0 ], [ 89.391850888546486, 49.138000427251121, 0.0 ], [ 89.396714463836133, 49.131744733277991, 0.0 ], [ 89.402983905043882, 49.12922983758353, 0.0 ], [ 89.421848152872229, 49.11140603014352, 0.0 ], [ 89.42795668815647, 49.107715940418025, 0.0 ], [ 89.440754401931002, 49.104130401578864, 0.0 ], [ 89.45556246303893, 49.093985022589294, 0.0 ], [ 89.462259848291779, 49.091216128474215, 0.0 ], [ 89.468059853844181, 49.083650429642859, 0.0 ], [ 89.473238310680046, 49.072646267771738, 0.0 ], [ 89.473652330501125, 49.046086191292787, 0.0 ], [ 89.479144079776674, 49.040212426447084, 0.0 ], [ 89.503040431467554, 49.030444768921342, 0.0 ], [ 89.511826034423677, 49.024348979844206, 0.0 ], [ 89.528154938098368, 49.019287176471991, 0.0 ] ] } },
{ "type": "Feature", "properties": { "average_dip": "(90,,)", "average_rake": null, "catalog_id": "NEA_75", "catalog_name": "GEM_NE_Asia", "dip_dir": null, "lower_seis_depth": null, "name": "Sagsay Fault", "net_slip_rate": null, "slip_type": "Dextral", "upper_seis_depth": null, "downthrown_side_id": null, "reference": "DEM; Gregory et al. 2014", "epistemic_quality": "1", "accuracy": "80000", "activity_confidence": "1", "fs_name": "Sagsay Fault", "last_movement": null, "downthrown_side_dir": null, "vert_sep_rate": null, "strike_slip_rate": null, "exposure_quality": "1", "shortening_rate": null, "notes": "Gregory shows it to continue to north and south for ~100 km but I can't find it clearly", "index_right": 46, "NAME_EN": "Mongolia" }, "geometry": { "type": "LineString", "coordinates": [ [ 89.820905664893175, 48.306018901017531, 0.0 ], [ 89.830083598812365, 48.299912692430013, 0.0 ], [ 89.852993935679322, 48.290938125789133, 0.0 ], [ 89.884343055076201, 48.271863107243348, 0.0 ], [ 89.906303187008888, 48.261222691267506, 0.0 ], [ 89.910189383514791, 48.2584086467239, 0.0 ], [ 89.914804276262402, 48.250407053762579, 0.0 ], [ 89.920686898973941, 48.246322531414535, 0.0 ], [ 89.961986001381916, 48.225282782229137, 0.0 ], [ 90.040655788327626, 48.165293686235032, 0.0 ], [ 90.055527233506695, 48.151835522437388, 0.0 ], [ 90.090460553906112, 48.133117766239877, 0.0 ], [ 90.105083219495171, 48.122342654475695, 0.0 ], [ 90.128527233676067, 48.108842706709545, 0.0 ], [ 90.138777491894132, 48.098797094934341, 0.0 ], [ 90.185262037065868, 48.072844855843137, 0.0 ], [ 90.199478026319298, 48.06654132317977, 0.0 ], [ 90.282265112969327, 48.006105218169807, 0.0 ], [ 90.307476610002837, 47.992817485984688, 0.0 ], [ 90.337774026029862, 47.982768971922631, 0.0 ], [ 90.357121396349442, 47.972136748291156, 0.0 ], [ 90.385020390877344, 47.954972923704524, 0.0 ], [ 90.400362887581551, 47.940590893692878, 0.0 ], [ 90.43412099050785, 47.923446908283445, 0.0 ], [ 90.457801187837021, 47.908275637827657, 0.0 ], [ 90.475795643455399, 47.88354140900271, 0.0 ], [ 90.487180597494287, 47.871347415524198, 0.0 ], [ 90.501073890241372, 47.861220178501952, 0.0 ], [ 90.535164426512694, 47.8456806547767, 0.0 ], [ 90.561428029831788, 47.823921433004593, 0.0 ], [ 90.56975601765518, 47.81287297400457, 0.0 ], [ 90.587713226006613, 47.798107902081803, 0.0 ], [ 90.606318640318278, 47.776433408989099, 0.0 ], [ 90.619996314060486, 47.756206301612778, 0.0 ], [ 90.62995005197422, 47.748088711112523, 0.0 ], [ 90.635096926856278, 47.739985713050572, 0.0 ], [ 90.637247665898556, 47.732679806182098, 0.0 ] ] } },
{ "type": "Feature", "properties": { "average_dip": "(45,20,60)", "average_rake": null, "catalog_id": "NEA_76", "catalog_name": "GEM_NE_Asia", "dip_dir": "W", "lower_seis_depth": null, "name": "Tsetseg Fault", "net_slip_rate": null, "slip_type": "Reverse-Dextral", "upper_seis_depth": null, "downthrown_side_id": null, "reference": "DEM; Cunningham et al., 1996", "epistemic_quality": "1", "accuracy": "80000", "activity_confidence": "1", "fs_name": null, "last_movement": null, "downthrown_side_dir": "E", "vert_sep_rate": null, "strike_slip_rate": null, "exposure_quality": "1", "shortening_rate": null, "notes": "Nice basin in DEM. Peculiar that fault daylights so high up the bajada but that seems to be how the ALtai work.", "index_right": 46, "NAME_EN": "Mongolia" }, "geometry": { "type": "LineString", "coordinates": [ [ 92.727004358899663, 46.861841028690577, 0.0 ], [ 92.750531898367896, 46.85776218889189, 0.0 ], [ 92.789759310536979, 46.85503749056803, 0.0 ], [ 92.814389334229759, 46.849345049600913, 0.0 ], [ 92.846727550440292, 46.848103452161183, 0.0 ], [ 92.871063439532094, 46.850320341765894, 0.0 ], [ 92.88239122967731, 46.849251349638564, 0.0 ], [ 92.903573669346059, 46.844203725560952, 0.0 ], [ 92.912430239677875, 46.846152757393909, 0.0 ], [ 92.936568351404489, 46.846552419100078, 0.0 ], [ 92.978708771385072, 46.842555911644091, 0.0 ], [ 93.005230735206965, 46.834515179252442, 0.0 ], [ 93.018139057960624, 46.833098886736607, 0.0 ], [ 93.040168658439512, 46.825700134235433, 0.0 ], [ 93.080610375555324, 46.808674102054972, 0.0 ], [ 93.161461234381193, 46.786020219473798, 0.0 ], [ 93.244557495594464, 46.747403695275985, 0.0 ], [ 93.297248274067996, 46.733180384991094, 0.0 ], [ 93.322331956262616, 46.721720085284055, 0.0 ], [ 93.334693685874655, 46.71062631047203, 0.0 ], [ 93.3638386195382, 46.693716954134324, 0.0 ], [ 93.377551858219306, 46.680564508723954, 0.0 ], [ 93.37640158726532, 46.674784637620505, 0.0 ], [ 93.38608084201833, 46.665361749289509, 0.0 ], [ 93.388044405232279, 46.660522824912391, 0.0 ], [ 93.419283747181055, 46.637140696034095, 0.0 ], [ 93.432505916010328, 46.621813012262685, 0.0 ], [ 93.448282811172305, 46.608497305321976, 0.0 ], [ 93.455606790919958, 46.598318223545611, 0.0 ], [ 93.46674939672701, 46.591969287354246, 0.0 ], [ 93.465120924301345, 46.584201590335745, 0.0 ], [ 93.46608600884197, 46.567096146145424, 0.0 ], [ 93.488859483116357, 46.534579780752139, 0.0 ], [ 93.490796601400021, 46.530278583234235, 0.0 ], [ 93.489390983362, 46.523954686997762, 0.0 ], [ 93.494221150470807, 46.518787411694738, 0.0 ], [ 93.500948071905, 46.500488016187688, 0.0 ], [ 93.518700787390259, 46.479255845578628, 0.0 ], [ 93.525329309184812, 46.453924477121618, 0.0 ], [ 93.526105268647555, 46.44366121819121, 0.0 ], [ 93.530511360688664, 46.434161606508077, 0.0 ], [ 93.545284271360003, 46.410996017500423, 0.0 ], [ 93.569113317446735, 46.379010806372122, 0.0 ], [ 93.57223214411222, 46.368412569805969, 0.0 ], [ 93.580363491692481, 46.354987562640552, 0.0 ], [ 93.586252122707165, 46.337210294884265, 0.0 ], [ 93.621054162310926, 46.323361849980735, 0.0 ], [ 93.670120746124056, 46.31064857049946, 0.0 ], [ 93.67128148783749, 46.305253351684172, 0.0 ], [ 93.67715018642177, 46.298646549290375, 0.0 ], [ 93.69501594586086, 46.290363574061892, 0.0 ] ] } },
{ "type": "Feature", "properties": { "average_dip": "(90,,)", "average_rake": null, "catalog_id": "NEA_77", "catalog_name": "GEM_NE_Asia", "dip_dir": null, "lower_seis_depth": null, "name": "Sagsay Fault (north segment)", "net_slip_rate": null, "slip_type": "Dextral", "upper_seis_depth": null, "downthrown_side_id": null, "reference": "Google Earth; DEM; Gregory 2010", "epistemic_quality": "1", "accuracy": "80000", "activity_confidence": "1", "fs_name": null, "last_movement": null, "downthrown_side_dir": null, "vert_sep_rate": null, "strike_slip_rate": null, "exposure_quality": "1", "shortening_rate": null, "notes": "Earthquke rupture very clear in Google Earth.", "index_right": 46, "NAME_EN": "Mongolia" }, "geometry": { "type": "LineString", "coordinates": [ [ 89.613229709759779, 48.703462514440353, 0.0 ], [ 89.627704700225905, 48.68065440766825, 0.0 ], [ 89.630453784545352, 48.673338421372129, 0.0 ], [ 89.638276079282903, 48.663998483855863, 0.0 ], [ 89.646101752478117, 48.65098996278283, 0.0 ], [ 89.654192998110759, 48.642635886927927, 0.0 ], [ 89.664648906390624, 48.636570894446507, 0.0 ], [ 89.672524977502675, 48.628146059663031, 0.0 ], [ 89.696485095983149, 48.593359578049103, 0.0 ], [ 89.705613365463108, 48.574698799925137, 0.0 ], [ 89.730499955235899, 48.547714051455408, 0.0 ], [ 89.741566058373934, 48.530027674443183, 0.0 ], [ 89.743789862478891, 48.520390924129259, 0.0 ], [ 89.768629589712958, 48.483775560793028, 0.0 ], [ 89.783276303277034, 48.456423632283403, 0.0 ], [ 89.789251992035318, 48.440801334215713, 0.0 ] ] } },
{ "type": "Feature", "properties": { "average_dip": "(70,40,90)", "average_rake": null, "catalog_id": "NEA_78", "catalog_name": "GEM_NE_Asia", "dip_dir": "E", "lower_seis_depth": null, "name": "Turgin Gol Fault", "net_slip_rate": null, "slip_type": "Dextral-Reverse", "upper_seis_depth": null, "downthrown_side_id": null, "reference": "DEM; Cunningham et al. 1996", "epistemic_quality": "1", "accuracy": "60000", "activity_confidence": "1", "fs_name": null, "last_movement": null, "downthrown_side_dir": "W", "vert_sep_rate": null, "strike_slip_rate": null, "exposure_quality": "1", "shortening_rate": null, "notes": "Dip and rake covary with strike. N-segments are probably vertical/dextral, and NW-striking segmentts dip towards high topography and have a reverse component.", "index_right": 46, "NAME_EN": "Mongolia" }, "geometry": { "type": "LineString", "coordinates": [ [ 92.019550557409218, 47.171733796142881, 0.0 ], [ 92.039103346535796, 47.161030156233295, 0.0 ], [ 92.047921940140426, 47.153673959033306, 0.0 ], [ 92.050222577003709, 47.155168394459359, 0.0 ], [ 92.080649475047593, 47.137869437676009, 0.0 ], [ 92.100292306541462, 47.130219549784272, 0.0 ], [ 92.118877241705405, 47.117140045344449, 0.0 ], [ 92.131350562949265, 47.104819023340546, 0.0 ], [ 92.15090987324929, 47.082212042228676, 0.0 ], [ 92.153987958920652, 47.073097030150102, 0.0 ], [ 92.161656315291481, 47.067147028611302, 0.0 ], [ 92.168872979985338, 47.056864059761615, 0.0 ], [ 92.177207032783457, 47.042463303920464, 0.0 ], [ 92.180033080547034, 47.032981254527037, 0.0 ], [ 92.201580551752613, 47.003654744562695, 0.0 ], [ 92.211755386572207, 46.994514959395488, 0.0 ], [ 92.230365010920551, 46.968269005065928, 0.0 ], [ 92.247315686974389, 46.923699576661484, 0.0 ], [ 92.256238900371372, 46.909934315201667, 0.0 ], [ 92.26676012728457, 46.898454780511344, 0.0 ], [ 92.26897103115985, 46.893278773389319, 0.0 ], [ 92.281079791700691, 46.878589714219487, 0.0 ], [ 92.312616320082967, 46.849544606601505, 0.0 ], [ 92.31819432864404, 46.84236775000857, 0.0 ], [ 92.326141675391625, 46.826323212942036, 0.0 ], [ 92.34426949877097, 46.805539491024888, 0.0 ], [ 92.379570388327252, 46.778717142315386, 0.0 ], [ 92.40033294687106, 46.768790043642994, 0.0 ], [ 92.417179089751968, 46.758328253081565, 0.0 ], [ 92.452361489280818, 46.729770219325793, 0.0 ], [ 92.483790861795143, 46.711667188292331, 0.0 ], [ 92.492311504138328, 46.708414798853923, 0.0 ], [ 92.497228199544608, 46.703648209164839, 0.0 ], [ 92.521518571742959, 46.692780169886774, 0.0 ], [ 92.534505768144257, 46.68276604362589, 0.0 ], [ 92.551090985622679, 46.67426262840312, 0.0 ], [ 92.564101011398691, 46.669831857168695, 0.0 ], [ 92.6209352821365, 46.639752822777069, 0.0 ], [ 92.677139668514144, 46.604229452986743, 0.0 ], [ 92.722367336396502, 46.570372160407786, 0.0 ], [ 92.756703280875072, 46.52963345502851, 0.0 ], [ 92.772898069498893, 46.515595651044286, 0.0 ], [ 92.790152555709241, 46.493914292434901, 0.0 ], [ 92.873604412627998, 46.378925378386818, 0.0 ], [ 92.892058171004138, 46.357967931957269, 0.0 ], [ 92.937668220812043, 46.319072748672426, 0.0 ], [ 92.971264178356776, 46.279963446335572, 0.0 ], [ 93.001433584155976, 46.233215406797306, 0.0 ], [ 93.013603234825283, 46.211053078639587, 0.0 ], [ 93.042787703062402, 46.172479719703986, 0.0 ], [ 93.058558146708052, 46.154425481520768, 0.0 ], [ 93.093656529359194, 46.091224283823166, 0.0 ], [ 93.132366307312012, 46.038523293783747, 0.0 ], [ 93.140956333767932, 46.024585316052125, 0.0 ], [ 93.173976388641648, 45.981791713060943, 0.0 ], [ 93.196700546826307, 45.957415541355807, 0.0 ], [ 93.207991086043222, 45.947389099187674, 0.0 ], [ 93.217730739256538, 45.941577933374347, 0.0 ], [ 93.234550448485422, 45.92351174326317, 0.0 ], [ 93.270837478366872, 45.902019835892823, 0.0 ], [ 93.344839857376343, 45.865245681616543, 0.0 ] ] } },
{ "type": "Feature", "properties": { "average_dip": "(90,,)", "average_rake": null, "catalog_id": "NEA_83", "catalog_name": "GEM_NE_Asia", "dip_dir": null, "lower_seis_depth": null, "name": "Bulgan Gol Fault (eastern segment)", "net_slip_rate": null, "slip_type": "Sinistral", "upper_seis_depth": null, "downthrown_side_id": null, "reference": "Baljinnyam et al., 1993; DEM; Google Earth", "epistemic_quality": "1", "accuracy": "50000", "activity_confidence": "1", "fs_name": null, "last_movement": null, "downthrown_side_dir": null, "vert_sep_rate": null, "strike_slip_rate": null, "exposure_quality": "1", "shortening_rate": null, "notes": "Well defined fault between other sinistral-ish fault segments. Not a lot of sign of Quaternary activity on it, but the trace is clear and it is surrounded by similar active faults. Imagery is a little bad.", "index_right": 46, "NAME_EN": "Mongolia" }, "geometry": { "type": "LineString", "coordinates": [ [ 91.354599430260706, 46.124965770239982, 0.0 ], [ 91.403324209974514, 46.121701197662382, 0.0 ], [ 91.478176489731624, 46.121871185694026, 0.0 ], [ 91.595826511526525, 46.112017546176709, 0.0 ], [ 91.659575542812519, 46.099322388465488, 0.0 ], [ 91.7466402576718, 46.086489206569134, 0.0 ], [ 91.795159005437682, 46.081081453812011, 0.0 ], [ 91.839571491472739, 46.079609330927113, 0.0 ], [ 91.976446540545041, 46.084928724502277, 0.0 ], [ 92.0165226318381, 46.081933857100076, 0.0 ], [ 92.066587238740155, 46.07339068332179, 0.0 ], [ 92.15743757108369, 46.046108722144552, 0.0 ], [ 92.182880293995524, 46.039475538523924, 0.0 ], [ 92.206880783886334, 46.035871455802031, 0.0 ], [ 92.37284392881881, 46.031576737404357, 0.0 ], [ 92.418087968909489, 46.033433116515049, 0.0 ], [ 92.479692003762466, 46.040478320015943, 0.0 ] ] } },
{ "type": "Feature", "properties": { "average_dip": "(90,,)", "average_rake": null, "catalog_id": "NEA_79", "catalog_name": "GEM_NE_Asia", "dip_dir": null, "lower_seis_depth": null, "name": null, "net_slip_rate": null, "slip_type": "Sinistral", "upper_seis_depth": null, "downthrown_side_id": null, "reference": "Google Earth", "epistemic_quality": "1", "accuracy": "30000", "activity_confidence": "1", "fs_name": null, "last_movement": null, "downthrown_side_dir": null, "vert_sep_rate": null, "strike_slip_rate": null, "exposure_quality": "1", "shortening_rate": null, "notes": "Found on Google EArth. Good stepover geomorphology.", "index_right": 46, "NAME_EN": "Mongolia" }, "geometry": { "type": "LineString", "coordinates": [ [ 90.605152864760655, 45.567659282336713, 0.0 ], [ 90.628991886198691, 45.580370662274028, 0.0 ], [ 90.721627493321705, 45.622195391251928, 0.0 ], [ 90.776587130057663, 45.643596085010188, 0.0 ], [ 90.787207726545518, 45.650372069361829, 0.0 ], [ 90.811053309228186, 45.661559870344881, 0.0 ], [ 90.894451025170909, 45.682484758949961, 0.0 ], [ 90.918958179305605, 45.690515568689761, 0.0 ] ] } },
{ "type": "Feature", "properties": { "average_dip": "(90,,)", "average_rake": null, "catalog_id": "NEA_80", "catalog_name": "GEM_NE_Asia", "dip_dir": null, "lower_seis_depth": null, "name": "Baruum-Hurray Fault (western segment)", "net_slip_rate": null, "slip_type": "Sinistral", "upper_seis_depth": null, "downthrown_side_id": null, "reference": "Baljinnyam et al., 1993; Google Earth", "epistemic_quality": "1", "accuracy": "30000", "activity_confidence": "1", "fs_name": null, "last_movement": null, "downthrown_side_dir": null, "vert_sep_rate": null, "strike_slip_rate": null, "exposure_quality": "1", "shortening_rate": null, "notes": "Long rupture observed (and inferred in places) in Google Earth.  Taylor 2010 puts a fault through here too, probably based on SRTM 90.", "index_right": 46, "NAME_EN": "Mongolia" }, "geometry": { "type": "LineString", "coordinates": [ [ 90.56064895101116, 45.736022599917433, 0.0 ], [ 90.61438355484475, 45.733334507879242, 0.0 ], [ 90.655855707640725, 45.728938304740574, 0.0 ], [ 90.685231827488181, 45.729565024191501, 0.0 ], [ 90.736234802111738, 45.727685836537077, 0.0 ], [ 90.821637063266081, 45.720632479900587, 0.0 ], [ 90.955147404844794, 45.713719421156092, 0.0 ], [ 91.021644674242765, 45.719009058668213, 0.0 ], [ 91.134310789471357, 45.736946489359802, 0.0 ], [ 91.208426717269518, 45.753925337354758, 0.0 ], [ 91.282642395589562, 45.773131477641201, 0.0 ], [ 91.33103389643918, 45.793157303292389, 0.0 ], [ 91.375346541734601, 45.806081786368743, 0.0 ], [ 91.40905243425118, 45.811120031645054, 0.0 ], [ 91.427752838296655, 45.812162996041131, 0.0 ], [ 91.447499016903691, 45.810787086930382, 0.0 ], [ 91.481831977224857, 45.815978853835666, 0.0 ], [ 91.547353519507809, 45.819192812942852, 0.0 ], [ 91.555710492295759, 45.822077866152938, 0.0 ], [ 91.567750641199709, 45.82290374015782, 0.0 ], [ 91.606942183893679, 45.830683151766273, 0.0 ], [ 91.665097895765683, 45.84769052685472, 0.0 ], [ 91.688668728274223, 45.852562551632182, 0.0 ] ] } },
{ "type": "Feature", "properties": { "average_dip": "(90,,)", "average_rake": null, "catalog_id": "NEA_81", "catalog_name": "GEM_NE_Asia", "dip_dir": null, "lower_seis_depth": null, "name": "Baruum-Huuray Fault (eastern segment)", "net_slip_rate": null, "slip_type": "Sinistral", "upper_seis_depth": null, "downthrown_side_id": null, "reference": "Baljinnyam et al., 1993; Google Earth", "epistemic_quality": "1", "accuracy": "50000", "activity_confidence": "2", "fs_name": null, "last_movement": null, "downthrown_side_dir": null, "vert_sep_rate": null, "strike_slip_rate": null, "exposure_quality": "1", "shortening_rate": null, "notes": "Mapped in Google Earth. It is the eastern half of a long fault that is clearly active in the west, but more ambiguous here. The imagery is worse. Merges with other faults in the high southern Altai.", "index_right": 46, "NAME_EN": "Mongolia" }, "geometry": { "type": "LineString", "coordinates": [ [ 91.628630816002755, 45.853809289506202, 0.0 ], [ 91.638474766742092, 45.857728121247447, 0.0 ], [ 91.701466656792405, 45.869693882486118, 0.0 ], [ 91.748490152534544, 45.88492157653576, 0.0 ], [ 91.788405262876779, 45.891794676284619, 0.0 ], [ 91.860795147621616, 45.910435009289387, 0.0 ], [ 91.908563349990999, 45.918726195807089, 0.0 ], [ 91.937531843928241, 45.927398059132237, 0.0 ], [ 92.0167658722482, 45.93882550600997, 0.0 ], [ 92.125948777275283, 45.959432995298357, 0.0 ], [ 92.1371530188474, 45.96102160075052, 0.0 ], [ 92.148505493446066, 45.960180812881958, 0.0 ], [ 92.174073909222955, 45.961836345681228, 0.0 ], [ 92.278327342762793, 45.98095869286513, 0.0 ], [ 92.443997292296928, 46.014415827009998, 0.0 ], [ 92.511389286996348, 46.031097899787817, 0.0 ], [ 92.554039858840369, 46.039954784105049, 0.0 ], [ 92.5983265078426, 46.04745727096585, 0.0 ], [ 92.638532327252378, 46.048398761586988, 0.0 ] ] } },
{ "type": "Feature", "properties": { "average_dip": "(90,,)", "average_rake": null, "catalog_id": "NEA_82", "catalog_name": "GEM_NE_Asia", "dip_dir": null, "lower_seis_depth": null, "name": "Bulgan Gol fault (western segment)", "net_slip_rate": null, "slip_type": "Sinistral", "upper_seis_depth": null, "downthrown_side_id": null, "reference": "Google Earth", "epistemic_quality": "1", "accuracy": "30000", "activity_confidence": "1", "fs_name": null, "last_movement": null, "downthrown_side_dir": null, "vert_sep_rate": null, "strike_slip_rate": null, "exposure_quality": "1", "shortening_rate": null, "notes": "Rupture mapped in Google Earth. Continues eastward but quaternary activity east of this structure is unclear.", "index_right": 46, "NAME_EN": "Mongolia" }, "geometry": { "type": "LineString", "coordinates": [ [ 90.68703352755756, 46.136313454599652, 0.0 ], [ 90.729235638432939, 46.133366811097282, 0.0 ], [ 90.845247950759784, 46.130665728357918, 0.0 ], [ 90.962785038476369, 46.122407547578092, 0.0 ], [ 90.981342786001932, 46.118520470604253, 0.0 ], [ 91.059283048514857, 46.111853933798187, 0.0 ], [ 91.121767182786286, 46.110346282773101, 0.0 ], [ 91.165152907031796, 46.106610671581507, 0.0 ], [ 91.202668168590975, 46.106785959226372, 0.0 ], [ 91.285370798106484, 46.112023078305768, 0.0 ], [ 91.326023114464078, 46.117303553070201, 0.0 ], [ 91.362040969190886, 46.119616528966667, 0.0 ] ] } },
{ "type": "Feature", "properties": { "average_dip": "(80,60,90)", "average_rake": null, "catalog_id": "NEA_85", "catalog_name": "GEM_NE_Asia", "dip_dir": "W", "lower_seis_depth": null, "name": "Tonhil Fault (north segment)", "net_slip_rate": null, "slip_type": "Dextral", "upper_seis_depth": null, "downthrown_side_id": null, "reference": "Baljinnyam et al., 1993; DEM", "epistemic_quality": "1", "accuracy": "30000", "activity_confidence": "1", "fs_name": null, "last_movement": null, "downthrown_side_dir": "E", "vert_sep_rate": null, "strike_slip_rate": null, "exposure_quality": "1", "shortening_rate": null, "notes": "this segment has a  nice visible rupture in google earth", "index_right": 46, "NAME_EN": "Mongolia" }, "geometry": { "type": "LineString", "coordinates": [ [ 93.699869574849103, 46.618286969503004, 0.0 ], [ 93.706615343389743, 46.614656792990289, 0.0 ], [ 93.742437097175625, 46.587040327456123, 0.0 ], [ 93.754309454148995, 46.56009540092613, 0.0 ], [ 93.755136149246582, 46.554331459365883, 0.0 ], [ 93.771050834617441, 46.53379775487555, 0.0 ], [ 93.79076263739168, 46.513416665461968, 0.0 ], [ 93.807251842016925, 46.487218397693582, 0.0 ], [ 93.821684905819112, 46.472617807566436, 0.0 ], [ 93.838746415250171, 46.458666386804218, 0.0 ], [ 93.85672086601916, 46.424101777524257, 0.0 ], [ 93.88487872216777, 46.382266308485583, 0.0 ], [ 93.921138571047777, 46.314525963338937, 0.0 ], [ 93.93896404010728, 46.271887214513889, 0.0 ], [ 93.970985175748609, 46.171506657552527, 0.0 ], [ 93.979309386651906, 46.140422753607623, 0.0 ], [ 93.995229812814969, 46.098466271766867, 0.0 ], [ 94.000915761225713, 46.077244809620538, 0.0 ], [ 94.014410771438946, 46.045582961643888, 0.0 ], [ 94.023462388919015, 46.005808943606503, 0.0 ] ] } },
{ "type": "Feature", "properties": { "average_dip": "(90,,)", "average_rake": null, "catalog_id": "NEA_86", "catalog_name": "GEM_NE_Asia", "dip_dir": null, "lower_seis_depth": null, "name": "Tonhil Fault, south section", "net_slip_rate": null, "slip_type": "Dextral", "upper_seis_depth": null, "downthrown_side_id": null, "reference": "Baljinnyam et al., 1993; Google Earth; DEM", "epistemic_quality": "1", "accuracy": "50000", "activity_confidence": "1", "fs_name": null, "last_movement": null, "downthrown_side_dir": null, "vert_sep_rate": null, "strike_slip_rate": null, "exposure_quality": "1", "shortening_rate": null, "notes": "Good visible rupture (or at least fault trace) over much of the fault", "index_right": 46, "NAME_EN": "Mongolia" }, "geometry": { "type": "LineString", "coordinates": [ [ 94.016091484606619, 46.001288533485422, 0.0 ], [ 94.014334430730642, 45.976356059895572, 0.0 ], [ 94.018799454226013, 45.928515430366446, 0.0 ], [ 94.008353906468543, 45.892635665567688, 0.0 ], [ 94.005433586607822, 45.859986098552845, 0.0 ], [ 94.008880239432031, 45.847627685586069, 0.0 ], [ 94.012769693288348, 45.821375286863365, 0.0 ], [ 94.021904201369622, 45.804378460708307, 0.0 ], [ 94.034548315011577, 45.770186522154255, 0.0 ], [ 94.052179404168669, 45.747209843560107, 0.0 ], [ 94.063509572732471, 45.726297195685184, 0.0 ], [ 94.067201410564138, 45.71076409099657, 0.0 ], [ 94.076317693664805, 45.692854131886158, 0.0 ], [ 94.080717500400198, 45.672943684703739, 0.0 ], [ 94.08014937051685, 45.667802379578106, 0.0 ], [ 94.073760697958619, 45.655818081125616, 0.0 ], [ 94.07372389189517, 45.644183560951085, 0.0 ], [ 94.076720277286952, 45.624336859778168, 0.0 ] ] } },
{ "type": "Feature", "properties": { "average_dip": "(30,20,50)", "average_rake": null, "catalog_id": "NEA_87", "catalog_name": "GEM_NE_Asia", "dip_dir": "E", "lower_seis_depth": null, "name": null, "net_slip_rate": null, "slip_type": "Reverse", "upper_seis_depth": null, "downthrown_side_id": null, "reference": "DEM", "epistemic_quality": "1", "accuracy": "50000", "activity_confidence": "1", "fs_name": null, "last_movement": null, "downthrown_side_dir": "W", "vert_sep_rate": null, "strike_slip_rate": null, "exposure_quality": "1", "shortening_rate": null, "notes": null, "index_right": 46, "NAME_EN": "Mongolia" }, "geometry": { "type": "LineString", "coordinates": [ [ 93.383991133968308, 45.758443990336367, 0.0 ], [ 93.40243211249792, 45.754907911537664, 0.0 ], [ 93.408353497110141, 45.751358618353542, 0.0 ], [ 93.416123227758845, 45.743149066866891, 0.0 ], [ 93.427550882048692, 45.726977893479685, 0.0 ], [ 93.441178553602711, 45.700558632932143, 0.0 ], [ 93.448482859188616, 45.693247275962285, 0.0 ], [ 93.452554580682218, 45.68581916163685, 0.0 ], [ 93.455324619833249, 45.67867667497562, 0.0 ], [ 93.456515799043672, 45.661616758965607, 0.0 ], [ 93.466286524491707, 45.646024028459806, 0.0 ], [ 93.478929599044406, 45.635905962680518, 0.0 ], [ 93.492497788013253, 45.631691289192119, 0.0 ], [ 93.498081199841977, 45.63236426359245, 0.0 ] ] } },
{ "type": "Feature", "properties": { "average_dip": "(40,20,70)", "average_rake": null, "catalog_id": "NEA_88", "catalog_name": "GEM_NE_Asia", "dip_dir": "NE", "lower_seis_depth": null, "name": null, "net_slip_rate": null, "slip_type": "Reverse-Dextral", "upper_seis_depth": null, "downthrown_side_id": null, "reference": "DEM; Cunningham faults", "epistemic_quality": "1", "accuracy": "50000", "activity_confidence": "1", "fs_name": null, "last_movement": null, "downthrown_side_dir": "SW", "vert_sep_rate": null, "strike_slip_rate": null, "exposure_quality": "1", "shortening_rate": null, "notes": "Well expressed in DEM, but poor imagery and no clear signes of Quartnary rupture. Activity may be shifted to younger-looking faults to the SE.", "index_right": 46, "NAME_EN": "Mongolia" }, "geometry": { "type": "LineString", "coordinates": [ [ 93.619360138244843, 45.678818763690543, 0.0 ], [ 93.630826172199477, 45.676982956518351, 0.0 ], [ 93.651377789428892, 45.66882456268803, 0.0 ], [ 93.695789937925042, 45.663109650640408, 0.0 ], [ 93.712678553166384, 45.659359443437701, 0.0 ], [ 93.803179975033572, 45.648490092399996, 0.0 ], [ 93.840425929645448, 45.638573076936751, 0.0 ], [ 93.900130701460199, 45.618724353881426, 0.0 ], [ 93.958414932930467, 45.604047467246893, 0.0 ], [ 93.967620917793013, 45.60072547853612, 0.0 ], [ 93.973825643369068, 45.596622157962742, 0.0 ], [ 93.995272724422165, 45.575417974939192, 0.0 ], [ 94.011284805797587, 45.563383748518191, 0.0 ], [ 94.015723414125617, 45.555032670446792, 0.0 ], [ 94.019354912740567, 45.536701117168477, 0.0 ], [ 94.023877199824241, 45.529634656715821, 0.0 ], [ 94.03006475077612, 45.525905843381381, 0.0 ], [ 94.043021410096969, 45.522305389643535, 0.0 ], [ 94.044204862455203, 45.508638047853239, 0.0 ], [ 94.061796323906847, 45.496910922808127, 0.0 ], [ 94.081036446129119, 45.489349544139053, 0.0 ], [ 94.091920980082378, 45.487088376458495, 0.0 ], [ 94.106302138082413, 45.480771386231815, 0.0 ], [ 94.120737191205635, 45.477929030274744, 0.0 ], [ 94.166641853345524, 45.475001255006809, 0.0 ], [ 94.190262768192724, 45.475613354815394, 0.0 ], [ 94.199550839140286, 45.471745178529737, 0.0 ] ] } },
{ "type": "Feature", "properties": { "average_dip": "(45,30,60)", "average_rake": null, "catalog_id": "NEA_61", "catalog_name": "GEM_NE_Asia", "dip_dir": "E", "lower_seis_depth": null, "name": null, "net_slip_rate": null, "slip_type": "Reverse-Dextral", "upper_seis_depth": null, "downthrown_side_id": null, "reference": "DEM; Google Earth", "epistemic_quality": "2", "accuracy": "50000", "activity_confidence": "2", "fs_name": null, "last_movement": null, "downthrown_side_dir": "W", "vert_sep_rate": null, "strike_slip_rate": null, "exposure_quality": "1", "shortening_rate": null, "notes": "Possibly active, possibly no longer active. Imagery is poor but clear in the topography.", "index_right": 46, "NAME_EN": "Mongolia" }, "geometry": { "type": "LineString", "coordinates": [ [ 93.760973199588832, 45.584605576872704, 0.0 ], [ 93.762167490452271, 45.573586199197713, 0.0 ], [ 93.765459258535941, 45.570445963167167, 0.0 ], [ 93.765192168187127, 45.567723150662587, 0.0 ], [ 93.768760133812293, 45.56156321174533, 0.0 ], [ 93.771801941136204, 45.549504126888948, 0.0 ], [ 93.796134483572899, 45.531913323455321, 0.0 ], [ 93.853622180836993, 45.499519711581478, 0.0 ], [ 93.863793793900697, 45.490017824342146, 0.0 ], [ 93.89004049188776, 45.470687140040262, 0.0 ], [ 93.892070214448239, 45.465415812365116, 0.0 ] ] } },
{ "type": "Feature", "properties": { "average_dip": "(45,20,60)", "average_rake": null, "catalog_id": "NEA_62", "catalog_name": "GEM_NE_Asia", "dip_dir": "E", "lower_seis_depth": null, "name": null, "net_slip_rate": null, "slip_type": "Dextral-Reverse", "upper_seis_depth": null, "downthrown_side_id": null, "reference": "DEM; Cunningham faults", "epistemic_quality": "2", "accuracy": "100000", "activity_confidence": "2", "fs_name": null, "last_movement": null, "downthrown_side_dir": "W", "vert_sep_rate": null, "strike_slip_rate": null, "exposure_quality": "2", "shortening_rate": null, "notes": "Ambiguous in terms of Quaternary activity, but clearly an old transpressional fault", "index_right": 46, "NAME_EN": "Mongolia" }, "geometry": { "type": "LineString", "coordinates": [ [ 93.968922741525262, 45.379483364156037, 0.0 ], [ 93.986359344297895, 45.350003239994479, 0.0 ], [ 93.989407693434956, 45.33430806339517, 0.0 ], [ 94.005537510287198, 45.29166132941458, 0.0 ], [ 94.003364830320152, 45.267456344507195, 0.0 ], [ 94.007425241935564, 45.254790907840324, 0.0 ], [ 94.007120736764605, 45.247229644005976, 0.0 ], [ 94.014960475152535, 45.225674824315995, 0.0 ], [ 94.029812447720587, 45.206594015182908, 0.0 ], [ 94.046272839986372, 45.193419900996943, 0.0 ], [ 94.051733141347896, 45.186054451982884, 0.0 ], [ 94.048250479820609, 45.1763512159283, 0.0 ], [ 94.048110067319513, 45.171663244984508, 0.0 ], [ 94.051518471006418, 45.15868744980471, 0.0 ], [ 94.035725542039685, 45.143897408387588, 0.0 ] ] } },
{ "type": "Feature", "properties": { "average_dip": "(90,,)", "average_rake": null, "catalog_id": "NEA_63", "catalog_name": "GEM_NE_Asia", "dip_dir": null, "lower_seis_depth": null, "name": null, "net_slip_rate": null, "slip_type": "Dextral", "upper_seis_depth": null, "downthrown_side_id": null, "reference": "DEM; Cunningham faults", "epistemic_quality": "1", "accuracy": "50000", "activity_confidence": "1", "fs_name": null, "last_movement": null, "downthrown_side_dir": null, "vert_sep_rate": null, "strike_slip_rate": null, "exposure_quality": "1", "shortening_rate": null, "notes": "Strange structure. Looks like the eastern margin of a transpressional pop-up, but at the soutehrn end there is a clear grabe where there is transtension at a stepover; strcuture is probably not vertical (looks west-dipping) but hard to say with that graben.", "index_right": 46, "NAME_EN": "Mongolia" }, "geometry": { "type": "LineString", "coordinates": [ [ 94.255789926711785, 45.474820738468978, 0.0 ], [ 94.26034801878285, 45.453388045030891, 0.0 ], [ 94.268880705239482, 45.440290849763436, 0.0 ], [ 94.271827445789427, 45.409476507981495, 0.0 ], [ 94.297822559050658, 45.369726832661215, 0.0 ], [ 94.34180448588863, 45.328103144152202, 0.0 ], [ 94.34876994135557, 45.318013089882015, 0.0 ], [ 94.359604681892989, 45.30643131732986, 0.0 ], [ 94.390497602296591, 45.280438810894616, 0.0 ], [ 94.432970725538652, 45.226223252107069, 0.0 ], [ 94.444395349164267, 45.216751949565463, 0.0 ] ] } },
{ "type": "Feature", "properties": { "average_dip": "(60,40,90)", "average_rake": null, "catalog_id": "NEA_64", "catalog_name": "GEM_NE_Asia", "dip_dir": "W", "lower_seis_depth": null, "name": null, "net_slip_rate": null, "slip_type": "Dextral-Oblique", "upper_seis_depth": null, "downthrown_side_id": null, "reference": "DEM; Cunningham faults", "epistemic_quality": "1", "accuracy": "50000", "activity_confidence": "1", "fs_name": null, "last_movement": null, "downthrown_side_dir": "E", "vert_sep_rate": null, "strike_slip_rate": null, "exposure_quality": "1", "shortening_rate": null, "notes": null, "index_right": 46, "NAME_EN": "Mongolia" }, "geometry": { "type": "LineString", "coordinates": [ [ 94.354466741334107, 45.285997466688194, 0.0 ], [ 94.363664355937317, 45.266545578607428, 0.0 ], [ 94.367068939460722, 45.247969595553982, 0.0 ], [ 94.365053804688941, 45.236016563966245, 0.0 ], [ 94.370549711054593, 45.221834762437588, 0.0 ], [ 94.3693580486446, 45.212984796169309, 0.0 ], [ 94.37350410919656, 45.204993798685365, 0.0 ], [ 94.37447454170055, 45.193811517251703, 0.0 ], [ 94.381649868295341, 45.182056045632187, 0.0 ], [ 94.411856983160149, 45.153178361412841, 0.0 ], [ 94.41840544367777, 45.138695734092678, 0.0 ], [ 94.425779360976023, 45.126937880678483, 0.0 ], [ 94.431546637256417, 45.103983452787261, 0.0 ], [ 94.43761918721124, 45.093730299293284, 0.0 ], [ 94.441131481717221, 45.083162566406941, 0.0 ], [ 94.460883329974052, 45.069946166827933, 0.0 ], [ 94.473632664295238, 45.051404031469716, 0.0 ], [ 94.486739653679976, 45.040119684881752, 0.0 ], [ 94.496436432926487, 45.028063633965431, 0.0 ], [ 94.537638838918369, 44.993448840423504, 0.0 ], [ 94.578277726447581, 44.971972990729405, 0.0 ], [ 94.607319546435079, 44.961182762130647, 0.0 ], [ 94.623108839205486, 44.95669627942496, 0.0 ], [ 94.657625235308743, 44.954227977458117, 0.0 ] ] } },
{ "type": "Feature", "properties": { "average_dip": "(90,,)", "average_rake": null, "catalog_id": "NEA_93", "catalog_name": "GEM_NE_Asia", "dip_dir": null, "lower_seis_depth": null, "name": "Tahiynshar Fault", "net_slip_rate": null, "slip_type": "Sinistral", "upper_seis_depth": null, "downthrown_side_id": null, "reference": "Googe Earth; Khil'ko 1985", "epistemic_quality": "1", "accuracy": "20000", "activity_confidence": "1", "fs_name": null, "last_movement": "1974", "downthrown_side_dir": null, "vert_sep_rate": null, "strike_slip_rate": null, "exposure_quality": "1", "shortening_rate": null, "notes": "Rupture in google earth probably is that mapped by Khil'ko (1985) of teh 1974 Tahiynshar M~7 easrthquake.", "index_right": 46, "NAME_EN": "Mongolia" }, "geometry": { "type": "LineString", "coordinates": [ [ 93.818335452700651, 45.038437984901037, 0.0 ], [ 93.955971836036341, 45.069814900576333, 0.0 ], [ 93.998616540649863, 45.081227296495008, 0.0 ], [ 94.052448329541662, 45.087629419376249, 0.0 ] ] } },
{ "type": "Feature", "properties": { "average_dip": "(60,20,70)", "average_rake": null, "catalog_id": "NEA_94", "catalog_name": "GEM_NE_Asia", "dip_dir": "N", "lower_seis_depth": null, "name": null, "net_slip_rate": null, "slip_type": "Sinistral-Reverse", "upper_seis_depth": null, "downthrown_side_id": null, "reference": "DEM; Cunningham Faults", "epistemic_quality": "1", "accuracy": "20000", "activity_confidence": "1", "fs_name": null, "last_movement": null, "downthrown_side_dir": "S", "vert_sep_rate": null, "strike_slip_rate": null, "exposure_quality": "1", "shortening_rate": null, "notes": "Good rupture visible especially in strike-slip segments", "index_right": 46, "NAME_EN": "Mongolia" }, "geometry": { "type": "LineString", "coordinates": [ [ 93.772606418737638, 44.906530458823958, 0.0 ], [ 93.838813308730806, 44.899254609494498, 0.0 ], [ 93.897568512097905, 44.887440613687389, 0.0 ], [ 93.96552922387032, 44.882216593666563, 0.0 ], [ 94.019142787193545, 44.874599940810477, 0.0 ], [ 94.033017300395045, 44.874108080622072, 0.0 ], [ 94.222970036359484, 44.894747597023937, 0.0 ], [ 94.266950980366346, 44.896858464631322, 0.0 ], [ 94.299965226603106, 44.89583286005594, 0.0 ], [ 94.313652590555151, 44.899110065628093, 0.0 ], [ 94.32426114502104, 44.89961373932757, 0.0 ], [ 94.327294452605429, 44.898359205598332, 0.0 ], [ 94.363747139299548, 44.904098114697319, 0.0 ], [ 94.486999841257273, 44.914934444484167, 0.0 ], [ 94.518282044399342, 44.918871276337207, 0.0 ], [ 94.58540727885206, 44.937793190059587, 0.0 ], [ 94.631667771455938, 44.948342356655843, 0.0 ] ] } },
{ "type": "Feature", "properties": { "average_dip": "(70,40,90)", "average_rake": null, "catalog_id": "NEA_95", "catalog_name": "GEM_NE_Asia", "dip_dir": "NE", "lower_seis_depth": null, "name": "Sutay Uul Fault", "net_slip_rate": null, "slip_type": "Dextral-Reverse", "upper_seis_depth": null, "downthrown_side_id": null, "reference": "DEM; Cunningham Faults", "epistemic_quality": "1", "accuracy": "50000", "activity_confidence": "2", "fs_name": null, "last_movement": null, "downthrown_side_dir": "SW", "vert_sep_rate": null, "strike_slip_rate": null, "exposure_quality": "1", "shortening_rate": null, "notes": null, "index_right": 46, "NAME_EN": "Mongolia" }, "geometry": { "type": "LineString", "coordinates": [ [ 93.483747044110842, 46.646196247649442, 0.0 ], [ 93.503588915239618, 46.637994454994427, 0.0 ], [ 93.512871298613447, 46.631537568802457, 0.0 ], [ 93.522351000785363, 46.629991174898457, 0.0 ], [ 93.539006371854569, 46.620950783533942, 0.0 ], [ 93.560452557976276, 46.614847138613612, 0.0 ], [ 93.56687119182638, 46.611382110014198, 0.0 ], [ 93.571783730702464, 46.605945550104479, 0.0 ], [ 93.579873974657076, 46.602281801215092, 0.0 ], [ 93.591239635402985, 46.594287601733761, 0.0 ], [ 93.620682407748362, 46.581674075676617, 0.0 ], [ 93.626905897830639, 46.573347672767568, 0.0 ], [ 93.646749764671767, 46.557199189709557, 0.0 ], [ 93.730516903956655, 46.514140971661192, 0.0 ], [ 93.741894779174956, 46.505519751647668, 0.0 ], [ 93.76118100078898, 46.496460368231993, 0.0 ], [ 93.788121651000992, 46.477652147316583, 0.0 ], [ 93.804850057048213, 46.463943745295147, 0.0 ], [ 93.825981862479594, 46.449585641938413, 0.0 ], [ 93.835161854229398, 46.445481422141853, 0.0 ] ] } },
{ "type": "Feature", "properties": { "average_dip": "(70,30,90)", "average_rake": null, "catalog_id": "NEA_102", "catalog_name": "GEM_NE_Asia", "dip_dir": "N", "lower_seis_depth": null, "name": null, "net_slip_rate": null, "slip_type": "Sinistral-Reverse", "upper_seis_depth": null, "downthrown_side_id": null, "reference": "DEM; Cunningham Faults", "epistemic_quality": "1", "accuracy": "100000", "activity_confidence": "1", "fs_name": null, "last_movement": null, "downthrown_side_dir": null, "vert_sep_rate": null, "strike_slip_rate": null, "exposure_quality": "1", "shortening_rate": null, "notes": "Connects more visible ruptures", "index_right": 46, "NAME_EN": "Mongolia" }, "geometry": { "type": "LineString", "coordinates": [ [ 93.061439389189204, 44.964582452267017, 0.0 ], [ 93.07871240811744, 44.963135033267243, 0.0 ], [ 93.154392535497081, 44.947775014747201, 0.0 ], [ 93.213471572576765, 44.94314868029516, 0.0 ], [ 93.24862596366232, 44.943662156403384, 0.0 ], [ 93.264186607476461, 44.942335893286469, 0.0 ], [ 93.311197511554852, 44.930684444766364, 0.0 ], [ 93.333241270846045, 44.92263554433049, 0.0 ], [ 93.352781098990988, 44.912826023868647, 0.0 ], [ 93.418595561601151, 44.894152690861262, 0.0 ], [ 93.45339132708942, 44.888573419882469, 0.0 ], [ 93.495103371992428, 44.887204581441054, 0.0 ], [ 93.578889996101083, 44.868580561613797, 0.0 ], [ 93.606876977897599, 44.857537148896213, 0.0 ], [ 93.619158646978576, 44.855266389718111, 0.0 ], [ 93.655892249095913, 44.858780883582178, 0.0 ], [ 93.685047987244346, 44.854450490300131, 0.0 ], [ 93.737394954248117, 44.852596795824773, 0.0 ] ] } },
{ "type": "Feature", "properties": { "average_dip": "(70,40,80)", "average_rake": null, "catalog_id": "NEA_103", "catalog_name": "GEM_NE_Asia", "dip_dir": "NE", "lower_seis_depth": null, "name": "Ich Obo Fault", "net_slip_rate": null, "slip_type": "Dextral-Reverse", "upper_seis_depth": null, "downthrown_side_id": null, "reference": "Cunningham Faults; DEM", "epistemic_quality": "1", "accuracy": "65000", "activity_confidence": "1", "fs_name": null, "last_movement": null, "downthrown_side_dir": "SW", "vert_sep_rate": null, "strike_slip_rate": null, "exposure_quality": "1", "shortening_rate": null, "notes": "sure puts up some big mountains", "index_right": 46, "NAME_EN": "Mongolia" }, "geometry": { "type": "LineString", "coordinates": [ [ 94.745061797037565, 44.945721930579971, 0.0 ], [ 94.755985463750889, 44.942988918004431, 0.0 ], [ 94.802612016109251, 44.922062848004664, 0.0 ], [ 94.822034917714547, 44.911759478553364, 0.0 ], [ 94.857960027239614, 44.888383979103331, 0.0 ], [ 94.875665850985939, 44.878758529384051, 0.0 ], [ 94.906933798760804, 44.866213602728735, 0.0 ], [ 94.951031142837891, 44.842643076617016, 0.0 ], [ 94.955633964246985, 44.838511109370074, 0.0 ], [ 95.00283820370764, 44.810271453763825, 0.0 ], [ 95.076344943375503, 44.768907548775054, 0.0 ], [ 95.115721676227693, 44.749066883593976, 0.0 ], [ 95.133353636751465, 44.742589026569661, 0.0 ], [ 95.160741708936627, 44.725415778443583, 0.0 ], [ 95.197659589601329, 44.709254320980456, 0.0 ], [ 95.247556886783173, 44.682546879641535, 0.0 ], [ 95.262025565340124, 44.678037266643621, 0.0 ], [ 95.366528585809888, 44.630216581420072, 0.0 ], [ 95.386957235656197, 44.617748382370749, 0.0 ], [ 95.40932522012028, 44.608026516851027, 0.0 ], [ 95.459854514788589, 44.592338311207612, 0.0 ], [ 95.476468153303202, 44.589344789563199, 0.0 ] ] } },
{ "type": "Feature", "properties": { "average_dip": "(90,,)", "average_rake": null, "catalog_id": "NEA_96", "catalog_name": "GEM_NE_Asia", "dip_dir": null, "lower_seis_depth": null, "name": null, "net_slip_rate": null, "slip_type": "Sinistral", "upper_seis_depth": null, "downthrown_side_id": null, "reference": "DEM; Cunningham Faults", "epistemic_quality": "1", "accuracy": "50000", "activity_confidence": "1", "fs_name": null, "last_movement": null, "downthrown_side_dir": null, "vert_sep_rate": null, "strike_slip_rate": null, "exposure_quality": "1", "shortening_rate": null, "notes": "pretty curved for a strike-slip fault.", "index_right": 46, "NAME_EN": "Mongolia" }, "geometry": { "type": "LineString", "coordinates": [ [ 94.695669674006552, 45.012993597833841, 0.0 ], [ 94.734972318457025, 45.035775924418509, 0.0 ], [ 94.770964416049097, 45.066803158228097, 0.0 ], [ 94.825364248853916, 45.108807393699209, 0.0 ], [ 94.864686455272277, 45.135625981291398, 0.0 ], [ 94.918272620166846, 45.165113164802669, 0.0 ], [ 94.946916973521425, 45.18984712128092, 0.0 ], [ 94.983762881521471, 45.215764789517053, 0.0 ], [ 95.020608112300991, 45.224797024252453, 0.0 ], [ 95.10273180261396, 45.260882676258753, 0.0 ], [ 95.210558493604637, 45.282163224821687, 0.0 ], [ 95.282538723543041, 45.293676482443502, 0.0 ], [ 95.452105757912932, 45.308346031632993, 0.0 ], [ 95.491130574695021, 45.30680085666485, 0.0 ], [ 95.569303438684926, 45.299413668527542, 0.0 ], [ 95.66560371702127, 45.301016103127523, 0.0 ], [ 95.72789262342117, 45.29988027241626, 0.0 ], [ 95.951845552308953, 45.289232126082851, 0.0 ], [ 95.971143036961109, 45.287085521420217, 0.0 ], [ 96.083895848819566, 45.265754588503192, 0.0 ], [ 96.139808553404407, 45.260127902810567, 0.0 ] ] } },
{ "type": "Feature", "properties": { "average_dip": "(30,20,50)", "average_rake": null, "catalog_id": "NEA_97", "catalog_name": "GEM_NE_Asia", "dip_dir": "SW", "lower_seis_depth": null, "name": "North Shargyn Thrust", "net_slip_rate": null, "slip_type": "Reverse", "upper_seis_depth": null, "downthrown_side_id": null, "reference": "DEM; Cunningham Faults", "epistemic_quality": "1", "accuracy": "30000", "activity_confidence": "1", "fs_name": null, "last_movement": null, "downthrown_side_dir": "NE", "vert_sep_rate": null, "strike_slip_rate": null, "exposure_quality": "1", "shortening_rate": null, "notes": "May have another name and some description in the literature, but I can't qui", "index_right": 46, "NAME_EN": "Mongolia" }, "geometry": { "type": "LineString", "coordinates": [ [ 94.01581242817818, 46.848618923585903, 0.0 ], [ 94.0301689142931, 46.835127182310167, 0.0 ], [ 94.040899637256985, 46.831572617879381, 0.0 ], [ 94.045586991059167, 46.826080855161258, 0.0 ], [ 94.051333787718107, 46.808469181340243, 0.0 ], [ 94.05476719775622, 46.785937733881489, 0.0 ], [ 94.064999597924682, 46.776912032855229, 0.0 ], [ 94.07514345239133, 46.7712756550306, 0.0 ], [ 94.081770292294379, 46.761945011951717, 0.0 ], [ 94.08857875517495, 46.755500306120368, 0.0 ], [ 94.096989000679969, 46.750310628558559, 0.0 ], [ 94.110034011233495, 46.746531386355223, 0.0 ], [ 94.120351845939638, 46.73745479608715, 0.0 ], [ 94.159990265112455, 46.714644050922239, 0.0 ], [ 94.186565491991473, 46.701604011510611, 0.0 ], [ 94.227390484408687, 46.686600927877848, 0.0 ], [ 94.237305545119469, 46.676560033037923, 0.0 ], [ 94.272669723669097, 46.664801587250857, 0.0 ], [ 94.300050367532052, 46.643455652646679, 0.0 ], [ 94.305312318462356, 46.635715536094189, 0.0 ], [ 94.318550492571916, 46.629853374470862, 0.0 ], [ 94.323464018164316, 46.625541499729472, 0.0 ], [ 94.327497758352749, 46.618584934622, 0.0 ], [ 94.336509344880781, 46.612231661340537, 0.0 ], [ 94.338593770491457, 46.607320489152713, 0.0 ], [ 94.348341280601801, 46.599869209043938, 0.0 ], [ 94.352243542858417, 46.598876603139651, 0.0 ], [ 94.358338108616152, 46.592784920710869, 0.0 ], [ 94.371944670780138, 46.596887317238917, 0.0 ], [ 94.380433160117974, 46.593896260143168, 0.0 ], [ 94.391434843802315, 46.595166800584423, 0.0 ], [ 94.406884360105877, 46.590016373524954, 0.0 ], [ 94.430771684788397, 46.588981194995107, 0.0 ], [ 94.459481666386125, 46.590047999764508, 0.0 ], [ 94.482363180545022, 46.586000363923667, 0.0 ], [ 94.500162992120181, 46.588860452422871, 0.0 ], [ 94.513830630211757, 46.588783854261443, 0.0 ], [ 94.533853435497676, 46.581256217601258, 0.0 ], [ 94.538686779046785, 46.574878280807852, 0.0 ], [ 94.564696484450153, 46.563038006121481, 0.0 ], [ 94.587428760173594, 46.541972220079437, 0.0 ], [ 94.589622721133267, 46.535440850177999, 0.0 ], [ 94.606545596817597, 46.526703852712821, 0.0 ], [ 94.615495584038499, 46.518864448363203, 0.0 ], [ 94.619523969717179, 46.517652334750842, 0.0 ], [ 94.631091359475064, 46.518624914121929, 0.0 ], [ 94.657058405935899, 46.513885704937891, 0.0 ], [ 94.695110538614244, 46.50506217409356, 0.0 ], [ 94.704297384437524, 46.499415982588843, 0.0 ], [ 94.719899729819105, 46.49716513558355, 0.0 ], [ 94.771016676411293, 46.49717420069598, 0.0 ], [ 94.781389652701776, 46.499010429616263, 0.0 ], [ 94.815722898394839, 46.498084778185991, 0.0 ], [ 94.838517547436226, 46.500918971676612, 0.0 ], [ 94.849373577384497, 46.499112611020408, 0.0 ], [ 94.872778096557212, 46.491120173155451, 0.0 ] ] } },
{ "type": "Feature", "properties": { "average_dip": "(90,,)", "average_rake": null, "catalog_id": "NEA_98", "catalog_name": "GEM_NE_Asia", "dip_dir": null, "lower_seis_depth": null, "name": "Shargyn Fault", "net_slip_rate": null, "slip_type": "Sinistral", "upper_seis_depth": null, "downthrown_side_id": null, "reference": "Baljinnyam et al., 1993; Cunningham Faults", "epistemic_quality": "1", "accuracy": "30000", "activity_confidence": "1", "fs_name": null, "last_movement": null, "downthrown_side_dir": null, "vert_sep_rate": null, "strike_slip_rate": null, "exposure_quality": "1", "shortening_rate": null, "notes": null, "index_right": 46, "NAME_EN": "Mongolia" }, "geometry": { "type": "LineString", "coordinates": [ [ 94.439170533872172, 46.322692167984648, 0.0 ], [ 94.538753362534592, 46.342425866054732, 0.0 ], [ 94.585323226452189, 46.35834177023257, 0.0 ], [ 94.622079788506383, 46.368630495574713, 0.0 ], [ 94.673182512120775, 46.379827045700488, 0.0 ], [ 94.718132394207245, 46.39296435942434, 0.0 ], [ 94.771784681135671, 46.400126853549807, 0.0 ], [ 94.868074814553623, 46.417310567236648, 0.0 ], [ 94.942201128922875, 46.43251133407788, 0.0 ], [ 95.013420046430426, 46.44437138458413, 0.0 ], [ 95.052621685949205, 46.453389258288169, 0.0 ], [ 95.07564676328397, 46.455422275747708, 0.0 ], [ 95.116507208232122, 46.472071188677297, 0.0 ], [ 95.168727090690737, 46.48210078085507, 0.0 ], [ 95.205514124859732, 46.492030193214028, 0.0 ], [ 95.224264817434118, 46.494417758528527, 0.0 ], [ 95.248643740717853, 46.500857224959397, 0.0 ], [ 95.286626292672864, 46.507770929896338, 0.0 ], [ 95.330740806894369, 46.512422859280782, 0.0 ], [ 95.339677875755655, 46.515005847199937, 0.0 ], [ 95.388679158910193, 46.521646179542913, 0.0 ], [ 95.49090964094944, 46.531101132387192, 0.0 ], [ 95.526838534898673, 46.532131087984929, 0.0 ], [ 95.585679240088666, 46.531451098832378, 0.0 ], [ 95.704025988568375, 46.523794248109169, 0.0 ], [ 95.786490091401163, 46.513685771721619, 0.0 ], [ 95.872719059583062, 46.498419435171243, 0.0 ], [ 95.901357686679688, 46.489824390628328, 0.0 ], [ 95.909595955418155, 46.48385773250827, 0.0 ], [ 95.925865133883775, 46.477631960241823, 0.0 ] ] } },
{ "type": "Feature", "properties": { "average_dip": "(20,15,40)", "average_rake": null, "catalog_id": "NEA_99", "catalog_name": "GEM_NE_Asia", "dip_dir": "N", "lower_seis_depth": null, "name": "Buuralyn Nuruu Thrust North", "net_slip_rate": null, "slip_type": "Reverse", "upper_seis_depth": null, "downthrown_side_id": null, "reference": "Baljinnyam et al., 1993; Cunningham Faults", "epistemic_quality": "1", "accuracy": "30000", "activity_confidence": "1", "fs_name": null, "last_movement": null, "downthrown_side_dir": "S", "vert_sep_rate": null, "strike_slip_rate": null, "exposure_quality": "1", "shortening_rate": null, "notes": null, "index_right": 46, "NAME_EN": "Mongolia" }, "geometry": { "type": "LineString", "coordinates": [ [ 95.574335712040067, 46.491159700045543, 0.0 ], [ 95.590473275400242, 46.492601893794919, 0.0 ], [ 95.613022006083838, 46.491962719424428, 0.0 ], [ 95.640749568714597, 46.484949768718579, 0.0 ], [ 95.663215328112628, 46.48139937621, 0.0 ], [ 95.680945808013547, 46.475361493929668, 0.0 ], [ 95.693554523072862, 46.468016127211079, 0.0 ], [ 95.711101709139513, 46.468837357594083, 0.0 ], [ 95.741217700911136, 46.463903164712917, 0.0 ], [ 95.749500555761173, 46.456290293039743, 0.0 ], [ 95.757277625123436, 46.45307614501322, 0.0 ], [ 95.764214505797469, 46.45272345097942, 0.0 ], [ 95.790824485429411, 46.444640494727963, 0.0 ], [ 95.821354672039504, 46.437626107139003, 0.0 ] ] } },
{ "type": "Feature", "properties": { "average_dip": "(20,15,40)", "average_rake": null, "catalog_id": "NEA_100", "catalog_name": "GEM_NE_Asia", "dip_dir": "E", "lower_seis_depth": null, "name": "Buuralyn Nuruu Thrust East", "net_slip_rate": null, "slip_type": "Reverse", "upper_seis_depth": null, "downthrown_side_id": null, "reference": "Baljinnyam et al., 1993; Cunningham Faults", "epistemic_quality": "1", "accuracy": "30000", "activity_confidence": "1", "fs_name": null, "last_movement": null, "downthrown_side_dir": "W", "vert_sep_rate": null, "strike_slip_rate": null, "exposure_quality": "1", "shortening_rate": null, "notes": null, "index_right": 46, "NAME_EN": "Mongolia" }, "geometry": { "type": "LineString", "coordinates": [ [ 95.816187308781096, 46.424446496981027, 0.0 ], [ 95.825342119599483, 46.421221686314382, 0.0 ], [ 95.838667913474808, 46.412118656442928, 0.0 ], [ 95.850163716813341, 46.400261212418407, 0.0 ], [ 95.852827675134563, 46.38772530185701, 0.0 ], [ 95.857379321568601, 46.377902396304798, 0.0 ], [ 95.88768511901516, 46.344829211286729, 0.0 ], [ 95.897437142995983, 46.325214440109207, 0.0 ], [ 95.93070952339491, 46.288545855957047, 0.0 ], [ 95.931318713449002, 46.27941510657768, 0.0 ], [ 95.937369314519415, 46.26925806783899, 0.0 ], [ 95.954039594107627, 46.255728422566541, 0.0 ], [ 95.966411452553302, 46.251271799247199, 0.0 ], [ 95.977008134803782, 46.242038193124628, 0.0 ], [ 95.984393243519065, 46.232794892157791, 0.0 ], [ 96.006937478611164, 46.22335230756093, 0.0 ], [ 96.016489120826009, 46.21475981246715, 0.0 ], [ 96.028512325884677, 46.211326370609619, 0.0 ], [ 96.039561215920244, 46.204389218210864, 0.0 ], [ 96.042571840650211, 46.193061247334199, 0.0 ], [ 96.04617773428005, 46.165980487769041, 0.0 ], [ 96.038883799996455, 46.154033255151141, 0.0 ] ] } },
{ "type": "Feature", "properties": { "average_dip": "(20,15,40)", "average_rake": null, "catalog_id": "NEA_101", "catalog_name": "GEM_NE_Asia", "dip_dir": "E", "lower_seis_depth": null, "name": "Buuralyn Nuruu Thrust SE", "net_slip_rate": null, "slip_type": "Reverse", "upper_seis_depth": null, "downthrown_side_id": null, "reference": "DEM; Cunningham Faults", "epistemic_quality": "1", "accuracy": "50000", "activity_confidence": "1", "fs_name": null, "last_movement": null, "downthrown_side_dir": "W", "vert_sep_rate": null, "strike_slip_rate": null, "exposure_quality": "1", "shortening_rate": null, "notes": null, "index_right": 46, "NAME_EN": "Mongolia" }, "geometry": { "type": "LineString", "coordinates": [ [ 95.990239895859361, 46.157619876721618, 0.0 ], [ 95.991311531722417, 46.147638391746966, 0.0 ], [ 95.995575037054749, 46.136255491423292, 0.0 ], [ 95.995707839063783, 46.129376339381302, 0.0 ], [ 95.997600068539072, 46.124202483788579, 0.0 ], [ 96.006241905089425, 46.116050573433604, 0.0 ], [ 96.024320329165292, 46.103263196587598, 0.0 ], [ 96.034596308701822, 46.089936525518482, 0.0 ], [ 96.038124148121611, 46.079589000451683, 0.0 ], [ 96.036260672271013, 46.071866067897737, 0.0 ], [ 96.038677419028403, 46.068750325964764, 0.0 ], [ 96.068663951665727, 46.053103079819003, 0.0 ], [ 96.092202867123376, 46.036817311545128, 0.0 ], [ 96.116551176912097, 46.024904819007155, 0.0 ], [ 96.119960441427253, 46.022380176991341, 0.0 ], [ 96.126059289563145, 46.011919565323936, 0.0 ], [ 96.13240607278847, 46.008163771973344, 0.0 ], [ 96.155553417120188, 46.005369421123376, 0.0 ], [ 96.164133436569287, 46.002364966470338, 0.0 ], [ 96.172350461521802, 45.987151819350977, 0.0 ], [ 96.182821022084227, 45.961338122370513, 0.0 ], [ 96.189932968744742, 45.934436858884489, 0.0 ] ] } },
{ "type": "Feature", "properties": { "average_dip": "(90,,)", "average_rake": null, "catalog_id": "NEA_105", "catalog_name": "GEM_NE_Asia", "dip_dir": null, "lower_seis_depth": null, "name": null, "net_slip_rate": null, "slip_type": "Sinistral", "upper_seis_depth": null, "downthrown_side_id": null, "reference": "DEM; Cunningham Faults", "epistemic_quality": "1", "accuracy": "50000", "activity_confidence": "1", "fs_name": null, "last_movement": null, "downthrown_side_dir": null, "vert_sep_rate": null, "strike_slip_rate": null, "exposure_quality": "1", "shortening_rate": null, "notes": null, "index_right": 46, "NAME_EN": "Mongolia" }, "geometry": { "type": "LineString", "coordinates": [ [ 95.623563958465041, 44.622388525952999, 0.0 ], [ 95.692445114119039, 44.634983205336631, 0.0 ], [ 95.731019261818361, 44.647124183930259, 0.0 ], [ 95.831029141603636, 44.668942843243492, 0.0 ], [ 95.888928277738046, 44.674628999754297, 0.0 ], [ 95.982979267918211, 44.691294280876647, 0.0 ], [ 96.047582226322476, 44.700735147610608, 0.0 ], [ 96.10040496429265, 44.702907644755747, 0.0 ], [ 96.140969790379458, 44.702178403359937, 0.0 ], [ 96.236670294828414, 44.694923209326333, 0.0 ], [ 96.297998919042769, 44.688466658054359, 0.0 ], [ 96.345666681303882, 44.691141462759987, 0.0 ], [ 96.370930131924609, 44.696327518952408, 0.0 ], [ 96.419225206760572, 44.695820785250589, 0.0 ], [ 96.432955720821099, 44.69374214601428, 0.0 ] ] } },
{ "type": "Feature", "properties": { "average_dip": "(90,,)", "average_rake": null, "catalog_id": "NEA_106", "catalog_name": "GEM_NE_Asia", "dip_dir": null, "lower_seis_depth": null, "name": null, "net_slip_rate": null, "slip_type": "Sinistral", "upper_seis_depth": null, "downthrown_side_id": null, "reference": "DEM", "epistemic_quality": "1", "accuracy": "40000", "activity_confidence": "2", "fs_name": null, "last_movement": null, "downthrown_side_dir": null, "vert_sep_rate": null, "strike_slip_rate": null, "exposure_quality": "1", "shortening_rate": null, "notes": null, "index_right": 46, "NAME_EN": "Mongolia" }, "geometry": { "type": "LineString", "coordinates": [ [ 95.444836185648711, 44.574433504954122, 0.0 ], [ 95.468188021621557, 44.586405284457292, 0.0 ], [ 95.487898497412885, 44.594166169239671, 0.0 ], [ 95.523379488698097, 44.598410507087259, 0.0 ], [ 95.552496700984904, 44.605085786130083, 0.0 ], [ 95.592892554318865, 44.605152089328548, 0.0 ], [ 95.634236539901252, 44.615278671862363, 0.0 ], [ 95.655979785349658, 44.618521791770242, 0.0 ], [ 95.669219313130498, 44.627063242975829, 0.0 ] ] } },
{ "type": "Feature", "properties": { "average_dip": "(50,20,70)", "average_rake": null, "catalog_id": "NEA_107", "catalog_name": "GEM_NE_Asia", "dip_dir": "NE", "lower_seis_depth": null, "name": null, "net_slip_rate": null, "slip_type": "Reverse", "upper_seis_depth": null, "downthrown_side_id": null, "reference": "DEM; Cunningham Faults", "epistemic_quality": "1", "accuracy": "40000", "activity_confidence": "1", "fs_name": null, "last_movement": null, "downthrown_side_dir": "SW", "vert_sep_rate": null, "strike_slip_rate": null, "exposure_quality": "1", "shortening_rate": null, "notes": "Some offset of Quaternary seds visible, and it looks like only reverse offset. However it's quite long and straight so it looks like it might be a reactivated strike-slip or oblique-slip fault, not a primary low-angle thrust.", "index_right": 46, "NAME_EN": "Mongolia" }, "geometry": { "type": "LineString", "coordinates": [ [ 96.283943181855491, 45.255694000658849, 0.0 ], [ 96.30910819578321, 45.250248561055109, 0.0 ], [ 96.34927472475033, 45.248780238920389, 0.0 ], [ 96.389971799032494, 45.256790574787182, 0.0 ], [ 96.405040602097358, 45.264797386203917, 0.0 ], [ 96.42028648800158, 45.269477890319671, 0.0 ], [ 96.443109769164636, 45.265751991802723, 0.0 ], [ 96.47843018777931, 45.263443921931163, 0.0 ], [ 96.494654532448223, 45.256609049535143, 0.0 ], [ 96.511896996899409, 45.254561237019431, 0.0 ], [ 96.527117191909767, 45.244368965745018, 0.0 ], [ 96.55880190034344, 45.243018394307661, 0.0 ], [ 96.569146241468445, 45.240601618290988, 0.0 ], [ 96.614359687354067, 45.220738913816263, 0.0 ], [ 96.616876401715302, 45.21774024327275, 0.0 ], [ 96.626868791307572, 45.21547896877739, 0.0 ], [ 96.631436077095827, 45.202849699585613, 0.0 ], [ 96.672432324077647, 45.181098937693932, 0.0 ], [ 96.678797187746085, 45.17590836099879, 0.0 ], [ 96.693304315549241, 45.172402166455832, 0.0 ], [ 96.714579076334786, 45.164482108276992, 0.0 ], [ 96.718644237844003, 45.160604821605027, 0.0 ], [ 96.754019405808435, 45.14144569780111, 0.0 ], [ 96.767226954146651, 45.137185546486272, 0.0 ], [ 96.794270103557665, 45.133146548777958, 0.0 ], [ 96.804447997778368, 45.128172844845288, 0.0 ], [ 96.817424302200834, 45.125475210755233, 0.0 ], [ 96.8293716850675, 45.125771959231862, 0.0 ], [ 96.853840496743331, 45.114342854362476, 0.0 ], [ 96.885439760378375, 45.104540368729673, 0.0 ], [ 96.933355768139762, 45.083939621776452, 0.0 ], [ 96.960028497295482, 45.075063661029532, 0.0 ], [ 97.034212073574579, 45.063421611010867, 0.0 ], [ 97.065116957543978, 45.056007535392808, 0.0 ], [ 97.0771702933543, 45.052083528089817, 0.0 ], [ 97.099955255931775, 45.037225826037577, 0.0 ], [ 97.117914488489717, 45.031617736901516, 0.0 ], [ 97.133921372000657, 45.024516861392193, 0.0 ], [ 97.157788736306713, 45.018955127479103, 0.0 ], [ 97.207469123503017, 45.002147166025651, 0.0 ], [ 97.222723278785892, 45.001105639824623, 0.0 ], [ 97.229845918290295, 44.998289430538428, 0.0 ], [ 97.261967461810826, 44.99274784738779, 0.0 ], [ 97.300841611716024, 44.977351294982199, 0.0 ], [ 97.307353782617625, 44.972658289277, 0.0 ], [ 97.329363106746925, 44.964757837764893, 0.0 ], [ 97.333877681841528, 44.958883584390577, 0.0 ], [ 97.346679021862258, 44.954746306452734, 0.0 ], [ 97.382679272057601, 44.929713895142342, 0.0 ], [ 97.418868641125897, 44.910771535655243, 0.0 ], [ 97.443301794888043, 44.905071850707238, 0.0 ], [ 97.455577728391518, 44.896751262954673, 0.0 ], [ 97.500332212234298, 44.876809585949019, 0.0 ], [ 97.518636305057299, 44.874911331576392, 0.0 ], [ 97.551298473536917, 44.861508876814653, 0.0 ], [ 97.571599867720181, 44.856435599137683, 0.0 ], [ 97.597694361521931, 44.854733392012101, 0.0 ], [ 97.62619042654805, 44.84150112429078, 0.0 ], [ 97.644859802440635, 44.825387395308198, 0.0 ], [ 97.660825886839461, 44.817283632824463, 0.0 ], [ 97.677869428242374, 44.811612111909596, 0.0 ], [ 97.687742971417791, 44.812007227182583, 0.0 ], [ 97.718684498802887, 44.808000425053322, 0.0 ], [ 97.730213556005765, 44.804857847444538, 0.0 ], [ 97.756337246447302, 44.795004848890798, 0.0 ], [ 97.763463060148567, 44.793667611897611, 0.0 ], [ 97.7805620941255, 44.785816847494182, 0.0 ], [ 97.795755634451154, 44.782333880207567, 0.0 ], [ 97.808579273471381, 44.774288724935431, 0.0 ], [ 97.835278755796452, 44.765388852110007, 0.0 ], [ 97.891735235947905, 44.749649878061547, 0.0 ], [ 97.897634339391033, 44.746025647965233, 0.0 ], [ 97.924496454766455, 44.740387510383727, 0.0 ], [ 97.932083380195593, 44.736595686218386, 0.0 ], [ 97.964087648247869, 44.733544019058847, 0.0 ], [ 97.978270271614036, 44.728180797568179, 0.0 ], [ 97.993657971325675, 44.719644368041237, 0.0 ], [ 98.00192003151156, 44.716767281027167, 0.0 ], [ 98.016738338888899, 44.714646561235078, 0.0 ], [ 98.052675090770236, 44.701464595076921, 0.0 ], [ 98.08173043055254, 44.698945793757197, 0.0 ], [ 98.108858952253996, 44.70662799877995, 0.0 ], [ 98.121664463121448, 44.705806161488908, 0.0 ], [ 98.132405577060538, 44.70819605323652, 0.0 ], [ 98.162612029544235, 44.706100543107503, 0.0 ], [ 98.222760418253074, 44.707844583124512, 0.0 ], [ 98.255607410893631, 44.706669884305853, 0.0 ], [ 98.282178691738224, 44.702255387196189, 0.0 ], [ 98.353975344290333, 44.681062636485777, 0.0 ], [ 98.372815563572772, 44.678434262066922, 0.0 ], [ 98.453388645796892, 44.656057280659248, 0.0 ], [ 98.472890838338117, 44.651498509365737, 0.0 ], [ 98.492525910377168, 44.649450846373398, 0.0 ], [ 98.501313890917231, 44.643280610737833, 0.0 ], [ 98.517437957720972, 44.636538838772623, 0.0 ], [ 98.526474222228899, 44.634504918895118, 0.0 ], [ 98.533937436722951, 44.634958663497109, 0.0 ], [ 98.567148591423575, 44.622036152688231, 0.0 ], [ 98.586998445815283, 44.624686554186908, 0.0 ], [ 98.604182501732623, 44.619084071077538, 0.0 ], [ 98.610414230560139, 44.615515215467113, 0.0 ], [ 98.618763261634086, 44.614093914076882, 0.0 ], [ 98.62640559113963, 44.615833150678618, 0.0 ], [ 98.640986065111647, 44.614531365404517, 0.0 ], [ 98.663356724335543, 44.609905301215854, 0.0 ], [ 98.691652034414957, 44.601532949723207, 0.0 ], [ 98.758466829755477, 44.595002549706408, 0.0 ], [ 98.815799787287958, 44.593621379093143, 0.0 ], [ 98.832525809412715, 44.589837840250183, 0.0 ], [ 98.84215279362509, 44.585847308997977, 0.0 ], [ 98.852935205713635, 44.58454872937395, 0.0 ], [ 98.914623252821556, 44.578164211182077, 0.0 ], [ 98.962794452153787, 44.576810598350121, 0.0 ] ] } },
{ "type": "Feature", "properties": { "average_dip": "(90,,)", "average_rake": null, "catalog_id": "NEA_108", "catalog_name": "GEM_NE_Asia", "dip_dir": null, "lower_seis_depth": null, "name": "Bugat Fault", "net_slip_rate": null, "slip_type": "Sinistral", "upper_seis_depth": null, "downthrown_side_id": null, "reference": "DEM", "epistemic_quality": "1", "accuracy": "60000", "activity_confidence": "1", "fs_name": null, "last_movement": null, "downthrown_side_dir": null, "vert_sep_rate": null, "strike_slip_rate": null, "exposure_quality": "1", "shortening_rate": null, "notes": null, "index_right": 46, "NAME_EN": "Mongolia" }, "geometry": { "type": "LineString", "coordinates": [ [ 94.282405804263874, 45.525755826238672, 0.0 ], [ 94.322081871588722, 45.535890522743792, 0.0 ], [ 94.351117349435981, 45.547191453383341, 0.0 ], [ 94.377985812935819, 45.561004922393302, 0.0 ], [ 94.418571456450124, 45.572281571042211, 0.0 ], [ 94.502013221379542, 45.58737210152912, 0.0 ], [ 94.541402683047963, 45.59687062347961, 0.0 ], [ 94.648393121608621, 45.613343350400299, 0.0 ], [ 94.791351264322444, 45.643522318212668, 0.0 ], [ 94.882510702295747, 45.67060182963386, 0.0 ], [ 94.911045767196356, 45.675632874121241, 0.0 ], [ 94.921356499719536, 45.678848685181158, 0.0 ], [ 94.945324116421006, 45.691403138844819, 0.0 ], [ 94.974685577096508, 45.704183010821723, 0.0 ], [ 95.004562077471462, 45.725047791603927, 0.0 ], [ 95.022124029823971, 45.730627758366637, 0.0 ], [ 95.043391298786119, 45.733130601288991, 0.0 ], [ 95.085626479548893, 45.733137608385711, 0.0 ] ] } },
{ "type": "Feature", "properties": { "average_dip": "(20,15,40)", "average_rake": null, "catalog_id": "NEA_109", "catalog_name": "GEM_NE_Asia", "dip_dir": "S", "lower_seis_depth": null, "name": "Togrog Gol Thrust", "net_slip_rate": null, "slip_type": "Reverse", "upper_seis_depth": null, "downthrown_side_id": null, "reference": "Baljinnyam et al., 1993; Cunningham Faults", "epistemic_quality": "1", "accuracy": "50000", "activity_confidence": "1", "fs_name": null, "last_movement": null, "downthrown_side_dir": "N", "vert_sep_rate": null, "strike_slip_rate": null, "exposure_quality": "1", "shortening_rate": null, "notes": null, "index_right": 46, "NAME_EN": "Mongolia" }, "geometry": { "type": "LineString", "coordinates": [ [ 94.612982926964378, 45.993532419965234, 0.0 ], [ 94.634807878845649, 45.975196946169909, 0.0 ], [ 94.659992756101587, 45.970797341114263, 0.0 ], [ 94.682414613674908, 45.975156692435746, 0.0 ], [ 94.692530410003869, 45.974666367388437, 0.0 ], [ 94.718514508065653, 45.956669924920398, 0.0 ], [ 94.726904713741874, 45.955312885874605, 0.0 ], [ 94.757940646476897, 45.963633065638788, 0.0 ], [ 94.766080299560173, 45.96330479868557, 0.0 ], [ 94.784566490284988, 45.966090233870943, 0.0 ], [ 94.807028258134082, 45.960279909295579, 0.0 ], [ 94.881024506581269, 45.952548073031949, 0.0 ], [ 94.892622407598168, 45.947485052627698, 0.0 ], [ 94.899904953050964, 45.941901505473083, 0.0 ], [ 94.903361731046502, 45.938550436908287, 0.0 ], [ 94.906083065192433, 45.932360816808995, 0.0 ], [ 94.920392589418526, 45.9223952155291, 0.0 ], [ 94.925081949236159, 45.916894272993346, 0.0 ], [ 94.943488348455574, 45.905556292059629, 0.0 ], [ 94.957890870422261, 45.893241709918627, 0.0 ], [ 94.985093030417289, 45.886871153240044, 0.0 ], [ 94.997904741444103, 45.893299408628039, 0.0 ], [ 95.006336041692464, 45.895667471717658, 0.0 ], [ 95.011171679288395, 45.89646255628336, 0.0 ], [ 95.023719164315324, 45.894138401577905, 0.0 ], [ 95.035407490394832, 45.887091231481826, 0.0 ], [ 95.041710486561911, 45.87825002466829, 0.0 ], [ 95.070046847488811, 45.872333727764094, 0.0 ], [ 95.105748055181976, 45.86018482547064, 0.0 ], [ 95.114468729413829, 45.860520089402527, 0.0 ], [ 95.124792568738769, 45.858360785723406, 0.0 ], [ 95.131531509413406, 45.855081707988063, 0.0 ], [ 95.175300541753472, 45.844241310472903, 0.0 ], [ 95.202886878438434, 45.832657452689567, 0.0 ] ] } },
{ "type": "Feature", "properties": { "average_dip": "(45,20,60)", "average_rake": null, "catalog_id": "NEA_110", "catalog_name": "GEM_NE_Asia", "dip_dir": "S", "lower_seis_depth": null, "name": null, "net_slip_rate": null, "slip_type": "Reverse", "upper_seis_depth": null, "downthrown_side_id": null, "reference": "DEM; Cunningham Faults", "epistemic_quality": "1", "accuracy": "40000", "activity_confidence": "2", "fs_name": null, "last_movement": null, "downthrown_side_dir": "N", "vert_sep_rate": null, "strike_slip_rate": null, "exposure_quality": "1", "shortening_rate": null, "notes": "Looks increasingly less active towards the east and at the rangefront", "index_right": 46, "NAME_EN": "Mongolia" }, "geometry": { "type": "LineString", "coordinates": [ [ 95.289210782928023, 45.924403575381177, 0.0 ], [ 95.294647961854849, 45.927486619976968, 0.0 ], [ 95.314624350230801, 45.929845183978628, 0.0 ], [ 95.333155851646055, 45.938052201431269, 0.0 ], [ 95.352702853260823, 45.950381214949978, 0.0 ], [ 95.362218764025215, 45.954223393731681, 0.0 ], [ 95.380979783953265, 45.957520644626058, 0.0 ], [ 95.4008767081841, 45.964423074349391, 0.0 ], [ 95.434439598019424, 45.967491185622606, 0.0 ], [ 95.438628519636367, 45.966960403374692, 0.0 ], [ 95.436151621461676, 45.965507300404454, 0.0 ], [ 95.437253267411265, 45.964385485825026, 0.0 ], [ 95.450903620789376, 45.959434691748655, 0.0 ], [ 95.463961881276433, 45.957924358481606, 0.0 ], [ 95.491528413252652, 45.951539942337888, 0.0 ], [ 95.526206192470681, 45.941421280051223, 0.0 ], [ 95.544181894544678, 45.93910732771166, 0.0 ], [ 95.564199730708822, 45.931277531635764, 0.0 ], [ 95.581293299166276, 45.927414165450188, 0.0 ], [ 95.602909366422807, 45.920086359771972, 0.0 ], [ 95.616960363634206, 45.920446827250117, 0.0 ], [ 95.642556172997971, 45.917220022966234, 0.0 ], [ 95.670797969139556, 45.919477570282346, 0.0 ], [ 95.679390813105897, 45.916592470175488, 0.0 ], [ 95.710895250687088, 45.913318712485065, 0.0 ], [ 95.735204686358742, 45.916358154136383, 0.0 ], [ 95.749099655349838, 45.914081430611944, 0.0 ], [ 95.755155958662257, 45.910690376350914, 0.0 ], [ 95.779349155253726, 45.909421707392141, 0.0 ], [ 95.784409004567735, 45.910077626198515, 0.0 ], [ 95.790244346690542, 45.913480453543208, 0.0 ], [ 95.812800371656408, 45.914107774210791, 0.0 ], [ 95.82466308557008, 45.91660904250913, 0.0 ], [ 95.851662185903223, 45.926315667149211, 0.0 ], [ 95.863408950452666, 45.920471813307955, 0.0 ], [ 95.881286210393796, 45.921119303658344, 0.0 ], [ 95.896777800966419, 45.918771489068305, 0.0 ], [ 95.903628336852734, 45.91545333088974, 0.0 ], [ 95.932779120661962, 45.912139998450094, 0.0 ], [ 95.937925107789013, 45.910294848843684, 0.0 ], [ 95.946184220764067, 45.902749274008386, 0.0 ], [ 95.946465653845507, 45.897156733063142, 0.0 ] ] } },
{ "type": "Feature", "properties": { "average_dip": "(40,30,70)", "average_rake": null, "catalog_id": "NEA_111", "catalog_name": "GEM_NE_Asia", "dip_dir": "S", "lower_seis_depth": null, "name": null, "net_slip_rate": null, "slip_type": "Reverse", "upper_seis_depth": null, "downthrown_side_id": null, "reference": "DEM; Cunningham Faults", "epistemic_quality": "1", "accuracy": "60000", "activity_confidence": "1", "fs_name": null, "last_movement": null, "downthrown_side_dir": "N", "vert_sep_rate": null, "strike_slip_rate": null, "exposure_quality": "1", "shortening_rate": null, "notes": "Looks steeper and less active to the E", "index_right": 46, "NAME_EN": "Mongolia" }, "geometry": { "type": "LineString", "coordinates": [ [ 95.867205010218385, 45.961467050408807, 0.0 ], [ 95.89005198203381, 45.963798219793006, 0.0 ], [ 95.906052632080744, 45.961789782277037, 0.0 ], [ 95.924549877766538, 45.961824513484345, 0.0 ], [ 95.934236794277211, 45.95831160144585, 0.0 ], [ 95.939327460320612, 45.952683022767864, 0.0 ], [ 95.944353448461399, 45.950838655048976, 0.0 ], [ 95.959870871752841, 45.949772853099809, 0.0 ], [ 95.970787811760715, 45.946333395104617, 0.0 ], [ 95.982980456077769, 45.93806671932041, 0.0 ], [ 95.993919574047808, 45.936172982330994, 0.0 ], [ 96.009644372803137, 45.925724892955976, 0.0 ], [ 96.014728444482117, 45.92757521469877, 0.0 ], [ 96.016253737397861, 45.930314742945797, 0.0 ], [ 96.030938893467905, 45.931396843355145, 0.0 ], [ 96.055554422180592, 45.922416149460012, 0.0 ], [ 96.072293091781091, 45.921239606376311, 0.0 ], [ 96.093666041976022, 45.917439590391474, 0.0 ], [ 96.134821564453972, 45.904338497628359, 0.0 ], [ 96.172415129198527, 45.905276632247343, 0.0 ], [ 96.203376296450273, 45.901021737580663, 0.0 ], [ 96.232788100297356, 45.89350612442226, 0.0 ], [ 96.24522830604333, 45.887532263102443, 0.0 ], [ 96.28031757657601, 45.881151673730621, 0.0 ], [ 96.289608627958188, 45.877958272055345, 0.0 ], [ 96.298331914380157, 45.871329578082495, 0.0 ], [ 96.314453774639247, 45.865309536470072, 0.0 ], [ 96.347533523715995, 45.847060449499814, 0.0 ], [ 96.386529673321178, 45.830111568012434, 0.0 ], [ 96.40933453822106, 45.81608897345842, 0.0 ], [ 96.434661801516086, 45.805129234021514, 0.0 ], [ 96.466423178359406, 45.796152064993187, 0.0 ] ] } },
{ "type": "Feature", "properties": { "average_dip": "(30,15,50)", "average_rake": null, "catalog_id": "NEA_112", "catalog_name": "GEM_NE_Asia", "dip_dir": "N", "lower_seis_depth": null, "name": null, "net_slip_rate": null, "slip_type": "Reverse", "upper_seis_depth": null, "downthrown_side_id": null, "reference": "DEM; Cunningham Faults", "epistemic_quality": "1", "accuracy": "40000", "activity_confidence": "1", "fs_name": null, "last_movement": null, "downthrown_side_dir": "S", "vert_sep_rate": null, "strike_slip_rate": null, "exposure_quality": "1", "shortening_rate": null, "notes": null, "index_right": 46, "NAME_EN": "Mongolia" }, "geometry": { "type": "LineString", "coordinates": [ [ 95.025622907738253, 46.781941450983453, 0.0 ], [ 95.100125746725183, 46.77846892537454, 0.0 ], [ 95.110120557814014, 46.775368909368588, 0.0 ], [ 95.121977532787326, 46.766598221942452, 0.0 ], [ 95.131717708515268, 46.762809617053563, 0.0 ], [ 95.16269800319732, 46.75796384578409, 0.0 ], [ 95.183441429598929, 46.757763401274076, 0.0 ], [ 95.211289476761607, 46.752480690706086, 0.0 ], [ 95.222908383185796, 46.752031124227592, 0.0 ], [ 95.236013827710778, 46.748400020220394, 0.0 ], [ 95.264798787631406, 46.745121797797843, 0.0 ], [ 95.296585320845622, 46.730664791996546, 0.0 ], [ 95.324177631719493, 46.728449182270182, 0.0 ], [ 95.350597488587397, 46.718415014463822, 0.0 ], [ 95.373825558335042, 46.718433636010026, 0.0 ], [ 95.390710896126052, 46.722418757478039, 0.0 ], [ 95.405500006591254, 46.730015633595151, 0.0 ], [ 95.432785475092913, 46.737653958162483, 0.0 ], [ 95.458469563981382, 46.731206914642442, 0.0 ], [ 95.499397882547783, 46.726240551719926, 0.0 ], [ 95.52237545051392, 46.725803160268924, 0.0 ], [ 95.544298219293424, 46.71935395531515, 0.0 ], [ 95.577750834480597, 46.717657901762273, 0.0 ], [ 95.596516835948592, 46.721005375213842, 0.0 ], [ 95.62412871955857, 46.733925643622079, 0.0 ], [ 95.642184710662193, 46.740189892370985, 0.0 ] ] } },
{ "type": "Feature", "properties": { "average_dip": "(90,,)", "average_rake": null, "catalog_id": "NEA_113", "catalog_name": "GEM_NE_Asia", "dip_dir": null, "lower_seis_depth": null, "name": null, "net_slip_rate": null, "slip_type": "Sinistral", "upper_seis_depth": null, "downthrown_side_id": null, "reference": "DEM; Cunningham Faults", "epistemic_quality": "1", "accuracy": "40000", "activity_confidence": "1", "fs_name": null, "last_movement": null, "downthrown_side_dir": null, "vert_sep_rate": null, "strike_slip_rate": null, "exposure_quality": "1", "shortening_rate": null, "notes": null, "index_right": 46, "NAME_EN": "Mongolia" }, "geometry": { "type": "LineString", "coordinates": [ [ 96.019144001961493, 46.450091994254421, 0.0 ], [ 96.162919269443364, 46.43423775163329, 0.0 ], [ 96.229908020652744, 46.429301484840757, 0.0 ], [ 96.280277241336947, 46.418795873318317, 0.0 ], [ 96.362260709912647, 46.405060943627269, 0.0 ] ] } },
{ "type": "Feature", "properties": { "average_dip": "(90,,)", "average_rake": null, "catalog_id": "NEA_114", "catalog_name": "GEM_NE_Asia", "dip_dir": null, "lower_seis_depth": null, "name": null, "net_slip_rate": null, "slip_type": "Sinistral", "upper_seis_depth": null, "downthrown_side_id": null, "reference": "DEM; Cunningham Faults", "epistemic_quality": "1", "accuracy": "30000", "activity_confidence": "1", "fs_name": null, "last_movement": null, "downthrown_side_dir": null, "vert_sep_rate": null, "strike_slip_rate": null, "exposure_quality": "1", "shortening_rate": null, "notes": "Baljinnyam et al. find ~1 m scarp in field survey and moderate dips.", "index_right": 46, "NAME_EN": "Mongolia" }, "geometry": { "type": "LineString", "coordinates": [ [ 96.0980754843673, 46.408879351312621, 0.0 ], [ 96.130387334148665, 46.395210066563671, 0.0 ], [ 96.174020271856307, 46.362762249564547, 0.0 ], [ 96.290148792287013, 46.289642793362901, 0.0 ], [ 96.310757678730482, 46.281721056561139, 0.0 ], [ 96.354836226347985, 46.260191653866521, 0.0 ] ] } },
{ "type": "Feature", "properties": { "average_dip": "(50,40,60)", "average_rake": null, "catalog_id": "NEA_115", "catalog_name": "GEM_NE_Asia", "dip_dir": "N", "lower_seis_depth": null, "name": "Hasagt Haryan FAult", "net_slip_rate": null, "slip_type": "Reverse-Sinistral", "upper_seis_depth": null, "downthrown_side_id": null, "reference": "Baljinnyam et al., 1993; Cunningham Faults", "epistemic_quality": "1", "accuracy": "30000", "activity_confidence": "1", "fs_name": null, "last_movement": null, "downthrown_side_dir": "S", "vert_sep_rate": null, "strike_slip_rate": null, "exposure_quality": "1", "shortening_rate": null, "notes": null, "index_right": 46, "NAME_EN": "Mongolia" }, "geometry": { "type": "LineString", "coordinates": [ [ 95.723397831286562, 46.633908399228623, 0.0 ], [ 95.778419473009805, 46.633378280995267, 0.0 ], [ 95.811534332273254, 46.626811804880418, 0.0 ], [ 95.85175776368105, 46.615271791266522, 0.0 ], [ 95.885911342744819, 46.601808089324891, 0.0 ], [ 95.897837691618818, 46.594909725594732, 0.0 ], [ 95.908787700274061, 46.582998929842127, 0.0 ], [ 95.932829773505873, 46.575958078481747, 0.0 ], [ 95.958023950632466, 46.560655169719453, 0.0 ], [ 95.981950427335491, 46.550648672713038, 0.0 ], [ 95.990658782023445, 46.544530821914307, 0.0 ], [ 95.993452259896188, 46.539362743595227, 0.0 ], [ 96.015640721094812, 46.527170347565793, 0.0 ], [ 96.039779678169779, 46.516718202003609, 0.0 ], [ 96.07110189836763, 46.499479995677063, 0.0 ], [ 96.085418538511391, 46.495026816942499, 0.0 ], [ 96.095182731281341, 46.494993179470953, 0.0 ], [ 96.106533540950096, 46.490011422514968, 0.0 ], [ 96.120837677848726, 46.488318457758517, 0.0 ], [ 96.157950434968143, 46.486572101154827, 0.0 ], [ 96.198131465841414, 46.479967850138657, 0.0 ], [ 96.24953672801405, 46.479488909248317, 0.0 ], [ 96.290466973966574, 46.46688664462939, 0.0 ], [ 96.373641586906345, 46.423022213721673, 0.0 ], [ 96.397049321416574, 46.40873161447756, 0.0 ], [ 96.42407259634993, 46.396908783187733, 0.0 ], [ 96.446023540325228, 46.390289537163753, 0.0 ] ] } },
{ "type": "Feature", "properties": { "average_dip": "(30,15,50)", "average_rake": null, "catalog_id": "NEA_116", "catalog_name": "GEM_NE_Asia", "dip_dir": "S", "lower_seis_depth": null, "name": null, "net_slip_rate": null, "slip_type": "Reverse", "upper_seis_depth": null, "downthrown_side_id": null, "reference": "Cunningham Faults", "epistemic_quality": "1", "accuracy": "60000", "activity_confidence": "1", "fs_name": null, "last_movement": null, "downthrown_side_dir": "N", "vert_sep_rate": null, "strike_slip_rate": null, "exposure_quality": "1", "shortening_rate": null, "notes": null, "index_right": 46, "NAME_EN": "Mongolia" }, "geometry": { "type": "LineString", "coordinates": [ [ 95.236487736100003, 45.395020707900002, 0.0 ], [ 95.281210853299996, 45.405815943100002, 0.0 ], [ 95.329018323300005, 45.412755737099999, 0.0 ], [ 95.3683438228, 45.411984648900003, 0.0 ], [ 95.395331910699994, 45.408129207800002, 0.0 ], [ 95.426175439800005, 45.395791796200001, 0.0 ], [ 95.4570189688, 45.3726591494, 0.0 ], [ 95.502513174200004, 45.352610855499996, 0.0 ], [ 95.548778467700004, 45.339502355699999, 0.0 ], [ 95.588875055499997, 45.334104738100002, 0.0 ], [ 95.634369260900002, 45.331020385199999, 0.0 ] ] } },
{ "type": "Feature", "properties": { "average_dip": "(30,20,50)", "average_rake": null, "catalog_id": "NEA_117", "catalog_name": "GEM_NE_Asia", "dip_dir": "S", "lower_seis_depth": null, "name": null, "net_slip_rate": null, "slip_type": "Reverse", "upper_seis_depth": null, "downthrown_side_id": null, "reference": "DEM; Cunningham Faults", "epistemic_quality": "1", "accuracy": "80000", "activity_confidence": "1", "fs_name": null, "last_movement": null, "downthrown_side_dir": "N", "vert_sep_rate": null, "strike_slip_rate": null, "exposure_quality": "1", "shortening_rate": null, "notes": null, "index_right": 46, "NAME_EN": "Mongolia" }, "geometry": { "type": "LineString", "coordinates": [ [ 95.453919418392246, 45.42076219259495, 0.0 ], [ 95.461265896520743, 45.422627979802584, 0.0 ], [ 95.500980932679909, 45.422299437831455, 0.0 ], [ 95.510173029790778, 45.425445594060577, 0.0 ], [ 95.549053673674564, 45.427256399162921, 0.0 ], [ 95.566246322333342, 45.422960994238245, 0.0 ], [ 95.616551492575098, 45.418500480961129, 0.0 ], [ 95.631055937575425, 45.414897900672045, 0.0 ], [ 95.655222987872776, 45.412360918216145, 0.0 ], [ 95.679791754573557, 45.402243383153241, 0.0 ], [ 95.699943416733248, 45.401699218049458, 0.0 ], [ 95.745311778662284, 45.395320166880055, 0.0 ], [ 95.755704938759109, 45.396116932653882, 0.0 ], [ 95.797664874020754, 45.391374633312765, 0.0 ], [ 95.813487382359995, 45.387139072862368, 0.0 ], [ 95.835432691380561, 45.384236737420764, 0.0 ], [ 95.853789951565162, 45.386863850768407, 0.0 ], [ 95.866476528161783, 45.38574166241996, 0.0 ], [ 95.873944108406363, 45.378458788723535, 0.0 ], [ 95.88802830666333, 45.372848777753639, 0.0 ], [ 95.908288314273619, 45.355830056129264, 0.0 ], [ 95.916385876244405, 45.342342383627113, 0.0 ], [ 95.937763375707902, 45.335638384675207, 0.0 ], [ 95.950726168242213, 45.321766195998052, 0.0 ], [ 95.9746096627713, 45.319856131409011, 0.0 ], [ 96.013910472543927, 45.306107731737491, 0.0 ], [ 96.032860575793549, 45.301472599369653, 0.0 ], [ 96.038637784409815, 45.296947439827342, 0.0 ], [ 96.049838816918466, 45.29581852618675, 0.0 ] ] } },
{ "type": "Feature", "properties": { "average_dip": "(90,,)", "average_rake": null, "catalog_id": "NEA_118", "catalog_name": "GEM_NE_Asia", "dip_dir": null, "lower_seis_depth": null, "name": "Chandman Fault", "net_slip_rate": null, "slip_type": "Sinistral", "upper_seis_depth": null, "downthrown_side_id": null, "reference": "Baljinnyam et al., 1993", "epistemic_quality": "1", "accuracy": "30000", "activity_confidence": "1", "fs_name": null, "last_movement": null, "downthrown_side_dir": null, "vert_sep_rate": null, "strike_slip_rate": null, "exposure_quality": "1", "shortening_rate": null, "notes": "~1 m characteristic offsets from field recon", "index_right": 46, "NAME_EN": "Mongolia" }, "geometry": { "type": "LineString", "coordinates": [ [ 97.455815296034046, 45.385831118227813, 0.0 ], [ 97.475457715418742, 45.384286732128231, 0.0 ], [ 97.521185343888902, 45.391754570236913, 0.0 ], [ 97.561629871669993, 45.392174600941892, 0.0 ], [ 97.588972120589133, 45.390224905808992, 0.0 ], [ 97.614905656895075, 45.39163731405548, 0.0 ], [ 97.642038105423637, 45.3909650288115, 0.0 ], [ 97.702282698324694, 45.377880473827453, 0.0 ], [ 97.724974829976901, 45.368088622304619, 0.0 ], [ 97.794319790059376, 45.355185683914712, 0.0 ], [ 97.85946317329541, 45.347419388226889, 0.0 ], [ 97.915107020722658, 45.335940261351148, 0.0 ], [ 97.971142138801952, 45.332212652190591, 0.0 ], [ 97.989618558614467, 45.332910028390003, 0.0 ], [ 98.048162400184552, 45.327761730170373, 0.0 ], [ 98.131399765685472, 45.314332401148498, 0.0 ], [ 98.169681243086458, 45.304801366144588, 0.0 ], [ 98.271202622949289, 45.291424654632699, 0.0 ], [ 98.352397049730897, 45.286301099325058, 0.0 ], [ 98.411037962504409, 45.27660030157049, 0.0 ], [ 98.462867755381509, 45.278383970260542, 0.0 ], [ 98.508596076465011, 45.272838500105401, 0.0 ] ] } },
{ "type": "Feature", "properties": { "average_dip": "(90,,)", "average_rake": "", "catalog_id": "NEA_119", "catalog_name": "GEM_NE_Asia", "dip_dir": null, "lower_seis_depth": null, "name": "Myangayn Fault", "net_slip_rate": null, "slip_type": "Reverse", "upper_seis_depth": null, "downthrown_side_id": null, "reference": "Baljinnyam et al., 1993", "epistemic_quality": "1", "accuracy": "30000", "activity_confidence": "1", "fs_name": null, "last_movement": null, "downthrown_side_dir": null, "vert_sep_rate": null, "strike_slip_rate": null, "exposure_quality": "1", "shortening_rate": null, "notes": null, "index_right": 46, "NAME_EN": "Mongolia" }, "geometry": { "type": "LineString", "coordinates": [ [ 96.993605022114025, 45.592709853362322, 0.0 ], [ 97.010837681450809, 45.587016982186228, 0.0 ], [ 97.02599082587956, 45.578132594420602, 0.0 ], [ 97.054765520163471, 45.569324786595637, 0.0 ], [ 97.148754973043793, 45.554019379457948, 0.0 ], [ 97.170064633027138, 45.553078966574184, 0.0 ], [ 97.267198658647104, 45.539893055564391, 0.0 ], [ 97.290073354658801, 45.539605513071614, 0.0 ], [ 97.313276720827957, 45.542594652973357, 0.0 ], [ 97.345094634392396, 45.542426095028148, 0.0 ], [ 97.465926488674327, 45.536761576564373, 0.0 ], [ 97.68146204954067, 45.531379016298807, 0.0 ], [ 97.8642490368957, 45.521698474438622, 0.0 ], [ 97.920992379544472, 45.524442963355291, 0.0 ], [ 97.960269740132105, 45.528262994710097, 0.0 ], [ 97.986126533745036, 45.524834144083847, 0.0 ], [ 98.000697318500116, 45.51943852499798, 0.0 ], [ 98.124206561017388, 45.500614047081008, 0.0 ], [ 98.189769313369027, 45.488454792437238, 0.0 ], [ 98.212005455989384, 45.486054093909793, 0.0 ], [ 98.283515992491488, 45.471683887229133, 0.0 ], [ 98.301580798169297, 45.470753703307857, 0.0 ], [ 98.314062823326495, 45.467353984633569, 0.0 ] ] } },
{ "type": "Feature", "properties": { "average_dip": "(90,70,90)", "average_rake": null, "catalog_id": "NEA_120", "catalog_name": "GEM_NE_Asia", "dip_dir": "S", "lower_seis_depth": null, "name": null, "net_slip_rate": null, "slip_type": "Sinistral", "upper_seis_depth": null, "downthrown_side_id": null, "reference": "DEM; Cunningham Faults", "epistemic_quality": "1", "accuracy": "70000", "activity_confidence": "1", "fs_name": null, "last_movement": null, "downthrown_side_dir": "N", "vert_sep_rate": null, "strike_slip_rate": null, "exposure_quality": "1", "shortening_rate": null, "notes": "may have some reverse component, throwing south side up", "index_right": 46, "NAME_EN": "Mongolia" }, "geometry": { "type": "LineString", "coordinates": [ [ 96.556945871860108, 45.304340825489071, 0.0 ], [ 96.579558955707071, 45.310764545298575, 0.0 ], [ 96.589482575074939, 45.317005843851071, 0.0 ], [ 96.611109657319417, 45.322747887989713, 0.0 ], [ 96.666918077326258, 45.328712305989875, 0.0 ], [ 96.709467208435782, 45.340175126846226, 0.0 ], [ 96.81250355795666, 45.356937522081815, 0.0 ], [ 96.82040754928903, 45.359918882205477, 0.0 ], [ 96.833901501915733, 45.370046893443458, 0.0 ], [ 96.839818436484904, 45.371851664028547, 0.0 ], [ 96.885289166496776, 45.373051478004292, 0.0 ], [ 96.929433673454966, 45.37855960271601, 0.0 ] ] } },
{ "type": "Feature", "properties": { "average_dip": "(90,,)", "average_rake": null, "catalog_id": "NEA_121", "catalog_name": "GEM_NE_Asia", "dip_dir": null, "lower_seis_depth": null, "name": null, "net_slip_rate": null, "slip_type": "Sinistral", "upper_seis_depth": null, "downthrown_side_id": null, "reference": "DEM", "epistemic_quality": "1", "accuracy": "70000", "activity_confidence": "1", "fs_name": null, "last_movement": null, "downthrown_side_dir": null, "vert_sep_rate": null, "strike_slip_rate": null, "exposure_quality": "1", "shortening_rate": null, "notes": null, "index_right": 46, "NAME_EN": "Mongolia" }, "geometry": { "type": "LineString", "coordinates": [ [ 98.517470654140951, 45.272120986775079, 0.0 ], [ 98.621886574351734, 45.263545986008651, 0.0 ], [ 98.673796221086462, 45.250445714713024, 0.0 ], [ 98.745940700134113, 45.229635971289248, 0.0 ], [ 98.783461408746874, 45.221237182085261, 0.0 ], [ 98.811951769747211, 45.21672874496889, 0.0 ], [ 98.862878165951059, 45.21236461505314, 0.0 ], [ 98.892353699632707, 45.208150370846766, 0.0 ], [ 98.926888365688967, 45.199284597369932, 0.0 ], [ 98.961353556984221, 45.185757391055837, 0.0 ], [ 98.984311034283863, 45.182766472016219, 0.0 ], [ 99.019338269502015, 45.174374194854785, 0.0 ], [ 99.086029593818338, 45.162325254876073, 0.0 ], [ 99.120581478534874, 45.158055672046721, 0.0 ], [ 99.133777371359642, 45.158641632125281, 0.0 ] ] } },
{ "type": "Feature", "properties": { "average_dip": "(50,40,90)", "average_rake": null, "catalog_id": "NEA_122", "catalog_name": "GEM_NE_Asia", "dip_dir": "S", "lower_seis_depth": null, "name": null, "net_slip_rate": null, "slip_type": "Sinistral-Reverse", "upper_seis_depth": null, "downthrown_side_id": null, "reference": "DEM", "epistemic_quality": "1", "accuracy": "30000", "activity_confidence": "1", "fs_name": null, "last_movement": null, "downthrown_side_dir": "N", "vert_sep_rate": null, "strike_slip_rate": null, "exposure_quality": "1", "shortening_rate": null, "notes": "Reverse fault probably reactivated to sinistral. Dipping fault visible in Google Earth.", "index_right": 46, "NAME_EN": "Mongolia" }, "geometry": { "type": "LineString", "coordinates": [ [ 95.206716465169166, 45.728617538674897, 0.0 ], [ 95.248039969576539, 45.727674120111992, 0.0 ], [ 95.316495903825896, 45.717664478274472, 0.0 ], [ 95.328688260368708, 45.714498231337117, 0.0 ], [ 95.367423501940777, 45.71036013276958, 0.0 ], [ 95.385169940282111, 45.705601187438013, 0.0 ], [ 95.404712579839767, 45.704420531432064, 0.0 ], [ 95.444301353488413, 45.696445237130398, 0.0 ], [ 95.497945185978608, 45.683170582447069, 0.0 ], [ 95.544961316777972, 45.678641086317, 0.0 ], [ 95.57019498057781, 45.682374404961372, 0.0 ], [ 95.614712078745981, 45.6949282794385, 0.0 ], [ 95.652572852569918, 45.699206884903219, 0.0 ], [ 95.685080462881274, 45.705026457008188, 0.0 ] ] } },
{ "type": "Feature", "properties": { "average_dip": "(90,,)", "average_rake": null, "catalog_id": "NEA_123", "catalog_name": "GEM_NE_Asia", "dip_dir": null, "lower_seis_depth": null, "name": null, "net_slip_rate": null, "slip_type": "Sinistral", "upper_seis_depth": null, "downthrown_side_id": null, "reference": "DEM; Cunningham Faults", "epistemic_quality": "1", "accuracy": "30000", "activity_confidence": "1", "fs_name": null, "last_movement": null, "downthrown_side_dir": null, "vert_sep_rate": null, "strike_slip_rate": null, "exposure_quality": "1", "shortening_rate": null, "notes": null, "index_right": 46, "NAME_EN": "Mongolia" }, "geometry": { "type": "LineString", "coordinates": [ [ 95.685387811463542, 45.705047049592352, 0.0 ], [ 95.727249909315347, 45.717094251028342, 0.0 ], [ 95.756399392984378, 45.721936572326364, 0.0 ], [ 95.797922904847354, 45.732814585479922, 0.0 ], [ 95.815909617610075, 45.742567273002336, 0.0 ], [ 95.85323576065322, 45.756017306768243, 0.0 ], [ 95.884429761164114, 45.764968037067213, 0.0 ], [ 95.946287805114565, 45.777935439031737, 0.0 ], [ 95.964854781433132, 45.780233445189431, 0.0 ] ] } },
{ "type": "Feature", "properties": { "average_dip": "(60,40,90)", "average_rake": null, "catalog_id": "NEA_124", "catalog_name": "GEM_NE_Asia", "dip_dir": "S", "lower_seis_depth": null, "name": null, "net_slip_rate": null, "slip_type": "Sinistral", "upper_seis_depth": null, "downthrown_side_id": null, "reference": "DEM; Cunningham Faults", "epistemic_quality": "1", "accuracy": "30000", "activity_confidence": "1", "fs_name": null, "last_movement": null, "downthrown_side_dir": "N", "vert_sep_rate": null, "strike_slip_rate": null, "exposure_quality": "1", "shortening_rate": null, "notes": "S dip based on geomorphology and imagery, but slip is probably nearly pure sinistral with revers partitioned to the north", "index_right": 46, "NAME_EN": "Mongolia" }, "geometry": { "type": "LineString", "coordinates": [ [ 95.964808598612976, 45.780273785317853, 0.0 ], [ 95.992118277762344, 45.784096898084186, 0.0 ], [ 96.031622375510509, 45.787081829075419, 0.0 ], [ 96.118757011016783, 45.790841179834842, 0.0 ], [ 96.181419679917667, 45.791815305472348, 0.0 ], [ 96.23145667702785, 45.788864304708028, 0.0 ], [ 96.266853425069613, 45.785035181815488, 0.0 ], [ 96.318310064314929, 45.776558830169563, 0.0 ], [ 96.395834173895324, 45.769384345622171, 0.0 ], [ 96.421162719294543, 45.760586589478713, 0.0 ], [ 96.492776351950894, 45.748137499367068, 0.0 ], [ 96.504886719911823, 45.743930108447252, 0.0 ], [ 96.562536417279617, 45.732140455795573, 0.0 ], [ 96.576668085940085, 45.724752124821599, 0.0 ], [ 96.628658495917009, 45.712166699911577, 0.0 ], [ 96.643132586801968, 45.705860262604801, 0.0 ], [ 96.653609354007756, 45.705641255490868, 0.0 ], [ 96.673835301465544, 45.694173905095568, 0.0 ] ] } },
{ "type": "Feature", "properties": { "average_dip": "(90,70,90)", "average_rake": null, "catalog_id": "NEA_125", "catalog_name": "GEM_NE_Asia", "dip_dir": "S", "lower_seis_depth": null, "name": "Bogd Fault (west segment)", "net_slip_rate": null, "slip_type": "Sinistral", "upper_seis_depth": null, "downthrown_side_id": null, "reference": "Baljinnyam et al., 1993; Choi et al., 2012; Ritz et al., 1995", "epistemic_quality": "1", "accuracy": "30000", "activity_confidence": "1", "fs_name": null, "last_movement": "1957", "downthrown_side_dir": "N", "vert_sep_rate": null, "strike_slip_rate": "(1.2,,)", "exposure_quality": "1", "shortening_rate": null, "notes": "Western segment of 1957 Gobi-Altai Rupture", "index_right": 46, "NAME_EN": "Mongolia" }, "geometry": { "type": "LineString", "coordinates": [ [ 99.058573129862879, 45.169004198709857, 0.0 ], [ 99.114510328350178, 45.172000155997353, 0.0 ], [ 99.126726472174525, 45.177809175600913, 0.0 ], [ 99.165668924475142, 45.179336934245327, 0.0 ], [ 99.268678806757407, 45.171235131563861, 0.0 ], [ 99.309151634505184, 45.166150030890059, 0.0 ], [ 99.343998948137781, 45.167242731598783, 0.0 ], [ 99.436985144745492, 45.160763045424353, 0.0 ], [ 99.466822794526493, 45.155978249295273, 0.0 ], [ 99.548687953801561, 45.147210866528262, 0.0 ], [ 99.599571963960173, 45.143019216430261, 0.0 ], [ 99.635789407350941, 45.143417183108603, 0.0 ], [ 99.666015452613365, 45.137523905839487, 0.0 ], [ 99.696833790147139, 45.133994850524942, 0.0 ], [ 99.737195095413185, 45.134323096880642, 0.0 ], [ 99.770872297925152, 45.132355038536573, 0.0 ], [ 99.796589571915035, 45.136371617260409, 0.0 ], [ 99.839762270146878, 45.131940870413487, 0.0 ], [ 99.851379172671002, 45.128459712985801, 0.0 ], [ 99.902247662542322, 45.120710596920958, 0.0 ], [ 99.968003754087434, 45.103842966251989, 0.0 ], [ 99.999851153230495, 45.106279075023828, 0.0 ], [ 100.030083756332303, 45.102662440648551, 0.0 ], [ 100.057103137900995, 45.103486721956472, 0.0 ], [ 100.084097714412593, 45.100015055088519, 0.0 ], [ 100.106369659453506, 45.099619302018503, 0.0 ], [ 100.135837706760498, 45.091652490405153, 0.0 ], [ 100.155072647871094, 45.088415167293043, 0.0 ], [ 100.172235385682995, 45.088320013277077, 0.0 ], [ 100.212728039230498, 45.080195730050242, 0.0 ], [ 100.229579010906804, 45.073116460736657, 0.0 ], [ 100.286656632010903, 45.061359530596512, 0.0 ], [ 100.326971896356895, 45.047412301826633, 0.0 ] ] } },
{ "type": "Feature", "properties": { "average_dip": "(25,15,50)", "average_rake": null, "catalog_id": "NEA_126", "catalog_name": "GEM_NE_Asia", "dip_dir": "S", "lower_seis_depth": null, "name": "North Il Bogd Thrust", "net_slip_rate": null, "slip_type": "Sinistral-Reverse", "upper_seis_depth": null, "downthrown_side_id": null, "reference": "Baljinnyam et al., 1993; Choi et al., 2012; Ritz et al., 1995", "epistemic_quality": "1", "accuracy": "30000", "activity_confidence": "1", "fs_name": null, "last_movement": "1957", "downthrown_side_dir": "N", "vert_sep_rate": null, "strike_slip_rate": "(1.2,,)", "exposure_quality": "1", "shortening_rate": null, "notes": "Part of 1957 rupture. I put the main sinistral slip rate from Ritz 1995 on this fault although it's likely that most of the sinistral slip is at the rangefront and this is essentially a pure thrust fault with a much slower rate.", "index_right": 46, "NAME_EN": "Mongolia" }, "geometry": { "type": "LineString", "coordinates": [ [ 100.327994582296697, 45.047371369278167, 0.0 ], [ 100.364681323118106, 45.054066091275367, 0.0 ], [ 100.372226477536202, 45.052718103427154, 0.0 ], [ 100.375810781816497, 45.048417876020729, 0.0 ], [ 100.3807027676053, 45.048740676930123, 0.0 ], [ 100.392769665370295, 45.05435890937062, 0.0 ], [ 100.396453771765096, 45.054723201498362, 0.0 ], [ 100.400939949022799, 45.051555299887568, 0.0 ], [ 100.416147289697406, 45.059038219281113, 0.0 ], [ 100.439218390244903, 45.066701435639601, 0.0 ], [ 100.477045479515198, 45.062352705676759, 0.0 ], [ 100.479659012333201, 45.058433874458601, 0.0 ], [ 100.494797239956895, 45.050539498242678, 0.0 ], [ 100.501866706316207, 45.048138196706851, 0.0 ], [ 100.510688161424198, 45.048663100488803, 0.0 ], [ 100.532046932193396, 45.038057194202111, 0.0 ], [ 100.535713940521106, 45.038488224490948, 0.0 ], [ 100.548556413393896, 45.035306834194429, 0.0 ], [ 100.553167118721205, 45.032498272484823, 0.0 ], [ 100.553886981522496, 45.021967657824973, 0.0 ], [ 100.560210819025798, 45.01402434544611, 0.0 ], [ 100.570200970167605, 45.00869939077144, 0.0 ], [ 100.577254628374703, 45.007855565545754, 0.0 ], [ 100.590537700254302, 45.002292861009337, 0.0 ], [ 100.596849104282697, 44.997534030565511, 0.0 ], [ 100.597117129081497, 44.994540950076477, 0.0 ] ] } },
{ "type": "Feature", "properties": { "average_dip": "(90,70,90)", "average_rake": null, "catalog_id": "NEA_127", "catalog_name": "GEM_NE_Asia", "dip_dir": "S", "lower_seis_depth": null, "name": "Bogd Fault (central segment)", "net_slip_rate": null, "slip_type": "Sinistral", "upper_seis_depth": null, "downthrown_side_id": null, "reference": "Baljinnyam et al., 1993; Choi et al., 2012; Ritz et al., 1995", "epistemic_quality": "1", "accuracy": "30000", "activity_confidence": "1", "fs_name": null, "last_movement": "1957", "downthrown_side_dir": "N", "vert_sep_rate": null, "strike_slip_rate": "(1.2,,)", "exposure_quality": "1", "shortening_rate": null, "notes": "Central segment of 1957 rupture.", "index_right": 46, "NAME_EN": "Mongolia" }, "geometry": { "type": "LineString", "coordinates": [ [ 100.5556262238035, 45.006399485433739, 0.0 ], [ 100.570462988176899, 44.997716406662732, 0.0 ], [ 100.592656790360095, 44.992596263264538, 0.0 ], [ 100.624596276945695, 44.991312410176398, 0.0 ], [ 100.662370001410096, 44.983463081894008, 0.0 ], [ 100.715805388013294, 44.975943489426633, 0.0 ], [ 100.733472568785203, 44.979188379698428, 0.0 ], [ 100.766499017638694, 44.975050262000401, 0.0 ], [ 100.806659186720296, 44.972362262359617, 0.0 ], [ 100.825213967982194, 44.967526577833652, 0.0 ], [ 100.8509692335182, 44.956388302977132, 0.0 ], [ 100.882014388521995, 44.954702888909821, 0.0 ], [ 100.929104777876503, 44.944795034462267, 0.0 ], [ 101.008263203684507, 44.939688769089997, 0.0 ], [ 101.038773336593806, 44.939505718281801, 0.0 ], [ 101.110999487671094, 44.930158830696698, 0.0 ], [ 101.141912569654906, 44.928361686579237, 0.0 ], [ 101.176809669393094, 44.928712262016312, 0.0 ], [ 101.212298470668401, 44.935274833690762, 0.0 ] ] } },
{ "type": "Feature", "properties": { "average_dip": "(70,50,90)", "average_rake": null, "catalog_id": "NEA_129", "catalog_name": "GEM_NE_Asia", "dip_dir": "S", "lower_seis_depth": null, "name": "Bogd Fault (eastern segment)", "net_slip_rate": null, "slip_type": "Sinistral-Reverse", "upper_seis_depth": null, "downthrown_side_id": null, "reference": "Baljinnyam et al., 1993; Choi et al., 2012; Ritz et al., 1995", "epistemic_quality": "1", "accuracy": "30000", "activity_confidence": "1", "fs_name": null, "last_movement": "1957", "downthrown_side_dir": "N", "vert_sep_rate": null, "strike_slip_rate": "(1.2,,)", "exposure_quality": "1", "shortening_rate": null, "notes": "Eastern segment of 1957 rupture", "index_right": 46, "NAME_EN": "Mongolia" }, "geometry": { "type": "LineString", "coordinates": [ [ 101.156787033145804, 44.935960302784913, 0.0 ], [ 101.171988134471704, 44.936833939791583, 0.0 ], [ 101.183410596883206, 44.940747362102307, 0.0 ], [ 101.217048458256002, 44.945507209606312, 0.0 ], [ 101.261847311042104, 44.945637828235213, 0.0 ], [ 101.270360784302, 44.948715058300699, 0.0 ], [ 101.295189035804398, 44.948314424941223, 0.0 ], [ 101.307283278882807, 44.951259739939488, 0.0 ], [ 101.3185861767451, 44.951074428156552, 0.0 ], [ 101.322773523663699, 44.949234410761832, 0.0 ], [ 101.3327924160631, 44.950548913140118, 0.0 ], [ 101.351492262811604, 44.945427754773519, 0.0 ], [ 101.370481409824706, 44.944043466527972, 0.0 ], [ 101.383225507630698, 44.944754139939327, 0.0 ], [ 101.391093664731201, 44.950178525424363, 0.0 ], [ 101.401468859588803, 44.951966634901467, 0.0 ], [ 101.4353782016982, 44.948911915810662, 0.0 ], [ 101.484520275518804, 44.954196900085847, 0.0 ], [ 101.495051447043195, 44.953521406398288, 0.0 ], [ 101.508950915316305, 44.955025372144547, 0.0 ], [ 101.517212978795001, 44.952754856467656, 0.0 ], [ 101.519888940324293, 44.950483024467957, 0.0 ], [ 101.542098068936298, 44.952792250134223, 0.0 ], [ 101.577155385746806, 44.945687642470368, 0.0 ], [ 101.593037089798997, 44.944701466828597, 0.0 ], [ 101.637250166669901, 44.921424580440728, 0.0 ], [ 101.676593322705003, 44.911213163265742, 0.0 ], [ 101.682740307209201, 44.907514867862048, 0.0 ], [ 101.699012202419098, 44.902207102889179, 0.0 ], [ 101.713489675882897, 44.890741857077472, 0.0 ], [ 101.723304246041195, 44.889924093031659, 0.0 ], [ 101.737960071158398, 44.892560493548856, 0.0 ], [ 101.766206908653999, 44.891417608897733, 0.0 ], [ 101.797688662891701, 44.883042306446299, 0.0 ], [ 101.817527953905397, 44.876333480803787, 0.0 ], [ 101.828277759875803, 44.870916469183868, 0.0 ], [ 101.849526225373694, 44.866146230428051, 0.0 ], [ 101.864021506985594, 44.849466055685653, 0.0 ], [ 101.8780162592534, 44.847728897875882, 0.0 ], [ 101.887952245547098, 44.84378205741482, 0.0 ], [ 101.893705762065096, 44.83439889817064, 0.0 ], [ 101.902926788473394, 44.827952335496299, 0.0 ], [ 101.937049596267698, 44.81335603825552, 0.0 ], [ 101.949717800842095, 44.812847707942602, 0.0 ], [ 101.963555950905899, 44.816313767158647, 0.0 ], [ 101.972887091066298, 44.815326641473803, 0.0 ], [ 102.006828087958795, 44.817114980198561, 0.0 ], [ 102.022796081430698, 44.81232309953068, 0.0 ], [ 102.028926783852896, 44.808462521468321, 0.0 ], [ 102.059700449793795, 44.796894025980123, 0.0 ] ] } },
{ "type": "Feature", "properties": { "average_dip": "(25,15,40)", "average_rake": null, "catalog_id": "NEA_130", "catalog_name": "GEM_NE_Asia", "dip_dir": "N", "lower_seis_depth": null, "name": "Gurvan Bulag Thrust", "net_slip_rate": null, "slip_type": "Reverse", "upper_seis_depth": null, "downthrown_side_id": null, "reference": "ritz et al., 2003; Bayarsayhan et al., 1996; Prentice et al., 2002", "epistemic_quality": "1", "accuracy": "30000", "activity_confidence": "1", "fs_name": null, "last_movement": "1957", "downthrown_side_dir": "S", "vert_sep_rate": "(0.44, 0.11, 1.3)", "strike_slip_rate": null, "exposure_quality": "1", "shortening_rate": null, "notes": "Visible rupture from 1957 earthquake in google earth", "index_right": 46, "NAME_EN": "Mongolia" }, "geometry": { "type": "LineString", "coordinates": [ [ 100.030244812498395, 45.027517262077438, 0.0 ], [ 100.046151445051095, 45.021660993366403, 0.0 ], [ 100.054473314011204, 45.012235935806252, 0.0 ], [ 100.063468461033494, 44.997150696290007, 0.0 ], [ 100.078835793921499, 44.985028903332491, 0.0 ], [ 100.094728007909296, 44.975465211879317, 0.0 ], [ 100.127830742307097, 44.961183076558321, 0.0 ], [ 100.152195081550502, 44.942468364653323, 0.0 ], [ 100.153161295633396, 44.926553879521528, 0.0 ], [ 100.175086620602201, 44.916567814655266, 0.0 ], [ 100.183315140860699, 44.902708193479206, 0.0 ], [ 100.200666166102195, 44.886391070779673, 0.0 ], [ 100.215181466457395, 44.869597015236153, 0.0 ], [ 100.239825754595998, 44.863659304025717, 0.0 ], [ 100.243864772643505, 44.855843122694822, 0.0 ], [ 100.255475889988404, 44.854271931765467, 0.0 ], [ 100.2973385474521, 44.841714499994652, 0.0 ], [ 100.340155272099693, 44.834166463677938, 0.0 ], [ 100.351606971248501, 44.836171926876553, 0.0 ], [ 100.374818135825393, 44.831369022903402, 0.0 ], [ 100.387684073754102, 44.830328703921531, 0.0 ], [ 100.401719810216903, 44.823237071801913, 0.0 ], [ 100.416850866553403, 44.820630553198107, 0.0 ], [ 100.423491544514107, 44.821644721459784, 0.0 ], [ 100.427520736403807, 44.825391997144763, 0.0 ], [ 100.444014768980395, 44.827068374780772, 0.0 ], [ 100.449366041957305, 44.831402243125517, 0.0 ] ] } },
{ "type": "Feature", "properties": { "average_dip": "(90,,)", "average_rake": null, "catalog_id": "NEA_131", "catalog_name": "GEM_NE_Asia", "dip_dir": null, "lower_seis_depth": null, "name": null, "net_slip_rate": null, "slip_type": "Sinistral", "upper_seis_depth": null, "downthrown_side_id": null, "reference": null, "epistemic_quality": "1", "accuracy": "50000", "activity_confidence": "1", "fs_name": null, "last_movement": null, "downthrown_side_dir": null, "vert_sep_rate": null, "strike_slip_rate": null, "exposure_quality": "1", "shortening_rate": null, "notes": "650 km long strike-slip fault, continuous in Google Earth. Poorly studied and kind of terrifying.", "index_right": 46, "NAME_EN": "Mongolia" }, "geometry": { "type": "LineString", "coordinates": [ [ 94.796692932496114, 42.990982457230558, 0.0 ], [ 94.89100936834889, 42.986952256716968, 0.0 ], [ 94.926359840002888, 42.989037203262363, 0.0 ], [ 94.964029698593251, 42.989026929455498, 0.0 ], [ 95.01521808925321, 42.995781118527127, 0.0 ], [ 95.077764291898902, 43.008373826757861, 0.0 ], [ 95.343960107036111, 43.073547300942387, 0.0 ], [ 95.430034030371729, 43.086846742388438, 0.0 ], [ 95.56006289383987, 43.115595191949367, 0.0 ], [ 95.58896704510407, 43.125533171419839, 0.0 ], [ 95.698593258951561, 43.171659625219519, 0.0 ], [ 95.753174249724694, 43.195326184781777, 0.0 ], [ 95.807329614829342, 43.222797984418023, 0.0 ], [ 96.038418980737248, 43.308006766473433, 0.0 ], [ 96.105493920628021, 43.322082281822681, 0.0 ], [ 96.147873179238175, 43.333120695793987, 0.0 ], [ 96.219997951354642, 43.340104019933747, 0.0 ], [ 96.303144538650528, 43.345909650608981, 0.0 ], [ 96.431512832597676, 43.365240637535791, 0.0 ], [ 96.466433188473403, 43.364092477037239, 0.0 ], [ 96.518772644700675, 43.358696215413438, 0.0 ], [ 96.562912180852351, 43.359376023541543, 0.0 ], [ 96.594760990096248, 43.364238970785038, 0.0 ], [ 96.650871097539977, 43.36057127533519, 0.0 ], [ 96.726047174788974, 43.361734088760969, 0.0 ], [ 96.808255444502308, 43.357473365620507, 0.0 ], [ 96.863085820559732, 43.351323897407013, 0.0 ], [ 97.006151868034564, 43.353874933302123, 0.0 ], [ 97.181148262495284, 43.361703963406399, 0.0 ], [ 97.329231618572052, 43.380235812658157, 0.0 ], [ 97.704048341517463, 43.392893415430642, 0.0 ], [ 97.843737946478939, 43.399236385374657, 0.0 ], [ 97.909251621030421, 43.406048161593908, 0.0 ], [ 97.980665987914776, 43.41580299211202, 0.0 ], [ 98.094570052707951, 43.424732582541957, 0.0 ], [ 98.44713216351272, 43.433282478559647, 0.0 ], [ 98.56313024702547, 43.439082975589152, 0.0 ], [ 98.849607012218584, 43.458576932257472, 0.0 ], [ 99.040825817471358, 43.469239101585451, 0.0 ], [ 99.111812430335348, 43.477447789663813, 0.0 ], [ 99.174293527010889, 43.482184024245903, 0.0 ], [ 99.393381489099369, 43.494255537615793, 0.0 ], [ 99.51094989446328, 43.5048735112508, 0.0 ], [ 99.617013451798726, 43.51885487022335, 0.0 ], [ 99.723644270269205, 43.539291558189028, 0.0 ], [ 100.054768193809807, 43.584845197511882, 0.0 ], [ 100.239364568676294, 43.598709656747523, 0.0 ], [ 100.432703607223999, 43.61662982642661, 0.0 ], [ 100.530674555717496, 43.618860327619913, 0.0 ], [ 100.617763966184498, 43.617650572305607, 0.0 ], [ 100.677157420014495, 43.621017258179968, 0.0 ], [ 100.730722439937594, 43.627659824831852, 0.0 ], [ 100.956092964478401, 43.62124115547681, 0.0 ], [ 101.043934615216401, 43.625805185358942, 0.0 ], [ 101.188168985856507, 43.638030499896402, 0.0 ], [ 101.364467751834695, 43.666182320857438, 0.0 ], [ 101.445633342107001, 43.672198374974222, 0.0 ], [ 101.504315901274197, 43.673349179161683, 0.0 ], [ 101.553443590398601, 43.671884922791371, 0.0 ], [ 101.584493430602393, 43.665509059786693, 0.0 ], [ 101.647987473205006, 43.656743154701829, 0.0 ], [ 101.693390589911402, 43.65444058627893, 0.0 ], [ 101.753169697000502, 43.654550158037672, 0.0 ], [ 101.787321675713599, 43.659209524704153, 0.0 ], [ 101.810918611057502, 43.660650620584491, 0.0 ], [ 101.829871594018599, 43.659284321878317, 0.0 ], [ 101.850380336920097, 43.662178376177437, 0.0 ], [ 101.870380187325495, 43.662817340441947, 0.0 ], [ 101.889720037871399, 43.667906328201731, 0.0 ], [ 101.919266686180094, 43.668109836255333, 0.0 ], [ 101.951579628730201, 43.664783136789687, 0.0 ], [ 101.994312414291798, 43.662976888450643, 0.0 ], [ 102.029038465943998, 43.663756160763988, 0.0 ], [ 102.179271530351897, 43.660202789587878, 0.0 ], [ 102.323948670374605, 43.644098979533432, 0.0 ], [ 102.416266623521807, 43.622300036612877, 0.0 ], [ 102.517657033476297, 43.612795884868078, 0.0 ], [ 102.539507787529999, 43.60936377714166, 0.0 ], [ 102.562491689662195, 43.601771539831198, 0.0 ] ] } },
{ "type": "Feature", "properties": { "average_dip": "(50,40,70)", "average_rake": null, "catalog_id": "NEA_128", "catalog_name": "GEM_NE_Asia", "dip_dir": "N", "lower_seis_depth": null, "name": "Egiin Davaa", "net_slip_rate": "(1.,0.04,1.)", "slip_type": "Normal", "upper_seis_depth": null, "downthrown_side_id": null, "reference": "Walker et al., 2017", "epistemic_quality": "1", "accuracy": "50000", "activity_confidence": "1", "fs_name": null, "last_movement": null, "downthrown_side_dir": "N", "vert_sep_rate": null, "strike_slip_rate": null, "exposure_quality": "1", "shortening_rate": null, "notes": "Walker found evidence for 1-2 earthquakes over the last 16 ka, with 8 m of vertical displacement, yielding ~1 mm/yr dip slip. However, there is only 225 m of total offset on a 6 Ma basalt, yielding a late Neogene rate of 0.04 mm/yr. The faster rate is preferred as it more accurately describes the current slip regime.", "index_right": 46, "NAME_EN": "Mongolia" }, "geometry": { "type": "LineString", "coordinates": [ [ 100.198922461774544, 47.28749935567005, 0.0 ], [ 100.197304336207182, 47.281362667678231, 0.0 ], [ 100.197961231272046, 47.273672618477882, 0.0 ], [ 100.186422625264839, 47.264477139224553, 0.0 ], [ 100.178719556415203, 47.262239061805445, 0.0 ], [ 100.164520489353563, 47.247129639341537, 0.0 ], [ 100.135943918530486, 47.242092542293079, 0.0 ], [ 100.129803650545099, 47.242342348341047, 0.0 ], [ 100.110496261131658, 47.236010140675937, 0.0 ], [ 100.089925465388731, 47.236659327730173, 0.0 ], [ 100.06965186408317, 47.23455643943602, 0.0 ], [ 100.062867203001773, 47.227348388192226, 0.0 ], [ 100.049726075426918, 47.220941970526411, 0.0 ], [ 100.036869399066873, 47.217807027567872, 0.0 ], [ 100.029304472905835, 47.213912520035564, 0.0 ], [ 100.022433585100941, 47.205611012039491, 0.0 ], [ 100.007980871021431, 47.202536796373799, 0.0 ], [ 99.993259642314669, 47.202573314479572, 0.0 ], [ 99.9832018055654, 47.200781815880582, 0.0 ], [ 99.971737764894002, 47.195031044545878, 0.0 ], [ 99.946352617033767, 47.192380620818234, 0.0 ], [ 99.926578623697083, 47.186404339336555, 0.0 ], [ 99.878610699607151, 47.182431784042613, 0.0 ], [ 99.869797452458727, 47.176204553682155, 0.0 ], [ 99.861257641660188, 47.173250217641773, 0.0 ], [ 99.850253993035295, 47.166376332677714, 0.0 ], [ 99.845964118946554, 47.159790784227717, 0.0 ], [ 99.842392548275726, 47.158650962923659, 0.0 ], [ 99.831672229298874, 47.14866288724874, 0.0 ], [ 99.81971504304525, 47.143100075381128, 0.0 ], [ 99.778868124566358, 47.134074481210092, 0.0 ], [ 99.757739720695383, 47.125752016419973, 0.0 ], [ 99.740804537306374, 47.121282200689151, 0.0 ], [ 99.708018716383179, 47.109102475349324, 0.0 ], [ 99.690559019056181, 47.099628289878062, 0.0 ], [ 99.685570556250127, 47.085673913176912, 0.0 ], [ 99.68214840394829, 47.069562463752582, 0.0 ], [ 99.668438972982486, 47.060036653189854, 0.0 ], [ 99.660870578474515, 47.05046432080109, 0.0 ], [ 99.655007381188355, 47.028694043781705, 0.0 ], [ 99.621737422877885, 47.016236555162074, 0.0 ], [ 99.588219940346534, 47.014089176875842, 0.0 ], [ 99.487841315214425, 46.999194466589415, 0.0 ], [ 99.470777918527702, 46.990497272374682, 0.0 ], [ 99.468009535048623, 46.987402647419891, 0.0 ], [ 99.469066886310316, 46.971490306459728, 0.0 ], [ 99.465462228602036, 46.966144420584378, 0.0 ], [ 99.441952265002712, 46.960135776873805, 0.0 ], [ 99.439654164623434, 46.957936177733608, 0.0 ], [ 99.420194439420229, 46.950776657502786, 0.0 ], [ 99.392927240355135, 46.944252676591368, 0.0 ] ] } },
{ "type": "Feature", "properties": { "average_dip": "(50,45,70)", "average_rake": null, "catalog_id": "NEA_132", "catalog_name": "GEM_NE_Asia", "dip_dir": "NW", "lower_seis_depth": null, "name": "Egiin Davaa East", "net_slip_rate": null, "slip_type": "Normal", "upper_seis_depth": null, "downthrown_side_id": null, "reference": "DEM", "epistemic_quality": "1", "accuracy": "70000", "activity_confidence": "2", "fs_name": null, "last_movement": null, "downthrown_side_dir": "NW", "vert_sep_rate": null, "strike_slip_rate": null, "exposure_quality": "1", "shortening_rate": null, "notes": "", "index_right": 46, "NAME_EN": "Mongolia" }, "geometry": { "type": "LineString", "coordinates": [ [ 99.994538958096896, 47.225420022812443, 0.0 ], [ 100.004562372375304, 47.236151851158546, 0.0 ], [ 100.007714321234943, 47.241682485843121, 0.0 ], [ 100.016238287547452, 47.247364448221759, 0.0 ], [ 100.029256639266549, 47.252319489184906, 0.0 ], [ 100.080513595364096, 47.25938858265026, 0.0 ], [ 100.103109733477751, 47.266504573297659, 0.0 ], [ 100.120346178529431, 47.267448570392212, 0.0 ], [ 100.141326989038433, 47.271339400908623, 0.0 ], [ 100.150311487157325, 47.279000842809346, 0.0 ], [ 100.15415805851525, 47.286141676931202, 0.0 ], [ 100.169034834015434, 47.29064201367693, 0.0 ], [ 100.177249965080279, 47.295596364418259, 0.0 ], [ 100.198622411990783, 47.318800777781725, 0.0 ], [ 100.204138040213437, 47.329519922814143, 0.0 ], [ 100.228338311222871, 47.354061732062902, 0.0 ], [ 100.254121911346388, 47.366127844246932, 0.0 ], [ 100.261950877675261, 47.372552161284354, 0.0 ], [ 100.276923672125548, 47.377766017903298, 0.0 ], [ 100.298757198876203, 47.381596389423699, 0.0 ], [ 100.328048655200121, 47.390582089978267, 0.0 ], [ 100.360425449240253, 47.409646556394762, 0.0 ], [ 100.400253613637489, 47.427655598557742, 0.0 ], [ 100.411267715350689, 47.430468962505856, 0.0 ], [ 100.43491243260857, 47.441861158438329, 0.0 ], [ 100.478262779441749, 47.456776497539543, 0.0 ], [ 100.496388464404305, 47.46073434680325, 0.0 ], [ 100.506719622604635, 47.467582702740742, 0.0 ], [ 100.540045035475217, 47.478534832035827, 0.0 ], [ 100.54606184899842, 47.485203786246807, 0.0 ], [ 100.570346038654336, 47.502745965310254, 0.0 ], [ 100.583339525679577, 47.509106372070178, 0.0 ], [ 100.590436976454129, 47.515725580940966, 0.0 ], [ 100.649147456868064, 47.532460399259676, 0.0 ], [ 100.662840045840653, 47.534768560734165, 0.0 ] ] } },
{ "type": "Feature", "properties": { "average_dip": "(50,40,70)", "average_rake": null, "catalog_id": "NEA_133", "catalog_name": "GEM_NE_Asia", "dip_dir": "SE", "lower_seis_depth": null, "name": "Mandal Fault", "net_slip_rate": null, "slip_type": "Normal", "upper_seis_depth": null, "downthrown_side_id": null, "reference": "SW shown in Walker et al, 2017; NE mapped in DEM", "epistemic_quality": "1", "accuracy": "50000", "activity_confidence": "1", "fs_name": null, "last_movement": null, "downthrown_side_dir": "SE", "vert_sep_rate": null, "strike_slip_rate": null, "exposure_quality": "1", "shortening_rate": null, "notes": null, "index_right": 46, "NAME_EN": "Mongolia" }, "geometry": { "type": "LineString", "coordinates": [ [ 99.887296359245241, 46.798819467238715, 0.0 ], [ 99.896366215695409, 46.802390283708121, 0.0 ], [ 99.900121306030528, 46.805986101166134, 0.0 ], [ 99.923964773084194, 46.812901037044426, 0.0 ], [ 99.93725271734175, 46.822327955296707, 0.0 ], [ 99.968571345033723, 46.827844163489814, 0.0 ], [ 99.977984830109108, 46.832217212664389, 0.0 ], [ 100.011561726611077, 46.85479525001265, 0.0 ], [ 100.02715969782659, 46.862933713360924, 0.0 ], [ 100.041169450253449, 46.874237904123653, 0.0 ], [ 100.043962262800818, 46.878872322022794, 0.0 ], [ 100.043165067868628, 46.88511171381726, 0.0 ], [ 100.055122123564743, 46.8848125456717, 0.0 ], [ 100.063582934366963, 46.88720951319327, 0.0 ], [ 100.068657825254363, 46.893576828737416, 0.0 ], [ 100.068050194371438, 46.898895819530765, 0.0 ], [ 100.072188243989146, 46.900554107966251, 0.0 ], [ 100.083133676965389, 46.900841027700388, 0.0 ], [ 100.089458677337817, 46.903140336177088, 0.0 ], [ 100.089139507605765, 46.917940989611367, 0.0 ], [ 100.091098251096071, 46.928267415929433, 0.0 ], [ 100.10085952637786, 46.94557883434365, 0.0 ], [ 100.108473684507572, 46.950380557642674, 0.0 ], [ 100.121478103999792, 46.95277130186404, 0.0 ], [ 100.134868869308491, 46.962629632369662, 0.0 ], [ 100.147005235561025, 46.967243982878557, 0.0 ], [ 100.164628123250878, 46.970536254018832, 0.0 ], [ 100.180371286043837, 46.985769627519673, 0.0 ], [ 100.183120532062105, 46.998799680707393, 0.0 ], [ 100.187589886793347, 47.004091532344304, 0.0 ], [ 100.194163798431177, 47.006010385195289, 0.0 ], [ 100.200133576967886, 47.010144462969123, 0.0 ], [ 100.204089579513663, 47.015639509278309, 0.0 ], [ 100.224547550624195, 47.062615425830863, 0.0 ], [ 100.237250070824217, 47.079244711205433, 0.0 ], [ 100.23987015132991, 47.09063464380683, 0.0 ], [ 100.245313018345826, 47.097708709529563, 0.0 ] ] } },
{ "type": "Feature", "properties": { "average_dip": "(70,40,80)", "average_rake": null, "catalog_id": "NEA_134", "catalog_name": "GEM_NE_Asia", "dip_dir": "E", "lower_seis_depth": null, "name": "Otgon Fault", "net_slip_rate": null, "slip_type": "Normal-Dextral", "upper_seis_depth": null, "downthrown_side_id": null, "reference": "DEM; Cunningham Faults", "epistemic_quality": "1", "accuracy": "50000", "activity_confidence": "1", "fs_name": null, "last_movement": null, "downthrown_side_dir": "E", "vert_sep_rate": null, "strike_slip_rate": null, "exposure_quality": "1", "shortening_rate": null, "notes": "It looks too steep just to be a normal fault, and there is a little jog in the fault just south of where I stopped mapping that switches dip direction but is consistent with dextral slip.", "index_right": 46, "NAME_EN": "Mongolia" }, "geometry": { "type": "LineString", "coordinates": [ [ 97.431528420929354, 47.222114848725262, 0.0 ], [ 97.451233028765657, 47.220562589529749, 0.0 ], [ 97.492530879258169, 47.221510655152173, 0.0 ], [ 97.507397568306402, 47.217409837498629, 0.0 ], [ 97.558692649729323, 47.21110988632298, 0.0 ], [ 97.579310033174451, 47.203589481826853, 0.0 ], [ 97.584098302476605, 47.200124125254995, 0.0 ], [ 97.597705771687743, 47.18725333946449, 0.0 ], [ 97.600694453162177, 47.177162356503317, 0.0 ], [ 97.607799729423363, 47.163105897254631, 0.0 ], [ 97.609313588084873, 47.153703589961751, 0.0 ], [ 97.614758163062987, 47.145830288585458, 0.0 ], [ 97.634191169845181, 47.129318496514841, 0.0 ], [ 97.638014123623591, 47.123674102779397, 0.0 ], [ 97.667140343327318, 47.094212520978687, 0.0 ], [ 97.687960295373898, 47.066530603900588, 0.0 ], [ 97.704358323156512, 47.033958895924705, 0.0 ], [ 97.705406718842951, 47.02881019448558, 0.0 ], [ 97.713493556236983, 47.01838348420214, 0.0 ], [ 97.739204912438879, 46.965754457174519, 0.0 ], [ 97.752283198893522, 46.952578029213399, 0.0 ], [ 97.764370502442702, 46.936638309646568, 0.0 ], [ 97.770752655618267, 46.931370423778901, 0.0 ], [ 97.78517210451254, 46.910688443088844, 0.0 ], [ 97.792417590052665, 46.905692937683277, 0.0 ], [ 97.805649319412495, 46.891773017761956, 0.0 ], [ 97.822979576641814, 46.887721549649378, 0.0 ], [ 97.868019511039904, 46.860327454789108, 0.0 ], [ 97.88224210852583, 46.854140550359659, 0.0 ] ] } },
{ "type": "Feature", "properties": { "average_dip": "(90,,)", "average_rake": null, "catalog_id": "NEA_135", "catalog_name": "GEM_NE_Asia", "dip_dir": null, "lower_seis_depth": null, "name": null, "net_slip_rate": null, "slip_type": "Sinistral", "upper_seis_depth": null, "downthrown_side_id": null, "reference": "DEM; Cunningham Faults", "epistemic_quality": "1", "accuracy": "50000", "activity_confidence": "1", "fs_name": null, "last_movement": null, "downthrown_side_dir": null, "vert_sep_rate": null, "strike_slip_rate": null, "exposure_quality": "1", "shortening_rate": null, "notes": "super clear ruptures in google earth", "index_right": 46, "NAME_EN": "Mongolia" }, "geometry": { "type": "LineString", "coordinates": [ [ 97.02851135652628, 46.643927614687364, 0.0 ], [ 97.053350426784149, 46.648503747560156, 0.0 ], [ 97.07915713370376, 46.656282538468055, 0.0 ], [ 97.105583512273924, 46.669320597327996, 0.0 ], [ 97.129746243713015, 46.678288833119268, 0.0 ], [ 97.168275191115526, 46.689787957029864, 0.0 ], [ 97.190053040226573, 46.69424360204021, 0.0 ], [ 97.228825205332484, 46.705939656636268, 0.0 ], [ 97.293744435256372, 46.715754856538091, 0.0 ], [ 97.315831558121403, 46.722161136400196, 0.0 ], [ 97.370760207398121, 46.731754947745749, 0.0 ], [ 97.390699565656476, 46.740020320629043, 0.0 ], [ 97.428064821136928, 46.746846615648501, 0.0 ], [ 97.511552452282046, 46.770254046506167, 0.0 ], [ 97.526698632625525, 46.775370474136849, 0.0 ], [ 97.546756525603342, 46.785513422463211, 0.0 ] ] } },
{ "type": "Feature", "properties": { "average_dip": "(35,20,50)", "average_rake": null, "catalog_id": "NEA_136", "catalog_name": "GEM_NE_Asia", "dip_dir": "W", "lower_seis_depth": null, "name": "Bayan Hongor Fault", "net_slip_rate": null, "slip_type": "Reverse", "upper_seis_depth": null, "downthrown_side_id": null, "reference": "Walker et al., 2007", "epistemic_quality": "1", "accuracy": "60000", "activity_confidence": "1", "fs_name": null, "last_movement": null, "downthrown_side_dir": "E", "vert_sep_rate": null, "strike_slip_rate": null, "exposure_quality": "1", "shortening_rate": null, "notes": "Claimed to be a reverse fault by Walker, though Cunningham (early on) claimed it as normal. Reverse makes more sense but it kind of looks normal. Probably steep and reactivated in any case, not a nice low-angle detachment thrust.", "index_right": 46, "NAME_EN": "Mongolia" }, "geometry": { "type": "LineString", "coordinates": [ [ 99.830517817353581, 46.706594647472826, 0.0 ], [ 99.840358971997432, 46.702391932971913, 0.0 ], [ 99.858644701563833, 46.688305405590931, 0.0 ], [ 99.868517738538486, 46.683143409110059, 0.0 ], [ 99.872479302725026, 46.676459599538582, 0.0 ], [ 99.871325111765913, 46.668064248456808, 0.0 ], [ 99.881379759957923, 46.65954939958818, 0.0 ], [ 99.888951947358137, 46.650414115325887, 0.0 ], [ 99.903403568035529, 46.640609789843161, 0.0 ], [ 99.913595115678561, 46.626193247636849, 0.0 ], [ 99.932219261744009, 46.605548820940413, 0.0 ], [ 99.94932414672283, 46.590376374278115, 0.0 ], [ 99.958141139815211, 46.578398078681552, 0.0 ], [ 99.966327269421512, 46.560311163715056, 0.0 ], [ 99.976708542579459, 46.5519320764461, 0.0 ], [ 100.011237075094726, 46.5370068878523, 0.0 ], [ 100.031946881392955, 46.525338703950368, 0.0 ], [ 100.073911431561356, 46.505951117227902, 0.0 ], [ 100.087241635028363, 46.494572938785979, 0.0 ], [ 100.10005986430258, 46.474610102406189, 0.0 ], [ 100.113528544601749, 46.458282928456889, 0.0 ], [ 100.140340630297857, 46.4430755195622, 0.0 ], [ 100.153023978228475, 46.432511498652453, 0.0 ], [ 100.186286338403136, 46.391129092759698, 0.0 ], [ 100.203087001928381, 46.383095420617956, 0.0 ], [ 100.216025754929092, 46.380958805218249, 0.0 ], [ 100.258352624241638, 46.364829368626616, 0.0 ], [ 100.293897235032347, 46.345148438300178, 0.0 ], [ 100.308009680571317, 46.333069360269754, 0.0 ], [ 100.323122301046496, 46.316800955956232, 0.0 ], [ 100.315854819834627, 46.307548899330534, 0.0 ], [ 100.314040721528087, 46.287223345069883, 0.0 ], [ 100.33306598872359, 46.263451164470396, 0.0 ] ] } },
{ "type": "Feature", "properties": { "average_dip": "(90,,)", "average_rake": null, "catalog_id": "NEA_137", "catalog_name": "GEM_NE_Asia", "dip_dir": null, "lower_seis_depth": null, "name": "Bayan Bulag Fault", "net_slip_rate": null, "slip_type": "Sinistral", "upper_seis_depth": null, "downthrown_side_id": null, "reference": "DEM; Cunningham Faults; Walker et al., 2007", "epistemic_quality": "1", "accuracy": "30000", "activity_confidence": "1", "fs_name": null, "last_movement": null, "downthrown_side_dir": null, "vert_sep_rate": null, "strike_slip_rate": null, "exposure_quality": "1", "shortening_rate": null, "notes": "Has transpressional sections, but shown as purely sinistral by Walker in center.", "index_right": 46, "NAME_EN": "Mongolia" }, "geometry": { "type": "LineString", "coordinates": [ [ 97.1900741224147, 46.820677136809358, 0.0 ], [ 97.209732778065728, 46.821006489623699, 0.0 ], [ 97.229839191646448, 46.8233917552676, 0.0 ], [ 97.336350817801545, 46.817213849361877, 0.0 ], [ 97.387262477788781, 46.817393841232501, 0.0 ], [ 97.43272798921835, 46.809936154441097, 0.0 ], [ 97.443649834043299, 46.806843006747641, 0.0 ], [ 97.46832278122919, 46.795068549458648, 0.0 ], [ 97.49828081602044, 46.787425459293871, 0.0 ], [ 97.554633670998953, 46.793055234589197, 0.0 ], [ 97.610595272893875, 46.790080779633271, 0.0 ], [ 97.624126884636581, 46.787146742868721, 0.0 ], [ 97.701567769318373, 46.777537428972693, 0.0 ], [ 97.740861946015116, 46.768739588333581, 0.0 ], [ 97.776541144248228, 46.766729566400599, 0.0 ], [ 97.850553164744639, 46.768855650937653, 0.0 ], [ 97.918241454297956, 46.780359901679972, 0.0 ], [ 98.004666855001261, 46.7833747152714, 0.0 ], [ 98.073299830208313, 46.795856923552293, 0.0 ], [ 98.132231981300805, 46.804102393363813, 0.0 ], [ 98.197780322839122, 46.807793029452441, 0.0 ], [ 98.221491340193239, 46.812061151859879, 0.0 ], [ 98.237012728765961, 46.817362035469188, 0.0 ], [ 98.258717783651818, 46.820364226305522, 0.0 ], [ 98.287801008244386, 46.819236509233733, 0.0 ], [ 98.314167541668127, 46.821214373077588, 0.0 ], [ 98.436376203094383, 46.835879300999864, 0.0 ], [ 98.461192494644379, 46.833908115322899, 0.0 ], [ 98.489232444453705, 46.827438790634673, 0.0 ], [ 98.546692382445372, 46.821898094513649, 0.0 ], [ 98.579655121089388, 46.812629765101519, 0.0 ], [ 98.597370609636386, 46.807010763842086, 0.0 ], [ 98.601284388022961, 46.804055000708253, 0.0 ], [ 98.613108114737358, 46.785662054861589, 0.0 ] ] } },
{ "type": "Feature", "properties": { "average_dip": "(90,,)", "average_rake": null, "catalog_id": "NEA_138", "catalog_name": "GEM_NE_Asia", "dip_dir": null, "lower_seis_depth": null, "name": "Khujirt Fault", "net_slip_rate": null, "slip_type": "Dextral", "upper_seis_depth": null, "downthrown_side_id": null, "reference": "DEM", "epistemic_quality": "1", "accuracy": "60000", "activity_confidence": "1", "fs_name": null, "last_movement": null, "downthrown_side_dir": null, "vert_sep_rate": null, "strike_slip_rate": null, "exposure_quality": "1", "shortening_rate": null, "notes": "Part of a longer dextral (?) system; occasionally well experssed, sometimes less so.", "index_right": 46, "NAME_EN": "Mongolia" }, "geometry": { "type": "LineString", "coordinates": [ [ 102.767308258569301, 46.908678596318737, 0.0 ], [ 102.781914925101404, 46.904072626428942, 0.0 ], [ 102.825910718911103, 46.894952831986878, 0.0 ], [ 102.833434158557694, 46.891527273813388, 0.0 ], [ 102.854591751605, 46.87626126055406, 0.0 ], [ 102.873603565900197, 46.869159927565903, 0.0 ], [ 102.922984707471201, 46.856558671579087, 0.0 ], [ 102.931680768733202, 46.85616223525691, 0.0 ], [ 102.959314891986907, 46.84982216919326, 0.0 ], [ 103.009266274360996, 46.830560378962808, 0.0 ] ] } },
{ "type": "Feature", "properties": { "average_dip": "(90,,)", "average_rake": null, "catalog_id": "NEA_139", "catalog_name": "GEM_NE_Asia", "dip_dir": null, "lower_seis_depth": null, "name": "Ulziit Fault", "net_slip_rate": null, "slip_type": "Dextral", "upper_seis_depth": null, "downthrown_side_id": null, "reference": "DEM; Cunningham Faults", "epistemic_quality": "1", "accuracy": "50000", "activity_confidence": "1", "fs_name": null, "last_movement": null, "downthrown_side_dir": null, "vert_sep_rate": null, "strike_slip_rate": null, "exposure_quality": "1", "shortening_rate": null, "notes": "Looks like dextral based on extensional stepover geometry.", "index_right": 46, "NAME_EN": "Mongolia" }, "geometry": { "type": "LineString", "coordinates": [ [ 102.9837136280332, 46.82156011200896, 0.0 ], [ 103.035707468900199, 46.802213351653002, 0.0 ], [ 103.067105448069199, 46.788710581679673, 0.0 ], [ 103.101758625276304, 46.777064525840167, 0.0 ], [ 103.112093524791007, 46.770757810802301, 0.0 ], [ 103.146663738537896, 46.760063963742809, 0.0 ], [ 103.260292142353606, 46.709431310282547, 0.0 ], [ 103.305061880888701, 46.681430815860438, 0.0 ], [ 103.325398959205401, 46.671796939542013, 0.0 ], [ 103.359636074780994, 46.666993619787647, 0.0 ], [ 103.395222402918705, 46.658888348067578, 0.0 ], [ 103.457815166244103, 46.633914927953427, 0.0 ], [ 103.482186540045205, 46.628471067010643, 0.0 ], [ 103.521127625634705, 46.616219435724069, 0.0 ], [ 103.550087337197397, 46.60250039519098, 0.0 ], [ 103.589994026596401, 46.57891093428745, 0.0 ], [ 103.607431770792104, 46.570469564246288, 0.0 ], [ 103.624265416903498, 46.565833751052821, 0.0 ] ] } },
{ "type": "Feature", "properties": { "average_dip": "(90,,)", "average_rake": null, "catalog_id": "NEA_140", "catalog_name": "GEM_NE_Asia", "dip_dir": null, "lower_seis_depth": null, "name": null, "net_slip_rate": null, "slip_type": "Dextral", "upper_seis_depth": null, "downthrown_side_id": null, "reference": "DEM; Cunningham Faults", "epistemic_quality": "1", "accuracy": "50000", "activity_confidence": "1", "fs_name": null, "last_movement": null, "downthrown_side_dir": null, "vert_sep_rate": null, "strike_slip_rate": null, "exposure_quality": "1", "shortening_rate": null, "notes": null, "index_right": 46, "NAME_EN": "Mongolia" }, "geometry": { "type": "LineString", "coordinates": [ [ 103.214505990361999, 46.610354803841801, 0.0 ], [ 103.286604905821306, 46.619346414912563, 0.0 ], [ 103.324534007913201, 46.619875981996337, 0.0 ], [ 103.342033199612004, 46.62219540063905, 0.0 ], [ 103.388076261013495, 46.616893857003951, 0.0 ], [ 103.419777234109006, 46.601946441978413, 0.0 ], [ 103.440472417403399, 46.59478511786417, 0.0 ], [ 103.475311808203003, 46.578074580016128, 0.0 ], [ 103.504331773841102, 46.559276817201663, 0.0 ], [ 103.534993106490504, 46.533496486346223, 0.0 ], [ 103.569471272369896, 46.517955166756337, 0.0 ], [ 103.6143459942097, 46.488002502270099, 0.0 ], [ 103.630854771405197, 46.480906048617904, 0.0 ], [ 103.644563920421703, 46.469873805798507, 0.0 ], [ 103.652945114583204, 46.459579020098722, 0.0 ], [ 103.665234318662201, 46.452817872572091, 0.0 ], [ 103.733245393952998, 46.43057046606593, 0.0 ], [ 103.785129360466499, 46.42056380262899, 0.0 ], [ 103.803287372405705, 46.422257879194078, 0.0 ], [ 103.858569040867295, 46.419053059377923, 0.0 ], [ 103.8921480933531, 46.41101309107168, 0.0 ], [ 103.937455641537099, 46.398208889585923, 0.0 ], [ 103.986806768645096, 46.379577897491473, 0.0 ], [ 104.027408209257601, 46.368698443949057, 0.0 ], [ 104.055804176344097, 46.35694609489633, 0.0 ], [ 104.076100257649202, 46.345956769550263, 0.0 ], [ 104.095740062044896, 46.340114664595582, 0.0 ], [ 104.101686134069496, 46.336774216021148, 0.0 ], [ 104.115266796427306, 46.318245819318093, 0.0 ], [ 104.115689256128405, 46.314159024323551, 0.0 ], [ 104.124205369162397, 46.306550849985349, 0.0 ], [ 104.132623370811501, 46.295226015510551, 0.0 ], [ 104.153559194775497, 46.276688199897762, 0.0 ], [ 104.158257415177602, 46.270841378936787, 0.0 ], [ 104.164815706032599, 46.257614269920388, 0.0 ] ] } },
{ "type": "Feature", "properties": { "average_dip": "(90,,)", "average_rake": null, "catalog_id": "NEA_141", "catalog_name": "GEM_NE_Asia", "dip_dir": null, "lower_seis_depth": null, "name": "Tavanbulag Fault", "net_slip_rate": null, "slip_type": "Dextral", "upper_seis_depth": null, "downthrown_side_id": null, "reference": "DEM; Google Earth", "epistemic_quality": "1", "accuracy": "50000", "activity_confidence": "2", "fs_name": null, "last_movement": null, "downthrown_side_dir": null, "vert_sep_rate": null, "strike_slip_rate": null, "exposure_quality": "1", "shortening_rate": null, "notes": "Mapped based on imagery; not seen in literature. Parth of long dextral ? system from Tsetserleg to Gobi.", "index_right": 46, "NAME_EN": "Mongolia" }, "geometry": { "type": "LineString", "coordinates": [ [ 101.669542120562795, 47.415504144787278, 0.0 ], [ 101.687483788541797, 47.410082019406197, 0.0 ], [ 101.691488465156795, 47.406795684626829, 0.0 ], [ 101.765692147265696, 47.370805332898122, 0.0 ], [ 101.815097225292106, 47.357081076977643, 0.0 ], [ 101.825117308123794, 47.35243100427396, 0.0 ], [ 101.847679064532102, 47.338166665010839, 0.0 ], [ 101.873299669592498, 47.325894839043549, 0.0 ], [ 101.947555992684201, 47.303870048642636, 0.0 ], [ 101.963341145963298, 47.30127547170796, 0.0 ] ] } },
{ "type": "Feature", "properties": { "average_dip": "(90,,)", "average_rake": null, "catalog_id": "NEA_142", "catalog_name": "GEM_NE_Asia", "dip_dir": null, "lower_seis_depth": null, "name": null, "net_slip_rate": null, "slip_type": "Dextral", "upper_seis_depth": null, "downthrown_side_id": null, "reference": "DEM; Google Earth", "epistemic_quality": "1", "accuracy": "50000", "activity_confidence": "2", "fs_name": null, "last_movement": null, "downthrown_side_dir": null, "vert_sep_rate": null, "strike_slip_rate": null, "exposure_quality": "1", "shortening_rate": null, "notes": null, "index_right": 46, "NAME_EN": "Mongolia" }, "geometry": { "type": "LineString", "coordinates": [ [ 102.382628151897606, 47.128272882286431, 0.0 ], [ 102.369844201425096, 47.133390444687407, 0.0 ], [ 102.332214700849207, 47.144308170794339, 0.0 ], [ 102.260724756634801, 47.158835697159503, 0.0 ], [ 102.254089078305995, 47.16266066140215, 0.0 ], [ 102.2240051665583, 47.169256371912482, 0.0 ], [ 102.190231614498103, 47.172718597962607, 0.0 ], [ 102.162285759522504, 47.180962158193779, 0.0 ] ] } },
{ "type": "Feature", "properties": { "average_dip": "(90,,)", "average_rake": null, "catalog_id": "NEA_143", "catalog_name": "GEM_NE_Asia", "dip_dir": null, "lower_seis_depth": null, "name": "West Khujirt Fault", "net_slip_rate": null, "slip_type": "Dextral", "upper_seis_depth": null, "downthrown_side_id": null, "reference": "DEM; Google Earth", "epistemic_quality": "1", "accuracy": "50000", "activity_confidence": "2", "fs_name": null, "last_movement": null, "downthrown_side_dir": null, "vert_sep_rate": null, "strike_slip_rate": null, "exposure_quality": "1", "shortening_rate": null, "notes": null, "index_right": 46, "NAME_EN": "Mongolia" }, "geometry": { "type": "LineString", "coordinates": [ [ 102.756950321599305, 46.923386271509607, 0.0 ], [ 102.747455978100106, 46.931115337103968, 0.0 ], [ 102.721389059922302, 46.945124159947973, 0.0 ], [ 102.699892591515606, 46.956278986549513, 0.0 ], [ 102.670743590847593, 46.968455689142303, 0.0 ], [ 102.653452549594405, 46.970355471413441, 0.0 ], [ 102.603438890464204, 46.98946904457911, 0.0 ], [ 102.583271165645598, 46.9956790299562, 0.0 ], [ 102.558722620346103, 47.005981554218842, 0.0 ], [ 102.518857841692906, 47.019278486977022, 0.0 ], [ 102.478800014968201, 47.036617310526033, 0.0 ], [ 102.465700748013305, 47.038837715405727, 0.0 ], [ 102.450573340454696, 47.048288996514977, 0.0 ], [ 102.429023949964503, 47.072633709773058, 0.0 ], [ 102.419898245444799, 47.076422134264568, 0.0 ], [ 102.3964973283002, 47.096470327123768, 0.0 ], [ 102.392706049340603, 47.100953694540678, 0.0 ], [ 102.387157390293694, 47.1168318475559, 0.0 ], [ 102.352226472667098, 47.123971890570239, 0.0 ], [ 102.333262820495094, 47.131601377974718, 0.0 ], [ 102.313827973380896, 47.135394780626193, 0.0 ], [ 102.283105255271707, 47.145757924011399, 0.0 ] ] } },
{ "type": "Feature", "properties": { "average_dip": "(50,40,65)", "average_rake": null, "catalog_id": "NEA_144", "catalog_name": "GEM_NE_Asia", "dip_dir": "NW", "lower_seis_depth": null, "name": "Bat Ultzii Fault", "net_slip_rate": null, "slip_type": "Normal", "upper_seis_depth": null, "downthrown_side_id": null, "reference": "DEM; Google Earth", "epistemic_quality": "1", "accuracy": "50000", "activity_confidence": "1", "fs_name": null, "last_movement": null, "downthrown_side_dir": "NW", "vert_sep_rate": null, "strike_slip_rate": null, "exposure_quality": "1", "shortening_rate": null, "notes": "Surely written about in a paper somewhere, but it's obvious enough in the imagery", "index_right": 46, "NAME_EN": "Mongolia" }, "geometry": { "type": "LineString", "coordinates": [ [ 101.578948434458397, 46.666604416188306, 0.0 ], [ 101.632305183144894, 46.657129305882087, 0.0 ], [ 101.683090339701394, 46.653386652942189, 0.0 ], [ 101.710042610520802, 46.652279315044503, 0.0 ], [ 101.736582291065204, 46.656355321135777, 0.0 ], [ 101.760846046601898, 46.657272485876668, 0.0 ], [ 101.775996414023396, 46.655112367877187, 0.0 ], [ 101.789915430133405, 46.661778745749572, 0.0 ], [ 101.802072652348798, 46.67038434418123, 0.0 ], [ 101.833133740054507, 46.684914316274252, 0.0 ], [ 101.850142022631502, 46.704313509051737, 0.0 ], [ 101.871012349552402, 46.720200717524477, 0.0 ], [ 101.888627278296596, 46.730784839396343, 0.0 ], [ 101.892825458847597, 46.731118834241229, 0.0 ], [ 101.914422459583307, 46.747123543902532, 0.0 ], [ 101.920335242420506, 46.748552724433253, 0.0 ], [ 101.930188761487798, 46.754841208178973, 0.0 ], [ 101.946981302771206, 46.76238422553741, 0.0 ], [ 101.958711260711993, 46.763918821700351, 0.0 ], [ 101.985964604965801, 46.771596909661838, 0.0 ], [ 102.015036594190903, 46.77559375372811, 0.0 ], [ 102.031604627932794, 46.774688530975652, 0.0 ], [ 102.061641201706095, 46.781058293419427, 0.0 ], [ 102.099688535386804, 46.791740477057218, 0.0 ], [ 102.110915376297996, 46.79701908280321, 0.0 ], [ 102.114387378785196, 46.800382307321392, 0.0 ], [ 102.125800096546101, 46.800370941868707, 0.0 ], [ 102.161908549956607, 46.807771355405457, 0.0 ], [ 102.178791857945697, 46.807080805053793, 0.0 ], [ 102.2125777592601, 46.810803815319161, 0.0 ], [ 102.220031751742198, 46.80975762616017, 0.0 ], [ 102.2458862982526, 46.812046467103038, 0.0 ], [ 102.254015585849501, 46.815058228977989, 0.0 ], [ 102.305841761303597, 46.84812358199671, 0.0 ], [ 102.326912975286206, 46.865400591845983, 0.0 ], [ 102.336352872982204, 46.870997842948732, 0.0 ], [ 102.3446713790008, 46.883730577325728, 0.0 ], [ 102.361061840247899, 46.887967641820232, 0.0 ], [ 102.387919135967095, 46.889798745076128, 0.0 ], [ 102.428125786334206, 46.889963283772843, 0.0 ], [ 102.472004528302406, 46.900909396834443, 0.0 ], [ 102.502061668473104, 46.912954716996907, 0.0 ], [ 102.524886481519999, 46.920001287203043, 0.0 ], [ 102.560609956734396, 46.921293395695614, 0.0 ] ] } },
{ "type": "Feature", "properties": { "average_dip": "(90,,)", "average_rake": null, "catalog_id": "NEA_145", "catalog_name": "GEM_NE_Asia", "dip_dir": null, "lower_seis_depth": null, "name": "Teregtiin Fault", "net_slip_rate": null, "slip_type": "Dextral", "upper_seis_depth": null, "downthrown_side_id": null, "reference": "Schlupp and Cisternas, 2007", "epistemic_quality": "1", "accuracy": "40000", "activity_confidence": "1", "fs_name": null, "last_movement": "1905", "downthrown_side_dir": null, "vert_sep_rate": null, "strike_slip_rate": null, "exposure_quality": "1", "shortening_rate": null, "notes": "Conjugate rupture to Bolnay 1905", "index_right": 46, "NAME_EN": "Mongolia" }, "geometry": { "type": "LineString", "coordinates": [ [ 94.892963200981214, 49.327139907251457, 0.0 ], [ 94.908045619579809, 49.30714369114537, 0.0 ], [ 94.913417222876575, 49.302319514365678, 0.0 ], [ 94.919698726409905, 49.298102294055617, 0.0 ], [ 94.941519736455547, 49.290351548168672, 0.0 ], [ 94.972185759571289, 49.270771546327587, 0.0 ], [ 94.991513303347588, 49.262715616140149, 0.0 ], [ 95.006347582357961, 49.254128485471703, 0.0 ], [ 95.056533488571873, 49.218642065145893, 0.0 ], [ 95.06775062626437, 49.208204033615793, 0.0 ], [ 95.09090174831131, 49.191473945932941, 0.0 ], [ 95.104290780404497, 49.180408071188943, 0.0 ], [ 95.123274327489355, 49.158971764440331, 0.0 ], [ 95.152824595228793, 49.119159835719692, 0.0 ], [ 95.164505586247444, 49.111994769083793, 0.0 ], [ 95.183670798419911, 49.091580007635912, 0.0 ], [ 95.220130933222009, 49.047507196475003, 0.0 ], [ 95.248224344192039, 49.006334933874051, 0.0 ], [ 95.266563747985302, 48.972782596280261, 0.0 ], [ 95.271529887696033, 48.960817065224113, 0.0 ], [ 95.286190765601489, 48.939109646470399, 0.0 ], [ 95.297557277904346, 48.915437203067327, 0.0 ], [ 95.381611740828149, 48.788732183326992, 0.0 ], [ 95.392339116249872, 48.769322965627552, 0.0 ], [ 95.39562845515681, 48.758737614101413, 0.0 ], [ 95.40390364245836, 48.744873957778303, 0.0 ], [ 95.410609999212568, 48.727979608877753, 0.0 ] ] } },
{ "type": "Feature", "properties": { "average_dip": "(90,60,90)", "average_rake": null, "catalog_id": "NEA_146", "catalog_name": "GEM_NE_Asia", "dip_dir": "NW", "lower_seis_depth": null, "name": "Tsetserleg Fault", "net_slip_rate": null, "slip_type": "Sinistral-Reverse", "upper_seis_depth": null, "downthrown_side_id": null, "reference": "Schlupp and Cisternas, 2007", "epistemic_quality": "1", "accuracy": "50000", "activity_confidence": "1", "fs_name": null, "last_movement": null, "downthrown_side_dir": "SE", "vert_sep_rate": null, "strike_slip_rate": null, "exposure_quality": "1", "shortening_rate": null, "notes": "1905 Tsetserleg rupture. Schlupp and Cisternas indicate S-directed overthrusting on part of it, but this is not super clear in Google EArth or the large-scale topography.", "index_right": 46, "NAME_EN": "Mongolia" }, "geometry": { "type": "LineString", "coordinates": [ [ 96.335335353284592, 49.25044013961179, 0.0 ], [ 96.376766848130316, 49.264481636425941, 0.0 ], [ 96.430003949089851, 49.291000496047893, 0.0 ], [ 96.490389397298003, 49.31651061829929, 0.0 ], [ 96.546018350427659, 49.326541743783423, 0.0 ], [ 96.575240466424049, 49.329076298342287, 0.0 ], [ 96.627410728298827, 49.345572954385553, 0.0 ], [ 96.825999208503248, 49.384788330518823, 0.0 ], [ 96.89771262971702, 49.403611753282718, 0.0 ], [ 96.974169809496345, 49.41805796736837, 0.0 ], [ 97.005594553679657, 49.428375303451773, 0.0 ], [ 97.074915488787838, 49.444009445543777, 0.0 ], [ 97.092137153213287, 49.450330423835098, 0.0 ], [ 97.109342648692348, 49.453733549726458, 0.0 ], [ 97.134513093959768, 49.452433663018347, 0.0 ], [ 97.1567798616517, 49.457556386535877, 0.0 ], [ 97.191204588052926, 49.470539548122737, 0.0 ], [ 97.216309460917202, 49.476002988789453, 0.0 ], [ 97.241109923745583, 49.483940139869517, 0.0 ], [ 97.257401714042572, 49.49215045162267, 0.0 ], [ 97.286104143766138, 49.498662144726737, 0.0 ], [ 97.314485032354838, 49.507514907263023, 0.0 ], [ 97.323546007814699, 49.508482946939068, 0.0 ], [ 97.339472796890163, 49.513915680500311, 0.0 ], [ 97.374311820753405, 49.529735451027399, 0.0 ], [ 97.406960278235402, 49.538416136207204, 0.0 ], [ 97.444932253482222, 49.551121732488248, 0.0 ], [ 97.462570979829223, 49.562365127637328, 0.0 ], [ 97.474348234592085, 49.572841080867683, 0.0 ], [ 97.49250597924906, 49.57962130957501, 0.0 ], [ 97.581414539613306, 49.604995342580487, 0.0 ], [ 97.614411192226427, 49.618318987231433, 0.0 ], [ 97.641691665180588, 49.630408801235617, 0.0 ], [ 97.649123455616078, 49.635028944890287, 0.0 ], [ 97.658826096812362, 49.644893055888637, 0.0 ], [ 97.673873180621072, 49.654949719138109, 0.0 ], [ 97.696466985200175, 49.662142125663593, 0.0 ], [ 97.720642376480228, 49.675356128565618, 0.0 ] ] } },
{ "type": "Feature", "properties": { "average_dip": "(50,45,60)", "average_rake": null, "catalog_id": "NEA_152", "catalog_name": "GEM_NE_Asia", "dip_dir": "W", "lower_seis_depth": null, "name": null, "net_slip_rate": null, "slip_type": "Normal", "upper_seis_depth": null, "downthrown_side_id": null, "reference": "DEM", "epistemic_quality": "1", "accuracy": "80000", "activity_confidence": "1", "fs_name": null, "last_movement": null, "downthrown_side_dir": "W", "vert_sep_rate": null, "strike_slip_rate": null, "exposure_quality": "2", "shortening_rate": null, "notes": "Possible dextral offsets as well, particularly between large terminal moraine on south end and rangefront.", "index_right": 46, "NAME_EN": "Mongolia" }, "geometry": { "type": "LineString", "coordinates": [ [ 99.521362189066366, 51.730039127783044, 0.0 ], [ 99.533310484321717, 51.720664642921506, 0.0 ], [ 99.54453314264353, 51.714948932603946, 0.0 ], [ 99.571540202474168, 51.680473414701865, 0.0 ], [ 99.585765251775996, 51.67379804954755, 0.0 ], [ 99.605824866899383, 51.659010391617571, 0.0 ], [ 99.620408731145446, 51.636699001650918, 0.0 ], [ 99.644085941830809, 51.612366349473064, 0.0 ], [ 99.674437193677619, 51.599785613816707, 0.0 ], [ 99.689736579133765, 51.59006388619197, 0.0 ], [ 99.695913936178229, 51.582148981269569, 0.0 ], [ 99.714237278672755, 51.573711859031071, 0.0 ], [ 99.732102353954716, 51.560150535860714, 0.0 ], [ 99.746603812301615, 51.543597980472398, 0.0 ], [ 99.758824459887549, 51.528512927978909, 0.0 ], [ 99.76835955551168, 51.506453881522461, 0.0 ], [ 99.775522572067757, 51.498284162637134, 0.0 ], [ 99.777492982005342, 51.488634774790192, 0.0 ], [ 99.799656301569172, 51.462276677317554, 0.0 ], [ 99.81387946758305, 51.44122255606834, 0.0 ], [ 99.824953640445401, 51.411923239836455, 0.0 ], [ 99.837673278733064, 51.389629935920674, 0.0 ], [ 99.843618504324368, 51.383423123504862, 0.0 ], [ 99.849271295963604, 51.358804775810057, 0.0 ], [ 99.856866467121648, 51.34439798492371, 0.0 ] ] } },
{ "type": "Feature", "properties": { "average_dip": "(50,45,60)", "average_rake": null, "catalog_id": "NEA_153", "catalog_name": "GEM_NE_Asia", "dip_dir": "W", "lower_seis_depth": null, "name": null, "net_slip_rate": null, "slip_type": "Normal", "upper_seis_depth": null, "downthrown_side_id": null, "reference": "DEM", "epistemic_quality": "1", "accuracy": "50000", "activity_confidence": "1", "fs_name": null, "last_movement": null, "downthrown_side_dir": "W", "vert_sep_rate": null, "strike_slip_rate": null, "exposure_quality": "2", "shortening_rate": null, "notes": "Incredibly beautiful area; I want to goooooooo", "index_right": 46, "NAME_EN": "Mongolia" }, "geometry": { "type": "LineString", "coordinates": [ [ 99.856155516905858, 50.970482704719181, 0.0 ], [ 99.849749280513635, 50.963418584199076, 0.0 ], [ 99.840455421991223, 50.946804490651211, 0.0 ], [ 99.825475592336574, 50.934895624695365, 0.0 ], [ 99.812632504058612, 50.931704145598772, 0.0 ], [ 99.77881162239116, 50.925389258941799, 0.0 ], [ 99.756950822876988, 50.923796291030868, 0.0 ], [ 99.742724838195997, 50.918287160171189, 0.0 ], [ 99.723529734118287, 50.91412909143817, 0.0 ], [ 99.68161385558443, 50.917938556223675, 0.0 ], [ 99.668703935953303, 50.921707168276001, 0.0 ], [ 99.618940120318328, 50.92211988456615, 0.0 ], [ 99.604054928143242, 50.915653922437571, 0.0 ], [ 99.566446169407811, 50.911238501929731, 0.0 ], [ 99.55936072304111, 50.906650364984849, 0.0 ], [ 99.557279795551764, 50.903073820432319, 0.0 ], [ 99.562053193412353, 50.88720175056978, 0.0 ], [ 99.556977000895003, 50.881258732739965, 0.0 ], [ 99.554321119190945, 50.873840003485682, 0.0 ], [ 99.550262151826388, 50.869900316531968, 0.0 ], [ 99.546676133652298, 50.847281256373265, 0.0 ], [ 99.541978932420719, 50.841753468754284, 0.0 ], [ 99.526009160209355, 50.837138168735272, 0.0 ], [ 99.518914639283807, 50.831260365848323, 0.0 ], [ 99.507769948086022, 50.81940235620857, 0.0 ], [ 99.50463492378033, 50.812211984756686, 0.0 ], [ 99.511115930445982, 50.80153711320915, 0.0 ], [ 99.509579675163948, 50.797297267670523, 0.0 ], [ 99.48476539480761, 50.78476383247687, 0.0 ], [ 99.480929627183315, 50.777220098908224, 0.0 ], [ 99.464962002293376, 50.764068131334206, 0.0 ], [ 99.463200676480398, 50.75495298975509, 0.0 ], [ 99.460733222863027, 50.750635336447054, 0.0 ], [ 99.461732316243769, 50.746310751476635, 0.0 ], [ 99.460675761505286, 50.742697572469943, 0.0 ], [ 99.471897563128252, 50.730042053601913, 0.0 ], [ 99.471274788195245, 50.722444302198241, 0.0 ], [ 99.456748076176865, 50.710154252420764, 0.0 ], [ 99.448932034557728, 50.701344047416853, 0.0 ], [ 99.44148512600708, 50.684580100800524, 0.0 ], [ 99.441152004342101, 50.673215730356425, 0.0 ], [ 99.434012733495223, 50.672645100613465, 0.0 ], [ 99.418673648296604, 50.667781320967599, 0.0 ], [ 99.396853470008438, 50.6536827033989, 0.0 ], [ 99.356060233394018, 50.643842050255785, 0.0 ], [ 99.295360916146294, 50.625286454872018, 0.0 ], [ 99.265959762898746, 50.624715385625066, 0.0 ], [ 99.253912260324384, 50.621660934060039, 0.0 ], [ 99.230913323971578, 50.610041060370897, 0.0 ], [ 99.222906592869379, 50.602456906690726, 0.0 ], [ 99.218056725194501, 50.594236934791653, 0.0 ], [ 99.217148913139326, 50.582458949146044, 0.0 ], [ 99.221875548773625, 50.569431040014621, 0.0 ], [ 99.220014340339333, 50.554032381601822, 0.0 ], [ 99.231524783678509, 50.52855269027399, 0.0 ], [ 99.231551665227869, 50.520178358110542, 0.0 ], [ 99.22696390583539, 50.508727892582471, 0.0 ], [ 99.215809815917538, 50.499414995027891, 0.0 ], [ 99.212899291175049, 50.492205489858208, 0.0 ], [ 99.21287300270231, 50.487482356125767, 0.0 ], [ 99.209202937571789, 50.483517242117841, 0.0 ], [ 99.172867049913577, 50.465966126082478, 0.0 ], [ 99.164020708131446, 50.460227319958754, 0.0 ], [ 99.15072327636905, 50.444532214381205, 0.0 ], [ 99.129047880674406, 50.429092615939012, 0.0 ], [ 99.102641962907086, 50.413149246991857, 0.0 ], [ 99.097738752333214, 50.401486608010025, 0.0 ], [ 99.073015481814039, 50.362610988736186, 0.0 ], [ 99.059873159791394, 50.343784468061031, 0.0 ], [ 99.055051578660994, 50.339848859743825, 0.0 ], [ 99.047242378534904, 50.3340698628609, 0.0 ], [ 99.029366425328035, 50.328270594703646, 0.0 ], [ 99.006138150419432, 50.327247132764647, 0.0 ] ] } },
{ "type": "Feature", "properties": { "average_dip": "(50,45,60)", "average_rake": null, "catalog_id": "NEA_154", "catalog_name": "GEM_NE_Asia", "dip_dir": "E", "lower_seis_depth": null, "name": "Khovsgol Fault", "net_slip_rate": null, "slip_type": "Normal", "upper_seis_depth": null, "downthrown_side_id": null, "reference": "DEM", "epistemic_quality": "1", "accuracy": "80000", "activity_confidence": "1", "fs_name": null, "last_movement": null, "downthrown_side_dir": "E", "vert_sep_rate": null, "strike_slip_rate": null, "exposure_quality": "2", "shortening_rate": null, "notes": null, "index_right": 46, "NAME_EN": "Mongolia" }, "geometry": { "type": "LineString", "coordinates": [ [ 100.140031366666761, 51.597727851759004, 0.0 ], [ 100.151800488290007, 51.58786925714638, 0.0 ], [ 100.16468592662919, 51.564693186145789, 0.0 ], [ 100.165600276865504, 51.549242987030752, 0.0 ], [ 100.170318305594577, 51.5340774929359, 0.0 ], [ 100.166100538669028, 51.518818159443626, 0.0 ], [ 100.166830977453827, 51.512152384007663, 0.0 ], [ 100.173617135722054, 51.497121217810964, 0.0 ], [ 100.176693583495378, 51.479230055475767, 0.0 ], [ 100.177105007679444, 51.465721602782494, 0.0 ], [ 100.194966446413332, 51.432383572933915, 0.0 ], [ 100.195257054579372, 51.428302642898338, 0.0 ], [ 100.193411118089131, 51.425159256041653, 0.0 ], [ 100.196226313793019, 51.418840638574991, 0.0 ], [ 100.190298219812178, 51.405354588735612, 0.0 ], [ 100.182441865745645, 51.398474613750388, 0.0 ], [ 100.183137772170156, 51.39148582669614, 0.0 ], [ 100.191083043392055, 51.37447487744722, 0.0 ], [ 100.187236647129012, 51.364764744322642, 0.0 ], [ 100.187104140827614, 51.359841866158419, 0.0 ], [ 100.199888884193186, 51.336324196693397, 0.0 ], [ 100.201104013879203, 51.322349804111887, 0.0 ], [ 100.209260748105223, 51.311218411452479, 0.0 ], [ 100.209900594665399, 51.307229588919, 0.0 ], [ 100.224968777140006, 51.290743716902782, 0.0 ], [ 100.23253471009464, 51.278024500551332, 0.0 ], [ 100.239164136241655, 51.261857077935197, 0.0 ], [ 100.248399968133853, 51.247946234229453, 0.0 ], [ 100.253342985275395, 51.243469636962139, 0.0 ], [ 100.256369021146554, 51.237726675483302, 0.0 ], [ 100.266761250888891, 51.228752719613396, 0.0 ], [ 100.279764718760561, 51.209869125668995, 0.0 ], [ 100.286755965758061, 51.202846011332547, 0.0 ], [ 100.291601166707153, 51.19483341512526, 0.0 ], [ 100.298380123550984, 51.176990145730279, 0.0 ], [ 100.313555826857723, 51.154423350106292, 0.0 ], [ 100.323489728664029, 51.142779039724104, 0.0 ], [ 100.325919950236653, 51.12938907875985, 0.0 ], [ 100.315853532882926, 51.117129038627667, 0.0 ], [ 100.304785913474518, 51.094612723125408, 0.0 ], [ 100.298565221550518, 51.05195868663936, 0.0 ], [ 100.292565829249583, 51.039321924127016, 0.0 ], [ 100.285547711957818, 51.016212868204114, 0.0 ], [ 100.279831577473757, 51.002919775918357, 0.0 ], [ 100.273247822826733, 50.991161321876405, 0.0 ], [ 100.261256533132723, 50.976178727965497, 0.0 ], [ 100.24983026379104, 50.96696559162632, 0.0 ], [ 100.238321266002188, 50.949816096485605, 0.0 ], [ 100.243643484417476, 50.93459167945246, 0.0 ], [ 100.237022345684736, 50.918754006257238, 0.0 ], [ 100.237484681201124, 50.902427904370889, 0.0 ], [ 100.235840069621673, 50.892405487825435, 0.0 ], [ 100.228826689300163, 50.87593686400033, 0.0 ], [ 100.226969927562635, 50.867209421046596, 0.0 ], [ 100.228743942295623, 50.860970977164399, 0.0 ], [ 100.226990457205574, 50.853312262888579, 0.0 ], [ 100.227684401133061, 50.834076404737893, 0.0 ], [ 100.226165208483337, 50.80590936446999, 0.0 ], [ 100.221539845599239, 50.796535409115307, 0.0 ], [ 100.215584236975744, 50.769716686510513, 0.0 ], [ 100.209338812276357, 50.757505589063761, 0.0 ], [ 100.205405415116331, 50.734040867922282, 0.0 ], [ 100.208653084776614, 50.718457259128336, 0.0 ], [ 100.206733572082541, 50.691261909049402, 0.0 ], [ 100.20987659003417, 50.681692713741171, 0.0 ], [ 100.207254044996418, 50.671915815745969, 0.0 ], [ 100.20632581015461, 50.658637388416182, 0.0 ], [ 100.210405431495033, 50.651822867933426, 0.0 ] ] } },
{ "type": "Feature", "properties": { "average_dip": "(90,,)", "average_rake": null, "catalog_id": "NEA_157", "catalog_name": "GEM_NE_Asia", "dip_dir": null, "lower_seis_depth": null, "name": "Gunzhin Fault", "net_slip_rate": null, "slip_type": null, "upper_seis_depth": null, "downthrown_side_id": null, "reference": "Imaev et al., 2012; Demberel et al., 2014", "epistemic_quality": "2", "accuracy": "70000", "activity_confidence": "1", "fs_name": null, "last_movement": null, "downthrown_side_dir": null, "vert_sep_rate": null, "strike_slip_rate": null, "exposure_quality": "2", "shortening_rate": null, "notes": "General location and kinematics from Imaev and Demberel. Hard to accurately map on the ground, and kinematics are unclear. Nonetheless, they document deformation (folding and fissuring, no clear faulting) in a trench with 1-2 Holocene paleoearthquakes.  They consider the fault to be Dextral but that isn't very clear from the topography or the regional tectonics.", "index_right": 46, "NAME_EN": "Mongolia" }, "geometry": { "type": "LineString", "coordinates": [ [ 107.09441536567023, 47.925039315467664, 0.0 ], [ 107.120787385960483, 47.932160556890388, 0.0 ], [ 107.151310821752716, 47.946907679622967, 0.0 ], [ 107.155891567814479, 47.952608527086817, 0.0 ], [ 107.158159232610771, 47.971279279556178, 0.0 ], [ 107.164413527912643, 47.980880572002185, 0.0 ], [ 107.184964929872919, 48.002145736566774, 0.0 ], [ 107.211995342346071, 48.022031561769886, 0.0 ], [ 107.239283845030442, 48.046987205969998, 0.0 ], [ 107.25770667378508, 48.05673731058662, 0.0 ], [ 107.273074789018509, 48.079811046172836, 0.0 ], [ 107.28140192697704, 48.081841829155181, 0.0 ], [ 107.297432970258427, 48.089551354356978, 0.0 ], [ 107.305019804607213, 48.095996606530086, 0.0 ] ] } },
{ "type": "Feature", "properties": { "average_dip": "(30,20,50)", "average_rake": null, "catalog_id": "NEA_158", "catalog_name": "GEM_NE_Asia", "dip_dir": "E", "lower_seis_depth": null, "name": "Emeelt Fault", "net_slip_rate": null, "slip_type": "Reverse-Dextral", "upper_seis_depth": null, "downthrown_side_id": null, "reference": "Dujardin et al., 2014; Seminsky et al., 2017", "epistemic_quality": "1", "accuracy": "30000", "activity_confidence": "1", "fs_name": null, "last_movement": null, "downthrown_side_dir": "W", "vert_sep_rate": null, "strike_slip_rate": null, "exposure_quality": "1", "shortening_rate": null, "notes": "Visible scarp in Google Earth for center of fault, where it was trnched by Dujardin and colleagues. The trace is extended to the north and south based on seismicity.  Dextral offset is inferred based on GPR surveys, and reverse component based on estimated dip and striek w/r/t regional strain field.", "index_right": 46, "NAME_EN": "Mongolia" }, "geometry": { "type": "LineString", "coordinates": [ [ 106.519935322644329, 47.975845387521652, 0.0 ], [ 106.526211859658716, 47.967918969226957, 0.0 ], [ 106.541867122359619, 47.959141976311216, 0.0 ], [ 106.554677183387184, 47.9474129620233, 0.0 ], [ 106.566231146149931, 47.942023312378979, 0.0 ], [ 106.577478956272088, 47.928852352509878, 0.0 ], [ 106.591444777499092, 47.921352962395744, 0.0 ], [ 106.603412470665873, 47.911533299297346, 0.0 ], [ 106.608178182543156, 47.903855903245976, 0.0 ], [ 106.607757360393123, 47.899860188616728, 0.0 ], [ 106.609968088060029, 47.892392068799502, 0.0 ], [ 106.615218438271995, 47.888515175181581, 0.0 ], [ 106.621727797956481, 47.872820680296002, 0.0 ], [ 106.64338654889778, 47.848847575341871, 0.0 ], [ 106.658948017336527, 47.836376988494393, 0.0 ], [ 106.678259316406255, 47.816856785501301, 0.0 ] ] } },
{ "type": "Feature", "properties": { "average_dip": "(60,40,70)", "average_rake": null, "catalog_id": "NEA_159", "catalog_name": "GEM_NE_Asia", "dip_dir": "S", "lower_seis_depth": null, "name": null, "net_slip_rate": null, "slip_type": "Normal", "upper_seis_depth": null, "downthrown_side_id": null, "reference": "DEM", "epistemic_quality": "1", "accuracy": "150000", "activity_confidence": "1", "fs_name": null, "last_movement": null, "downthrown_side_dir": "S", "vert_sep_rate": null, "strike_slip_rate": null, "exposure_quality": "1", "shortening_rate": null, "notes": "Could have a sinistral component", "index_right": 46, "NAME_EN": "Mongolia" }, "geometry": { "type": "LineString", "coordinates": [ [ 100.368052032320207, 51.709155493271396, 0.0 ], [ 100.390420226834138, 51.711993053847991, 0.0 ], [ 100.4018072187245, 51.709509497974629, 0.0 ], [ 100.461623794616216, 51.707901437684633, 0.0 ], [ 100.473144896607778, 51.709670650017081, 0.0 ], [ 100.490143047393261, 51.709553004965088, 0.0 ], [ 100.523517052060427, 51.706184439260809, 0.0 ], [ 100.556572010407464, 51.708382740032548, 0.0 ], [ 100.565966536259666, 51.706892428607759, 0.0 ], [ 100.572377561612811, 51.70255511893032, 0.0 ], [ 100.60677536000631, 51.697641370560326, 0.0 ], [ 100.620165088324441, 51.69728305454867, 0.0 ], [ 100.634669893327995, 51.693354860963545, 0.0 ], [ 100.654887568207556, 51.695496072490037, 0.0 ], [ 100.735970355093698, 51.691969479759294, 0.0 ], [ 100.751398678756217, 51.693924540279774, 0.0 ], [ 100.833222499009665, 51.689011529421187, 0.0 ] ] } },
{ "type": "Feature", "properties": { "average_dip": "(90,,)", "average_rake": null, "catalog_id": "NEA_164", "catalog_name": "GEM_NE_Asia", "dip_dir": null, "lower_seis_depth": null, "name": "Yamaatinskiy Fault", "net_slip_rate": null, "slip_type": "Sinistral", "upper_seis_depth": null, "downthrown_side_id": null, "reference": "Arzhannikova et al., 2011; DEM", "epistemic_quality": "1", "accuracy": "150000", "activity_confidence": "2", "fs_name": null, "last_movement": null, "downthrown_side_dir": null, "vert_sep_rate": null, "strike_slip_rate": null, "exposure_quality": "2", "shortening_rate": null, "notes": null, "index_right": 46, "NAME_EN": "Mongolia" }, "geometry": { "type": "LineString", "coordinates": [ [ 98.855122219556108, 52.152366570539954, 0.0 ], [ 98.887890726719363, 52.140369603262457, 0.0 ], [ 98.933703603624963, 52.11820074085805, 0.0 ], [ 98.985432576651888, 52.099357546040451, 0.0 ], [ 99.012065831326481, 52.086393232135634, 0.0 ], [ 99.051971127909411, 52.074517041340506, 0.0 ], [ 99.125063552961961, 52.057582857904521, 0.0 ], [ 99.239775755410278, 52.044156238968903, 0.0 ], [ 99.405347533032767, 52.029958951230867, 0.0 ], [ 99.496248962598983, 52.012812651531753, 0.0 ], [ 99.528581040215201, 52.001776165409424, 0.0 ], [ 99.580509606409095, 51.988792881143617, 0.0 ], [ 99.70404905733902, 51.962654829184011, 0.0 ], [ 99.833322096618772, 51.938237061940512, 0.0 ], [ 99.858495113766779, 51.928661386484144, 0.0 ], [ 99.905881601871656, 51.916632312731686, 0.0 ], [ 99.947678289767268, 51.899417103121863, 0.0 ], [ 100.005945753572036, 51.885852193814515, 0.0 ], [ 100.078088849915446, 51.876937993155821, 0.0 ], [ 100.197654273437607, 51.85769996677584, 0.0 ], [ 100.231488977689537, 51.849021622955078, 0.0 ], [ 100.30536784082048, 51.840289851667414, 0.0 ], [ 100.37527805252212, 51.839820263944944, 0.0 ], [ 100.429996397505491, 51.836947797815526, 0.0 ] ] } },
{ "type": "Feature", "properties": { "average_dip": "(25,15,45)", "average_rake": null, "catalog_id": "NEA_166", "catalog_name": "GEM_NE_Asia", "dip_dir": "NW", "lower_seis_depth": null, "name": "Hustai Fault", "net_slip_rate": null, "slip_type": "Reverse", "upper_seis_depth": null, "downthrown_side_id": null, "reference": "Ferry et al., 2010; Demberel et al., 2014", "epistemic_quality": "1", "accuracy": "60000", "activity_confidence": "1", "fs_name": null, "last_movement": null, "downthrown_side_dir": "SE", "vert_sep_rate": null, "strike_slip_rate": null, "exposure_quality": "1", "shortening_rate": null, "notes": "Ferry states this is the central segment of a much longer fault. Very clear ruptures in the imagery here.", "index_right": 46, "NAME_EN": "Mongolia" }, "geometry": { "type": "LineString", "coordinates": [ [ 105.6991650717369, 47.395706096159742, 0.0 ], [ 105.708952864190394, 47.406976385585338, 0.0 ], [ 105.711326843291701, 47.413625289072321, 0.0 ], [ 105.7181987924276, 47.423770944527163, 0.0 ], [ 105.734775647392794, 47.440688953722621, 0.0 ], [ 105.739539480033997, 47.450128490481298, 0.0 ], [ 105.746885080432193, 47.454130273353243, 0.0 ], [ 105.753708233261094, 47.466824512248472, 0.0 ], [ 105.759113238824696, 47.470918461355922, 0.0 ], [ 105.765578954516897, 47.480987398241261, 0.0 ], [ 105.783665549232097, 47.517056249118987, 0.0 ], [ 105.795123786655793, 47.533317762990102, 0.0 ], [ 105.802324966934904, 47.554576556963077, 0.0 ], [ 105.802845134137698, 47.573453814789517, 0.0 ], [ 105.808579772498803, 47.584840090772438, 0.0 ], [ 105.814576194793503, 47.589212741928478, 0.0 ], [ 105.881083577567793, 47.610611037438311, 0.0 ], [ 105.898497483548098, 47.613259077846337, 0.0 ], [ 105.912271514727905, 47.620328653151468, 0.0 ], [ 105.922754721945495, 47.628435342599182, 0.0 ], [ 105.941565607961905, 47.639374212306983, 0.0 ], [ 105.959686263558297, 47.648142906151023, 0.0 ], [ 106.002382405668797, 47.66277064360947, 0.0 ], [ 106.055866768857598, 47.687321542177457, 0.0 ], [ 106.087349157967793, 47.706078083583463, 0.0 ], [ 106.105571811033201, 47.71380287022312, 0.0 ], [ 106.109293061927602, 47.725163939553141, 0.0 ], [ 106.128969153845603, 47.732496407874102, 0.0 ], [ 106.142844243768707, 47.740357684772427, 0.0 ], [ 106.172385141077797, 47.764091089332041, 0.0 ], [ 106.239401869852301, 47.783412456570751, 0.0 ], [ 106.309003323861901, 47.793289444254079, 0.0 ], [ 106.324669438450002, 47.799865571325647, 0.0 ], [ 106.347072831449097, 47.806143902983067, 0.0 ], [ 106.365778036754193, 47.818790243283743, 0.0 ], [ 106.375609576278606, 47.820933435054251, 0.0 ], [ 106.4008710262964, 47.824314193265252, 0.0 ], [ 106.410009363533703, 47.824477152640178, 0.0 ], [ 106.420930067405195, 47.822014610383619, 0.0 ], [ 106.427520240526803, 47.823487914200363, 0.0 ], [ 106.4332459001415, 47.827748000322487, 0.0 ], [ 106.444581337230304, 47.832514052843941, 0.0 ], [ 106.464555759127094, 47.834373915756721, 0.0 ], [ 106.487509819174903, 47.833164577509827, 0.0 ], [ 106.5091471454448, 47.837244658991068, 0.0 ] ] } },
{ "type": "Feature", "properties": { "average_dip": "(90,,)", "average_rake": null, "catalog_id": "NEA_167", "catalog_name": "GEM_NE_Asia", "dip_dir": null, "lower_seis_depth": null, "name": null, "net_slip_rate": null, "slip_type": "Sinistral", "upper_seis_depth": null, "downthrown_side_id": null, "reference": "DEM; Google Earth", "epistemic_quality": "1", "accuracy": "60000", "activity_confidence": "2", "fs_name": null, "last_movement": null, "downthrown_side_dir": null, "vert_sep_rate": null, "strike_slip_rate": null, "exposure_quality": "1", "shortening_rate": null, "notes": "Good but discontinuous ruptures visible in GE. Looks to be sinistrael.", "index_right": 46, "NAME_EN": "Mongolia" }, "geometry": { "type": "LineString", "coordinates": [ [ 107.704963690134903, 47.886951866885383, 0.0 ], [ 107.759234974999103, 47.895350717162437, 0.0 ], [ 107.788495007771104, 47.903262307654707, 0.0 ], [ 107.817052200650096, 47.907992697160303, 0.0 ], [ 107.855900574122899, 47.917247966403828, 0.0 ], [ 107.895044106832799, 47.920622617933176, 0.0 ], [ 107.914147827021793, 47.924313690340853, 0.0 ], [ 107.947141303804401, 47.927847912835503, 0.0 ], [ 107.971445691921005, 47.944779343570737, 0.0 ], [ 108.022344381754493, 47.958314068236007, 0.0 ], [ 108.084756314109697, 47.962826524928332, 0.0 ], [ 108.1658708057073, 47.980680152784807, 0.0 ], [ 108.197594784987501, 47.991832535079453, 0.0 ], [ 108.302060779470196, 48.008837345065587, 0.0 ] ] } },
{ "type": "Feature", "properties": { "average_dip": "(90,,)", "average_rake": null, "catalog_id": "NEA_168", "catalog_name": "GEM_NE_Asia", "dip_dir": null, "lower_seis_depth": null, "name": null, "net_slip_rate": null, "slip_type": "Sinistral", "upper_seis_depth": null, "downthrown_side_id": null, "reference": "DEM; Google Earth", "epistemic_quality": "1", "accuracy": "60000", "activity_confidence": "2", "fs_name": null, "last_movement": null, "downthrown_side_dir": null, "vert_sep_rate": null, "strike_slip_rate": null, "exposure_quality": "1", "shortening_rate": null, "notes": "Good rupture visibility in GE.", "index_right": 46, "NAME_EN": "Mongolia" }, "geometry": { "type": "LineString", "coordinates": [ [ 109.080718308157302, 48.008953063225697, 0.0 ], [ 109.152610216530604, 48.027225051423542, 0.0 ], [ 109.230012814077796, 48.05011124338332, 0.0 ], [ 109.275477658524593, 48.058404538763739, 0.0 ], [ 109.307011619100805, 48.062071755418224, 0.0 ], [ 109.378700754715894, 48.077213814043311, 0.0 ], [ 109.415194336518098, 48.082144195807487, 0.0 ], [ 109.433907940555102, 48.086524314912829, 0.0 ], [ 109.474134105569405, 48.093057508631077, 0.0 ], [ 109.518907195150703, 48.096952524285967, 0.0 ], [ 109.545101720018707, 48.101968803606027, 0.0 ], [ 109.612115235797802, 48.119551752736967, 0.0 ], [ 109.657838598361593, 48.133514539725518, 0.0 ], [ 109.704785746466399, 48.145466490347687, 0.0 ], [ 109.734570614923896, 48.150222218311782, 0.0 ], [ 109.7724391013206, 48.161019996931813, 0.0 ] ] } },
{ "type": "Feature", "properties": { "average_dip": "(90,,)", "average_rake": null, "catalog_id": "NEA_169", "catalog_name": "GEM_NE_Asia", "dip_dir": null, "lower_seis_depth": null, "name": null, "net_slip_rate": null, "slip_type": "Sinistral", "upper_seis_depth": null, "downthrown_side_id": null, "reference": "Google Earth; DEM", "epistemic_quality": "1", "accuracy": "60000", "activity_confidence": "2", "fs_name": null, "last_movement": null, "downthrown_side_dir": null, "vert_sep_rate": null, "strike_slip_rate": null, "exposure_quality": "1", "shortening_rate": null, "notes": "Good rupture visibility in GE.", "index_right": 46, "NAME_EN": "Mongolia" }, "geometry": { "type": "LineString", "coordinates": [ [ 108.540085824385798, 47.912518550621563, 0.0 ], [ 108.759406859372106, 47.970974664831452, 0.0 ], [ 108.857488900623906, 47.991962539235459, 0.0 ], [ 108.875484334140694, 47.999965321319692, 0.0 ], [ 108.902330861676603, 48.008688212305003, 0.0 ], [ 108.924619180090602, 48.012171952004273, 0.0 ], [ 108.950393543175196, 48.019023787852383, 0.0 ], [ 108.985664444644598, 48.022158194463472, 0.0 ], [ 109.070898113112605, 48.043619481622272, 0.0 ] ] } },
{ "type": "Feature", "properties": { "average_dip": "(50,35,65)", "average_rake": null, "catalog_id": "NEA_290", "catalog_name": "GEM_NE_Asia", "dip_dir": "S", "lower_seis_depth": null, "name": null, "net_slip_rate": null, "slip_type": "Normal", "upper_seis_depth": null, "downthrown_side_id": null, "reference": "DEM", "epistemic_quality": "1", "accuracy": "45000", "activity_confidence": "1", "fs_name": null, "last_movement": null, "downthrown_side_dir": "S", "vert_sep_rate": null, "strike_slip_rate": null, "exposure_quality": "1", "shortening_rate": null, "notes": null, "index_right": 46, "NAME_EN": "Mongolia" }, "geometry": { "type": "LineString", "coordinates": [ [ 101.712686465060301, 49.207644611614974, 0.0 ], [ 101.722680282050831, 49.206857757444425, 0.0 ], [ 101.770522186651519, 49.218307729659188, 0.0 ], [ 101.825347097813903, 49.221893389805039, 0.0 ], [ 101.858997586561287, 49.231415345732088, 0.0 ], [ 101.887699333147737, 49.242617067964616, 0.0 ], [ 101.893743498892093, 49.257468698912973, 0.0 ], [ 101.904599908197, 49.273201411066701, 0.0 ], [ 101.920400572890813, 49.279970454686548, 0.0 ], [ 101.935009719129155, 49.291251414143417, 0.0 ], [ 101.9502788122129, 49.295427381919325, 0.0 ], [ 101.986475498689956, 49.318002895260982, 0.0 ], [ 102.031369832598088, 49.335025493480877, 0.0 ], [ 102.072222804107327, 49.346176209118866, 0.0 ], [ 102.108128347667062, 49.359011133802476, 0.0 ], [ 102.124572651073706, 49.36349502954333, 0.0 ], [ 102.145719495058373, 49.366876638808435, 0.0 ], [ 102.169385799933252, 49.366678818974293, 0.0 ], [ 102.203649155299061, 49.372024171611677, 0.0 ], [ 102.216852725008067, 49.372330477940217, 0.0 ], [ 102.226456488000522, 49.370583476235439, 0.0 ], [ 102.252981509200467, 49.373312644791994, 0.0 ], [ 102.27295999658638, 49.372707197491927, 0.0 ], [ 102.28094747671642, 49.375159789776419, 0.0 ], [ 102.291867616308593, 49.374800395564549, 0.0 ], [ 102.314340938298017, 49.379696283079028, 0.0 ], [ 102.334563766796123, 49.39226159827674, 0.0 ], [ 102.385920364776794, 49.40429196759051, 0.0 ], [ 102.415141540935451, 49.41385781642677, 0.0 ], [ 102.432854647738694, 49.421657087013379, 0.0 ], [ 102.453118042202675, 49.424964661670579, 0.0 ], [ 102.467092268182554, 49.428742332942939, 0.0 ], [ 102.473414512281877, 49.432358008381378, 0.0 ], [ 102.519881499532147, 49.436503950271835, 0.0 ], [ 102.586003180127321, 49.43269925041831, 0.0 ], [ 102.6137813330771, 49.434464264486429, 0.0 ], [ 102.678467342033017, 49.431337613101796, 0.0 ], [ 102.733901276689309, 49.411498455667974, 0.0 ], [ 102.770660615997642, 49.40400853153821, 0.0 ] ] } },
{ "type": "Feature", "properties": { "average_dip": "(50,35,65)", "average_rake": null, "catalog_id": "NEA_286", "catalog_name": "GEM_NE_Asia", "dip_dir": "S", "lower_seis_depth": null, "name": null, "net_slip_rate": null, "slip_type": "Normal", "upper_seis_depth": null, "downthrown_side_id": null, "reference": "DEM", "epistemic_quality": "1", "accuracy": "45000", "activity_confidence": "1", "fs_name": null, "last_movement": null, "downthrown_side_dir": "S", "vert_sep_rate": null, "strike_slip_rate": null, "exposure_quality": "1", "shortening_rate": null, "notes": null, "index_right": 46, "NAME_EN": "Mongolia" }, "geometry": { "type": "LineString", "coordinates": [ [ 102.841068228845501, 49.473121746809085, 0.0 ], [ 102.853534970547898, 49.475009811820264, 0.0 ], [ 102.890270493308819, 49.485650597407272, 0.0 ], [ 102.912413108863561, 49.495422482229287, 0.0 ], [ 102.957143417715386, 49.510267830892822, 0.0 ], [ 102.979542594241366, 49.514127018744823, 0.0 ], [ 103.018185749209778, 49.524910813426231, 0.0 ], [ 103.029753620411299, 49.526462707967994, 0.0 ], [ 103.088874339254872, 49.543762449464374, 0.0 ], [ 103.141123644619952, 49.533527981508165, 0.0 ], [ 103.167158696744991, 49.533926193414004, 0.0 ], [ 103.197293094347941, 49.536802062377724, 0.0 ], [ 103.211864456823591, 49.545798401821088, 0.0 ], [ 103.230302112580873, 49.564234393758987, 0.0 ] ] } },
{ "type": "Feature", "properties": { "average_dip": "(50,35,65)", "average_rake": null, "catalog_id": "NEA_285", "catalog_name": "GEM_NE_Asia", "dip_dir": "S", "lower_seis_depth": null, "name": null, "net_slip_rate": null, "slip_type": "Normal", "upper_seis_depth": null, "downthrown_side_id": null, "reference": "DEM", "epistemic_quality": "1", "accuracy": "45000", "activity_confidence": "1", "fs_name": null, "last_movement": null, "downthrown_side_dir": "S", "vert_sep_rate": null, "strike_slip_rate": null, "exposure_quality": "1", "shortening_rate": null, "notes": null, "index_right": 46, "NAME_EN": "Mongolia" }, "geometry": { "type": "LineString", "coordinates": [ [ 103.692376958043951, 49.512606930771213, 0.0 ], [ 103.710907355465963, 49.515228075029405, 0.0 ], [ 103.726140581330554, 49.519627853556166, 0.0 ], [ 103.753758909305176, 49.531116486546182, 0.0 ], [ 103.793820560210136, 49.528345118555087, 0.0 ], [ 103.80821598983259, 49.529244898685569, 0.0 ], [ 103.819061854801873, 49.532832599851432, 0.0 ], [ 103.879068351513666, 49.542939784799373, 0.0 ], [ 103.922247777796642, 49.535765637126474, 0.0 ], [ 103.946010423868401, 49.533705264485924, 0.0 ], [ 103.969134700003025, 49.528607825066928, 0.0 ], [ 103.991190213191572, 49.530307673666584, 0.0 ], [ 104.004468419666665, 49.529055811902332, 0.0 ], [ 104.05111301903041, 49.533971921888508, 0.0 ], [ 104.063911854924157, 49.533466483750985, 0.0 ], [ 104.095090908442145, 49.545509027855282, 0.0 ], [ 104.128538168409264, 49.54817655422778, 0.0 ], [ 104.140591193397469, 49.55068439961078, 0.0 ], [ 104.178230942303813, 49.553367871863841, 0.0 ], [ 104.190819931965521, 49.551636822682973, 0.0 ], [ 104.220572994947176, 49.553043256995196, 0.0 ], [ 104.251067396417895, 49.567461895289277, 0.0 ], [ 104.311274620038944, 49.589006800984535, 0.0 ], [ 104.326529230797547, 49.597264615978105, 0.0 ], [ 104.372844285647474, 49.617489022951148, 0.0 ], [ 104.396829295714269, 49.637585784580679, 0.0 ], [ 104.413475622273509, 49.648865399578227, 0.0 ], [ 104.452519014410043, 49.659035408374038, 0.0 ], [ 104.534924270170492, 49.671182799088278, 0.0 ], [ 104.551662668728895, 49.676693269038807, 0.0 ] ] } },
{ "type": "Feature", "properties": { "average_dip": "(50,35,65)", "average_rake": null, "catalog_id": "NEA_288", "catalog_name": "GEM_NE_Asia", "dip_dir": "S", "lower_seis_depth": null, "name": null, "net_slip_rate": null, "slip_type": "Normal", "upper_seis_depth": null, "downthrown_side_id": null, "reference": "DEM", "epistemic_quality": "1", "accuracy": "45000", "activity_confidence": "1", "fs_name": null, "last_movement": null, "downthrown_side_dir": "S", "vert_sep_rate": null, "strike_slip_rate": null, "exposure_quality": "1", "shortening_rate": null, "notes": null, "index_right": 46, "NAME_EN": "Mongolia" }, "geometry": { "type": "LineString", "coordinates": [ [ 104.600353806973786, 50.217342618015913, 0.0 ], [ 104.60953085114636, 50.219186858085031, 0.0 ], [ 104.648554362467053, 50.233519502128843, 0.0 ], [ 104.682630850702395, 50.250548505066831, 0.0 ], [ 104.712058959177341, 50.259391453944225, 0.0 ], [ 104.760829745914407, 50.270837024098597, 0.0 ], [ 104.779194497649314, 50.279339077412672, 0.0 ], [ 104.801590590647734, 50.284518360860346, 0.0 ], [ 104.842346112870473, 50.306955556781134, 0.0 ], [ 104.876784013948267, 50.319846925475524, 0.0 ], [ 104.881502069872283, 50.321968342852337, 0.0 ], [ 104.885507532993856, 50.326054471679704, 0.0 ], [ 104.894005918809171, 50.328027662813433, 0.0 ], [ 104.933892740576482, 50.350432375237546, 0.0 ], [ 104.95350111787333, 50.354977114656307, 0.0 ], [ 104.996038180666872, 50.356044191996688, 0.0 ], [ 105.029601671236449, 50.365716847000975, 0.0 ], [ 105.062465079882301, 50.372356820886786, 0.0 ], [ 105.096036634020081, 50.373847038554153, 0.0 ], [ 105.178142304668356, 50.394316684733013, 0.0 ], [ 105.184541745874753, 50.398086829261125, 0.0 ], [ 105.204194385113922, 50.403347144136859, 0.0 ], [ 105.242055274228363, 50.406150877738703, 0.0 ], [ 105.261243926266104, 50.411402945827355, 0.0 ], [ 105.282319239444305, 50.414833511237823, 0.0 ], [ 105.297988524990984, 50.423867309336842, 0.0 ], [ 105.313410717203197, 50.430329633490153, 0.0 ], [ 105.32834369387848, 50.433767751988228, 0.0 ], [ 105.354162755489568, 50.43656847893223, 0.0 ], [ 105.414410277866892, 50.451649005116295, 0.0 ], [ 105.431004916231345, 50.454010781831059, 0.0 ] ] } }
]
}
