{
"type": "FeatureCollection",
"name": "faults_myanmar",
"crs": { "type": "name", "properties": { "name": "urn:ogc:def:crs:OGC:1.3:CRS84" } },
"features": [
{ "type": "Feature", "properties": { "average_dip": null, "average_rake": null, "catalog_id": "GAF_105", "catalog_name": "HimaTibetMap", "dip_dir": null, "lower_seis_depth": null, "name": null, "net_slip_rate": null, "slip_type": "Sinistral", "upper_seis_depth": null, "downthrown_side_id": null, "reference": null, "epistemic_quality": null, "accuracy": null, "activity_confidence": null, "fs_name": null, "last_movement": null, "downthrown_side_dir": null, "vert_sep_rate": null, "strike_slip_rate": null, "exposure_quality": "1", "shortening_rate": null, "notes": null, "index_right": 126, "NAME_EN": "Myanmar" }, "geometry": { "type": "LineString", "coordinates": [ [ 97.816331677464603, 23.037603676846839 ], [ 98.168093246613068, 23.06466225908903 ], [ 98.366522849722458, 23.118779423573407 ], [ 98.582991507659969, 23.217994225128102 ] ] } },
{ "type": "Feature", "properties": { "average_dip": null, "average_rake": null, "catalog_id": "GAF_106", "catalog_name": "HimaTibetMap", "dip_dir": null, "lower_seis_depth": null, "name": null, "net_slip_rate": null, "slip_type": "Sinistral", "upper_seis_depth": null, "downthrown_side_id": null, "reference": null, "epistemic_quality": null, "accuracy": null, "activity_confidence": null, "fs_name": null, "last_movement": null, "downthrown_side_dir": null, "vert_sep_rate": null, "strike_slip_rate": null, "exposure_quality": "1", "shortening_rate": null, "notes": null, "index_right": 126, "NAME_EN": "Myanmar" }, "geometry": { "type": "LineString", "coordinates": [ [ 97.473589635730193, 22.730939744768691 ], [ 97.996722225745856, 22.794076436667133 ], [ 98.420640014206825, 22.893291238221828 ], [ 98.700245364042786, 22.992506039776522 ], [ 98.880635912324053, 23.100740368745281 ] ] } },
{ "type": "Feature", "properties": { "average_dip": null, "average_rake": null, "catalog_id": "GAF_107", "catalog_name": "HimaTibetMap", "dip_dir": null, "lower_seis_depth": null, "name": null, "net_slip_rate": null, "slip_type": "Sinistral", "upper_seis_depth": null, "downthrown_side_id": null, "reference": null, "epistemic_quality": null, "accuracy": null, "activity_confidence": null, "fs_name": null, "last_movement": null, "downthrown_side_dir": null, "vert_sep_rate": null, "strike_slip_rate": null, "exposure_quality": "1", "shortening_rate": null, "notes": null, "index_right": 126, "NAME_EN": "Myanmar" }, "geometry": { "type": "LineString", "coordinates": [ [ 97.527706800214574, 21.991338496815512 ], [ 98.330444740066199, 22.054475188713955 ], [ 98.934753076808434, 22.081533770956145 ], [ 99.268475591128762, 22.153689990268649 ], [ 99.466905194238166, 22.252904791823344 ] ] } },
{ "type": "Feature", "properties": { "average_dip": null, "average_rake": null, "catalog_id": "GAF_108", "catalog_name": "HimaTibetMap", "dip_dir": null, "lower_seis_depth": null, "name": null, "net_slip_rate": null, "slip_type": "Dextral", "upper_seis_depth": null, "downthrown_side_id": null, "reference": null, "epistemic_quality": null, "accuracy": null, "activity_confidence": null, "fs_name": null, "last_movement": null, "downthrown_side_dir": null, "vert_sep_rate": null, "strike_slip_rate": null, "exposure_quality": "1", "shortening_rate": null, "notes": null, "index_right": 126, "NAME_EN": "Myanmar" }, "geometry": { "type": "LineString", "coordinates": [ [ 98.438679069034961, 21.567420708354543 ], [ 98.934753076808434, 21.504284016456101 ] ] } },
{ "type": "Feature", "properties": { "average_dip": null, "average_rake": null, "catalog_id": "GAF_117", "catalog_name": "HimaTibetMap", "dip_dir": null, "lower_seis_depth": null, "name": null, "net_slip_rate": null, "slip_type": "Sinistral", "upper_seis_depth": null, "downthrown_side_id": null, "reference": null, "epistemic_quality": null, "accuracy": null, "activity_confidence": null, "fs_name": null, "last_movement": null, "downthrown_side_dir": null, "vert_sep_rate": null, "strike_slip_rate": null, "exposure_quality": "1", "shortening_rate": null, "notes": null, "index_right": 126, "NAME_EN": "Myanmar" }, "geometry": { "type": "LineString", "coordinates": [ [ 98.068878445058374, 19.898808136752859 ], [ 98.988870241292815, 20.277628288143511 ], [ 99.385729447511594, 20.4760578912529 ] ] } },
{ "type": "Feature", "properties": { "average_dip": null, "average_rake": null, "catalog_id": "GAF_130", "catalog_name": "HimaTibetMap", "dip_dir": null, "lower_seis_depth": null, "name": null, "net_slip_rate": null, "slip_type": "Reverse", "upper_seis_depth": null, "downthrown_side_id": null, "reference": null, "epistemic_quality": null, "accuracy": null, "activity_confidence": null, "fs_name": null, "last_movement": null, "downthrown_side_dir": null, "vert_sep_rate": null, "strike_slip_rate": null, "exposure_quality": "1", "shortening_rate": null, "notes": null, "index_right": 126, "NAME_EN": "Myanmar" }, "geometry": { "type": "LineString", "coordinates": [ [ 91.701092090729773, 24.174064131018802 ], [ 91.710111618143827, 23.623872958760948 ], [ 91.935599803495407, 22.893291238221835 ], [ 92.161087988846987, 22.298002428893664 ], [ 92.197166098503246, 21.856045585604569 ], [ 92.395595701612635, 21.287815358518589 ], [ 92.512849557995452, 20.872917097471682 ], [ 92.548927667651711, 20.665467966948231 ] ] } },
{ "type": "Feature", "properties": { "average_dip": null, "average_rake": null, "catalog_id": "GAF_132", "catalog_name": "HimaTibetMap", "dip_dir": null, "lower_seis_depth": null, "name": null, "net_slip_rate": null, "slip_type": "Reverse", "upper_seis_depth": null, "downthrown_side_id": null, "reference": null, "epistemic_quality": null, "accuracy": null, "activity_confidence": null, "fs_name": null, "last_movement": null, "downthrown_side_dir": null, "vert_sep_rate": null, "strike_slip_rate": null, "exposure_quality": "1", "shortening_rate": null, "notes": null, "index_right": 126, "NAME_EN": "Myanmar" }, "geometry": { "type": "LineString", "coordinates": [ [ 92.503830030581398, 24.390532788956317 ], [ 92.45873239351107, 23.76818539738596 ], [ 92.494810503167329, 23.172896588057792 ], [ 92.467751920925139, 22.88427171080777 ], [ 92.548927667651711, 22.595646833557748 ], [ 92.657161996620474, 22.288982901479599 ], [ 92.711279161104841, 21.847026058190504 ], [ 92.792454907831413, 21.368991105245158 ], [ 92.945786873870489, 20.908995207127937 ], [ 93.090099312495497, 20.593311747635724 ], [ 93.252450805948641, 20.331745452627892 ] ] } },
{ "type": "Feature", "properties": { "average_dip": null, "average_rake": null, "catalog_id": "GAF_272", "catalog_name": "HimaTibetMap", "dip_dir": null, "lower_seis_depth": null, "name": null, "net_slip_rate": null, "slip_type": "Reverse", "upper_seis_depth": null, "downthrown_side_id": null, "reference": null, "epistemic_quality": null, "accuracy": null, "activity_confidence": null, "fs_name": null, "last_movement": null, "downthrown_side_dir": null, "vert_sep_rate": null, "strike_slip_rate": null, "exposure_quality": "1", "shortening_rate": null, "notes": null, "index_right": 126, "NAME_EN": "Myanmar" }, "geometry": { "type": "LineString", "coordinates": [ [ 96.129949730123755, 26.691856487273387 ], [ 96.293229454932998, 26.775828917175289 ], [ 96.442513774758609, 26.822480267120792 ], [ 96.57780268960056, 26.817815132126242 ], [ 96.787733764355309, 26.799154592148042 ], [ 96.92302267919726, 26.799154592148042 ], [ 96.988334569120966, 26.75250324220254 ] ] } },
{ "type": "Feature", "properties": { "average_dip": null, "average_rake": null, "catalog_id": "GAF_275", "catalog_name": "HimaTibetMap", "dip_dir": null, "lower_seis_depth": null, "name": null, "net_slip_rate": null, "slip_type": "Reverse", "upper_seis_depth": null, "downthrown_side_id": null, "reference": null, "epistemic_quality": null, "accuracy": null, "activity_confidence": null, "fs_name": null, "last_movement": null, "downthrown_side_dir": null, "vert_sep_rate": null, "strike_slip_rate": null, "exposure_quality": "1", "shortening_rate": null, "notes": null, "index_right": 126, "NAME_EN": "Myanmar" }, "geometry": { "type": "LineString", "coordinates": [ [ 95.537477585815893, 24.436263717408426 ], [ 95.397523535979388, 24.21233723767002 ], [ 95.215583271191932, 24.002406162915268 ], [ 95.084959491344534, 23.745823738215016 ], [ 95.042973276393582, 23.573213743416662 ], [ 95.033643006404489, 23.37261293865101 ], [ 94.968331116480783, 23.167346998890807 ], [ 94.912349496546184, 22.920094844179651 ], [ 94.786390851693326, 22.752149984375851 ] ] } },
{ "type": "Feature", "properties": { "average_dip": null, "average_rake": null, "catalog_id": "GAF_276", "catalog_name": "HimaTibetMap", "dip_dir": null, "lower_seis_depth": null, "name": null, "net_slip_rate": null, "slip_type": "Reverse", "upper_seis_depth": null, "downthrown_side_id": null, "reference": null, "epistemic_quality": null, "accuracy": null, "activity_confidence": null, "fs_name": null, "last_movement": null, "downthrown_side_dir": null, "vert_sep_rate": null, "strike_slip_rate": null, "exposure_quality": "1", "shortening_rate": null, "notes": null, "index_right": 126, "NAME_EN": "Myanmar" }, "geometry": { "type": "LineString", "coordinates": [ [ 94.329207622227429, 21.301293001070778 ], [ 94.329207622227429, 21.590531370732883 ], [ 94.417845187123874, 21.805127580482186 ], [ 94.46449653706938, 21.991732980264189 ], [ 94.441170862096627, 22.192333785029842 ], [ 94.44583599709118, 22.341618104855442 ], [ 94.43184059210752, 22.523558369642895 ], [ 94.399184647145674, 22.700833499435799 ], [ 94.324542487232875, 22.915429709185101 ], [ 94.27322600229283, 23.190672673863556 ], [ 94.329207622227429, 23.395938613623759 ], [ 94.371193837178382, 23.50790185349296 ], [ 94.44583599709118, 23.624530228356711 ] ] } },
{ "type": "Feature", "properties": { "average_dip": null, "average_rake": null, "catalog_id": "GAF_282", "catalog_name": "HimaTibetMap", "dip_dir": null, "lower_seis_depth": null, "name": null, "net_slip_rate": null, "slip_type": "Reverse", "upper_seis_depth": null, "downthrown_side_id": null, "reference": null, "epistemic_quality": null, "accuracy": null, "activity_confidence": null, "fs_name": null, "last_movement": null, "downthrown_side_dir": null, "vert_sep_rate": null, "strike_slip_rate": null, "exposure_quality": "1", "shortening_rate": null, "notes": null, "index_right": 126, "NAME_EN": "Myanmar" }, "geometry": { "type": "LineString", "coordinates": [ [ 94.317810482788033, 23.711509258896797 ], [ 94.460282344927705, 23.871077744493221 ], [ 94.52866883875474, 24.002151857661712 ], [ 94.52866883875474, 24.190214715686071 ], [ 94.625549705009718, 24.372578699224842 ], [ 94.642646328466469, 24.526448310335677 ], [ 94.699635073322341, 24.771499913215902 ], [ 94.802214814062893, 24.965261645725846 ], [ 95.007374295544011, 25.204614374120485 ], [ 95.115652910770166, 25.432569353543947 ], [ 95.400596635049496, 25.734609701280039 ], [ 95.577261744102671, 25.956865806217916 ], [ 95.639949363444131, 26.11643429181434 ] ] } },
{ "type": "Feature", "properties": { "average_dip": null, "average_rake": null, "catalog_id": "GAF_324", "catalog_name": "HimaTibetMap", "dip_dir": null, "lower_seis_depth": null, "name": null, "net_slip_rate": null, "slip_type": "Reverse", "upper_seis_depth": null, "downthrown_side_id": null, "reference": null, "epistemic_quality": null, "accuracy": null, "activity_confidence": null, "fs_name": null, "last_movement": null, "downthrown_side_dir": null, "vert_sep_rate": null, "strike_slip_rate": null, "exposure_quality": "1", "shortening_rate": null, "notes": null, "index_right": 126, "NAME_EN": "Myanmar" }, "geometry": { "type": "LineString", "coordinates": [ [ 94.491054580404665, 24.660156354112782 ], [ 94.39584056345285, 24.430055813145891 ], [ 94.237150535199817, 24.215824275004302 ], [ 94.102264011184744, 23.866706212847639 ], [ 94.086395008359446, 23.628671170468095 ], [ 94.054657002708836, 23.525522652103628 ] ] } },
{ "type": "Feature", "properties": { "average_dip": null, "average_rake": null, "catalog_id": "GAF_325", "catalog_name": "HimaTibetMap", "dip_dir": null, "lower_seis_depth": null, "name": null, "net_slip_rate": null, "slip_type": "Reverse", "upper_seis_depth": null, "downthrown_side_id": null, "reference": null, "epistemic_quality": null, "accuracy": null, "activity_confidence": null, "fs_name": null, "last_movement": null, "downthrown_side_dir": null, "vert_sep_rate": null, "strike_slip_rate": null, "exposure_quality": "1", "shortening_rate": null, "notes": null, "index_right": 126, "NAME_EN": "Myanmar" }, "geometry": { "type": "LineString", "coordinates": [ [ 94.030853498470876, 20.986482200055164 ], [ 94.070526005534134, 21.327665760799174 ], [ 94.062591504121485, 21.533962797528115 ], [ 93.903901475868466, 21.724390831431748 ], [ 93.888032473043154, 21.883080859684778 ], [ 93.903901475868466, 22.057639890763109 ], [ 93.94357398293171, 22.295674933142653 ], [ 93.959442985757022, 22.565447981172802 ], [ 93.967377487169671, 22.732072510838481 ], [ 93.903901475868466, 23.033583564519237 ] ] } },
{ "type": "Feature", "properties": { "average_dip": "(90.0,,)", "average_rake": "(0.0,,)", "catalog_id": "EOS_AF0002", "catalog_name": "EOS_SE_Asia", "dip_dir": null, "lower_seis_depth": "(15.0,,)", "name": null, "net_slip_rate": null, "slip_type": "Sinistral", "upper_seis_depth": "(1.0,,)", "downthrown_side_id": null, "reference": null, "epistemic_quality": null, "accuracy": null, "activity_confidence": null, "fs_name": null, "last_movement": null, "downthrown_side_dir": null, "vert_sep_rate": null, "strike_slip_rate": null, "exposure_quality": null, "shortening_rate": null, "notes": null, "index_right": 126, "NAME_EN": "Myanmar" }, "geometry": { "type": "LineString", "coordinates": [ [ 97.303, 23.196 ], [ 97.374, 23.188 ], [ 97.38, 23.19 ], [ 97.401, 23.192 ], [ 97.455, 23.188 ], [ 97.481, 23.192 ], [ 97.511, 23.19 ], [ 97.553, 23.194 ], [ 97.563, 23.193 ], [ 97.586, 23.195 ], [ 97.656, 23.217 ], [ 97.684, 23.234 ], [ 97.717, 23.241 ], [ 97.728, 23.241 ], [ 97.736, 23.245 ], [ 97.749, 23.247 ], [ 97.778, 23.259 ], [ 97.789, 23.265 ], [ 97.798, 23.274 ], [ 97.819, 23.283 ], [ 97.855, 23.283 ], [ 97.899, 23.295 ], [ 97.912, 23.3 ], [ 97.924, 23.299 ], [ 97.935, 23.303 ], [ 97.944, 23.309 ], [ 97.959, 23.313 ], [ 97.981, 23.313 ], [ 98.01, 23.317 ], [ 98.021, 23.323 ], [ 98.047, 23.328 ], [ 98.056, 23.329 ], [ 98.069, 23.328 ], [ 98.081, 23.33 ], [ 98.094, 23.328 ], [ 98.12, 23.336 ], [ 98.133, 23.333 ], [ 98.142, 23.339 ], [ 98.165, 23.343 ], [ 98.175, 23.348 ], [ 98.191, 23.353 ], [ 98.207, 23.353 ] ] } },
{ "type": "Feature", "properties": { "average_dip": "(90.0,,)", "average_rake": "(0.0,,)", "catalog_id": "EOS_AF0003", "catalog_name": "EOS_SE_Asia", "dip_dir": null, "lower_seis_depth": "(15.0,,)", "name": null, "net_slip_rate": null, "slip_type": "Sinistral", "upper_seis_depth": "(1.0,,)", "downthrown_side_id": null, "reference": null, "epistemic_quality": null, "accuracy": null, "activity_confidence": null, "fs_name": null, "last_movement": null, "downthrown_side_dir": null, "vert_sep_rate": null, "strike_slip_rate": null, "exposure_quality": null, "shortening_rate": null, "notes": null, "index_right": 126, "NAME_EN": "Myanmar" }, "geometry": { "type": "LineString", "coordinates": [ [ 97.636, 23.269 ], [ 97.653, 23.268 ], [ 97.682, 23.273 ], [ 97.717, 23.276 ], [ 97.735, 23.28 ], [ 97.756, 23.281 ], [ 97.79, 23.29 ], [ 97.82, 23.293 ], [ 97.842, 23.297 ], [ 97.857, 23.305 ], [ 97.879, 23.313 ], [ 97.89, 23.315 ], [ 97.927, 23.312 ] ] } },
{ "type": "Feature", "properties": { "average_dip": "(90.0,,)", "average_rake": "(0.0,,)", "catalog_id": "EOS_AF0004", "catalog_name": "EOS_SE_Asia", "dip_dir": null, "lower_seis_depth": "(15.0,,)", "name": null, "net_slip_rate": null, "slip_type": "Sinistral", "upper_seis_depth": "(1.0,,)", "downthrown_side_id": null, "reference": null, "epistemic_quality": null, "accuracy": null, "activity_confidence": null, "fs_name": null, "last_movement": null, "downthrown_side_dir": null, "vert_sep_rate": null, "strike_slip_rate": null, "exposure_quality": null, "shortening_rate": null, "notes": null, "index_right": 126, "NAME_EN": "Myanmar" }, "geometry": { "type": "LineString", "coordinates": [ [ 97.983, 23.33 ], [ 98.103, 23.356 ], [ 98.151, 23.362 ], [ 98.185, 23.365 ], [ 98.278, 23.363 ], [ 98.324, 23.366 ], [ 98.328, 23.368 ], [ 98.368, 23.375 ], [ 98.427, 23.382 ], [ 98.519, 23.385 ], [ 98.547, 23.388 ], [ 98.608, 23.404 ], [ 98.64, 23.417 ], [ 98.744, 23.45 ], [ 98.826, 23.484 ], [ 98.85, 23.497 ], [ 98.896, 23.507 ], [ 98.908, 23.511 ], [ 98.915, 23.516 ], [ 98.945, 23.528 ], [ 98.987, 23.548 ], [ 99.012, 23.555 ], [ 99.032, 23.566 ], [ 99.069, 23.581 ], [ 99.086, 23.597 ], [ 99.101, 23.607 ], [ 99.132, 23.625 ], [ 99.184, 23.652 ], [ 99.189, 23.658 ], [ 99.263, 23.692 ], [ 99.307, 23.717 ], [ 99.318, 23.729 ], [ 99.328, 23.737 ], [ 99.361, 23.752 ], [ 99.377, 23.765 ], [ 99.403, 23.777 ], [ 99.413, 23.787 ], [ 99.435, 23.801 ], [ 99.488, 23.828 ], [ 99.5, 23.84 ], [ 99.511, 23.848 ], [ 99.559, 23.877 ], [ 99.62, 23.942 ], [ 99.661, 23.972 ], [ 99.67, 23.982 ], [ 99.701, 24.01 ], [ 99.714, 24.029 ], [ 99.735, 24.054 ], [ 99.746, 24.064 ], [ 99.751, 24.075 ], [ 99.755, 24.079 ], [ 99.774, 24.092 ], [ 99.795, 24.11 ], [ 99.806, 24.12 ], [ 99.822, 24.139 ], [ 99.878, 24.187 ], [ 99.925, 24.241 ], [ 99.958, 24.289 ], [ 99.991, 24.317 ], [ 100.012, 24.332 ], [ 100.021, 24.342 ], [ 100.026, 24.344 ], [ 100.03, 24.348 ], [ 100.049, 24.375 ], [ 100.068, 24.398 ], [ 100.072, 24.4 ], [ 100.081, 24.411 ], [ 100.087, 24.423 ] ] } },
{ "type": "Feature", "properties": { "average_dip": "(90.0,,)", "average_rake": "(0.0,,)", "catalog_id": "EOS_AF0005", "catalog_name": "EOS_SE_Asia", "dip_dir": null, "lower_seis_depth": "(15.0,,)", "name": null, "net_slip_rate": null, "slip_type": "Sinistral", "upper_seis_depth": "(1.0,,)", "downthrown_side_id": null, "reference": null, "epistemic_quality": null, "accuracy": null, "activity_confidence": null, "fs_name": null, "last_movement": null, "downthrown_side_dir": null, "vert_sep_rate": null, "strike_slip_rate": null, "exposure_quality": null, "shortening_rate": null, "notes": null, "index_right": 126, "NAME_EN": "Myanmar" }, "geometry": { "type": "LineString", "coordinates": [ [ 97.751, 23.042 ], [ 97.782, 23.042 ], [ 97.845, 23.051 ], [ 97.857, 23.055 ], [ 97.87, 23.064 ], [ 97.879, 23.073 ], [ 97.926, 23.072 ], [ 97.949, 23.074 ], [ 97.977, 23.072 ], [ 98.008, 23.073 ], [ 98.04, 23.069 ], [ 98.066, 23.07 ], [ 98.077, 23.069 ], [ 98.097, 23.072 ], [ 98.134, 23.071 ], [ 98.169, 23.077 ], [ 98.205, 23.088 ], [ 98.223, 23.091 ], [ 98.243, 23.097 ], [ 98.253, 23.106 ], [ 98.281, 23.119 ], [ 98.314, 23.142 ], [ 98.323, 23.155 ], [ 98.348, 23.185 ], [ 98.355, 23.199 ], [ 98.373, 23.203 ], [ 98.39, 23.216 ], [ 98.398, 23.227 ], [ 98.407, 23.235 ], [ 98.44, 23.247 ], [ 98.477, 23.265 ] ] } },
{ "type": "Feature", "properties": { "average_dip": "(90.0,,)", "average_rake": "(0.0,,)", "catalog_id": "EOS_AF0006", "catalog_name": "EOS_SE_Asia", "dip_dir": null, "lower_seis_depth": "(15.0,,)", "name": null, "net_slip_rate": null, "slip_type": "Sinistral", "upper_seis_depth": "(1.0,,)", "downthrown_side_id": null, "reference": null, "epistemic_quality": null, "accuracy": null, "activity_confidence": null, "fs_name": null, "last_movement": null, "downthrown_side_dir": null, "vert_sep_rate": null, "strike_slip_rate": null, "exposure_quality": null, "shortening_rate": null, "notes": null, "index_right": 126, "NAME_EN": "Myanmar" }, "geometry": { "type": "LineString", "coordinates": [ [ 97.022, 22.555 ], [ 97.031, 22.556 ], [ 97.076, 22.553 ], [ 97.105, 22.556 ], [ 97.119, 22.559 ], [ 97.137, 22.56 ], [ 97.152, 22.563 ], [ 97.162, 22.57 ], [ 97.184, 22.579 ], [ 97.21, 22.587 ], [ 97.233, 22.6 ], [ 97.25, 22.617 ], [ 97.254, 22.634 ], [ 97.264, 22.646 ], [ 97.287, 22.661 ], [ 97.319, 22.69 ] ] } },
{ "type": "Feature", "properties": { "average_dip": "(90.0,,)", "average_rake": "(0.0,,)", "catalog_id": "EOS_AF0007", "catalog_name": "EOS_SE_Asia", "dip_dir": null, "lower_seis_depth": "(15.0,,)", "name": null, "net_slip_rate": null, "slip_type": "Sinistral", "upper_seis_depth": "(1.0,,)", "downthrown_side_id": null, "reference": null, "epistemic_quality": null, "accuracy": null, "activity_confidence": null, "fs_name": null, "last_movement": null, "downthrown_side_dir": null, "vert_sep_rate": null, "strike_slip_rate": null, "exposure_quality": null, "shortening_rate": null, "notes": null, "index_right": 126, "NAME_EN": "Myanmar" }, "geometry": { "type": "LineString", "coordinates": [ [ 97.275, 22.71 ], [ 97.28, 22.713 ], [ 97.318, 22.708 ], [ 97.337, 22.708 ], [ 97.417, 22.743 ], [ 97.438, 22.755 ], [ 97.481, 22.772 ], [ 97.507, 22.779 ], [ 97.542, 22.781 ], [ 97.615, 22.793 ], [ 97.72, 22.806 ], [ 97.777, 22.816 ], [ 97.81, 22.819 ], [ 97.85, 22.828 ], [ 97.907, 22.835 ], [ 97.946, 22.837 ], [ 97.981, 22.847 ], [ 98.085, 22.866 ], [ 98.13, 22.878 ], [ 98.159, 22.884 ], [ 98.202, 22.887 ], [ 98.271, 22.897 ], [ 98.411, 22.91 ], [ 98.434, 22.934 ], [ 98.445, 22.954 ] ] } },
{ "type": "Feature", "properties": { "average_dip": "(90.0,,)", "average_rake": "(0.0,,)", "catalog_id": "EOS_AF0008", "catalog_name": "EOS_SE_Asia", "dip_dir": null, "lower_seis_depth": "(15.0,,)", "name": null, "net_slip_rate": null, "slip_type": "Sinistral", "upper_seis_depth": "(1.0,,)", "downthrown_side_id": null, "reference": null, "epistemic_quality": null, "accuracy": null, "activity_confidence": null, "fs_name": null, "last_movement": null, "downthrown_side_dir": null, "vert_sep_rate": null, "strike_slip_rate": null, "exposure_quality": null, "shortening_rate": null, "notes": null, "index_right": 126, "NAME_EN": "Myanmar" }, "geometry": { "type": "LineString", "coordinates": [ [ 98.469, 22.946 ], [ 98.493, 22.966 ], [ 98.599, 23.019 ], [ 98.644, 23.047 ], [ 98.694, 23.097 ], [ 98.718, 23.11 ], [ 98.771, 23.153 ], [ 98.783, 23.167 ], [ 98.791, 23.19 ] ] } },
{ "type": "Feature", "properties": { "average_dip": "(90.0,,)", "average_rake": "(0.0,,)", "catalog_id": "EOS_AF0009", "catalog_name": "EOS_SE_Asia", "dip_dir": null, "lower_seis_depth": "(15.0,,)", "name": null, "net_slip_rate": null, "slip_type": "Sinistral", "upper_seis_depth": "(1.0,,)", "downthrown_side_id": null, "reference": null, "epistemic_quality": null, "accuracy": null, "activity_confidence": null, "fs_name": null, "last_movement": null, "downthrown_side_dir": null, "vert_sep_rate": null, "strike_slip_rate": null, "exposure_quality": null, "shortening_rate": null, "notes": null, "index_right": 126, "NAME_EN": "Myanmar" }, "geometry": { "type": "LineString", "coordinates": [ [ 98.003, 22.965 ], [ 98.016, 22.965 ], [ 98.038, 22.97 ], [ 98.051, 22.971 ], [ 98.088, 22.97 ], [ 98.104, 22.972 ], [ 98.137, 22.98 ], [ 98.177, 22.994 ], [ 98.213, 23.001 ], [ 98.271, 23.023 ] ] } },
{ "type": "Feature", "properties": { "average_dip": "(90.0,,)", "average_rake": "(0.0,,)", "catalog_id": "EOS_AF0013", "catalog_name": "EOS_SE_Asia", "dip_dir": null, "lower_seis_depth": "(15.0,,)", "name": null, "net_slip_rate": null, "slip_type": "Sinistral", "upper_seis_depth": "(1.0,,)", "downthrown_side_id": null, "reference": null, "epistemic_quality": null, "accuracy": null, "activity_confidence": null, "fs_name": null, "last_movement": null, "downthrown_side_dir": null, "vert_sep_rate": null, "strike_slip_rate": null, "exposure_quality": null, "shortening_rate": null, "notes": null, "index_right": 126, "NAME_EN": "Myanmar" }, "geometry": { "type": "LineString", "coordinates": [ [ 97.899, 24.04 ], [ 97.989, 24.073 ], [ 98.029, 24.083 ], [ 98.05, 24.093 ], [ 98.065, 24.098 ], [ 98.112, 24.102 ], [ 98.253, 24.103 ], [ 98.46, 24.127 ], [ 98.533, 24.13 ], [ 98.682, 24.142 ], [ 98.727, 24.147 ] ] } },
{ "type": "Feature", "properties": { "average_dip": "(90.0,,)", "average_rake": "(0.0,,)", "catalog_id": "EOS_AF0015", "catalog_name": "EOS_SE_Asia", "dip_dir": null, "lower_seis_depth": "(15.0,,)", "name": null, "net_slip_rate": null, "slip_type": "Sinistral", "upper_seis_depth": "(1.0,,)", "downthrown_side_id": null, "reference": null, "epistemic_quality": null, "accuracy": null, "activity_confidence": null, "fs_name": null, "last_movement": null, "downthrown_side_dir": null, "vert_sep_rate": null, "strike_slip_rate": null, "exposure_quality": null, "shortening_rate": null, "notes": null, "index_right": 126, "NAME_EN": "Myanmar" }, "geometry": { "type": "LineString", "coordinates": [ [ 97.273, 23.592 ], [ 97.28, 23.597 ], [ 97.32, 23.614 ], [ 97.333, 23.622 ], [ 97.368, 23.638 ], [ 97.402, 23.656 ], [ 97.412, 23.664 ], [ 97.463, 23.681 ], [ 97.5, 23.699 ], [ 97.535, 23.725 ], [ 97.617, 23.774 ], [ 97.658, 23.817 ], [ 97.681, 23.826 ], [ 97.695, 23.84 ], [ 97.702, 23.852 ], [ 97.781, 23.901 ], [ 97.801, 23.917 ], [ 97.828, 23.933 ], [ 97.841, 23.938 ], [ 97.87, 23.953 ], [ 97.887, 23.958 ], [ 97.902, 23.958 ] ] } },
{ "type": "Feature", "properties": { "average_dip": "(90.0,,)", "average_rake": "(0.0,,)", "catalog_id": "EOS_AF0017", "catalog_name": "EOS_SE_Asia", "dip_dir": null, "lower_seis_depth": "(10.0,,)", "name": null, "net_slip_rate": null, "slip_type": "Sinistral", "upper_seis_depth": "(1.0,,)", "downthrown_side_id": null, "reference": null, "epistemic_quality": null, "accuracy": null, "activity_confidence": null, "fs_name": null, "last_movement": null, "downthrown_side_dir": null, "vert_sep_rate": null, "strike_slip_rate": null, "exposure_quality": null, "shortening_rate": null, "notes": null, "index_right": 126, "NAME_EN": "Myanmar" }, "geometry": { "type": "LineString", "coordinates": [ [ 98.408, 24.981 ], [ 98.403, 24.952 ], [ 98.386, 24.924 ], [ 98.381, 24.896 ], [ 98.354, 24.867 ], [ 98.326, 24.832 ], [ 98.306, 24.81 ], [ 98.272, 24.792 ], [ 98.242, 24.786 ], [ 98.189, 24.766 ], [ 98.154, 24.75 ], [ 98.133, 24.737 ], [ 98.104, 24.732 ], [ 98.047, 24.702 ], [ 98.018, 24.684 ], [ 98.001, 24.67 ], [ 97.963, 24.652 ], [ 97.938, 24.623 ], [ 97.917, 24.605 ], [ 97.904, 24.591 ], [ 97.872, 24.575 ], [ 97.845, 24.554 ], [ 97.821, 24.538 ], [ 97.795, 24.516 ], [ 97.735, 24.473 ], [ 97.702, 24.456 ], [ 97.669, 24.44 ], [ 97.645, 24.434 ], [ 97.614, 24.435 ], [ 97.569, 24.43 ], [ 97.554, 24.425 ], [ 97.493, 24.398 ], [ 97.452, 24.364 ], [ 97.419, 24.34 ], [ 97.369, 24.291 ] ] } },
{ "type": "Feature", "properties": { "average_dip": "(90.0,,)", "average_rake": "(0.0,,)", "catalog_id": "EOS_AF0019", "catalog_name": "EOS_SE_Asia", "dip_dir": null, "lower_seis_depth": "(10.0,,)", "name": null, "net_slip_rate": null, "slip_type": "Sinistral", "upper_seis_depth": "(1.0,,)", "downthrown_side_id": null, "reference": null, "epistemic_quality": null, "accuracy": null, "activity_confidence": null, "fs_name": null, "last_movement": null, "downthrown_side_dir": null, "vert_sep_rate": null, "strike_slip_rate": null, "exposure_quality": null, "shortening_rate": null, "notes": null, "index_right": 126, "NAME_EN": "Myanmar" }, "geometry": { "type": "LineString", "coordinates": [ [ 97.969, 24.505 ], [ 97.93, 24.47 ], [ 97.904, 24.45 ], [ 97.882, 24.434 ], [ 97.854, 24.418 ], [ 97.837, 24.414 ], [ 97.785, 24.394 ], [ 97.758, 24.386 ], [ 97.708, 24.377 ], [ 97.692, 24.376 ], [ 97.675, 24.378 ], [ 97.626, 24.392 ], [ 97.582, 24.395 ], [ 97.573, 24.394 ], [ 97.546, 24.384 ], [ 97.524, 24.372 ], [ 97.501, 24.355 ], [ 97.471, 24.325 ] ] } },
{ "type": "Feature", "properties": { "average_dip": "(90.0,,)", "average_rake": "(180.0,,)", "catalog_id": "EOS_AF0020", "catalog_name": "EOS_SE_Asia", "dip_dir": null, "lower_seis_depth": "(15.0,,)", "name": null, "net_slip_rate": null, "slip_type": "Dextral", "upper_seis_depth": "(1.0,,)", "downthrown_side_id": null, "reference": null, "epistemic_quality": null, "accuracy": null, "activity_confidence": null, "fs_name": null, "last_movement": null, "downthrown_side_dir": null, "vert_sep_rate": null, "strike_slip_rate": null, "exposure_quality": null, "shortening_rate": null, "notes": null, "index_right": 126, "NAME_EN": "Myanmar" }, "geometry": { "type": "LineString", "coordinates": [ [ 97.662, 23.518 ], [ 97.665, 23.524 ], [ 97.674, 23.527 ], [ 97.678, 23.531 ], [ 97.693, 23.538 ], [ 97.708, 23.548 ], [ 97.713, 23.553 ], [ 97.724, 23.556 ], [ 97.74, 23.571 ], [ 97.775, 23.614 ], [ 97.78, 23.63 ], [ 97.794, 23.655 ], [ 97.808, 23.67 ], [ 97.834, 23.682 ], [ 97.866, 23.704 ], [ 97.907, 23.726 ], [ 97.929, 23.741 ], [ 97.967, 23.761 ], [ 97.987, 23.765 ], [ 97.998, 23.761 ], [ 98.032, 23.769 ], [ 98.084, 23.8 ], [ 98.138, 23.822 ], [ 98.164, 23.838 ] ] } },
{ "type": "Feature", "properties": { "average_dip": "(90.0,,)", "average_rake": "(180.0,,)", "catalog_id": "EOS_AF0021", "catalog_name": "EOS_SE_Asia", "dip_dir": null, "lower_seis_depth": "(15.0,,)", "name": null, "net_slip_rate": null, "slip_type": "Dextral", "upper_seis_depth": "(1.0,,)", "downthrown_side_id": null, "reference": null, "epistemic_quality": null, "accuracy": null, "activity_confidence": null, "fs_name": null, "last_movement": null, "downthrown_side_dir": null, "vert_sep_rate": null, "strike_slip_rate": null, "exposure_quality": null, "shortening_rate": null, "notes": null, "index_right": 126, "NAME_EN": "Myanmar" }, "geometry": { "type": "LineString", "coordinates": [ [ 97.322, 23.202 ], [ 97.358, 23.252 ], [ 97.373, 23.265 ], [ 97.381, 23.276 ], [ 97.389, 23.28 ], [ 97.435, 23.337 ], [ 97.45, 23.351 ], [ 97.457, 23.353 ], [ 97.46, 23.359 ], [ 97.46, 23.363 ], [ 97.467, 23.373 ], [ 97.483, 23.379 ], [ 97.49, 23.386 ], [ 97.503, 23.395 ], [ 97.509, 23.396 ], [ 97.538, 23.395 ], [ 97.545, 23.399 ], [ 97.546, 23.405 ], [ 97.549, 23.408 ], [ 97.577, 23.428 ], [ 97.585, 23.43 ], [ 97.596, 23.43 ], [ 97.632, 23.448 ], [ 97.645, 23.457 ], [ 97.656, 23.481 ], [ 97.676, 23.504 ] ] } },
{ "type": "Feature", "properties": { "average_dip": "(90.0,,)", "average_rake": "(0.0,,)", "catalog_id": "EOS_AF0022", "catalog_name": "EOS_SE_Asia", "dip_dir": null, "lower_seis_depth": "(15.0,,)", "name": null, "net_slip_rate": null, "slip_type": "Sinistral", "upper_seis_depth": "(1.0,,)", "downthrown_side_id": null, "reference": null, "epistemic_quality": null, "accuracy": null, "activity_confidence": null, "fs_name": null, "last_movement": null, "downthrown_side_dir": null, "vert_sep_rate": null, "strike_slip_rate": null, "exposure_quality": null, "shortening_rate": null, "notes": null, "index_right": 126, "NAME_EN": "Myanmar" }, "geometry": { "type": "LineString", "coordinates": [ [ 96.926, 23.361 ], [ 96.943, 23.355 ], [ 96.962, 23.354 ], [ 96.977, 23.35 ], [ 96.994, 23.352 ], [ 97.005, 23.351 ], [ 97.012, 23.352 ], [ 97.066, 23.375 ], [ 97.108, 23.4 ], [ 97.137, 23.413 ], [ 97.151, 23.424 ], [ 97.162, 23.43 ], [ 97.211, 23.441 ], [ 97.231, 23.449 ], [ 97.249, 23.46 ], [ 97.277, 23.465 ], [ 97.309, 23.468 ], [ 97.335, 23.466 ], [ 97.358, 23.467 ], [ 97.375, 23.477 ], [ 97.396, 23.48 ], [ 97.414, 23.489 ], [ 97.44, 23.488 ], [ 97.461, 23.49 ], [ 97.508, 23.486 ], [ 97.53, 23.486 ], [ 97.557, 23.49 ], [ 97.608, 23.494 ] ] } },
{ "type": "Feature", "properties": { "average_dip": "(80.0,,)", "average_rake": "(0.0,,)", "catalog_id": "EOS_AF0023", "catalog_name": "EOS_SE_Asia", "dip_dir": null, "lower_seis_depth": "(15.0,,)", "name": null, "net_slip_rate": null, "slip_type": "Sinistral", "upper_seis_depth": "(1.0,,)", "downthrown_side_id": null, "reference": null, "epistemic_quality": null, "accuracy": null, "activity_confidence": null, "fs_name": null, "last_movement": null, "downthrown_side_dir": null, "vert_sep_rate": null, "strike_slip_rate": null, "exposure_quality": null, "shortening_rate": null, "notes": null, "index_right": 126, "NAME_EN": "Myanmar" }, "geometry": { "type": "LineString", "coordinates": [ [ 97.546, 24.947 ], [ 97.554, 24.918 ], [ 97.555, 24.886 ], [ 97.568, 24.827 ], [ 97.566, 24.783 ], [ 97.568, 24.772 ], [ 97.567, 24.723 ], [ 97.568, 24.692 ], [ 97.571, 24.663 ], [ 97.568, 24.636 ], [ 97.568, 24.619 ], [ 97.562, 24.572 ], [ 97.562, 24.557 ], [ 97.559, 24.545 ], [ 97.558, 24.512 ], [ 97.556, 24.499 ], [ 97.552, 24.485 ], [ 97.542, 24.466 ], [ 97.533, 24.455 ], [ 97.523, 24.437 ], [ 97.512, 24.426 ] ] } },
{ "type": "Feature", "properties": { "average_dip": "(90.0,,)", "average_rake": "(180.0,,)", "catalog_id": "EOS_AF0025", "catalog_name": "EOS_SE_Asia", "dip_dir": null, "lower_seis_depth": "(15.0,,)", "name": null, "net_slip_rate": null, "slip_type": "Dextral", "upper_seis_depth": "(1.0,,)", "downthrown_side_id": null, "reference": null, "epistemic_quality": null, "accuracy": null, "activity_confidence": null, "fs_name": null, "last_movement": null, "downthrown_side_dir": null, "vert_sep_rate": null, "strike_slip_rate": null, "exposure_quality": null, "shortening_rate": null, "notes": null, "index_right": 126, "NAME_EN": "Myanmar" }, "geometry": { "type": "LineString", "coordinates": [ [ 97.942, 25.511 ], [ 97.941, 25.492 ], [ 97.936, 25.478 ], [ 97.929, 25.463 ], [ 97.913, 25.441 ], [ 97.907, 25.43 ], [ 97.902, 25.414 ], [ 97.895, 25.381 ], [ 97.894, 25.359 ], [ 97.896, 25.291 ], [ 97.916, 25.22 ], [ 97.93, 25.146 ], [ 97.939, 25.111 ], [ 97.939, 25.101 ], [ 97.951, 25.013 ], [ 97.943, 24.985 ], [ 97.921, 24.954 ] ] } },
{ "type": "Feature", "properties": { "average_dip": "(70.0,,)", "average_rake": "(0.0,,)", "catalog_id": "EOS_AF0027", "catalog_name": "EOS_SE_Asia", "dip_dir": null, "lower_seis_depth": "(15.0,,)", "name": null, "net_slip_rate": null, "slip_type": "Sinistral", "upper_seis_depth": "(1.0,,)", "downthrown_side_id": null, "reference": null, "epistemic_quality": null, "accuracy": null, "activity_confidence": null, "fs_name": null, "last_movement": null, "downthrown_side_dir": null, "vert_sep_rate": null, "strike_slip_rate": null, "exposure_quality": null, "shortening_rate": null, "notes": null, "index_right": 126, "NAME_EN": "Myanmar" }, "geometry": { "type": "LineString", "coordinates": [ [ 97.791, 24.855 ], [ 97.788, 24.851 ], [ 97.775, 24.841 ], [ 97.723, 24.811 ], [ 97.71, 24.802 ], [ 97.7, 24.793 ], [ 97.685, 24.774 ], [ 97.675, 24.75 ], [ 97.671, 24.732 ], [ 97.671, 24.713 ], [ 97.682, 24.673 ] ] } },
{ "type": "Feature", "properties": { "average_dip": "(70.0,,)", "average_rake": "(0.0,,)", "catalog_id": "EOS_AF0028", "catalog_name": "EOS_SE_Asia", "dip_dir": null, "lower_seis_depth": "(15.0,,)", "name": null, "net_slip_rate": null, "slip_type": "Sinistral", "upper_seis_depth": "(1.0,,)", "downthrown_side_id": null, "reference": null, "epistemic_quality": null, "accuracy": null, "activity_confidence": null, "fs_name": null, "last_movement": null, "downthrown_side_dir": null, "vert_sep_rate": null, "strike_slip_rate": null, "exposure_quality": null, "shortening_rate": null, "notes": null, "index_right": 126, "NAME_EN": "Myanmar" }, "geometry": { "type": "LineString", "coordinates": [ [ 97.369, 23.786 ], [ 97.43, 23.789 ], [ 97.449, 23.792 ], [ 97.479, 23.799 ], [ 97.497, 23.801 ], [ 97.525, 23.807 ], [ 97.542, 23.815 ], [ 97.563, 23.819 ], [ 97.644, 23.824 ] ] } },
{ "type": "Feature", "properties": { "average_dip": "(90.0,,)", "average_rake": "(0.0,,)", "catalog_id": "EOS_AF0029", "catalog_name": "EOS_SE_Asia", "dip_dir": null, "lower_seis_depth": "(10.0,,)", "name": null, "net_slip_rate": null, "slip_type": "Sinistral", "upper_seis_depth": "(1.0,,)", "downthrown_side_id": null, "reference": null, "epistemic_quality": null, "accuracy": null, "activity_confidence": null, "fs_name": null, "last_movement": null, "downthrown_side_dir": null, "vert_sep_rate": null, "strike_slip_rate": null, "exposure_quality": null, "shortening_rate": null, "notes": null, "index_right": 126, "NAME_EN": "Myanmar" }, "geometry": { "type": "LineString", "coordinates": [ [ 97.865, 24.059 ], [ 97.84, 24.039 ], [ 97.798, 24.016 ], [ 97.747, 23.973 ], [ 97.685, 23.938 ], [ 97.647, 23.925 ], [ 97.613, 23.911 ], [ 97.609, 23.902 ], [ 97.59, 23.872 ] ] } },
{ "type": "Feature", "properties": { "average_dip": "(90.0,,)", "average_rake": "(180.0,,)", "catalog_id": "EOS_AF0030", "catalog_name": "EOS_SE_Asia", "dip_dir": null, "lower_seis_depth": "(15.0,,)", "name": null, "net_slip_rate": null, "slip_type": "Dextral", "upper_seis_depth": "(1.0,,)", "downthrown_side_id": null, "reference": null, "epistemic_quality": null, "accuracy": null, "activity_confidence": null, "fs_name": null, "last_movement": null, "downthrown_side_dir": null, "vert_sep_rate": null, "strike_slip_rate": null, "exposure_quality": null, "shortening_rate": null, "notes": null, "index_right": 126, "NAME_EN": "Myanmar" }, "geometry": { "type": "LineString", "coordinates": [ [ 98.109, 25.571 ], [ 98.132, 25.543 ], [ 98.198, 25.454 ], [ 98.217, 25.436 ], [ 98.254, 25.385 ], [ 98.272, 25.367 ], [ 98.288, 25.339 ] ] } },
{ "type": "Feature", "properties": { "average_dip": "(90.0,,)", "average_rake": "(180.0,,)", "catalog_id": "EOS_AF0031", "catalog_name": "EOS_SE_Asia", "dip_dir": null, "lower_seis_depth": "(15.0,,)", "name": null, "net_slip_rate": null, "slip_type": "Dextral", "upper_seis_depth": "(1.0,,)", "downthrown_side_id": null, "reference": null, "epistemic_quality": null, "accuracy": null, "activity_confidence": null, "fs_name": null, "last_movement": null, "downthrown_side_dir": null, "vert_sep_rate": null, "strike_slip_rate": null, "exposure_quality": null, "shortening_rate": null, "notes": null, "index_right": 126, "NAME_EN": "Myanmar" }, "geometry": { "type": "LineString", "coordinates": [ [ 98.25, 25.62 ], [ 98.249, 25.605 ], [ 98.25, 25.584 ], [ 98.246, 25.56 ], [ 98.246, 25.53 ], [ 98.249, 25.477 ], [ 98.257, 25.427 ], [ 98.273, 25.381 ], [ 98.296, 25.334 ], [ 98.314, 25.271 ], [ 98.325, 25.226 ], [ 98.329, 25.2 ], [ 98.349, 25.151 ], [ 98.36, 25.11 ] ] } },
{ "type": "Feature", "properties": { "average_dip": "(90.0,,)", "average_rake": "(180.0,,)", "catalog_id": "EOS_AF0032", "catalog_name": "EOS_SE_Asia", "dip_dir": null, "lower_seis_depth": "(15.0,,)", "name": null, "net_slip_rate": null, "slip_type": "Dextral", "upper_seis_depth": "(1.0,,)", "downthrown_side_id": null, "reference": null, "epistemic_quality": null, "accuracy": null, "activity_confidence": null, "fs_name": null, "last_movement": null, "downthrown_side_dir": null, "vert_sep_rate": null, "strike_slip_rate": null, "exposure_quality": null, "shortening_rate": null, "notes": null, "index_right": 126, "NAME_EN": "Myanmar" }, "geometry": { "type": "LineString", "coordinates": [ [ 96.635, 22.51 ], [ 96.647, 22.501 ], [ 96.656, 22.487 ], [ 96.67, 22.472 ], [ 96.697, 22.434 ], [ 96.702, 22.424 ], [ 96.722, 22.346 ], [ 96.728, 22.313 ], [ 96.737, 22.289 ], [ 96.741, 22.27 ], [ 96.742, 22.255 ], [ 96.754, 22.202 ], [ 96.769, 22.165 ], [ 96.768, 22.138 ], [ 96.774, 22.088 ], [ 96.772, 22.071 ], [ 96.775, 22.04 ], [ 96.774, 22.01 ], [ 96.779, 21.987 ], [ 96.782, 21.963 ], [ 96.784, 21.941 ], [ 96.784, 21.916 ], [ 96.797, 21.854 ], [ 96.807, 21.828 ], [ 96.83, 21.787 ], [ 96.84, 21.761 ], [ 96.843, 21.733 ], [ 96.848, 21.714 ], [ 96.85, 21.649 ], [ 96.856, 21.628 ], [ 96.874, 21.512 ], [ 96.892, 21.466 ], [ 96.899, 21.441 ], [ 96.911, 21.41 ], [ 96.922, 21.278 ], [ 96.93, 21.1 ] ] } },
{ "type": "Feature", "properties": { "average_dip": "(90.0,,)", "average_rake": "(180.0,,)", "catalog_id": "EOS_AF0044", "catalog_name": "EOS_SE_Asia", "dip_dir": null, "lower_seis_depth": "(15.0,,)", "name": null, "net_slip_rate": null, "slip_type": "Dextral", "upper_seis_depth": "(1.0,,)", "downthrown_side_id": null, "reference": null, "epistemic_quality": null, "accuracy": null, "activity_confidence": null, "fs_name": null, "last_movement": null, "downthrown_side_dir": null, "vert_sep_rate": null, "strike_slip_rate": null, "exposure_quality": null, "shortening_rate": null, "notes": null, "index_right": 126, "NAME_EN": "Myanmar" }, "geometry": { "type": "LineString", "coordinates": [ [ 98.903, 22.478 ], [ 98.894, 22.488 ], [ 98.868, 22.527 ], [ 98.862, 22.538 ], [ 98.86, 22.55 ], [ 98.856, 22.559 ], [ 98.845, 22.574 ], [ 98.841, 22.583 ], [ 98.82, 22.606 ], [ 98.806, 22.631 ], [ 98.778, 22.691 ], [ 98.767, 22.722 ], [ 98.763, 22.729 ], [ 98.755, 22.737 ], [ 98.748, 22.749 ], [ 98.734, 22.788 ], [ 98.732, 22.8 ], [ 98.732, 22.813 ], [ 98.719, 22.836 ], [ 98.717, 22.854 ], [ 98.713, 22.863 ] ] } },
{ "type": "Feature", "properties": { "average_dip": "(90.0,,)", "average_rake": "(0.0,,)", "catalog_id": "EOS_AF0045", "catalog_name": "EOS_SE_Asia", "dip_dir": null, "lower_seis_depth": "(15.0,,)", "name": null, "net_slip_rate": null, "slip_type": "Sinistral", "upper_seis_depth": "(1.0,,)", "downthrown_side_id": null, "reference": null, "epistemic_quality": null, "accuracy": null, "activity_confidence": null, "fs_name": null, "last_movement": null, "downthrown_side_dir": null, "vert_sep_rate": null, "strike_slip_rate": null, "exposure_quality": null, "shortening_rate": null, "notes": null, "index_right": 126, "NAME_EN": "Myanmar" }, "geometry": { "type": "LineString", "coordinates": [ [ 98.765, 22.085 ], [ 98.786, 22.086 ], [ 98.812, 22.091 ], [ 98.824, 22.091 ], [ 98.837, 22.095 ], [ 98.858, 22.097 ], [ 98.893, 22.119 ], [ 98.939, 22.128 ], [ 99.015, 22.134 ], [ 99.082, 22.145 ], [ 99.13, 22.155 ], [ 99.219, 22.187 ], [ 99.314, 22.218 ], [ 99.367, 22.238 ], [ 99.447, 22.275 ], [ 99.518, 22.303 ], [ 99.575, 22.328 ], [ 99.66, 22.374 ], [ 99.704, 22.389 ], [ 99.722, 22.399 ], [ 99.749, 22.419 ], [ 99.782, 22.437 ], [ 99.82, 22.454 ], [ 99.845, 22.46 ] ] } },
{ "type": "Feature", "properties": { "average_dip": "(90.0,,)", "average_rake": "(0.0,,)", "catalog_id": "EOS_AF0046", "catalog_name": "EOS_SE_Asia", "dip_dir": null, "lower_seis_depth": "(15.0,,)", "name": null, "net_slip_rate": null, "slip_type": "Sinistral", "upper_seis_depth": "(1.0,,)", "downthrown_side_id": null, "reference": null, "epistemic_quality": null, "accuracy": null, "activity_confidence": null, "fs_name": null, "last_movement": null, "downthrown_side_dir": null, "vert_sep_rate": null, "strike_slip_rate": null, "exposure_quality": null, "shortening_rate": null, "notes": null, "index_right": 126, "NAME_EN": "Myanmar" }, "geometry": { "type": "LineString", "coordinates": [ [ 98.778, 21.951 ], [ 98.811, 21.828 ], [ 98.824, 21.793 ], [ 98.845, 21.747 ], [ 98.864, 21.718 ], [ 98.871, 21.701 ], [ 98.892, 21.673 ], [ 98.899, 21.657 ], [ 98.907, 21.645 ], [ 98.909, 21.637 ], [ 98.916, 21.625 ], [ 98.927, 21.611 ], [ 98.931, 21.602 ], [ 98.931, 21.595 ], [ 98.943, 21.566 ], [ 98.966, 21.524 ], [ 98.978, 21.495 ], [ 98.984, 21.487 ], [ 98.989, 21.476 ], [ 98.995, 21.459 ], [ 99.0, 21.441 ], [ 99.002, 21.426 ], [ 99.006, 21.415 ], [ 99.012, 21.367 ], [ 99.044, 21.273 ], [ 99.076, 21.168 ], [ 99.084, 21.107 ], [ 99.091, 21.081 ], [ 99.099, 21.058 ], [ 99.123, 21.026 ] ] } },
{ "type": "Feature", "properties": { "average_dip": "(60.0,,)", "average_rake": "(-90.0,,)", "catalog_id": "EOS_AF0047", "catalog_name": "EOS_SE_Asia", "dip_dir": null, "lower_seis_depth": "(15.0,,)", "name": null, "net_slip_rate": null, "slip_type": "Normal", "upper_seis_depth": "(1.0,,)", "downthrown_side_id": null, "reference": null, "epistemic_quality": null, "accuracy": null, "activity_confidence": null, "fs_name": null, "last_movement": null, "downthrown_side_dir": null, "vert_sep_rate": null, "strike_slip_rate": null, "exposure_quality": null, "shortening_rate": null, "notes": null, "index_right": 126, "NAME_EN": "Myanmar" }, "geometry": { "type": "LineString", "coordinates": [ [ 97.382, 21.245 ], [ 97.385, 21.258 ], [ 97.384, 21.269 ], [ 97.387, 21.28 ], [ 97.398, 21.302 ], [ 97.4, 21.315 ], [ 97.399, 21.329 ], [ 97.393, 21.349 ], [ 97.395, 21.36 ], [ 97.396, 21.383 ], [ 97.395, 21.393 ], [ 97.389, 21.407 ], [ 97.376, 21.428 ], [ 97.366, 21.454 ], [ 97.345, 21.489 ], [ 97.34, 21.512 ], [ 97.332, 21.535 ], [ 97.326, 21.56 ], [ 97.318, 21.664 ], [ 97.326, 21.697 ], [ 97.333, 21.74 ], [ 97.359, 21.795 ], [ 97.367, 21.823 ], [ 97.371, 21.854 ], [ 97.377, 21.884 ], [ 97.396, 21.917 ] ] } },
{ "type": "Feature", "properties": { "average_dip": "(90.0,,)", "average_rake": "(180.0,,)", "catalog_id": "EOS_AF0048", "catalog_name": "EOS_SE_Asia", "dip_dir": null, "lower_seis_depth": "(15.0,,)", "name": null, "net_slip_rate": null, "slip_type": "Dextral", "upper_seis_depth": "(1.0,,)", "downthrown_side_id": null, "reference": null, "epistemic_quality": null, "accuracy": null, "activity_confidence": null, "fs_name": null, "last_movement": null, "downthrown_side_dir": null, "vert_sep_rate": null, "strike_slip_rate": null, "exposure_quality": null, "shortening_rate": null, "notes": null, "index_right": 126, "NAME_EN": "Myanmar" }, "geometry": { "type": "LineString", "coordinates": [ [ 99.444, 23.08 ], [ 99.469, 23.066 ], [ 99.504, 23.051 ], [ 99.552, 23.033 ], [ 99.575, 23.021 ], [ 99.611, 22.995 ], [ 99.658, 22.974 ], [ 99.689, 22.956 ], [ 99.739, 22.917 ], [ 99.768, 22.89 ], [ 99.791, 22.873 ], [ 99.801, 22.862 ], [ 99.808, 22.848 ], [ 99.838, 22.821 ], [ 99.848, 22.813 ], [ 99.857, 22.81 ], [ 99.866, 22.799 ], [ 99.879, 22.791 ], [ 99.888, 22.783 ], [ 99.903, 22.766 ], [ 99.928, 22.751 ], [ 99.935, 22.742 ], [ 99.959, 22.725 ], [ 99.978, 22.721 ], [ 99.985, 22.717 ], [ 100.01, 22.71 ], [ 100.057, 22.692 ], [ 100.085, 22.679 ], [ 100.148, 22.645 ], [ 100.17, 22.631 ], [ 100.175, 22.631 ], [ 100.217, 22.604 ], [ 100.248, 22.591 ], [ 100.269, 22.574 ], [ 100.375, 22.497 ] ] } },
{ "type": "Feature", "properties": { "average_dip": "(90.0,,)", "average_rake": "(0.0,,)", "catalog_id": "EOS_AF0055", "catalog_name": "EOS_SE_Asia", "dip_dir": null, "lower_seis_depth": "(15.0,,)", "name": null, "net_slip_rate": null, "slip_type": "Sinistral", "upper_seis_depth": "(1.0,,)", "downthrown_side_id": null, "reference": null, "epistemic_quality": null, "accuracy": null, "activity_confidence": null, "fs_name": null, "last_movement": null, "downthrown_side_dir": null, "vert_sep_rate": null, "strike_slip_rate": null, "exposure_quality": null, "shortening_rate": null, "notes": null, "index_right": 126, "NAME_EN": "Myanmar" }, "geometry": { "type": "LineString", "coordinates": [ [ 99.902, 21.128 ], [ 99.913, 21.156 ], [ 99.931, 21.185 ], [ 99.945, 21.216 ], [ 99.958, 21.236 ], [ 99.968, 21.243 ], [ 100.015, 21.256 ] ] } },
{ "type": "Feature", "properties": { "average_dip": "(90.0,,)", "average_rake": "(0.0,,)", "catalog_id": "EOS_AF0056", "catalog_name": "EOS_SE_Asia", "dip_dir": null, "lower_seis_depth": "(15.0,,)", "name": null, "net_slip_rate": null, "slip_type": "Sinistral", "upper_seis_depth": "(1.0,,)", "downthrown_side_id": null, "reference": null, "epistemic_quality": null, "accuracy": null, "activity_confidence": null, "fs_name": null, "last_movement": null, "downthrown_side_dir": null, "vert_sep_rate": null, "strike_slip_rate": null, "exposure_quality": null, "shortening_rate": null, "notes": null, "index_right": 126, "NAME_EN": "Myanmar" }, "geometry": { "type": "LineString", "coordinates": [ [ 99.74, 21.507 ], [ 99.756, 21.509 ], [ 99.77, 21.516 ], [ 99.786, 21.528 ], [ 99.839, 21.561 ], [ 99.855, 21.574 ], [ 99.867, 21.587 ], [ 99.885, 21.599 ], [ 99.969, 21.671 ], [ 100.078, 21.722 ], [ 100.123, 21.735 ], [ 100.171, 21.746 ], [ 100.214, 21.769 ], [ 100.261, 21.783 ], [ 100.338, 21.792 ], [ 100.413, 21.813 ], [ 100.492, 21.84 ], [ 100.584, 21.863 ], [ 100.61, 21.879 ], [ 100.63, 21.896 ], [ 100.649, 21.908 ], [ 100.698, 21.918 ] ] } },
{ "type": "Feature", "properties": { "average_dip": "(90.0,,)", "average_rake": "(0.0,,)", "catalog_id": "EOS_AF0057", "catalog_name": "EOS_SE_Asia", "dip_dir": null, "lower_seis_depth": "(15.0,,)", "name": null, "net_slip_rate": null, "slip_type": "Sinistral", "upper_seis_depth": "(1.0,,)", "downthrown_side_id": null, "reference": null, "epistemic_quality": null, "accuracy": null, "activity_confidence": null, "fs_name": null, "last_movement": null, "downthrown_side_dir": null, "vert_sep_rate": null, "strike_slip_rate": null, "exposure_quality": null, "shortening_rate": null, "notes": null, "index_right": 126, "NAME_EN": "Myanmar" }, "geometry": { "type": "LineString", "coordinates": [ [ 100.007, 21.279 ], [ 100.012, 21.278 ], [ 100.033, 21.284 ], [ 100.053, 21.301 ], [ 100.068, 21.31 ], [ 100.094, 21.315 ], [ 100.101, 21.318 ], [ 100.109, 21.326 ], [ 100.128, 21.336 ], [ 100.158, 21.343 ], [ 100.201, 21.345 ], [ 100.272, 21.36 ], [ 100.33, 21.37 ], [ 100.357, 21.377 ], [ 100.386, 21.391 ], [ 100.44, 21.411 ], [ 100.462, 21.415 ], [ 100.484, 21.425 ], [ 100.509, 21.429 ], [ 100.533, 21.442 ], [ 100.591, 21.479 ], [ 100.628, 21.493 ], [ 100.651, 21.51 ], [ 100.696, 21.557 ], [ 100.729, 21.614 ], [ 100.746, 21.636 ], [ 100.768, 21.683 ], [ 100.782, 21.718 ] ] } },
{ "type": "Feature", "properties": { "average_dip": "(90.0,,)", "average_rake": "(0.0,,)", "catalog_id": "EOS_AF0060", "catalog_name": "EOS_SE_Asia", "dip_dir": null, "lower_seis_depth": "(15.0,,)", "name": null, "net_slip_rate": null, "slip_type": "Sinistral", "upper_seis_depth": "(1.0,,)", "downthrown_side_id": null, "reference": null, "epistemic_quality": null, "accuracy": null, "activity_confidence": null, "fs_name": null, "last_movement": null, "downthrown_side_dir": null, "vert_sep_rate": null, "strike_slip_rate": null, "exposure_quality": null, "shortening_rate": null, "notes": null, "index_right": 126, "NAME_EN": "Myanmar" }, "geometry": { "type": "LineString", "coordinates": [ [ 101.251, 21.867 ], [ 101.245, 21.863 ], [ 101.236, 21.86 ], [ 101.231, 21.856 ], [ 101.221, 21.853 ], [ 101.196, 21.838 ], [ 101.184, 21.836 ], [ 101.171, 21.83 ], [ 101.161, 21.817 ], [ 101.147, 21.813 ], [ 101.112, 21.791 ], [ 101.099, 21.787 ], [ 101.091, 21.78 ], [ 101.088, 21.774 ], [ 101.073, 21.763 ], [ 101.06, 21.751 ], [ 101.031, 21.73 ], [ 101.027, 21.724 ], [ 101.008, 21.708 ], [ 100.972, 21.689 ], [ 100.914, 21.655 ], [ 100.885, 21.636 ], [ 100.87, 21.613 ], [ 100.853, 21.595 ], [ 100.845, 21.583 ] ] } },
{ "type": "Feature", "properties": { "average_dip": "(90.0,,)", "average_rake": "(0.0,,)", "catalog_id": "EOS_AF0061", "catalog_name": "EOS_SE_Asia", "dip_dir": null, "lower_seis_depth": "(15.0,,)", "name": null, "net_slip_rate": null, "slip_type": "Sinistral", "upper_seis_depth": "(1.0,,)", "downthrown_side_id": null, "reference": null, "epistemic_quality": null, "accuracy": null, "activity_confidence": null, "fs_name": null, "last_movement": null, "downthrown_side_dir": null, "vert_sep_rate": null, "strike_slip_rate": null, "exposure_quality": null, "shortening_rate": null, "notes": null, "index_right": 126, "NAME_EN": "Myanmar" }, "geometry": { "type": "LineString", "coordinates": [ [ 101.252, 21.711 ], [ 101.239, 21.697 ], [ 101.234, 21.694 ], [ 101.209, 21.69 ], [ 101.192, 21.689 ], [ 101.158, 21.676 ], [ 101.15, 21.675 ], [ 101.108, 21.662 ], [ 101.066, 21.636 ], [ 100.995, 21.617 ], [ 100.962, 21.603 ], [ 100.937, 21.603 ], [ 100.918, 21.598 ], [ 100.897, 21.586 ] ] } },
{ "type": "Feature", "properties": { "average_dip": "(90.0,,)", "average_rake": "(0.0,,)", "catalog_id": "EOS_AF0062", "catalog_name": "EOS_SE_Asia", "dip_dir": null, "lower_seis_depth": "(15.0,,)", "name": null, "net_slip_rate": null, "slip_type": "Sinistral", "upper_seis_depth": "(1.0,,)", "downthrown_side_id": null, "reference": null, "epistemic_quality": null, "accuracy": null, "activity_confidence": null, "fs_name": null, "last_movement": null, "downthrown_side_dir": null, "vert_sep_rate": null, "strike_slip_rate": null, "exposure_quality": null, "shortening_rate": null, "notes": null, "index_right": 126, "NAME_EN": "Myanmar" }, "geometry": { "type": "LineString", "coordinates": [ [ 100.849, 21.567 ], [ 100.839, 21.554 ], [ 100.813, 21.53 ], [ 100.784, 21.509 ], [ 100.754, 21.49 ], [ 100.709, 21.441 ], [ 100.681, 21.425 ], [ 100.648, 21.396 ], [ 100.614, 21.372 ], [ 100.597, 21.364 ], [ 100.558, 21.338 ], [ 100.522, 21.295 ] ] } },
{ "type": "Feature", "properties": { "average_dip": "(90.0,,)", "average_rake": "(0.0,,)", "catalog_id": "EOS_AF0063", "catalog_name": "EOS_SE_Asia", "dip_dir": null, "lower_seis_depth": "(15.0,,)", "name": null, "net_slip_rate": null, "slip_type": "Sinistral", "upper_seis_depth": "(1.0,,)", "downthrown_side_id": null, "reference": null, "epistemic_quality": null, "accuracy": null, "activity_confidence": null, "fs_name": null, "last_movement": null, "downthrown_side_dir": null, "vert_sep_rate": null, "strike_slip_rate": null, "exposure_quality": null, "shortening_rate": null, "notes": null, "index_right": 126, "NAME_EN": "Myanmar" }, "geometry": { "type": "LineString", "coordinates": [ [ 100.526, 21.285 ], [ 100.521, 21.281 ], [ 100.487, 21.264 ], [ 100.438, 21.229 ], [ 100.385, 21.197 ], [ 100.37, 21.186 ], [ 100.354, 21.164 ], [ 100.346, 21.145 ], [ 100.334, 21.123 ], [ 100.323, 21.111 ], [ 100.319, 21.097 ] ] } },
{ "type": "Feature", "properties": { "average_dip": "(90.0,,)", "average_rake": "(0.0,,)", "catalog_id": "EOS_AF0064", "catalog_name": "EOS_SE_Asia", "dip_dir": null, "lower_seis_depth": "(15.0,,)", "name": null, "net_slip_rate": null, "slip_type": "Sinistral", "upper_seis_depth": "(1.0,,)", "downthrown_side_id": null, "reference": null, "epistemic_quality": null, "accuracy": null, "activity_confidence": null, "fs_name": null, "last_movement": null, "downthrown_side_dir": null, "vert_sep_rate": null, "strike_slip_rate": null, "exposure_quality": null, "shortening_rate": null, "notes": null, "index_right": 126, "NAME_EN": "Myanmar" }, "geometry": { "type": "LineString", "coordinates": [ [ 99.917, 21.015 ], [ 99.928, 21.029 ], [ 99.945, 21.04 ], [ 99.969, 21.049 ], [ 99.975, 21.049 ], [ 100.037, 21.069 ], [ 100.077, 21.077 ], [ 100.1, 21.073 ], [ 100.12, 21.076 ], [ 100.151, 21.086 ], [ 100.175, 21.091 ], [ 100.224, 21.098 ], [ 100.247, 21.104 ] ] } },
{ "type": "Feature", "properties": { "average_dip": "(90.0,,)", "average_rake": "(0.0,,)", "catalog_id": "EOS_AF0065", "catalog_name": "EOS_SE_Asia", "dip_dir": null, "lower_seis_depth": "(15.0,,)", "name": null, "net_slip_rate": null, "slip_type": "Sinistral", "upper_seis_depth": "(1.0,,)", "downthrown_side_id": null, "reference": null, "epistemic_quality": null, "accuracy": null, "activity_confidence": null, "fs_name": null, "last_movement": null, "downthrown_side_dir": null, "vert_sep_rate": null, "strike_slip_rate": null, "exposure_quality": null, "shortening_rate": null, "notes": null, "index_right": 126, "NAME_EN": "Myanmar" }, "geometry": { "type": "LineString", "coordinates": [ [ 99.904, 20.87 ], [ 99.917, 20.897 ], [ 99.926, 20.91 ], [ 99.942, 20.922 ], [ 99.954, 20.935 ], [ 99.978, 20.968 ], [ 99.987, 20.975 ], [ 100.005, 20.983 ], [ 100.029, 20.988 ], [ 100.045, 20.996 ], [ 100.077, 21.008 ], [ 100.107, 21.014 ], [ 100.132, 21.027 ] ] } },
{ "type": "Feature", "properties": { "average_dip": "(90.0,,)", "average_rake": "(0.0,,)", "catalog_id": "EOS_AF0066", "catalog_name": "EOS_SE_Asia", "dip_dir": null, "lower_seis_depth": "(15.0,,)", "name": null, "net_slip_rate": null, "slip_type": "Sinistral", "upper_seis_depth": "(1.0,,)", "downthrown_side_id": null, "reference": null, "epistemic_quality": null, "accuracy": null, "activity_confidence": null, "fs_name": null, "last_movement": null, "downthrown_side_dir": null, "vert_sep_rate": null, "strike_slip_rate": null, "exposure_quality": null, "shortening_rate": null, "notes": null, "index_right": 126, "NAME_EN": "Myanmar" }, "geometry": { "type": "LineString", "coordinates": [ [ 100.053, 20.961 ], [ 100.084, 20.971 ], [ 100.117, 20.99 ], [ 100.129, 20.995 ], [ 100.154, 21.003 ], [ 100.159, 21.003 ], [ 100.192, 21.021 ], [ 100.231, 21.046 ], [ 100.263, 21.06 ] ] } },
{ "type": "Feature", "properties": { "average_dip": "(70.0,,)", "average_rake": "(180.0,,)", "catalog_id": "EOS_AF0067", "catalog_name": "EOS_SE_Asia", "dip_dir": null, "lower_seis_depth": "(15.0,,)", "name": null, "net_slip_rate": null, "slip_type": "Dextral", "upper_seis_depth": "(1.0,,)", "downthrown_side_id": null, "reference": null, "epistemic_quality": null, "accuracy": null, "activity_confidence": null, "fs_name": null, "last_movement": null, "downthrown_side_dir": null, "vert_sep_rate": null, "strike_slip_rate": null, "exposure_quality": null, "shortening_rate": null, "notes": null, "index_right": 126, "NAME_EN": "Myanmar" }, "geometry": { "type": "LineString", "coordinates": [ [ 99.81, 20.892 ], [ 99.793, 20.91 ], [ 99.748, 20.947 ], [ 99.735, 20.971 ], [ 99.728, 20.977 ], [ 99.686, 21.036 ], [ 99.653, 21.074 ], [ 99.621, 21.103 ], [ 99.586, 21.142 ], [ 99.579, 21.156 ], [ 99.577, 21.167 ], [ 99.57, 21.182 ], [ 99.568, 21.196 ], [ 99.568, 21.213 ], [ 99.564, 21.234 ], [ 99.558, 21.25 ], [ 99.546, 21.271 ] ] } },
{ "type": "Feature", "properties": { "average_dip": "(70.0,,)", "average_rake": "(180.0,,)", "catalog_id": "EOS_AF0068", "catalog_name": "EOS_SE_Asia", "dip_dir": null, "lower_seis_depth": "(15.0,,)", "name": null, "net_slip_rate": null, "slip_type": "Dextral", "upper_seis_depth": "(1.0,,)", "downthrown_side_id": null, "reference": null, "epistemic_quality": null, "accuracy": null, "activity_confidence": null, "fs_name": null, "last_movement": null, "downthrown_side_dir": null, "vert_sep_rate": null, "strike_slip_rate": null, "exposure_quality": null, "shortening_rate": null, "notes": null, "index_right": 126, "NAME_EN": "Myanmar" }, "geometry": { "type": "LineString", "coordinates": [ [ 99.581, 21.262 ], [ 99.576, 21.266 ], [ 99.571, 21.274 ], [ 99.563, 21.282 ], [ 99.536, 21.338 ], [ 99.518, 21.389 ], [ 99.513, 21.408 ], [ 99.504, 21.425 ], [ 99.498, 21.442 ], [ 99.491, 21.469 ] ] } },
{ "type": "Feature", "properties": { "average_dip": "(90.0,,)", "average_rake": "(0.0,,)", "catalog_id": "EOS_AF0069", "catalog_name": "EOS_SE_Asia", "dip_dir": null, "lower_seis_depth": "(15.0,,)", "name": null, "net_slip_rate": null, "slip_type": "Sinistral", "upper_seis_depth": "(1.0,,)", "downthrown_side_id": null, "reference": null, "epistemic_quality": null, "accuracy": null, "activity_confidence": null, "fs_name": null, "last_movement": null, "downthrown_side_dir": null, "vert_sep_rate": null, "strike_slip_rate": null, "exposure_quality": null, "shortening_rate": null, "notes": null, "index_right": 126, "NAME_EN": "Myanmar" }, "geometry": { "type": "LineString", "coordinates": [ [ 101.024, 21.056 ], [ 101.02, 21.052 ], [ 100.991, 21.035 ], [ 100.968, 21.029 ], [ 100.954, 21.023 ], [ 100.946, 21.017 ], [ 100.929, 21.01 ], [ 100.918, 21.003 ], [ 100.89, 20.99 ], [ 100.876, 20.981 ], [ 100.864, 20.977 ], [ 100.858, 20.973 ], [ 100.794, 20.951 ], [ 100.726, 20.925 ], [ 100.671, 20.91 ], [ 100.639, 20.899 ], [ 100.61, 20.893 ], [ 100.547, 20.871 ], [ 100.509, 20.861 ], [ 100.463, 20.854 ], [ 100.417, 20.852 ], [ 100.36, 20.838 ], [ 100.319, 20.823 ] ] } },
{ "type": "Feature", "properties": { "average_dip": "(90.0,,)", "average_rake": "(0.0,,)", "catalog_id": "EOS_AF0070", "catalog_name": "EOS_SE_Asia", "dip_dir": null, "lower_seis_depth": "(15.0,,)", "name": null, "net_slip_rate": null, "slip_type": "Sinistral", "upper_seis_depth": "(1.0,,)", "downthrown_side_id": null, "reference": null, "epistemic_quality": null, "accuracy": null, "activity_confidence": null, "fs_name": null, "last_movement": null, "downthrown_side_dir": null, "vert_sep_rate": null, "strike_slip_rate": null, "exposure_quality": null, "shortening_rate": null, "notes": null, "index_right": 126, "NAME_EN": "Myanmar" }, "geometry": { "type": "LineString", "coordinates": [ [ 100.353, 20.827 ], [ 100.272, 20.811 ], [ 100.229, 20.795 ], [ 100.205, 20.788 ], [ 100.166, 20.767 ], [ 100.13, 20.741 ], [ 100.116, 20.728 ], [ 100.099, 20.716 ], [ 100.085, 20.709 ] ] } },
{ "type": "Feature", "properties": { "average_dip": "(90.0,,)", "average_rake": "(0.0,,)", "catalog_id": "EOS_AF0071", "catalog_name": "EOS_SE_Asia", "dip_dir": null, "lower_seis_depth": "(15.0,,)", "name": null, "net_slip_rate": null, "slip_type": "Sinistral", "upper_seis_depth": "(1.0,,)", "downthrown_side_id": null, "reference": null, "epistemic_quality": null, "accuracy": null, "activity_confidence": null, "fs_name": null, "last_movement": null, "downthrown_side_dir": null, "vert_sep_rate": null, "strike_slip_rate": null, "exposure_quality": null, "shortening_rate": null, "notes": null, "index_right": 126, "NAME_EN": "Myanmar" }, "geometry": { "type": "LineString", "coordinates": [ [ 99.891, 20.648 ], [ 99.92, 20.654 ], [ 99.951, 20.667 ], [ 99.976, 20.674 ], [ 99.993, 20.682 ], [ 100.023, 20.693 ], [ 100.039, 20.697 ], [ 100.083, 20.704 ], [ 100.094, 20.709 ] ] } },
{ "type": "Feature", "properties": { "average_dip": "(90.0,,)", "average_rake": "(180.0,,)", "catalog_id": "EOS_AF0108", "catalog_name": "EOS_SE_Asia", "dip_dir": null, "lower_seis_depth": "(15.0,,)", "name": null, "net_slip_rate": null, "slip_type": "Dextral", "upper_seis_depth": "(1.0,,)", "downthrown_side_id": null, "reference": null, "epistemic_quality": null, "accuracy": null, "activity_confidence": null, "fs_name": null, "last_movement": null, "downthrown_side_dir": null, "vert_sep_rate": null, "strike_slip_rate": null, "exposure_quality": null, "shortening_rate": null, "notes": null, "index_right": 126, "NAME_EN": "Myanmar" }, "geometry": { "type": "LineString", "coordinates": [ [ 97.849, 25.32 ], [ 97.843, 25.291 ], [ 97.834, 25.263 ], [ 97.82, 25.237 ], [ 97.806, 25.203 ], [ 97.782, 25.123 ], [ 97.766, 25.062 ], [ 97.759, 25.043 ], [ 97.754, 25.01 ] ] } },
{ "type": "Feature", "properties": { "average_dip": "(90.0,,)", "average_rake": "(180.0,,)", "catalog_id": "EOS_AF0109", "catalog_name": "EOS_SE_Asia", "dip_dir": null, "lower_seis_depth": "(15.0,,)", "name": null, "net_slip_rate": null, "slip_type": "Dextral", "upper_seis_depth": "(1.0,,)", "downthrown_side_id": null, "reference": null, "epistemic_quality": null, "accuracy": null, "activity_confidence": null, "fs_name": null, "last_movement": null, "downthrown_side_dir": null, "vert_sep_rate": null, "strike_slip_rate": null, "exposure_quality": null, "shortening_rate": null, "notes": null, "index_right": 126, "NAME_EN": "Myanmar" }, "geometry": { "type": "LineString", "coordinates": [ [ 97.8, 25.253 ], [ 97.812, 25.341 ], [ 97.821, 25.359 ], [ 97.831, 25.389 ], [ 97.841, 25.398 ], [ 97.851, 25.413 ], [ 97.871, 25.453 ], [ 97.886, 25.507 ], [ 97.918, 25.565 ], [ 97.955, 25.624 ] ] } },
{ "type": "Feature", "properties": { "average_dip": "(90.0,,)", "average_rake": "(180.0,,)", "catalog_id": "EOS_AF0110", "catalog_name": "EOS_SE_Asia", "dip_dir": null, "lower_seis_depth": "(15.0,,)", "name": null, "net_slip_rate": null, "slip_type": "Dextral", "upper_seis_depth": "(1.0,,)", "downthrown_side_id": null, "reference": null, "epistemic_quality": null, "accuracy": null, "activity_confidence": null, "fs_name": null, "last_movement": null, "downthrown_side_dir": null, "vert_sep_rate": null, "strike_slip_rate": null, "exposure_quality": null, "shortening_rate": null, "notes": null, "index_right": 126, "NAME_EN": "Myanmar" }, "geometry": { "type": "LineString", "coordinates": [ [ 96.543, 14.582 ], [ 96.521, 14.879 ], [ 96.498, 15.221 ], [ 96.498, 15.573 ], [ 96.487, 15.892 ], [ 96.51, 16.178 ], [ 96.521, 16.454 ], [ 96.528, 16.545 ], [ 96.525, 16.674 ], [ 96.516, 16.928 ], [ 96.519, 17.086 ], [ 96.512, 17.266 ], [ 96.504, 17.416 ], [ 96.506, 17.528 ], [ 96.495, 17.672 ], [ 96.492, 17.743 ], [ 96.485, 17.813 ], [ 96.48, 17.994 ], [ 96.477, 18.033 ], [ 96.474, 18.045 ] ] } },
{ "type": "Feature", "properties": { "average_dip": "(90.0,,)", "average_rake": "(180.0,,)", "catalog_id": "EOS_AF0111", "catalog_name": "EOS_SE_Asia", "dip_dir": null, "lower_seis_depth": "(15.0,,)", "name": null, "net_slip_rate": null, "slip_type": "Dextral", "upper_seis_depth": "(1.0,,)", "downthrown_side_id": null, "reference": null, "epistemic_quality": null, "accuracy": null, "activity_confidence": null, "fs_name": null, "last_movement": null, "downthrown_side_dir": null, "vert_sep_rate": null, "strike_slip_rate": null, "exposure_quality": null, "shortening_rate": null, "notes": null, "index_right": 126, "NAME_EN": "Myanmar" }, "geometry": { "type": "LineString", "coordinates": [ [ 96.422, 19.178 ], [ 96.474, 19.13 ], [ 96.493, 19.108 ], [ 96.537, 19.067 ], [ 96.552, 19.049 ], [ 96.595, 19.015 ], [ 96.623, 18.99 ], [ 96.707, 18.906 ], [ 96.75, 18.866 ], [ 96.779, 18.84 ], [ 96.853, 18.781 ], [ 96.876, 18.76 ], [ 96.88, 18.754 ], [ 97.161, 18.514 ] ] } },
{ "type": "Feature", "properties": { "average_dip": "(90.0,,)", "average_rake": "(180.0,,)", "catalog_id": "EOS_AF0112", "catalog_name": "EOS_SE_Asia", "dip_dir": null, "lower_seis_depth": "(15.0,,)", "name": null, "net_slip_rate": null, "slip_type": "Dextral", "upper_seis_depth": "(1.0,,)", "downthrown_side_id": null, "reference": null, "epistemic_quality": null, "accuracy": null, "activity_confidence": null, "fs_name": null, "last_movement": null, "downthrown_side_dir": null, "vert_sep_rate": null, "strike_slip_rate": null, "exposure_quality": null, "shortening_rate": null, "notes": null, "index_right": 126, "NAME_EN": "Myanmar" }, "geometry": { "type": "LineString", "coordinates": [ [ 96.273, 19.108 ], [ 96.252, 19.189 ], [ 96.225, 19.407 ], [ 96.198, 19.532 ], [ 96.196, 19.554 ], [ 96.181, 19.653 ], [ 96.173, 19.725 ], [ 96.154, 19.839 ], [ 96.151, 19.871 ] ] } },
{ "type": "Feature", "properties": { "average_dip": "(90.0,,)", "average_rake": "(180.0,,)", "catalog_id": "EOS_AF0113", "catalog_name": "EOS_SE_Asia", "dip_dir": null, "lower_seis_depth": "(15.0,,)", "name": null, "net_slip_rate": null, "slip_type": "Dextral", "upper_seis_depth": "(1.0,,)", "downthrown_side_id": null, "reference": null, "epistemic_quality": null, "accuracy": null, "activity_confidence": null, "fs_name": null, "last_movement": null, "downthrown_side_dir": null, "vert_sep_rate": null, "strike_slip_rate": null, "exposure_quality": null, "shortening_rate": null, "notes": null, "index_right": 126, "NAME_EN": "Myanmar" }, "geometry": { "type": "LineString", "coordinates": [ [ 96.148, 19.908 ], [ 96.15, 19.852 ], [ 96.147, 19.825 ], [ 96.146, 19.776 ], [ 96.143, 19.755 ], [ 96.124, 19.668 ], [ 96.113, 19.606 ], [ 96.11, 19.552 ], [ 96.111, 19.516 ], [ 96.123, 19.371 ], [ 96.133, 19.334 ], [ 96.146, 19.26 ] ] } },
{ "type": "Feature", "properties": { "average_dip": "(90.0,,)", "average_rake": "(180.0,,)", "catalog_id": "EOS_AF0114", "catalog_name": "EOS_SE_Asia", "dip_dir": null, "lower_seis_depth": "(15.0,,)", "name": null, "net_slip_rate": null, "slip_type": "Dextral", "upper_seis_depth": "(1.0,,)", "downthrown_side_id": null, "reference": null, "epistemic_quality": null, "accuracy": null, "activity_confidence": null, "fs_name": null, "last_movement": null, "downthrown_side_dir": null, "vert_sep_rate": null, "strike_slip_rate": null, "exposure_quality": null, "shortening_rate": null, "notes": null, "index_right": 126, "NAME_EN": "Myanmar" }, "geometry": { "type": "LineString", "coordinates": [ [ 96.191, 19.735 ], [ 96.183, 19.75 ], [ 96.177, 19.769 ], [ 96.161, 19.835 ], [ 96.16, 19.862 ], [ 96.149, 19.913 ], [ 96.146, 19.941 ], [ 96.143, 19.953 ], [ 96.136, 20.021 ], [ 96.123, 20.105 ], [ 96.121, 20.129 ], [ 96.113, 20.167 ], [ 96.11, 20.198 ], [ 96.098, 20.275 ], [ 96.095, 20.309 ], [ 96.088, 20.347 ], [ 96.086, 20.378 ], [ 96.075, 20.455 ], [ 96.071, 20.501 ], [ 96.067, 20.527 ], [ 96.065, 20.565 ], [ 96.06, 20.61 ], [ 96.052, 20.746 ], [ 96.046, 20.773 ], [ 96.043, 20.822 ], [ 96.031, 20.934 ], [ 96.029, 20.968 ], [ 96.028, 21.039 ], [ 96.022, 21.086 ], [ 96.008, 21.279 ], [ 96.0, 21.457 ], [ 95.989, 21.621 ], [ 95.986, 21.869 ] ] } },
{ "type": "Feature", "properties": { "average_dip": "(90.0,,)", "average_rake": "(180.0,,)", "catalog_id": "EOS_AF0115", "catalog_name": "EOS_SE_Asia", "dip_dir": null, "lower_seis_depth": "(10.0,,)", "name": null, "net_slip_rate": null, "slip_type": "Dextral", "upper_seis_depth": "(1.0,,)", "downthrown_side_id": null, "reference": null, "epistemic_quality": null, "accuracy": null, "activity_confidence": null, "fs_name": null, "last_movement": null, "downthrown_side_dir": null, "vert_sep_rate": null, "strike_slip_rate": null, "exposure_quality": null, "shortening_rate": null, "notes": null, "index_right": 126, "NAME_EN": "Myanmar" }, "geometry": { "type": "LineString", "coordinates": [ [ 97.035, 26.391 ], [ 97.048, 26.426 ], [ 97.049, 26.437 ], [ 97.057, 26.471 ], [ 97.069, 26.5 ], [ 97.081, 26.523 ], [ 97.108, 26.633 ], [ 97.157, 26.787 ], [ 97.181, 26.855 ], [ 97.183, 26.921 ], [ 97.099, 27.064 ], [ 97.032, 27.174 ], [ 96.96, 27.257 ], [ 96.899, 27.306 ] ] } },
{ "type": "Feature", "properties": { "average_dip": "(90.0,,)", "average_rake": "(180.0,,)", "catalog_id": "EOS_AF0116", "catalog_name": "EOS_SE_Asia", "dip_dir": null, "lower_seis_depth": "(15.0,,)", "name": null, "net_slip_rate": null, "slip_type": "Dextral", "upper_seis_depth": "(1.0,,)", "downthrown_side_id": null, "reference": null, "epistemic_quality": null, "accuracy": null, "activity_confidence": null, "fs_name": null, "last_movement": null, "downthrown_side_dir": null, "vert_sep_rate": null, "strike_slip_rate": null, "exposure_quality": null, "shortening_rate": null, "notes": null, "index_right": 126, "NAME_EN": "Myanmar" }, "geometry": { "type": "LineString", "coordinates": [ [ 96.474, 18.045 ], [ 96.464, 18.068 ], [ 96.462, 18.087 ], [ 96.443, 18.164 ], [ 96.439, 18.207 ], [ 96.408, 18.369 ], [ 96.392, 18.436 ], [ 96.36, 18.628 ], [ 96.343, 18.717 ], [ 96.329, 18.769 ], [ 96.327, 18.85 ], [ 96.302, 18.951 ], [ 96.278, 19.091 ], [ 96.273, 19.108 ] ] } },
{ "type": "Feature", "properties": { "average_dip": "(90.0,,)", "average_rake": "(180.0,,)", "catalog_id": "EOS_AF0117", "catalog_name": "EOS_SE_Asia", "dip_dir": null, "lower_seis_depth": "(15.0,,)", "name": null, "net_slip_rate": null, "slip_type": "Dextral", "upper_seis_depth": "(1.0,,)", "downthrown_side_id": null, "reference": null, "epistemic_quality": null, "accuracy": null, "activity_confidence": null, "fs_name": null, "last_movement": null, "downthrown_side_dir": null, "vert_sep_rate": null, "strike_slip_rate": null, "exposure_quality": null, "shortening_rate": null, "notes": null, "index_right": 126, "NAME_EN": "Myanmar" }, "geometry": { "type": "LineString", "coordinates": [ [ 95.974, 22.974 ], [ 95.976, 22.966 ], [ 95.976, 22.86 ], [ 95.974, 22.828 ], [ 95.974, 22.796 ], [ 95.976, 22.768 ], [ 95.967, 22.741 ], [ 95.964, 22.682 ], [ 95.964, 22.673 ], [ 95.97, 22.66 ], [ 95.966, 22.582 ], [ 95.966, 22.346 ], [ 95.982, 22.027 ], [ 95.982, 21.96 ], [ 95.986, 21.869 ], [ 96.025, 23.587 ], [ 96.018, 23.499 ], [ 96.012, 23.372 ], [ 96.002, 23.249 ], [ 95.999, 23.159 ], [ 95.994, 23.075 ], [ 95.981, 23.016 ], [ 95.977, 22.98 ] ] } },
{ "type": "Feature", "properties": { "average_dip": "(90.0,,)", "average_rake": "(180.0,,)", "catalog_id": "EOS_AF0118", "catalog_name": "EOS_SE_Asia", "dip_dir": null, "lower_seis_depth": "(10.0,,)", "name": null, "net_slip_rate": null, "slip_type": "Dextral", "upper_seis_depth": "(1.0,,)", "downthrown_side_id": null, "reference": null, "epistemic_quality": null, "accuracy": null, "activity_confidence": null, "fs_name": null, "last_movement": null, "downthrown_side_dir": null, "vert_sep_rate": null, "strike_slip_rate": null, "exposure_quality": null, "shortening_rate": null, "notes": null, "index_right": 126, "NAME_EN": "Myanmar" }, "geometry": { "type": "LineString", "coordinates": [ [ 95.973, 23.218 ], [ 95.972, 23.236 ], [ 95.975, 23.284 ], [ 95.989, 23.372 ], [ 96.002, 23.513 ], [ 96.008, 23.629 ], [ 96.017, 23.876 ] ] } },
{ "type": "Feature", "properties": { "average_dip": "(90.0,,)", "average_rake": "(180.0,,)", "catalog_id": "EOS_AF0119", "catalog_name": "EOS_SE_Asia", "dip_dir": null, "lower_seis_depth": "(10.0,,)", "name": null, "net_slip_rate": null, "slip_type": "Dextral", "upper_seis_depth": "(1.0,,)", "downthrown_side_id": null, "reference": null, "epistemic_quality": null, "accuracy": null, "activity_confidence": null, "fs_name": null, "last_movement": null, "downthrown_side_dir": null, "vert_sep_rate": null, "strike_slip_rate": null, "exposure_quality": null, "shortening_rate": null, "notes": null, "index_right": 126, "NAME_EN": "Myanmar" }, "geometry": { "type": "LineString", "coordinates": [ [ 96.012, 25.005 ], [ 96.011, 24.973 ], [ 96.007, 24.963 ], [ 96.007, 24.949 ], [ 95.996, 24.895 ], [ 95.996, 24.887 ], [ 95.973, 24.783 ], [ 95.956, 24.689 ], [ 95.955, 24.544 ], [ 95.918, 24.026 ], [ 95.888, 23.768 ], [ 95.859, 23.619 ], [ 95.852, 23.504 ], [ 95.857, 23.385 ] ] } },
{ "type": "Feature", "properties": { "average_dip": "(90.0,,)", "average_rake": "(180.0,,)", "catalog_id": "EOS_AF0120", "catalog_name": "EOS_SE_Asia", "dip_dir": null, "lower_seis_depth": "(10.0,,)", "name": null, "net_slip_rate": null, "slip_type": "Dextral", "upper_seis_depth": "(1.0,,)", "downthrown_side_id": null, "reference": null, "epistemic_quality": null, "accuracy": null, "activity_confidence": null, "fs_name": null, "last_movement": null, "downthrown_side_dir": null, "vert_sep_rate": null, "strike_slip_rate": null, "exposure_quality": null, "shortening_rate": null, "notes": null, "index_right": 126, "NAME_EN": "Myanmar" }, "geometry": { "type": "LineString", "coordinates": [ [ 96.329, 24.838 ], [ 96.364, 24.857 ], [ 96.384, 24.874 ], [ 96.406, 24.896 ], [ 96.58, 25.056 ], [ 96.795, 25.26 ], [ 97.026, 25.447 ], [ 97.172, 25.603 ], [ 97.232, 25.704 ], [ 97.304, 25.896 ], [ 97.343, 26.198 ], [ 97.403, 26.585 ], [ 97.426, 26.817 ], [ 97.369, 26.875 ], [ 97.299, 26.934 ] ] } },
{ "type": "Feature", "properties": { "average_dip": "(90.0,,)", "average_rake": "(180.0,,)", "catalog_id": "EOS_AF0121", "catalog_name": "EOS_SE_Asia", "dip_dir": null, "lower_seis_depth": "(10.0,,)", "name": null, "net_slip_rate": null, "slip_type": "Dextral", "upper_seis_depth": "(1.0,,)", "downthrown_side_id": null, "reference": null, "epistemic_quality": null, "accuracy": null, "activity_confidence": null, "fs_name": null, "last_movement": null, "downthrown_side_dir": null, "vert_sep_rate": null, "strike_slip_rate": null, "exposure_quality": null, "shortening_rate": null, "notes": null, "index_right": 126, "NAME_EN": "Myanmar" }, "geometry": { "type": "LineString", "coordinates": [ [ 96.191, 24.69 ], [ 96.194, 24.702 ], [ 96.204, 24.771 ], [ 96.21, 24.791 ], [ 96.22, 24.852 ], [ 96.241, 24.917 ], [ 96.3, 25.01 ], [ 96.352, 25.122 ] ] } },
{ "type": "Feature", "properties": { "average_dip": "(90.0,,)", "average_rake": "(180.0,,)", "catalog_id": "EOS_AF0122", "catalog_name": "EOS_SE_Asia", "dip_dir": null, "lower_seis_depth": "(10.0,,)", "name": null, "net_slip_rate": null, "slip_type": "Dextral", "upper_seis_depth": "(1.0,,)", "downthrown_side_id": null, "reference": null, "epistemic_quality": null, "accuracy": null, "activity_confidence": null, "fs_name": null, "last_movement": null, "downthrown_side_dir": null, "vert_sep_rate": null, "strike_slip_rate": null, "exposure_quality": null, "shortening_rate": null, "notes": null, "index_right": 126, "NAME_EN": "Myanmar" }, "geometry": { "type": "LineString", "coordinates": [ [ 96.352, 25.122 ], [ 96.368, 25.157 ], [ 96.448, 25.404 ], [ 96.521, 25.657 ], [ 96.62, 26.048 ] ] } },
{ "type": "Feature", "properties": { "average_dip": "(90.0,,)", "average_rake": "(180.0,,)", "catalog_id": "EOS_AF0123", "catalog_name": "EOS_SE_Asia", "dip_dir": null, "lower_seis_depth": "(10.0,,)", "name": null, "net_slip_rate": null, "slip_type": "Dextral", "upper_seis_depth": "(1.0,,)", "downthrown_side_id": null, "reference": null, "epistemic_quality": null, "accuracy": null, "activity_confidence": null, "fs_name": null, "last_movement": null, "downthrown_side_dir": null, "vert_sep_rate": null, "strike_slip_rate": null, "exposure_quality": null, "shortening_rate": null, "notes": null, "index_right": 126, "NAME_EN": "Myanmar" }, "geometry": { "type": "LineString", "coordinates": [ [ 96.285, 24.825 ], [ 96.337, 24.971 ], [ 96.388, 25.074 ], [ 96.438, 25.161 ], [ 96.497, 25.205 ], [ 96.501, 25.215 ], [ 96.52, 25.237 ], [ 96.524, 25.247 ], [ 96.539, 25.272 ], [ 96.549, 25.285 ], [ 96.56, 25.31 ], [ 96.577, 25.33 ], [ 96.59, 25.355 ], [ 96.603, 25.372 ], [ 96.623, 25.394 ], [ 96.751, 25.58 ], [ 96.812, 25.702 ], [ 96.891, 25.834 ], [ 97.05, 26.086 ], [ 97.083, 26.177 ], [ 97.098, 26.229 ], [ 97.108, 26.373 ] ] } },
{ "type": "Feature", "properties": { "average_dip": "(90.0,,)", "average_rake": "(180.0,,)", "catalog_id": "EOS_AF0124", "catalog_name": "EOS_SE_Asia", "dip_dir": null, "lower_seis_depth": "(10.0,,)", "name": null, "net_slip_rate": null, "slip_type": "Dextral", "upper_seis_depth": "(1.0,,)", "downthrown_side_id": null, "reference": null, "epistemic_quality": null, "accuracy": null, "activity_confidence": null, "fs_name": null, "last_movement": null, "downthrown_side_dir": null, "vert_sep_rate": null, "strike_slip_rate": null, "exposure_quality": null, "shortening_rate": null, "notes": null, "index_right": 126, "NAME_EN": "Myanmar" }, "geometry": { "type": "LineString", "coordinates": [ [ 96.02, 23.687 ], [ 96.024, 23.706 ], [ 96.039, 23.823 ], [ 96.054, 23.909 ], [ 96.083, 24.017 ], [ 96.11, 24.199 ], [ 96.106, 24.261 ] ] } },
{ "type": "Feature", "properties": { "average_dip": "(90.0,,)", "average_rake": "(180.0,,)", "catalog_id": "EOS_AF0125", "catalog_name": "EOS_SE_Asia", "dip_dir": null, "lower_seis_depth": "(10.0,,)", "name": null, "net_slip_rate": null, "slip_type": "Dextral", "upper_seis_depth": "(1.0,,)", "downthrown_side_id": null, "reference": null, "epistemic_quality": null, "accuracy": null, "activity_confidence": null, "fs_name": null, "last_movement": null, "downthrown_side_dir": null, "vert_sep_rate": null, "strike_slip_rate": null, "exposure_quality": null, "shortening_rate": null, "notes": null, "index_right": 126, "NAME_EN": "Myanmar" }, "geometry": { "type": "LineString", "coordinates": [ [ 96.121, 24.274 ], [ 96.128, 24.349 ], [ 96.166, 24.505 ], [ 96.285, 24.825 ] ] } },
{ "type": "Feature", "properties": { "average_dip": "(90.0,,)", "average_rake": "(180.0,,)", "catalog_id": "EOS_AF0128", "catalog_name": "EOS_SE_Asia", "dip_dir": null, "lower_seis_depth": "(5.0,,)", "name": null, "net_slip_rate": null, "slip_type": "Dextral", "upper_seis_depth": "(1.0,,)", "downthrown_side_id": null, "reference": null, "epistemic_quality": null, "accuracy": null, "activity_confidence": null, "fs_name": null, "last_movement": null, "downthrown_side_dir": null, "vert_sep_rate": null, "strike_slip_rate": null, "exposure_quality": null, "shortening_rate": null, "notes": null, "index_right": 126, "NAME_EN": "Myanmar" }, "geometry": { "type": "LineString", "coordinates": [ [ 94.046, 25.307 ], [ 94.041, 25.301 ], [ 94.017, 25.259 ], [ 94.002, 25.224 ], [ 93.996, 25.204 ], [ 93.989, 25.191 ], [ 93.975, 25.177 ], [ 93.856, 24.972 ], [ 93.806, 24.864 ], [ 93.772, 24.711 ], [ 93.654, 24.342 ], [ 93.586, 24.112 ], [ 93.528, 23.891 ] ] } },
{ "type": "Feature", "properties": { "average_dip": "(45.0,,)", "average_rake": "(90.0,,)", "catalog_id": "EOS_AF0129", "catalog_name": "EOS_SE_Asia", "dip_dir": null, "lower_seis_depth": "(15.0,,)", "name": null, "net_slip_rate": null, "slip_type": "Reverse", "upper_seis_depth": "(1.0,,)", "downthrown_side_id": null, "reference": null, "epistemic_quality": null, "accuracy": null, "activity_confidence": null, "fs_name": null, "last_movement": null, "downthrown_side_dir": null, "vert_sep_rate": null, "strike_slip_rate": null, "exposure_quality": null, "shortening_rate": null, "notes": null, "index_right": 126, "NAME_EN": "Myanmar" }, "geometry": { "type": "LineString", "coordinates": [ [ 94.184, 22.072 ], [ 94.184, 22.118 ], [ 94.176, 22.159 ], [ 94.173, 22.254 ], [ 94.157, 22.336 ], [ 94.156, 22.389 ], [ 94.148, 22.468 ], [ 94.138, 22.717 ], [ 94.142, 22.796 ], [ 94.13, 22.834 ], [ 94.103, 22.882 ], [ 94.082, 22.935 ], [ 94.085, 22.968 ], [ 94.089, 22.988 ], [ 94.105, 23.018 ], [ 94.115, 23.129 ], [ 94.125, 23.166 ], [ 94.121, 23.195 ], [ 94.126, 23.22 ], [ 94.102, 23.343 ], [ 94.101, 23.374 ], [ 94.107, 23.43 ], [ 94.116, 23.483 ], [ 94.119, 23.531 ], [ 94.129, 23.561 ], [ 94.131, 23.593 ], [ 94.145, 23.611 ], [ 94.156, 23.647 ], [ 94.217, 23.761 ], [ 94.222, 23.774 ], [ 94.228, 23.807 ], [ 94.232, 23.814 ], [ 94.238, 23.818 ], [ 94.242, 23.823 ], [ 94.25, 23.837 ], [ 94.25, 23.849 ], [ 94.252, 23.856 ], [ 94.265, 23.889 ], [ 94.285, 23.923 ], [ 94.295, 23.953 ], [ 94.31, 23.964 ], [ 94.323, 23.979 ], [ 94.341, 24.025 ], [ 94.347, 24.05 ], [ 94.358, 24.077 ], [ 94.359, 24.084 ], [ 94.363, 24.089 ], [ 94.375, 24.093 ], [ 94.381, 24.097 ], [ 94.385, 24.103 ], [ 94.395, 24.131 ], [ 94.402, 24.145 ], [ 94.403, 24.154 ], [ 94.401, 24.17 ], [ 94.403, 24.175 ], [ 94.409, 24.179 ], [ 94.409, 24.192 ], [ 94.411, 24.2 ], [ 94.43, 24.253 ], [ 94.432, 24.267 ], [ 94.487, 24.373 ], [ 94.533, 24.513 ] ] } },
{ "type": "Feature", "properties": { "average_dip": "(45.0,,)", "average_rake": "(90.0,,)", "catalog_id": "EOS_AF0130", "catalog_name": "EOS_SE_Asia", "dip_dir": null, "lower_seis_depth": "(15.0,,)", "name": null, "net_slip_rate": null, "slip_type": "Reverse", "upper_seis_depth": "(1.0,,)", "downthrown_side_id": null, "reference": null, "epistemic_quality": null, "accuracy": null, "activity_confidence": null, "fs_name": null, "last_movement": null, "downthrown_side_dir": null, "vert_sep_rate": null, "strike_slip_rate": null, "exposure_quality": null, "shortening_rate": null, "notes": null, "index_right": 126, "NAME_EN": "Myanmar" }, "geometry": { "type": "LineString", "coordinates": [ [ 93.964, 22.439 ], [ 93.966, 22.409 ], [ 93.966, 22.36 ], [ 93.959, 22.329 ], [ 93.966, 22.318 ], [ 93.966, 22.287 ], [ 93.964, 22.267 ], [ 93.952, 22.207 ], [ 93.94, 22.16 ], [ 93.939, 22.142 ], [ 93.933, 22.127 ], [ 93.926, 22.1 ], [ 93.919, 22.059 ], [ 93.905, 22.004 ], [ 93.903, 21.981 ] ] } },
{ "type": "Feature", "properties": { "average_dip": "(45.0,,)", "average_rake": "(90.0,,)", "catalog_id": "EOS_AF0131", "catalog_name": "EOS_SE_Asia", "dip_dir": null, "lower_seis_depth": "(15.0,,)", "name": null, "net_slip_rate": null, "slip_type": "Reverse", "upper_seis_depth": "(1.0,,)", "downthrown_side_id": null, "reference": null, "epistemic_quality": null, "accuracy": null, "activity_confidence": null, "fs_name": null, "last_movement": null, "downthrown_side_dir": null, "vert_sep_rate": null, "strike_slip_rate": null, "exposure_quality": null, "shortening_rate": null, "notes": null, "index_right": 126, "NAME_EN": "Myanmar" }, "geometry": { "type": "LineString", "coordinates": [ [ 94.699, 21.442 ], [ 94.753, 21.317 ], [ 94.758, 21.31 ], [ 94.762, 21.295 ], [ 94.768, 21.284 ], [ 94.781, 21.252 ], [ 94.788, 21.225 ], [ 94.799, 21.192 ], [ 94.8, 21.161 ], [ 94.798, 21.114 ], [ 94.799, 21.104 ], [ 94.808, 21.069 ], [ 94.809, 21.052 ], [ 94.813, 21.027 ], [ 94.816, 21.02 ], [ 94.827, 20.977 ], [ 94.879, 20.825 ], [ 94.898, 20.738 ] ] } },
{ "type": "Feature", "properties": { "average_dip": "(45.0,,)", "average_rake": "(90.0,,)", "catalog_id": "EOS_AF0132", "catalog_name": "EOS_SE_Asia", "dip_dir": null, "lower_seis_depth": "(15.0,,)", "name": null, "net_slip_rate": null, "slip_type": "Reverse", "upper_seis_depth": "(1.0,,)", "downthrown_side_id": null, "reference": null, "epistemic_quality": null, "accuracy": null, "activity_confidence": null, "fs_name": null, "last_movement": null, "downthrown_side_dir": null, "vert_sep_rate": null, "strike_slip_rate": null, "exposure_quality": null, "shortening_rate": null, "notes": null, "index_right": 126, "NAME_EN": "Myanmar" }, "geometry": { "type": "LineString", "coordinates": [ [ 95.777, 18.112 ], [ 95.782, 18.07 ], [ 95.782, 18.053 ], [ 95.775, 18.022 ], [ 95.772, 17.998 ], [ 95.773, 17.986 ], [ 95.788, 17.958 ], [ 95.793, 17.945 ], [ 95.797, 17.926 ], [ 95.81, 17.883 ], [ 95.833, 17.829 ], [ 95.844, 17.809 ], [ 95.857, 17.78 ], [ 95.857, 17.763 ], [ 95.863, 17.746 ], [ 95.87, 17.735 ], [ 95.891, 17.71 ], [ 95.902, 17.694 ], [ 95.909, 17.687 ], [ 95.913, 17.68 ], [ 95.912, 17.672 ], [ 95.906, 17.658 ], [ 95.903, 17.645 ], [ 95.901, 17.633 ], [ 95.902, 17.615 ], [ 95.909, 17.589 ], [ 95.956, 17.472 ], [ 95.922, 17.558 ] ] } },
{ "type": "Feature", "properties": { "average_dip": "(45.0,,)", "average_rake": "(90.0,,)", "catalog_id": "EOS_AF0133", "catalog_name": "EOS_SE_Asia", "dip_dir": null, "lower_seis_depth": "(15.0,,)", "name": null, "net_slip_rate": null, "slip_type": "Reverse", "upper_seis_depth": "(1.0,,)", "downthrown_side_id": null, "reference": null, "epistemic_quality": null, "accuracy": null, "activity_confidence": null, "fs_name": null, "last_movement": null, "downthrown_side_dir": null, "vert_sep_rate": null, "strike_slip_rate": null, "exposure_quality": null, "shortening_rate": null, "notes": null, "index_right": 126, "NAME_EN": "Myanmar" }, "geometry": { "type": "LineString", "coordinates": [ [ 95.826, 18.281 ], [ 95.82, 18.29 ], [ 95.802, 18.308 ], [ 95.791, 18.322 ], [ 95.762, 18.376 ], [ 95.752, 18.391 ], [ 95.678, 18.483 ], [ 95.66, 18.509 ], [ 95.645, 18.52 ], [ 95.629, 18.528 ], [ 95.611, 18.541 ], [ 95.556, 18.592 ], [ 95.529, 18.608 ], [ 95.506, 18.632 ], [ 95.472, 18.661 ], [ 95.462, 18.674 ], [ 95.448, 18.687 ] ] } },
{ "type": "Feature", "properties": { "average_dip": "(45.0,,)", "average_rake": "(90.0,,)", "catalog_id": "EOS_AF0134", "catalog_name": "EOS_SE_Asia", "dip_dir": null, "lower_seis_depth": "(15.0,,)", "name": null, "net_slip_rate": null, "slip_type": "Reverse", "upper_seis_depth": "(1.0,,)", "downthrown_side_id": null, "reference": null, "epistemic_quality": null, "accuracy": null, "activity_confidence": null, "fs_name": null, "last_movement": null, "downthrown_side_dir": null, "vert_sep_rate": null, "strike_slip_rate": null, "exposure_quality": null, "shortening_rate": null, "notes": null, "index_right": 126, "NAME_EN": "Myanmar" }, "geometry": { "type": "LineString", "coordinates": [ [ 95.314, 18.39 ], [ 95.299, 18.423 ], [ 95.286, 18.445 ], [ 95.285, 18.463 ], [ 95.264, 18.513 ], [ 95.252, 18.554 ], [ 95.246, 18.671 ], [ 95.238, 18.708 ], [ 95.217, 18.765 ], [ 95.199, 18.789 ], [ 95.178, 18.829 ], [ 95.178, 18.847 ], [ 95.164, 18.881 ], [ 95.114, 18.984 ], [ 95.09, 19.014 ], [ 95.077, 19.025 ], [ 95.044, 19.046 ] ] } },
{ "type": "Feature", "properties": { "average_dip": "(45.0,,)", "average_rake": "(90.0,,)", "catalog_id": "EOS_AF0135", "catalog_name": "EOS_SE_Asia", "dip_dir": null, "lower_seis_depth": "(15.0,,)", "name": null, "net_slip_rate": null, "slip_type": "Reverse", "upper_seis_depth": "(1.0,,)", "downthrown_side_id": null, "reference": null, "epistemic_quality": null, "accuracy": null, "activity_confidence": null, "fs_name": null, "last_movement": null, "downthrown_side_dir": null, "vert_sep_rate": null, "strike_slip_rate": null, "exposure_quality": null, "shortening_rate": null, "notes": null, "index_right": 126, "NAME_EN": "Myanmar" }, "geometry": { "type": "LineString", "coordinates": [ [ 95.29, 18.969 ], [ 95.277, 18.976 ], [ 95.252, 18.994 ], [ 95.229, 19.019 ], [ 95.216, 19.045 ], [ 95.207, 19.076 ], [ 95.145, 19.162 ] ] } },
{ "type": "Feature", "properties": { "average_dip": "(90.0,,)", "average_rake": "(180.0,,)", "catalog_id": "EOS_AF0136", "catalog_name": "EOS_SE_Asia", "dip_dir": null, "lower_seis_depth": "(15.0,,)", "name": null, "net_slip_rate": null, "slip_type": "Dextral", "upper_seis_depth": "(1.0,,)", "downthrown_side_id": null, "reference": null, "epistemic_quality": null, "accuracy": null, "activity_confidence": null, "fs_name": null, "last_movement": null, "downthrown_side_dir": null, "vert_sep_rate": null, "strike_slip_rate": null, "exposure_quality": null, "shortening_rate": null, "notes": null, "index_right": 126, "NAME_EN": "Myanmar" }, "geometry": { "type": "LineString", "coordinates": [ [ 94.683, 17.79 ], [ 94.686, 17.823 ], [ 94.693, 17.867 ], [ 94.693, 17.896 ], [ 94.691, 17.933 ], [ 94.687, 17.961 ], [ 94.687, 17.986 ], [ 94.683, 18.015 ], [ 94.681, 18.079 ], [ 94.674, 18.168 ], [ 94.662, 18.237 ], [ 94.661, 18.265 ], [ 94.649, 18.312 ], [ 94.639, 18.341 ], [ 94.631, 18.377 ], [ 94.642, 18.399 ], [ 94.638, 18.451 ], [ 94.631, 18.483 ], [ 94.625, 18.522 ], [ 94.625, 18.565 ], [ 94.618, 18.604 ], [ 94.61, 18.627 ], [ 94.599, 18.692 ], [ 94.591, 18.721 ], [ 94.581, 18.743 ] ] } },
{ "type": "Feature", "properties": { "average_dip": "(45.0,,)", "average_rake": "(90.0,,)", "catalog_id": "EOS_AF0137", "catalog_name": "EOS_SE_Asia", "dip_dir": null, "lower_seis_depth": "(15.0,,)", "name": null, "net_slip_rate": null, "slip_type": "Reverse", "upper_seis_depth": "(1.0,,)", "downthrown_side_id": null, "reference": null, "epistemic_quality": null, "accuracy": null, "activity_confidence": null, "fs_name": null, "last_movement": null, "downthrown_side_dir": null, "vert_sep_rate": null, "strike_slip_rate": null, "exposure_quality": null, "shortening_rate": null, "notes": null, "index_right": 126, "NAME_EN": "Myanmar" }, "geometry": { "type": "LineString", "coordinates": [ [ 93.335, 20.9 ], [ 93.333, 20.884 ], [ 93.326, 20.858 ], [ 93.309, 20.813 ], [ 93.308, 20.778 ], [ 93.309, 20.762 ], [ 93.314, 20.735 ], [ 93.315, 20.72 ], [ 93.313, 20.706 ], [ 93.316, 20.692 ], [ 93.321, 20.679 ], [ 93.328, 20.668 ], [ 93.332, 20.658 ], [ 93.333, 20.612 ], [ 93.327, 20.583 ], [ 93.336, 20.539 ], [ 93.341, 20.521 ], [ 93.381, 20.42 ], [ 93.394, 20.396 ], [ 93.404, 20.352 ], [ 93.415, 20.323 ], [ 93.432, 20.285 ], [ 93.436, 20.272 ], [ 93.448, 20.182 ], [ 93.515, 20.105 ], [ 93.585, 19.998 ] ] } },
{ "type": "Feature", "properties": { "average_dip": "(45.0,,)", "average_rake": "(90.0,,)", "catalog_id": "EOS_AF0138", "catalog_name": "EOS_SE_Asia", "dip_dir": null, "lower_seis_depth": "(15.0,,)", "name": null, "net_slip_rate": null, "slip_type": "Reverse", "upper_seis_depth": "(1.0,,)", "downthrown_side_id": null, "reference": null, "epistemic_quality": null, "accuracy": null, "activity_confidence": null, "fs_name": null, "last_movement": null, "downthrown_side_dir": null, "vert_sep_rate": null, "strike_slip_rate": null, "exposure_quality": null, "shortening_rate": null, "notes": null, "index_right": 126, "NAME_EN": "Myanmar" }, "geometry": { "type": "LineString", "coordinates": [ [ 94.924, 17.262 ], [ 94.922, 17.295 ], [ 94.936, 17.35 ], [ 94.971, 17.401 ], [ 95.017, 17.482 ], [ 95.024, 17.506 ], [ 95.065, 17.592 ], [ 95.074, 17.635 ], [ 95.11, 17.718 ], [ 95.123, 17.762 ], [ 95.146, 17.791 ], [ 95.169, 17.832 ], [ 95.208, 17.882 ], [ 95.262, 18.028 ] ] } },
{ "type": "Feature", "properties": { "average_dip": "(45.0,,)", "average_rake": "(90.0,,)", "catalog_id": "EOS_AF0139", "catalog_name": "EOS_SE_Asia", "dip_dir": null, "lower_seis_depth": "(15.0,,)", "name": null, "net_slip_rate": null, "slip_type": "Reverse", "upper_seis_depth": "(1.0,,)", "downthrown_side_id": null, "reference": null, "epistemic_quality": null, "accuracy": null, "activity_confidence": null, "fs_name": null, "last_movement": null, "downthrown_side_dir": null, "vert_sep_rate": null, "strike_slip_rate": null, "exposure_quality": null, "shortening_rate": null, "notes": null, "index_right": 126, "NAME_EN": "Myanmar" }, "geometry": { "type": "LineString", "coordinates": [ [ 94.736, 19.186 ], [ 94.736, 19.193 ], [ 94.728, 19.213 ], [ 94.713, 19.225 ], [ 94.701, 19.241 ], [ 94.68, 19.256 ], [ 94.667, 19.268 ], [ 94.656, 19.283 ], [ 94.639, 19.315 ], [ 94.625, 19.329 ], [ 94.583, 19.398 ] ] } },
{ "type": "Feature", "properties": { "average_dip": "(90.0,,)", "average_rake": "(180.0,,)", "catalog_id": "EOS_AF0140", "catalog_name": "EOS_SE_Asia", "dip_dir": null, "lower_seis_depth": "(15.0,,)", "name": null, "net_slip_rate": null, "slip_type": "Dextral", "upper_seis_depth": "(1.0,,)", "downthrown_side_id": null, "reference": null, "epistemic_quality": null, "accuracy": null, "activity_confidence": null, "fs_name": null, "last_movement": null, "downthrown_side_dir": null, "vert_sep_rate": null, "strike_slip_rate": null, "exposure_quality": null, "shortening_rate": null, "notes": null, "index_right": 126, "NAME_EN": "Myanmar" }, "geometry": { "type": "LineString", "coordinates": [ [ 93.392, 20.988 ], [ 93.407, 20.913 ], [ 93.412, 20.903 ], [ 93.416, 20.89 ], [ 93.419, 20.868 ], [ 93.418, 20.833 ], [ 93.412, 20.788 ], [ 93.422, 20.722 ], [ 93.429, 20.701 ], [ 93.44, 20.678 ], [ 93.448, 20.64 ], [ 93.456, 20.616 ], [ 93.491, 20.523 ], [ 93.501, 20.488 ], [ 93.504, 20.469 ], [ 93.518, 20.436 ], [ 93.533, 20.411 ], [ 93.571, 20.323 ], [ 93.582, 20.276 ], [ 93.595, 20.233 ], [ 93.61, 20.209 ], [ 93.618, 20.192 ], [ 93.63, 20.143 ], [ 93.639, 20.118 ], [ 93.651, 20.091 ], [ 93.667, 20.063 ], [ 93.689, 20.029 ], [ 93.715, 19.995 ], [ 93.724, 19.98 ], [ 93.771, 19.863 ], [ 93.879, 19.665 ], [ 93.956, 19.569 ] ] } },
{ "type": "Feature", "properties": { "average_dip": "(45.0,,)", "average_rake": "(90.0,,)", "catalog_id": "EOS_AF0141", "catalog_name": "EOS_SE_Asia", "dip_dir": null, "lower_seis_depth": "(15.0,,)", "name": null, "net_slip_rate": null, "slip_type": "Reverse", "upper_seis_depth": "(1.0,,)", "downthrown_side_id": null, "reference": null, "epistemic_quality": null, "accuracy": null, "activity_confidence": null, "fs_name": null, "last_movement": null, "downthrown_side_dir": null, "vert_sep_rate": null, "strike_slip_rate": null, "exposure_quality": null, "shortening_rate": null, "notes": null, "index_right": 126, "NAME_EN": "Myanmar" }, "geometry": { "type": "LineString", "coordinates": [ [ 94.318, 20.39 ], [ 94.326, 20.372 ], [ 94.327, 20.355 ], [ 94.324, 20.343 ], [ 94.331, 20.313 ], [ 94.339, 20.297 ], [ 94.354, 20.279 ], [ 94.36, 20.275 ], [ 94.366, 20.256 ], [ 94.38, 20.225 ], [ 94.41, 20.186 ], [ 94.418, 20.171 ], [ 94.432, 20.151 ], [ 94.468, 20.118 ], [ 94.5, 20.093 ], [ 94.51, 20.083 ] ] } },
{ "type": "Feature", "properties": { "average_dip": "(45.0,,)", "average_rake": "(90.0,,)", "catalog_id": "EOS_AF0142", "catalog_name": "EOS_SE_Asia", "dip_dir": null, "lower_seis_depth": "(15.0,,)", "name": null, "net_slip_rate": null, "slip_type": "Reverse", "upper_seis_depth": "(1.0,,)", "downthrown_side_id": null, "reference": null, "epistemic_quality": null, "accuracy": null, "activity_confidence": null, "fs_name": null, "last_movement": null, "downthrown_side_dir": null, "vert_sep_rate": null, "strike_slip_rate": null, "exposure_quality": null, "shortening_rate": null, "notes": null, "index_right": 126, "NAME_EN": "Myanmar" }, "geometry": { "type": "LineString", "coordinates": [ [ 94.171, 20.623 ], [ 94.171, 20.616 ], [ 94.176, 20.592 ], [ 94.19, 20.562 ], [ 94.19, 20.531 ], [ 94.195, 20.502 ], [ 94.199, 20.462 ], [ 94.215, 20.429 ], [ 94.247, 20.377 ], [ 94.287, 20.319 ], [ 94.304, 20.281 ], [ 94.308, 20.265 ] ] } },
{ "type": "Feature", "properties": { "average_dip": "(45.0,,)", "average_rake": "(90.0,,)", "catalog_id": "EOS_AF0143", "catalog_name": "EOS_SE_Asia", "dip_dir": null, "lower_seis_depth": "(15.0,,)", "name": null, "net_slip_rate": null, "slip_type": "Reverse", "upper_seis_depth": "(1.0,,)", "downthrown_side_id": null, "reference": null, "epistemic_quality": null, "accuracy": null, "activity_confidence": null, "fs_name": null, "last_movement": null, "downthrown_side_dir": null, "vert_sep_rate": null, "strike_slip_rate": null, "exposure_quality": null, "shortening_rate": null, "notes": null, "index_right": 126, "NAME_EN": "Myanmar" }, "geometry": { "type": "LineString", "coordinates": [ [ 94.462, 19.964 ], [ 94.479, 19.947 ], [ 94.487, 19.935 ], [ 94.491, 19.924 ], [ 94.495, 19.906 ], [ 94.494, 19.896 ], [ 94.496, 19.885 ], [ 94.496, 19.871 ], [ 94.494, 19.841 ], [ 94.499, 19.781 ], [ 94.514, 19.712 ], [ 94.54, 19.625 ], [ 94.557, 19.584 ] ] } },
{ "type": "Feature", "properties": { "average_dip": "(60.0,,)", "average_rake": "(-90.0,,)", "catalog_id": "EOS_AF0146", "catalog_name": "EOS_SE_Asia", "dip_dir": null, "lower_seis_depth": "(15.0,,)", "name": null, "net_slip_rate": null, "slip_type": "Normal", "upper_seis_depth": "(1.0,,)", "downthrown_side_id": null, "reference": null, "epistemic_quality": null, "accuracy": null, "activity_confidence": null, "fs_name": null, "last_movement": null, "downthrown_side_dir": null, "vert_sep_rate": null, "strike_slip_rate": null, "exposure_quality": null, "shortening_rate": null, "notes": null, "index_right": 126, "NAME_EN": "Myanmar" }, "geometry": { "type": "LineString", "coordinates": [ [ 96.739, 21.32 ], [ 96.722, 21.275 ], [ 96.717, 21.253 ], [ 96.707, 21.239 ], [ 96.702, 21.222 ], [ 96.693, 21.211 ], [ 96.668, 21.17 ], [ 96.66, 21.143 ], [ 96.656, 21.118 ], [ 96.648, 21.098 ], [ 96.647, 21.083 ], [ 96.641, 21.056 ], [ 96.65, 21.031 ], [ 96.649, 21.005 ], [ 96.651, 20.981 ], [ 96.659, 20.95 ], [ 96.659, 20.941 ], [ 96.651, 20.921 ] ] } },
{ "type": "Feature", "properties": { "average_dip": "(90.0,,)", "average_rake": "(180.0,,)", "catalog_id": "EOS_AF0147", "catalog_name": "EOS_SE_Asia", "dip_dir": null, "lower_seis_depth": "(15.0,,)", "name": null, "net_slip_rate": null, "slip_type": "Dextral", "upper_seis_depth": "(1.0,,)", "downthrown_side_id": null, "reference": null, "epistemic_quality": null, "accuracy": null, "activity_confidence": null, "fs_name": null, "last_movement": null, "downthrown_side_dir": null, "vert_sep_rate": null, "strike_slip_rate": null, "exposure_quality": null, "shortening_rate": null, "notes": null, "index_right": 126, "NAME_EN": "Myanmar" }, "geometry": { "type": "LineString", "coordinates": [ [ 96.943, 21.391 ], [ 96.951, 21.349 ], [ 96.963, 21.311 ], [ 96.968, 21.266 ], [ 96.984, 21.223 ], [ 96.987, 21.192 ], [ 97.003, 21.154 ] ] } },
{ "type": "Feature", "properties": { "average_dip": "(60.0,,)", "average_rake": "(-90.0,,)", "catalog_id": "EOS_AF0148", "catalog_name": "EOS_SE_Asia", "dip_dir": null, "lower_seis_depth": "(15.0,,)", "name": null, "net_slip_rate": null, "slip_type": "Normal", "upper_seis_depth": "(1.0,,)", "downthrown_side_id": null, "reference": null, "epistemic_quality": null, "accuracy": null, "activity_confidence": null, "fs_name": null, "last_movement": null, "downthrown_side_dir": null, "vert_sep_rate": null, "strike_slip_rate": null, "exposure_quality": null, "shortening_rate": null, "notes": null, "index_right": 126, "NAME_EN": "Myanmar" }, "geometry": { "type": "LineString", "coordinates": [ [ 97.041, 20.844 ], [ 97.036, 20.83 ], [ 97.03, 20.824 ], [ 97.029, 20.819 ], [ 97.023, 20.811 ], [ 97.023, 20.796 ], [ 97.02, 20.774 ], [ 97.009, 20.737 ], [ 96.996, 20.723 ], [ 96.985, 20.708 ], [ 96.971, 20.684 ], [ 96.961, 20.618 ], [ 96.958, 20.587 ], [ 96.955, 20.57 ], [ 96.946, 20.54 ], [ 96.939, 20.479 ], [ 96.935, 20.463 ], [ 96.919, 20.419 ] ] } },
{ "type": "Feature", "properties": { "average_dip": "(90.0,,)", "average_rake": "(180.0,,)", "catalog_id": "EOS_AF0149", "catalog_name": "EOS_SE_Asia", "dip_dir": null, "lower_seis_depth": "(15.0,,)", "name": null, "net_slip_rate": null, "slip_type": "Dextral", "upper_seis_depth": "(1.0,,)", "downthrown_side_id": null, "reference": null, "epistemic_quality": null, "accuracy": null, "activity_confidence": null, "fs_name": null, "last_movement": null, "downthrown_side_dir": null, "vert_sep_rate": null, "strike_slip_rate": null, "exposure_quality": null, "shortening_rate": null, "notes": null, "index_right": 126, "NAME_EN": "Myanmar" }, "geometry": { "type": "LineString", "coordinates": [ [ 96.822, 20.548 ], [ 96.825, 20.511 ], [ 96.835, 20.482 ], [ 96.848, 20.457 ], [ 96.863, 20.409 ], [ 96.872, 20.375 ], [ 96.872, 20.354 ], [ 96.884, 20.308 ], [ 96.902, 20.271 ], [ 96.908, 20.219 ], [ 96.92, 20.174 ], [ 96.922, 20.158 ], [ 96.955, 20.076 ], [ 97.025, 19.92 ], [ 97.043, 19.872 ], [ 97.075, 19.808 ], [ 97.1, 19.771 ], [ 97.193, 19.59 ], [ 97.21, 19.534 ], [ 97.219, 19.515 ], [ 97.265, 19.451 ], [ 97.352, 19.362 ], [ 97.373, 19.327 ], [ 97.365, 19.286 ], [ 97.351, 19.251 ], [ 97.33, 19.241 ] ] } },
{ "type": "Feature", "properties": { "average_dip": "(90.0,,)", "average_rake": "(180.0,,)", "catalog_id": "EOS_AF0150", "catalog_name": "EOS_SE_Asia", "dip_dir": null, "lower_seis_depth": "(15.0,,)", "name": null, "net_slip_rate": null, "slip_type": "Dextral", "upper_seis_depth": "(1.0,,)", "downthrown_side_id": null, "reference": null, "epistemic_quality": null, "accuracy": null, "activity_confidence": null, "fs_name": null, "last_movement": null, "downthrown_side_dir": null, "vert_sep_rate": null, "strike_slip_rate": null, "exposure_quality": null, "shortening_rate": null, "notes": null, "index_right": 126, "NAME_EN": "Myanmar" }, "geometry": { "type": "LineString", "coordinates": [ [ 97.277, 19.369 ], [ 97.29, 19.347 ], [ 97.309, 19.307 ], [ 97.326, 19.264 ], [ 97.35, 19.186 ], [ 97.359, 19.146 ], [ 97.355, 19.082 ], [ 97.358, 19.031 ], [ 97.357, 18.892 ], [ 97.355, 18.846 ], [ 97.341, 18.787 ], [ 97.346, 18.721 ], [ 97.351, 18.683 ], [ 97.372, 18.572 ], [ 97.377, 18.515 ], [ 97.386, 18.448 ], [ 97.421, 18.376 ], [ 97.461, 18.282 ], [ 97.489, 18.19 ], [ 97.52, 18.148 ], [ 97.539, 18.062 ], [ 97.554, 18.012 ], [ 97.594, 17.945 ], [ 97.634, 17.889 ], [ 97.697, 17.827 ], [ 97.736, 17.785 ], [ 97.827, 17.667 ], [ 97.916, 17.585 ], [ 98.094, 17.395 ], [ 98.162, 17.304 ], [ 98.214, 17.253 ], [ 98.27, 17.215 ], [ 98.32, 17.17 ] ] } },
{ "type": "Feature", "properties": { "average_dip": "(90.0,,)", "average_rake": "(-90.0,,)", "catalog_id": "EOS_AF0156", "catalog_name": "EOS_SE_Asia", "dip_dir": null, "lower_seis_depth": "(15.0,,)", "name": null, "net_slip_rate": null, "slip_type": "Normal", "upper_seis_depth": "(1.0,,)", "downthrown_side_id": null, "reference": null, "epistemic_quality": null, "accuracy": null, "activity_confidence": null, "fs_name": null, "last_movement": null, "downthrown_side_dir": null, "vert_sep_rate": null, "strike_slip_rate": null, "exposure_quality": null, "shortening_rate": null, "notes": null, "index_right": 126, "NAME_EN": "Myanmar" }, "geometry": { "type": "LineString", "coordinates": [ [ 97.36, 20.521 ], [ 97.375, 20.555 ], [ 97.383, 20.588 ], [ 97.383, 20.6 ], [ 97.386, 20.612 ], [ 97.382, 20.625 ], [ 97.378, 20.647 ], [ 97.388, 20.704 ], [ 97.383, 20.772 ] ] } },
{ "type": "Feature", "properties": { "average_dip": "(90.0,,)", "average_rake": "(-90.0,,)", "catalog_id": "EOS_AF0157", "catalog_name": "EOS_SE_Asia", "dip_dir": null, "lower_seis_depth": "(15.0,,)", "name": null, "net_slip_rate": null, "slip_type": "Normal", "upper_seis_depth": "(1.0,,)", "downthrown_side_id": null, "reference": null, "epistemic_quality": null, "accuracy": null, "activity_confidence": null, "fs_name": null, "last_movement": null, "downthrown_side_dir": null, "vert_sep_rate": null, "strike_slip_rate": null, "exposure_quality": null, "shortening_rate": null, "notes": null, "index_right": 126, "NAME_EN": "Myanmar" }, "geometry": { "type": "LineString", "coordinates": [ [ 97.45, 20.462 ], [ 97.448, 20.452 ], [ 97.449, 20.443 ], [ 97.445, 20.427 ], [ 97.446, 20.403 ], [ 97.445, 20.384 ], [ 97.441, 20.35 ], [ 97.437, 20.282 ], [ 97.43, 20.256 ], [ 97.42, 20.235 ], [ 97.419, 20.214 ], [ 97.42, 20.189 ] ] } },
{ "type": "Feature", "properties": { "average_dip": "(90.0,,)", "average_rake": "(-90.0,,)", "catalog_id": "EOS_AF0158", "catalog_name": "EOS_SE_Asia", "dip_dir": null, "lower_seis_depth": "(15.0,,)", "name": null, "net_slip_rate": null, "slip_type": "Normal", "upper_seis_depth": "(1.0,,)", "downthrown_side_id": null, "reference": null, "epistemic_quality": null, "accuracy": null, "activity_confidence": null, "fs_name": null, "last_movement": null, "downthrown_side_dir": null, "vert_sep_rate": null, "strike_slip_rate": null, "exposure_quality": null, "shortening_rate": null, "notes": null, "index_right": 126, "NAME_EN": "Myanmar" }, "geometry": { "type": "LineString", "coordinates": [ [ 97.597, 20.863 ], [ 97.58, 20.84 ], [ 97.571, 20.817 ], [ 97.567, 20.803 ], [ 97.567, 20.798 ], [ 97.56, 20.786 ], [ 97.564, 20.783 ], [ 97.56, 20.77 ], [ 97.56, 20.757 ], [ 97.557, 20.737 ], [ 97.55, 20.734 ], [ 97.539, 20.694 ], [ 97.536, 20.668 ], [ 97.537, 20.642 ], [ 97.541, 20.606 ] ] } },
{ "type": "Feature", "properties": { "average_dip": "(90.0,,)", "average_rake": "(-90.0,,)", "catalog_id": "EOS_AF0159", "catalog_name": "EOS_SE_Asia", "dip_dir": null, "lower_seis_depth": "(15.0,,)", "name": null, "net_slip_rate": null, "slip_type": "Normal", "upper_seis_depth": "(1.0,,)", "downthrown_side_id": null, "reference": null, "epistemic_quality": null, "accuracy": null, "activity_confidence": null, "fs_name": null, "last_movement": null, "downthrown_side_dir": null, "vert_sep_rate": null, "strike_slip_rate": null, "exposure_quality": null, "shortening_rate": null, "notes": null, "index_right": 126, "NAME_EN": "Myanmar" }, "geometry": { "type": "LineString", "coordinates": [ [ 97.537, 20.593 ], [ 97.538, 20.582 ], [ 97.521, 20.542 ], [ 97.514, 20.535 ], [ 97.506, 20.508 ], [ 97.499, 20.495 ], [ 97.488, 20.487 ], [ 97.479, 20.483 ], [ 97.468, 20.437 ] ] } },
{ "type": "Feature", "properties": { "average_dip": "(90.0,,)", "average_rake": "(180.0,,)", "catalog_id": "EOS_AF0160", "catalog_name": "EOS_SE_Asia", "dip_dir": null, "lower_seis_depth": "(15.0,,)", "name": null, "net_slip_rate": null, "slip_type": "Dextral", "upper_seis_depth": "(1.0,,)", "downthrown_side_id": null, "reference": null, "epistemic_quality": null, "accuracy": null, "activity_confidence": null, "fs_name": null, "last_movement": null, "downthrown_side_dir": null, "vert_sep_rate": null, "strike_slip_rate": null, "exposure_quality": null, "shortening_rate": null, "notes": null, "index_right": 126, "NAME_EN": "Myanmar" }, "geometry": { "type": "LineString", "coordinates": [ [ 96.781, 20.967 ], [ 96.783, 20.975 ], [ 96.791, 20.982 ], [ 96.803, 21.004 ], [ 96.809, 21.009 ], [ 96.827, 21.059 ], [ 96.834, 21.101 ], [ 96.841, 21.11 ], [ 96.853, 21.134 ], [ 96.858, 21.161 ], [ 96.865, 21.218 ] ] } },
{ "type": "Feature", "properties": { "average_dip": "(90.0,,)", "average_rake": "(180.0,,)", "catalog_id": "EOS_AF0161", "catalog_name": "EOS_SE_Asia", "dip_dir": null, "lower_seis_depth": "(15.0,,)", "name": null, "net_slip_rate": null, "slip_type": "Dextral", "upper_seis_depth": "(1.0,,)", "downthrown_side_id": null, "reference": null, "epistemic_quality": null, "accuracy": null, "activity_confidence": null, "fs_name": null, "last_movement": null, "downthrown_side_dir": null, "vert_sep_rate": null, "strike_slip_rate": null, "exposure_quality": null, "shortening_rate": null, "notes": null, "index_right": 126, "NAME_EN": "Myanmar" }, "geometry": { "type": "LineString", "coordinates": [ [ 98.077, 17.011 ], [ 98.076, 16.976 ], [ 98.077, 16.965 ], [ 98.086, 16.94 ], [ 98.112, 16.894 ], [ 98.122, 16.886 ], [ 98.139, 16.865 ], [ 98.209, 16.752 ], [ 98.237, 16.674 ], [ 98.277, 16.608 ], [ 98.286, 16.56 ], [ 98.31, 16.496 ], [ 98.323, 16.344 ], [ 98.346, 16.289 ], [ 98.366, 16.208 ], [ 98.401, 16.11 ], [ 98.431, 16.008 ], [ 98.469, 15.947 ], [ 98.496, 15.892 ], [ 98.547, 15.825 ], [ 98.555, 15.79 ] ] } },
{ "type": "Feature", "properties": { "average_dip": "(45.0,,)", "average_rake": "(90.0,,)", "catalog_id": "EOS_AF0168", "catalog_name": "EOS_SE_Asia", "dip_dir": null, "lower_seis_depth": "(15.0,,)", "name": null, "net_slip_rate": null, "slip_type": "Reverse", "upper_seis_depth": "(1.0,,)", "downthrown_side_id": null, "reference": null, "epistemic_quality": null, "accuracy": null, "activity_confidence": null, "fs_name": null, "last_movement": null, "downthrown_side_dir": null, "vert_sep_rate": null, "strike_slip_rate": null, "exposure_quality": null, "shortening_rate": null, "notes": null, "index_right": 126, "NAME_EN": "Myanmar" }, "geometry": { "type": "LineString", "coordinates": [ [ 95.016, 18.303 ], [ 95.035, 18.205 ], [ 95.055, 18.128 ], [ 95.062, 18.008 ], [ 95.051, 17.887 ], [ 95.001, 17.753 ], [ 94.998, 17.714 ], [ 95.0, 17.708 ], [ 95.001, 17.688 ], [ 94.999, 17.674 ], [ 94.995, 17.667 ], [ 94.991, 17.649 ], [ 94.979, 17.631 ], [ 94.97, 17.609 ], [ 94.95, 17.576 ], [ 94.949, 17.566 ], [ 94.893, 17.408 ] ] } },
{ "type": "Feature", "properties": { "average_dip": "(90.0,,)", "average_rake": "(180.0,,)", "catalog_id": "EOS_AF0169", "catalog_name": "EOS_SE_Asia", "dip_dir": null, "lower_seis_depth": "(15.0,,)", "name": null, "net_slip_rate": null, "slip_type": "Dextral", "upper_seis_depth": "(1.0,,)", "downthrown_side_id": null, "reference": null, "epistemic_quality": null, "accuracy": null, "activity_confidence": null, "fs_name": null, "last_movement": null, "downthrown_side_dir": null, "vert_sep_rate": null, "strike_slip_rate": null, "exposure_quality": null, "shortening_rate": null, "notes": null, "index_right": 126, "NAME_EN": "Myanmar" }, "geometry": { "type": "LineString", "coordinates": [ [ 94.719, 17.122 ], [ 94.723, 17.158 ], [ 94.725, 17.198 ], [ 94.722, 17.213 ], [ 94.717, 17.223 ], [ 94.711, 17.304 ], [ 94.711, 17.321 ], [ 94.708, 17.34 ], [ 94.709, 17.366 ], [ 94.706, 17.4 ], [ 94.679, 17.487 ] ] } },
{ "type": "Feature", "properties": { "average_dip": "(90.0,,)", "average_rake": "(180.0,,)", "catalog_id": "EOS_AF0170", "catalog_name": "EOS_SE_Asia", "dip_dir": null, "lower_seis_depth": "(15.0,,)", "name": null, "net_slip_rate": null, "slip_type": "Dextral", "upper_seis_depth": "(1.0,,)", "downthrown_side_id": null, "reference": null, "epistemic_quality": null, "accuracy": null, "activity_confidence": null, "fs_name": null, "last_movement": null, "downthrown_side_dir": null, "vert_sep_rate": null, "strike_slip_rate": null, "exposure_quality": null, "shortening_rate": null, "notes": null, "index_right": 126, "NAME_EN": "Myanmar" }, "geometry": { "type": "LineString", "coordinates": [ [ 94.665, 17.457 ], [ 94.661, 17.438 ], [ 94.643, 17.385 ], [ 94.638, 17.35 ], [ 94.638, 17.341 ], [ 94.634, 17.321 ], [ 94.628, 17.303 ], [ 94.627, 17.261 ], [ 94.611, 17.184 ] ] } },
{ "type": "Feature", "properties": { "average_dip": "(90.0,,)", "average_rake": "(180.0,,)", "catalog_id": "EOS_AF0171", "catalog_name": "EOS_SE_Asia", "dip_dir": null, "lower_seis_depth": "(15.0,,)", "name": null, "net_slip_rate": null, "slip_type": "Dextral", "upper_seis_depth": "(1.0,,)", "downthrown_side_id": null, "reference": null, "epistemic_quality": null, "accuracy": null, "activity_confidence": null, "fs_name": null, "last_movement": null, "downthrown_side_dir": null, "vert_sep_rate": null, "strike_slip_rate": null, "exposure_quality": null, "shortening_rate": null, "notes": null, "index_right": 126, "NAME_EN": "Myanmar" }, "geometry": { "type": "LineString", "coordinates": [ [ 94.6, 16.991 ], [ 94.6, 17.033 ], [ 94.598, 17.047 ], [ 94.592, 17.067 ], [ 94.591, 17.116 ], [ 94.597, 17.138 ], [ 94.606, 17.159 ], [ 94.608, 17.175 ], [ 94.604, 17.207 ], [ 94.601, 17.221 ], [ 94.596, 17.233 ], [ 94.591, 17.259 ] ] } },
{ "type": "Feature", "properties": { "average_dip": "(90.0,,)", "average_rake": "(180.0,,)", "catalog_id": "EOS_AF0172", "catalog_name": "EOS_SE_Asia", "dip_dir": null, "lower_seis_depth": "(15.0,,)", "name": null, "net_slip_rate": null, "slip_type": "Dextral", "upper_seis_depth": "(1.0,,)", "downthrown_side_id": null, "reference": null, "epistemic_quality": null, "accuracy": null, "activity_confidence": null, "fs_name": null, "last_movement": null, "downthrown_side_dir": null, "vert_sep_rate": null, "strike_slip_rate": null, "exposure_quality": null, "shortening_rate": null, "notes": null, "index_right": 126, "NAME_EN": "Myanmar" }, "geometry": { "type": "LineString", "coordinates": [ [ 94.19, 19.279 ], [ 94.195, 19.263 ], [ 94.226, 19.21 ], [ 94.237, 19.184 ], [ 94.25, 19.165 ], [ 94.258, 19.142 ], [ 94.268, 19.12 ], [ 94.281, 19.097 ], [ 94.299, 19.075 ], [ 94.312, 19.016 ], [ 94.35, 18.913 ], [ 94.39, 18.852 ], [ 94.434, 18.775 ], [ 94.501, 18.691 ] ] } },
{ "type": "Feature", "properties": { "average_dip": "(90.0,,)", "average_rake": "(180.0,,)", "catalog_id": "EOS_AF0174", "catalog_name": "EOS_SE_Asia", "dip_dir": null, "lower_seis_depth": "(15.0,,)", "name": null, "net_slip_rate": null, "slip_type": "Dextral", "upper_seis_depth": "(1.0,,)", "downthrown_side_id": null, "reference": null, "epistemic_quality": null, "accuracy": null, "activity_confidence": null, "fs_name": null, "last_movement": null, "downthrown_side_dir": null, "vert_sep_rate": null, "strike_slip_rate": null, "exposure_quality": null, "shortening_rate": null, "notes": null, "index_right": 126, "NAME_EN": "Myanmar" }, "geometry": { "type": "LineString", "coordinates": [ [ 94.446, 16.361 ], [ 94.451, 16.376 ], [ 94.464, 16.436 ], [ 94.467, 16.453 ], [ 94.467, 16.48 ], [ 94.472, 16.514 ], [ 94.48, 16.549 ], [ 94.49, 16.574 ], [ 94.528, 16.648 ], [ 94.536, 16.681 ], [ 94.542, 16.73 ], [ 94.551, 16.764 ], [ 94.558, 16.804 ], [ 94.558, 16.818 ], [ 94.562, 16.833 ] ] } },
{ "type": "Feature", "properties": { "average_dip": "(90.0,,)", "average_rake": "(180.0,,)", "catalog_id": "EOS_AF0177", "catalog_name": "EOS_SE_Asia", "dip_dir": null, "lower_seis_depth": "(15.0,,)", "name": null, "net_slip_rate": null, "slip_type": "Dextral", "upper_seis_depth": "(1.0,,)", "downthrown_side_id": null, "reference": null, "epistemic_quality": null, "accuracy": null, "activity_confidence": null, "fs_name": null, "last_movement": null, "downthrown_side_dir": null, "vert_sep_rate": null, "strike_slip_rate": null, "exposure_quality": null, "shortening_rate": null, "notes": null, "index_right": 126, "NAME_EN": "Myanmar" }, "geometry": { "type": "LineString", "coordinates": [ [ 94.578, 18.725 ], [ 94.568, 18.738 ], [ 94.564, 18.752 ], [ 94.55, 18.78 ], [ 94.547, 18.796 ], [ 94.537, 18.828 ], [ 94.535, 18.839 ], [ 94.524, 18.866 ], [ 94.519, 18.888 ], [ 94.504, 18.937 ], [ 94.487, 18.978 ], [ 94.482, 18.999 ], [ 94.454, 19.048 ], [ 94.446, 19.064 ], [ 94.442, 19.079 ], [ 94.431, 19.096 ], [ 94.422, 19.118 ] ] } },
{ "type": "Feature", "properties": { "average_dip": "(90.0,,)", "average_rake": "(180.0,,)", "catalog_id": "EOS_AF0185", "catalog_name": "EOS_SE_Asia", "dip_dir": null, "lower_seis_depth": "(15.0,,)", "name": null, "net_slip_rate": null, "slip_type": "Dextral", "upper_seis_depth": "(1.0,,)", "downthrown_side_id": null, "reference": null, "epistemic_quality": null, "accuracy": null, "activity_confidence": null, "fs_name": null, "last_movement": null, "downthrown_side_dir": null, "vert_sep_rate": null, "strike_slip_rate": null, "exposure_quality": null, "shortening_rate": null, "notes": null, "index_right": 126, "NAME_EN": "Myanmar" }, "geometry": { "type": "LineString", "coordinates": [ [ 97.996, 19.434 ], [ 98.003, 19.492 ], [ 98.003, 19.566 ], [ 97.998, 19.626 ], [ 97.993, 19.656 ], [ 97.98, 19.765 ] ] } },
{ "type": "Feature", "properties": { "average_dip": "(75.0,,)", "average_rake": "(-90.0,,)", "catalog_id": "EOS_AF0187", "catalog_name": "EOS_SE_Asia", "dip_dir": null, "lower_seis_depth": "(15.0,,)", "name": null, "net_slip_rate": null, "slip_type": "Normal", "upper_seis_depth": "(1.0,,)", "downthrown_side_id": null, "reference": null, "epistemic_quality": null, "accuracy": null, "activity_confidence": null, "fs_name": null, "last_movement": null, "downthrown_side_dir": null, "vert_sep_rate": null, "strike_slip_rate": null, "exposure_quality": null, "shortening_rate": null, "notes": null, "index_right": 126, "NAME_EN": "Myanmar" }, "geometry": { "type": "LineString", "coordinates": [ [ 97.434, 19.387 ], [ 97.444, 19.404 ], [ 97.45, 19.42 ], [ 97.451, 19.441 ], [ 97.449, 19.475 ], [ 97.445, 19.509 ], [ 97.437, 19.547 ], [ 97.437, 19.566 ], [ 97.446, 19.639 ], [ 97.451, 19.667 ], [ 97.46, 19.687 ], [ 97.462, 19.704 ], [ 97.463, 19.753 ], [ 97.458, 19.814 ], [ 97.459, 19.856 ], [ 97.456, 19.876 ], [ 97.44, 19.919 ], [ 97.441, 19.934 ], [ 97.439, 19.947 ], [ 97.442, 19.96 ], [ 97.442, 19.977 ], [ 97.444, 19.99 ], [ 97.447, 19.996 ] ] } },
{ "type": "Feature", "properties": { "average_dip": "(90.0,,)", "average_rake": "(180.0,,)", "catalog_id": "EOS_AF0188", "catalog_name": "EOS_SE_Asia", "dip_dir": null, "lower_seis_depth": "(15.0,,)", "name": null, "net_slip_rate": null, "slip_type": "Dextral", "upper_seis_depth": "(1.0,,)", "downthrown_side_id": null, "reference": null, "epistemic_quality": null, "accuracy": null, "activity_confidence": null, "fs_name": null, "last_movement": null, "downthrown_side_dir": null, "vert_sep_rate": null, "strike_slip_rate": null, "exposure_quality": null, "shortening_rate": null, "notes": null, "index_right": 126, "NAME_EN": "Myanmar" }, "geometry": { "type": "LineString", "coordinates": [ [ 96.27, 20.083 ], [ 96.32, 20.058 ], [ 96.349, 20.033 ], [ 96.426, 19.93 ], [ 96.478, 19.892 ], [ 96.514, 19.868 ] ] } },
{ "type": "Feature", "properties": { "average_dip": "(90.0,,)", "average_rake": "(0.0,,)", "catalog_id": "EOS_AF0197", "catalog_name": "EOS_SE_Asia", "dip_dir": null, "lower_seis_depth": "(15.0,,)", "name": null, "net_slip_rate": null, "slip_type": "Sinistral", "upper_seis_depth": "(1.0,,)", "downthrown_side_id": null, "reference": null, "epistemic_quality": null, "accuracy": null, "activity_confidence": null, "fs_name": null, "last_movement": null, "downthrown_side_dir": null, "vert_sep_rate": null, "strike_slip_rate": null, "exposure_quality": null, "shortening_rate": null, "notes": null, "index_right": 126, "NAME_EN": "Myanmar" }, "geometry": { "type": "LineString", "coordinates": [ [ 99.43, 20.652 ], [ 99.496, 20.676 ], [ 99.548, 20.691 ], [ 99.571, 20.696 ], [ 99.593, 20.705 ], [ 99.61, 20.717 ], [ 99.631, 20.738 ], [ 99.651, 20.75 ], [ 99.714, 20.781 ], [ 99.735, 20.793 ], [ 99.764, 20.796 ], [ 99.795, 20.807 ], [ 99.813, 20.811 ], [ 99.829, 20.82 ], [ 99.867, 20.829 ] ] } },
{ "type": "Feature", "properties": { "average_dip": "(90.0,,)", "average_rake": "(0.0,,)", "catalog_id": "EOS_AF0198", "catalog_name": "EOS_SE_Asia", "dip_dir": null, "lower_seis_depth": "(15.0,,)", "name": null, "net_slip_rate": null, "slip_type": "Sinistral", "upper_seis_depth": "(1.0,,)", "downthrown_side_id": null, "reference": null, "epistemic_quality": null, "accuracy": null, "activity_confidence": null, "fs_name": null, "last_movement": null, "downthrown_side_dir": null, "vert_sep_rate": null, "strike_slip_rate": null, "exposure_quality": null, "shortening_rate": null, "notes": null, "index_right": 126, "NAME_EN": "Myanmar" }, "geometry": { "type": "LineString", "coordinates": [ [ 99.836, 20.908 ], [ 99.839, 20.946 ], [ 99.851, 20.987 ], [ 99.862, 21.015 ], [ 99.885, 21.043 ], [ 99.9, 21.069 ], [ 99.931, 21.089 ], [ 99.989, 21.122 ], [ 100.006, 21.139 ], [ 100.053, 21.17 ], [ 100.079, 21.176 ] ] } },
{ "type": "Feature", "properties": { "average_dip": "(90.0,,)", "average_rake": "(180.0,,)", "catalog_id": "EOS_AF0246", "catalog_name": "EOS_SE_Asia", "dip_dir": null, "lower_seis_depth": "(15.0,,)", "name": null, "net_slip_rate": null, "slip_type": "Dextral", "upper_seis_depth": "(1.0,,)", "downthrown_side_id": null, "reference": null, "epistemic_quality": null, "accuracy": null, "activity_confidence": null, "fs_name": null, "last_movement": null, "downthrown_side_dir": null, "vert_sep_rate": null, "strike_slip_rate": null, "exposure_quality": null, "shortening_rate": null, "notes": null, "index_right": 126, "NAME_EN": "Myanmar" }, "geometry": { "type": "LineString", "coordinates": [ [ 98.523, 16.494 ], [ 98.542, 16.481 ], [ 98.566, 16.452 ], [ 98.588, 16.389 ], [ 98.594, 16.36 ], [ 98.594, 16.331 ] ] } },
{ "type": "Feature", "properties": { "average_dip": "(90.0,,)", "average_rake": "(180.0,,)", "catalog_id": "EOS_AF0247", "catalog_name": "EOS_SE_Asia", "dip_dir": null, "lower_seis_depth": "(15.0,,)", "name": null, "net_slip_rate": null, "slip_type": "Dextral", "upper_seis_depth": "(1.0,,)", "downthrown_side_id": null, "reference": null, "epistemic_quality": null, "accuracy": null, "activity_confidence": null, "fs_name": null, "last_movement": null, "downthrown_side_dir": null, "vert_sep_rate": null, "strike_slip_rate": null, "exposure_quality": null, "shortening_rate": null, "notes": null, "index_right": 126, "NAME_EN": "Myanmar" }, "geometry": { "type": "LineString", "coordinates": [ [ 98.573, 16.362 ], [ 98.585, 16.347 ], [ 98.59, 16.335 ], [ 98.592, 16.32 ], [ 98.592, 16.307 ], [ 98.598, 16.253 ], [ 98.599, 16.216 ], [ 98.602, 16.196 ], [ 98.602, 16.14 ], [ 98.605, 16.101 ], [ 98.618, 16.029 ], [ 98.623, 15.974 ], [ 98.63, 15.938 ], [ 98.633, 15.904 ], [ 98.639, 15.89 ], [ 98.642, 15.843 ], [ 98.648, 15.794 ], [ 98.655, 15.77 ], [ 98.684, 15.702 ], [ 98.693, 15.673 ], [ 98.705, 15.646 ], [ 98.728, 15.602 ], [ 98.76, 15.546 ], [ 98.766, 15.526 ] ] } },
{ "type": "Feature", "properties": { "average_dip": "(90.0,,)", "average_rake": "(180.0,,)", "catalog_id": "EOS_AF0252", "catalog_name": "EOS_SE_Asia", "dip_dir": null, "lower_seis_depth": "(15.0,,)", "name": null, "net_slip_rate": null, "slip_type": "Dextral", "upper_seis_depth": "(1.0,,)", "downthrown_side_id": null, "reference": null, "epistemic_quality": null, "accuracy": null, "activity_confidence": null, "fs_name": null, "last_movement": null, "downthrown_side_dir": null, "vert_sep_rate": null, "strike_slip_rate": null, "exposure_quality": null, "shortening_rate": null, "notes": null, "index_right": 126, "NAME_EN": "Myanmar" }, "geometry": { "type": "LineString", "coordinates": [ [ 97.575, 16.083 ], [ 97.666, 16.023 ], [ 97.767, 15.905 ], [ 97.787, 15.879 ], [ 97.861, 15.799 ], [ 97.889, 15.775 ], [ 97.903, 15.759 ], [ 97.955, 15.713 ], [ 97.967, 15.698 ], [ 97.984, 15.684 ], [ 97.999, 15.674 ], [ 98.092, 15.594 ], [ 98.114, 15.577 ], [ 98.14, 15.54 ], [ 98.168, 15.511 ], [ 98.208, 15.465 ], [ 98.224, 15.442 ], [ 98.248, 15.417 ], [ 98.284, 15.369 ] ] } },
{ "type": "Feature", "properties": { "average_dip": "(60.0,,)", "average_rake": "(-90.0,,)", "catalog_id": "EOS_AF0253", "catalog_name": "EOS_SE_Asia", "dip_dir": null, "lower_seis_depth": "(15.0,,)", "name": null, "net_slip_rate": null, "slip_type": "Normal", "upper_seis_depth": "(1.0,,)", "downthrown_side_id": null, "reference": null, "epistemic_quality": null, "accuracy": null, "activity_confidence": null, "fs_name": null, "last_movement": null, "downthrown_side_dir": null, "vert_sep_rate": null, "strike_slip_rate": null, "exposure_quality": null, "shortening_rate": null, "notes": null, "index_right": 126, "NAME_EN": "Myanmar" }, "geometry": { "type": "LineString", "coordinates": [ [ 98.266, 15.856 ], [ 98.271, 15.781 ], [ 98.27, 15.771 ], [ 98.275, 15.756 ], [ 98.277, 15.738 ], [ 98.282, 15.719 ], [ 98.282, 15.701 ], [ 98.281, 15.694 ], [ 98.277, 15.687 ], [ 98.274, 15.651 ], [ 98.268, 15.614 ], [ 98.258, 15.576 ], [ 98.256, 15.549 ], [ 98.257, 15.525 ] ] } },
{ "type": "Feature", "properties": { "average_dip": "(90.0,,)", "average_rake": "(180.0,,)", "catalog_id": "EOS_AF0254", "catalog_name": "EOS_SE_Asia", "dip_dir": null, "lower_seis_depth": "(15.0,,)", "name": null, "net_slip_rate": null, "slip_type": "Dextral", "upper_seis_depth": "(1.0,,)", "downthrown_side_id": null, "reference": null, "epistemic_quality": null, "accuracy": null, "activity_confidence": null, "fs_name": null, "last_movement": null, "downthrown_side_dir": null, "vert_sep_rate": null, "strike_slip_rate": null, "exposure_quality": null, "shortening_rate": null, "notes": null, "index_right": 126, "NAME_EN": "Myanmar" }, "geometry": { "type": "LineString", "coordinates": [ [ 98.496, 15.068 ], [ 98.495, 15.085 ], [ 98.493, 15.092 ], [ 98.479, 15.119 ], [ 98.472, 15.163 ], [ 98.462, 15.189 ], [ 98.45, 15.211 ], [ 98.429, 15.233 ], [ 98.411, 15.261 ], [ 98.306, 15.38 ], [ 98.292, 15.403 ], [ 98.279, 15.43 ], [ 98.248, 15.509 ] ] } },
{ "type": "Feature", "properties": { "average_dip": "(90.0,,)", "average_rake": "(180.0,,)", "catalog_id": "EOS_AF0259", "catalog_name": "EOS_SE_Asia", "dip_dir": null, "lower_seis_depth": "(15.0,,)", "name": null, "net_slip_rate": null, "slip_type": "Dextral", "upper_seis_depth": "(1.0,,)", "downthrown_side_id": null, "reference": null, "epistemic_quality": null, "accuracy": null, "activity_confidence": null, "fs_name": null, "last_movement": null, "downthrown_side_dir": null, "vert_sep_rate": null, "strike_slip_rate": null, "exposure_quality": null, "shortening_rate": null, "notes": null, "index_right": 126, "NAME_EN": "Myanmar" }, "geometry": { "type": "LineString", "coordinates": [ [ 98.923, 13.988 ], [ 98.904, 14.003 ], [ 98.865, 14.057 ], [ 98.859, 14.062 ], [ 98.846, 14.067 ], [ 98.816, 14.095 ], [ 98.794, 14.108 ], [ 98.766, 14.14 ], [ 98.743, 14.155 ], [ 98.653, 14.181 ], [ 98.61, 14.198 ] ] } },
{ "type": "Feature", "properties": { "average_dip": "(90.0,,)", "average_rake": "(180.0,,)", "catalog_id": "EOS_AF0262", "catalog_name": "EOS_SE_Asia", "dip_dir": null, "lower_seis_depth": "(15.0,,)", "name": null, "net_slip_rate": null, "slip_type": "Dextral", "upper_seis_depth": "(1.0,,)", "downthrown_side_id": null, "reference": null, "epistemic_quality": null, "accuracy": null, "activity_confidence": null, "fs_name": null, "last_movement": null, "downthrown_side_dir": null, "vert_sep_rate": null, "strike_slip_rate": null, "exposure_quality": null, "shortening_rate": null, "notes": null, "index_right": 126, "NAME_EN": "Myanmar" }, "geometry": { "type": "LineString", "coordinates": [ [ 98.971, 13.945 ], [ 98.974, 13.925 ], [ 98.988, 13.895 ], [ 99.009, 13.833 ], [ 99.021, 13.792 ], [ 99.036, 13.754 ], [ 99.047, 13.72 ], [ 99.051, 13.7 ], [ 99.045, 13.646 ], [ 99.044, 13.608 ], [ 99.019, 13.553 ], [ 99.019, 13.463 ], [ 99.013, 13.443 ], [ 99.013, 13.342 ], [ 99.016, 13.312 ], [ 99.014, 13.255 ] ] } },
{ "type": "Feature", "properties": { "average_dip": "(90.0,,)", "average_rake": "(180.0,,)", "catalog_id": "EOS_AF0263", "catalog_name": "EOS_SE_Asia", "dip_dir": null, "lower_seis_depth": "(15.0,,)", "name": null, "net_slip_rate": null, "slip_type": "Dextral", "upper_seis_depth": "(1.0,,)", "downthrown_side_id": null, "reference": null, "epistemic_quality": null, "accuracy": null, "activity_confidence": null, "fs_name": null, "last_movement": null, "downthrown_side_dir": null, "vert_sep_rate": null, "strike_slip_rate": null, "exposure_quality": null, "shortening_rate": null, "notes": null, "index_right": 126, "NAME_EN": "Myanmar" }, "geometry": { "type": "LineString", "coordinates": [ [ 98.995, 13.259 ], [ 98.988, 13.15 ], [ 98.965, 12.967 ], [ 98.951, 12.91 ], [ 98.945, 12.871 ], [ 98.946, 12.841 ] ] } },
{ "type": "Feature", "properties": { "average_dip": "(90.0,,)", "average_rake": "(180.0,,)", "catalog_id": "EOS_AF0264", "catalog_name": "EOS_SE_Asia", "dip_dir": null, "lower_seis_depth": "(15.0,,)", "name": null, "net_slip_rate": null, "slip_type": "Dextral", "upper_seis_depth": "(1.0,,)", "downthrown_side_id": null, "reference": null, "epistemic_quality": null, "accuracy": null, "activity_confidence": null, "fs_name": null, "last_movement": null, "downthrown_side_dir": null, "vert_sep_rate": null, "strike_slip_rate": null, "exposure_quality": null, "shortening_rate": null, "notes": null, "index_right": 126, "NAME_EN": "Myanmar" }, "geometry": { "type": "LineString", "coordinates": [ [ 98.939, 12.788 ], [ 98.939, 12.717 ], [ 98.942, 12.686 ], [ 98.953, 12.623 ], [ 98.962, 12.599 ], [ 98.967, 12.578 ] ] } },
{ "type": "Feature", "properties": { "average_dip": "(90.0,,)", "average_rake": "(180.0,,)", "catalog_id": "EOS_AF0266", "catalog_name": "EOS_SE_Asia", "dip_dir": null, "lower_seis_depth": "(15.0,,)", "name": null, "net_slip_rate": null, "slip_type": "Dextral", "upper_seis_depth": "(1.0,,)", "downthrown_side_id": null, "reference": null, "epistemic_quality": null, "accuracy": null, "activity_confidence": null, "fs_name": null, "last_movement": null, "downthrown_side_dir": null, "vert_sep_rate": null, "strike_slip_rate": null, "exposure_quality": null, "shortening_rate": null, "notes": null, "index_right": 126, "NAME_EN": "Myanmar" }, "geometry": { "type": "LineString", "coordinates": [ [ 98.197, 14.482 ], [ 98.222, 14.464 ], [ 98.248, 14.45 ], [ 98.276, 14.437 ], [ 98.343, 14.41 ], [ 98.392, 14.381 ], [ 98.421, 14.36 ], [ 98.44, 14.342 ], [ 98.484, 14.313 ] ] } },
{ "type": "Feature", "properties": { "average_dip": "(90.0,,)", "average_rake": "(180.0,,)", "catalog_id": "EOS_AF0267", "catalog_name": "EOS_SE_Asia", "dip_dir": null, "lower_seis_depth": "(15.0,,)", "name": null, "net_slip_rate": null, "slip_type": "Dextral", "upper_seis_depth": "(1.0,,)", "downthrown_side_id": null, "reference": null, "epistemic_quality": null, "accuracy": null, "activity_confidence": null, "fs_name": null, "last_movement": null, "downthrown_side_dir": null, "vert_sep_rate": null, "strike_slip_rate": null, "exposure_quality": null, "shortening_rate": null, "notes": null, "index_right": 126, "NAME_EN": "Myanmar" }, "geometry": { "type": "LineString", "coordinates": [ [ 99.292, 11.862 ], [ 99.319, 11.774 ], [ 99.335, 11.715 ], [ 99.341, 11.671 ], [ 99.338, 11.655 ], [ 99.312, 11.596 ] ] } },
{ "type": "Feature", "properties": { "average_dip": "(90.0,,)", "average_rake": "(180.0,,)", "catalog_id": "EOS_AF0274", "catalog_name": "EOS_SE_Asia", "dip_dir": null, "lower_seis_depth": "(15.0,,)", "name": null, "net_slip_rate": null, "slip_type": "Dextral", "upper_seis_depth": "(1.0,,)", "downthrown_side_id": null, "reference": null, "epistemic_quality": null, "accuracy": null, "activity_confidence": null, "fs_name": null, "last_movement": null, "downthrown_side_dir": null, "vert_sep_rate": null, "strike_slip_rate": null, "exposure_quality": null, "shortening_rate": null, "notes": null, "index_right": 126, "NAME_EN": "Myanmar" }, "geometry": { "type": "LineString", "coordinates": [ [ 98.394, 14.171 ], [ 98.399, 14.129 ], [ 98.399, 14.113 ], [ 98.396, 14.093 ], [ 98.398, 14.084 ], [ 98.395, 14.062 ], [ 98.398, 14.023 ], [ 98.406, 13.991 ], [ 98.411, 13.979 ], [ 98.414, 13.954 ], [ 98.439, 13.893 ], [ 98.453, 13.841 ], [ 98.479, 13.817 ], [ 98.513, 13.796 ], [ 98.531, 13.788 ], [ 98.558, 13.771 ], [ 98.574, 13.756 ], [ 98.582, 13.74 ], [ 98.584, 13.722 ], [ 98.582, 13.7 ], [ 98.585, 13.68 ] ] } },
{ "type": "Feature", "properties": { "average_dip": "(90.0,,)", "average_rake": "(180.0,,)", "catalog_id": "EOS_AF0275", "catalog_name": "EOS_SE_Asia", "dip_dir": null, "lower_seis_depth": "(15.0,,)", "name": null, "net_slip_rate": null, "slip_type": "Dextral", "upper_seis_depth": "(1.0,,)", "downthrown_side_id": null, "reference": null, "epistemic_quality": null, "accuracy": null, "activity_confidence": null, "fs_name": null, "last_movement": null, "downthrown_side_dir": null, "vert_sep_rate": null, "strike_slip_rate": null, "exposure_quality": null, "shortening_rate": null, "notes": null, "index_right": 126, "NAME_EN": "Myanmar" }, "geometry": { "type": "LineString", "coordinates": [ [ 98.564, 13.694 ], [ 98.556, 13.658 ], [ 98.545, 13.636 ], [ 98.532, 13.617 ], [ 98.514, 13.57 ], [ 98.512, 13.52 ], [ 98.513, 13.496 ], [ 98.511, 13.472 ], [ 98.507, 13.452 ] ] } },
{ "type": "Feature", "properties": { "average_dip": "(90.0,,)", "average_rake": "(180.0,,)", "catalog_id": "EOS_AF0276", "catalog_name": "EOS_SE_Asia", "dip_dir": null, "lower_seis_depth": "(15.0,,)", "name": null, "net_slip_rate": null, "slip_type": "Dextral", "upper_seis_depth": "(1.0,,)", "downthrown_side_id": null, "reference": null, "epistemic_quality": null, "accuracy": null, "activity_confidence": null, "fs_name": null, "last_movement": null, "downthrown_side_dir": null, "vert_sep_rate": null, "strike_slip_rate": null, "exposure_quality": null, "shortening_rate": null, "notes": null, "index_right": 126, "NAME_EN": "Myanmar" }, "geometry": { "type": "LineString", "coordinates": [ [ 98.173, 14.591 ], [ 98.174, 14.546 ], [ 98.182, 14.493 ], [ 98.184, 14.389 ], [ 98.197, 14.282 ] ] } },
{ "type": "Feature", "properties": { "average_dip": "(90.0,,)", "average_rake": "(180.0,,)", "catalog_id": "EOS_AF0277", "catalog_name": "EOS_SE_Asia", "dip_dir": null, "lower_seis_depth": "(15.0,,)", "name": null, "net_slip_rate": null, "slip_type": "Dextral", "upper_seis_depth": "(1.0,,)", "downthrown_side_id": null, "reference": null, "epistemic_quality": null, "accuracy": null, "activity_confidence": null, "fs_name": null, "last_movement": null, "downthrown_side_dir": null, "vert_sep_rate": null, "strike_slip_rate": null, "exposure_quality": null, "shortening_rate": null, "notes": null, "index_right": 126, "NAME_EN": "Myanmar" }, "geometry": { "type": "LineString", "coordinates": [ [ 98.716, 13.779 ], [ 98.727, 13.766 ], [ 98.755, 13.741 ], [ 98.798, 13.688 ], [ 98.826, 13.659 ], [ 98.874, 13.602 ] ] } },
{ "type": "Feature", "properties": { "average_dip": "(90.0,,)", "average_rake": "(180.0,,)", "catalog_id": "EOS_AF0278", "catalog_name": "EOS_SE_Asia", "dip_dir": null, "lower_seis_depth": "(15.0,,)", "name": null, "net_slip_rate": null, "slip_type": "Dextral", "upper_seis_depth": "(1.0,,)", "downthrown_side_id": null, "reference": null, "epistemic_quality": null, "accuracy": null, "activity_confidence": null, "fs_name": null, "last_movement": null, "downthrown_side_dir": null, "vert_sep_rate": null, "strike_slip_rate": null, "exposure_quality": null, "shortening_rate": null, "notes": null, "index_right": 126, "NAME_EN": "Myanmar" }, "geometry": { "type": "LineString", "coordinates": [ [ 98.561, 14.065 ], [ 98.575, 14.043 ], [ 98.606, 14.001 ], [ 98.621, 13.977 ], [ 98.638, 13.957 ], [ 98.644, 13.946 ], [ 98.652, 13.938 ], [ 98.662, 13.924 ], [ 98.683, 13.891 ], [ 98.694, 13.869 ] ] } },
{ "type": "Feature", "properties": { "average_dip": "(90.0,,)", "average_rake": "(180.0,,)", "catalog_id": "EOS_AF0279", "catalog_name": "EOS_SE_Asia", "dip_dir": null, "lower_seis_depth": "(15.0,,)", "name": null, "net_slip_rate": null, "slip_type": "Dextral", "upper_seis_depth": "(1.0,,)", "downthrown_side_id": null, "reference": null, "epistemic_quality": null, "accuracy": null, "activity_confidence": null, "fs_name": null, "last_movement": null, "downthrown_side_dir": null, "vert_sep_rate": null, "strike_slip_rate": null, "exposure_quality": null, "shortening_rate": null, "notes": null, "index_right": 126, "NAME_EN": "Myanmar" }, "geometry": { "type": "LineString", "coordinates": [ [ 99.021, 12.541 ], [ 99.074, 12.483 ], [ 99.137, 12.399 ], [ 99.173, 12.336 ], [ 99.167, 12.301 ], [ 99.157, 12.283 ], [ 99.154, 12.26 ], [ 99.161, 12.206 ], [ 99.173, 12.175 ], [ 99.172, 12.157 ], [ 99.167, 12.137 ], [ 99.159, 12.123 ], [ 99.161, 12.107 ], [ 99.193, 12.066 ], [ 99.21, 12.031 ], [ 99.214, 12.009 ] ] } },
{ "type": "Feature", "properties": { "average_dip": "(90.0,,)", "average_rake": "(0.0,,)", "catalog_id": "EOS_AF0287", "catalog_name": "EOS_SE_Asia", "dip_dir": null, "lower_seis_depth": "(15.0,,)", "name": null, "net_slip_rate": null, "slip_type": "Sinistral", "upper_seis_depth": "(1.0,,)", "downthrown_side_id": null, "reference": null, "epistemic_quality": null, "accuracy": null, "activity_confidence": null, "fs_name": null, "last_movement": null, "downthrown_side_dir": null, "vert_sep_rate": null, "strike_slip_rate": null, "exposure_quality": null, "shortening_rate": null, "notes": null, "index_right": 126, "NAME_EN": "Myanmar" }, "geometry": { "type": "LineString", "coordinates": [ [ 98.708, 10.267 ], [ 98.72, 10.319 ], [ 98.736, 10.35 ], [ 98.743, 10.376 ], [ 98.749, 10.387 ], [ 98.761, 10.403 ], [ 98.769, 10.423 ], [ 98.772, 10.426 ], [ 98.776, 10.435 ], [ 98.776, 10.438 ], [ 98.788, 10.456 ], [ 98.799, 10.492 ], [ 98.804, 10.499 ], [ 98.827, 10.543 ] ] } },
{ "type": "Feature", "properties": { "average_dip": "(90.0,,)", "average_rake": "(0.0,,)", "catalog_id": "EOS_AF0288", "catalog_name": "EOS_SE_Asia", "dip_dir": null, "lower_seis_depth": "(15.0,,)", "name": null, "net_slip_rate": null, "slip_type": "Sinistral", "upper_seis_depth": "(1.0,,)", "downthrown_side_id": null, "reference": null, "epistemic_quality": null, "accuracy": null, "activity_confidence": null, "fs_name": null, "last_movement": null, "downthrown_side_dir": null, "vert_sep_rate": null, "strike_slip_rate": null, "exposure_quality": null, "shortening_rate": null, "notes": null, "index_right": 126, "NAME_EN": "Myanmar" }, "geometry": { "type": "LineString", "coordinates": [ [ 98.708, 10.259 ], [ 98.596, 10.006 ], [ 98.523, 9.894 ], [ 98.342, 9.545 ], [ 97.961, 8.665 ], [ 97.789, 8.327 ], [ 97.59, 7.984 ] ] } },
{ "type": "Feature", "properties": { "average_dip": "(90.0,,)", "average_rake": "(180.0,,)", "catalog_id": "EOS_AF0302", "catalog_name": "EOS_SE_Asia", "dip_dir": null, "lower_seis_depth": "(15.0,,)", "name": null, "net_slip_rate": null, "slip_type": "Dextral", "upper_seis_depth": "(1.0,,)", "downthrown_side_id": null, "reference": null, "epistemic_quality": null, "accuracy": null, "activity_confidence": null, "fs_name": null, "last_movement": null, "downthrown_side_dir": null, "vert_sep_rate": null, "strike_slip_rate": null, "exposure_quality": null, "shortening_rate": null, "notes": null, "index_right": 126, "NAME_EN": "Myanmar" }, "geometry": { "type": "LineString", "coordinates": [ [ 97.812, 20.892 ], [ 97.812, 20.88 ], [ 97.818, 20.834 ], [ 97.829, 20.804 ], [ 97.831, 20.793 ], [ 97.839, 20.768 ], [ 97.847, 20.731 ], [ 97.859, 20.707 ], [ 97.86, 20.692 ], [ 97.869, 20.656 ], [ 97.876, 20.618 ], [ 97.881, 20.581 ], [ 97.871, 20.512 ], [ 97.879, 20.497 ], [ 97.887, 20.439 ], [ 97.898, 20.389 ], [ 97.904, 20.336 ], [ 97.899, 20.263 ] ] } },
{ "type": "Feature", "properties": { "average_dip": "(90.0,,)", "average_rake": "(180.0,,)", "catalog_id": "EOS_AF0303", "catalog_name": "EOS_SE_Asia", "dip_dir": null, "lower_seis_depth": "(15.0,,)", "name": null, "net_slip_rate": null, "slip_type": "Dextral", "upper_seis_depth": "(1.0,,)", "downthrown_side_id": null, "reference": null, "epistemic_quality": null, "accuracy": null, "activity_confidence": null, "fs_name": null, "last_movement": null, "downthrown_side_dir": null, "vert_sep_rate": null, "strike_slip_rate": null, "exposure_quality": null, "shortening_rate": null, "notes": null, "index_right": 126, "NAME_EN": "Myanmar" }, "geometry": { "type": "LineString", "coordinates": [ [ 97.861, 25.55 ], [ 97.851, 25.542 ], [ 97.842, 25.513 ], [ 97.828, 25.477 ], [ 97.816, 25.436 ], [ 97.759, 25.358 ], [ 97.721, 25.316 ], [ 97.702, 25.286 ] ] } },
{ "type": "Feature", "properties": { "average_dip": "(90.0,,)", "average_rake": "(180.0,,)", "catalog_id": "EOS_AF0305", "catalog_name": "EOS_SE_Asia", "dip_dir": null, "lower_seis_depth": "(15.0,,)", "name": null, "net_slip_rate": null, "slip_type": "Dextral", "upper_seis_depth": "(1.0,,)", "downthrown_side_id": null, "reference": null, "epistemic_quality": null, "accuracy": null, "activity_confidence": null, "fs_name": null, "last_movement": null, "downthrown_side_dir": null, "vert_sep_rate": null, "strike_slip_rate": null, "exposure_quality": null, "shortening_rate": null, "notes": null, "index_right": 126, "NAME_EN": "Myanmar" }, "geometry": { "type": "LineString", "coordinates": [ [ 97.092, 28.35 ], [ 97.116, 28.318 ], [ 97.143, 28.3 ], [ 97.166, 28.287 ], [ 97.2, 28.248 ], [ 97.232, 28.225 ], [ 97.288, 28.195 ], [ 97.313, 28.175 ], [ 97.373, 28.116 ], [ 97.392, 28.1 ], [ 97.413, 28.085 ], [ 97.454, 28.033 ], [ 97.469, 27.995 ], [ 97.486, 27.941 ], [ 97.489, 27.919 ], [ 97.487, 27.878 ] ] } },
{ "type": "Feature", "properties": { "average_dip": "(90.0,,)", "average_rake": "(180.0,,)", "catalog_id": "EOS_AF0306", "catalog_name": "EOS_SE_Asia", "dip_dir": null, "lower_seis_depth": "(15.0,,)", "name": null, "net_slip_rate": null, "slip_type": "Dextral", "upper_seis_depth": "(1.0,,)", "downthrown_side_id": null, "reference": null, "epistemic_quality": null, "accuracy": null, "activity_confidence": null, "fs_name": null, "last_movement": null, "downthrown_side_dir": null, "vert_sep_rate": null, "strike_slip_rate": null, "exposure_quality": null, "shortening_rate": null, "notes": null, "index_right": 126, "NAME_EN": "Myanmar" }, "geometry": { "type": "LineString", "coordinates": [ [ 97.684, 27.902 ], [ 97.685, 27.849 ], [ 97.692, 27.808 ], [ 97.727, 27.749 ], [ 97.808, 27.69 ], [ 97.917, 27.602 ], [ 97.967, 27.559 ], [ 98.0, 27.519 ], [ 98.041, 27.465 ], [ 98.064, 27.424 ], [ 98.086, 27.369 ], [ 98.09, 27.299 ] ] } },
{ "type": "Feature", "properties": { "average_dip": "(90.0,,)", "average_rake": "(180.0,,)", "catalog_id": "EOS_AF0307", "catalog_name": "EOS_SE_Asia", "dip_dir": null, "lower_seis_depth": "(15.0,,)", "name": null, "net_slip_rate": null, "slip_type": "Dextral", "upper_seis_depth": "(1.0,,)", "downthrown_side_id": null, "reference": null, "epistemic_quality": null, "accuracy": null, "activity_confidence": null, "fs_name": null, "last_movement": null, "downthrown_side_dir": null, "vert_sep_rate": null, "strike_slip_rate": null, "exposure_quality": null, "shortening_rate": null, "notes": null, "index_right": 126, "NAME_EN": "Myanmar" }, "geometry": { "type": "LineString", "coordinates": [ [ 98.184, 26.68 ], [ 98.228, 26.726 ], [ 98.247, 26.753 ], [ 98.269, 26.8 ], [ 98.275, 26.816 ], [ 98.279, 26.836 ], [ 98.274, 26.878 ], [ 98.261, 26.902 ], [ 98.229, 26.952 ], [ 98.214, 26.99 ], [ 98.209, 27.007 ], [ 98.198, 27.024 ], [ 98.188, 27.033 ], [ 98.17, 27.044 ] ] } },
{ "type": "Feature", "properties": { "average_dip": "(90.0,,)", "average_rake": "(180.0,,)", "catalog_id": "EOS_AF0308", "catalog_name": "EOS_SE_Asia", "dip_dir": null, "lower_seis_depth": "(15.0,,)", "name": null, "net_slip_rate": null, "slip_type": "Dextral", "upper_seis_depth": "(1.0,,)", "downthrown_side_id": null, "reference": null, "epistemic_quality": null, "accuracy": null, "activity_confidence": null, "fs_name": null, "last_movement": null, "downthrown_side_dir": null, "vert_sep_rate": null, "strike_slip_rate": null, "exposure_quality": null, "shortening_rate": null, "notes": null, "index_right": 126, "NAME_EN": "Myanmar" }, "geometry": { "type": "LineString", "coordinates": [ [ 97.981, 27.158 ], [ 97.982, 27.133 ], [ 97.978, 27.085 ], [ 97.984, 27.028 ], [ 97.988, 26.959 ], [ 97.987, 26.941 ], [ 97.991, 26.863 ], [ 97.989, 26.844 ], [ 97.99, 26.799 ], [ 97.975, 26.761 ] ] } },
{ "type": "Feature", "properties": { "average_dip": "(90.0,,)", "average_rake": "(180.0,,)", "catalog_id": "EOS_AF0309", "catalog_name": "EOS_SE_Asia", "dip_dir": null, "lower_seis_depth": "(15.0,,)", "name": null, "net_slip_rate": null, "slip_type": "Dextral", "upper_seis_depth": "(1.0,,)", "downthrown_side_id": null, "reference": null, "epistemic_quality": null, "accuracy": null, "activity_confidence": null, "fs_name": null, "last_movement": null, "downthrown_side_dir": null, "vert_sep_rate": null, "strike_slip_rate": null, "exposure_quality": null, "shortening_rate": null, "notes": null, "index_right": 126, "NAME_EN": "Myanmar" }, "geometry": { "type": "LineString", "coordinates": [ [ 98.161, 25.864 ], [ 98.174, 25.932 ], [ 98.197, 26.02 ], [ 98.225, 26.098 ], [ 98.248, 26.15 ], [ 98.265, 26.218 ], [ 98.277, 26.35 ], [ 98.279, 26.403 ], [ 98.29, 26.483 ], [ 98.321, 26.609 ], [ 98.352, 26.744 ], [ 98.359, 26.792 ], [ 98.356, 26.918 ], [ 98.352, 26.98 ], [ 98.342, 27.027 ], [ 98.338, 27.079 ], [ 98.32, 27.116 ], [ 98.283, 27.15 ], [ 98.258, 27.179 ], [ 98.233, 27.2 ], [ 98.217, 27.217 ], [ 98.173, 27.24 ], [ 98.141, 27.26 ], [ 98.09, 27.299 ] ] } },
{ "type": "Feature", "properties": { "average_dip": "(90.0,,)", "average_rake": "(180.0,,)", "catalog_id": "EOS_AF0311", "catalog_name": "EOS_SE_Asia", "dip_dir": null, "lower_seis_depth": "(15.0,,)", "name": null, "net_slip_rate": null, "slip_type": "Dextral", "upper_seis_depth": "(1.0,,)", "downthrown_side_id": null, "reference": null, "epistemic_quality": null, "accuracy": null, "activity_confidence": null, "fs_name": null, "last_movement": null, "downthrown_side_dir": null, "vert_sep_rate": null, "strike_slip_rate": null, "exposure_quality": null, "shortening_rate": null, "notes": null, "index_right": 126, "NAME_EN": "Myanmar" }, "geometry": { "type": "LineString", "coordinates": [ [ 98.329, 27.506 ], [ 98.342, 27.365 ], [ 98.342, 27.315 ], [ 98.34, 27.271 ], [ 98.343, 27.251 ], [ 98.348, 27.247 ], [ 98.351, 27.24 ], [ 98.357, 27.202 ], [ 98.364, 27.171 ], [ 98.363, 27.157 ], [ 98.364, 27.14 ], [ 98.361, 27.117 ], [ 98.362, 27.094 ], [ 98.366, 27.077 ], [ 98.369, 27.053 ], [ 98.365, 27.033 ] ] } },
{ "type": "Feature", "properties": { "average_dip": "(90.0,,)", "average_rake": "(180.0,,)", "catalog_id": "EOS_AF0312", "catalog_name": "EOS_SE_Asia", "dip_dir": null, "lower_seis_depth": "(15.0,,)", "name": null, "net_slip_rate": null, "slip_type": "Dextral", "upper_seis_depth": "(1.0,,)", "downthrown_side_id": null, "reference": null, "epistemic_quality": null, "accuracy": null, "activity_confidence": null, "fs_name": null, "last_movement": null, "downthrown_side_dir": null, "vert_sep_rate": null, "strike_slip_rate": null, "exposure_quality": null, "shortening_rate": null, "notes": null, "index_right": 126, "NAME_EN": "Myanmar" }, "geometry": { "type": "LineString", "coordinates": [ [ 98.111, 25.771 ], [ 98.208, 25.729 ], [ 98.24, 25.711 ], [ 98.253, 25.685 ], [ 98.282, 25.651 ], [ 98.288, 25.632 ], [ 98.302, 25.612 ], [ 98.333, 25.586 ], [ 98.388, 25.544 ], [ 98.413, 25.522 ] ] } },
{ "type": "Feature", "properties": { "average_dip": "(90.0,,)", "average_rake": "(180.0,,)", "catalog_id": "EOS_AF0313", "catalog_name": "EOS_SE_Asia", "dip_dir": null, "lower_seis_depth": "(15.0,,)", "name": null, "net_slip_rate": null, "slip_type": "Dextral", "upper_seis_depth": "(1.0,,)", "downthrown_side_id": null, "reference": null, "epistemic_quality": null, "accuracy": null, "activity_confidence": null, "fs_name": null, "last_movement": null, "downthrown_side_dir": null, "vert_sep_rate": null, "strike_slip_rate": null, "exposure_quality": null, "shortening_rate": null, "notes": null, "index_right": 126, "NAME_EN": "Myanmar" }, "geometry": { "type": "LineString", "coordinates": [ [ 98.223, 25.807 ], [ 98.264, 25.783 ], [ 98.28, 25.768 ], [ 98.307, 25.732 ], [ 98.383, 25.579 ], [ 98.419, 25.51 ], [ 98.431, 25.491 ], [ 98.452, 25.447 ], [ 98.469, 25.402 ], [ 98.488, 25.359 ] ] } },
{ "type": "Feature", "properties": { "average_dip": "(90.0,,)", "average_rake": "(180.0,,)", "catalog_id": "EOS_AF0314", "catalog_name": "EOS_SE_Asia", "dip_dir": null, "lower_seis_depth": "(15.0,,)", "name": null, "net_slip_rate": null, "slip_type": "Dextral", "upper_seis_depth": "(1.0,,)", "downthrown_side_id": null, "reference": null, "epistemic_quality": null, "accuracy": null, "activity_confidence": null, "fs_name": null, "last_movement": null, "downthrown_side_dir": null, "vert_sep_rate": null, "strike_slip_rate": null, "exposure_quality": null, "shortening_rate": null, "notes": null, "index_right": 126, "NAME_EN": "Myanmar" }, "geometry": { "type": "LineString", "coordinates": [ [ 98.413, 25.853 ], [ 98.431, 25.821 ], [ 98.441, 25.787 ], [ 98.444, 25.753 ], [ 98.444, 25.718 ], [ 98.437, 25.599 ], [ 98.426, 25.537 ] ] } }
]
}
