{
"type": "FeatureCollection",
"name": "faults_russia",
"crs": { "type": "name", "properties": { "name": "urn:ogc:def:crs:OGC:1.3:CRS84" } },
"features": [
{ "type": "Feature", "properties": { "average_dip": "(65.0,60.0,70.0)", "average_rake": "(90,80.0,100.0)", "catalog_id": "ME_G1s1s4", "catalog_name": "EMME", "dip_dir": null, "lower_seis_depth": "(17.0,,)", "name": null, "net_slip_rate": "(0.7,0.68,0.76)", "slip_type": "Reverse", "upper_seis_depth": "(3.0,,)", "downthrown_side_id": null, "reference": null, "epistemic_quality": "1", "accuracy": null, "activity_confidence": null, "fs_name": null, "last_movement": null, "downthrown_side_dir": null, "vert_sep_rate": null, "strike_slip_rate": null, "exposure_quality": null, "shortening_rate": null, "notes": null, "index_right": 47, "NAME_EN": "Russia" }, "geometry": { "type": "LineString", "coordinates": [ [ 42.366499, 43.052026 ], [ 42.338806, 43.065157 ], [ 42.266972, 43.084885 ], [ 42.193217, 43.09993 ], [ 42.143656, 43.087992 ], [ 42.06888, 43.079979 ], [ 41.999036, 43.099589 ], [ 41.946674, 43.102793 ], [ 41.928538, 43.13138 ], [ 41.89616, 43.151927 ], [ 41.802011, 43.153922 ], [ 41.692429, 43.170695 ], [ 41.600987, 43.198614 ], [ 41.502412, 43.240011 ], [ 41.381445, 43.303567 ], [ 41.336615, 43.317438 ], [ 41.278057, 43.315545 ], [ 41.080482, 43.390027 ], [ 41.044797, 43.390326 ], [ 41.002916, 43.420998 ], [ 40.940297, 43.415728 ], [ 40.9, 43.421938 ], [ 40.851219, 43.459955 ], [ 40.774202, 43.480079 ], [ 40.694606, 43.506174 ], [ 40.61428, 43.541364 ] ] } },
{ "type": "Feature", "properties": { "average_dip": "(60.0,50.0,70.0)", "average_rake": "(95,80.0,110.0)", "catalog_id": "ME_G2s1s5", "catalog_name": "EMME", "dip_dir": null, "lower_seis_depth": "(17.0,,)", "name": null, "net_slip_rate": "(0.4,0.1,0.76)", "slip_type": "Reverse", "upper_seis_depth": "(3.0,,)", "downthrown_side_id": null, "reference": null, "epistemic_quality": "1", "accuracy": null, "activity_confidence": null, "fs_name": null, "last_movement": null, "downthrown_side_dir": null, "vert_sep_rate": null, "strike_slip_rate": null, "exposure_quality": null, "shortening_rate": null, "notes": null, "index_right": 47, "NAME_EN": "Russia" }, "geometry": { "type": "LineString", "coordinates": [ [ 44.656412, 42.674263 ], [ 44.688661, 42.666433 ], [ 44.72462, 42.626912 ], [ 44.767569, 42.617764 ], [ 44.805175, 42.598027 ], [ 44.851644, 42.598096 ], [ 44.919527, 42.624573 ], [ 44.985685, 42.62196 ], [ 45.075062, 42.60477 ], [ 45.125069, 42.583599 ], [ 45.18213, 42.542588 ], [ 45.219504, 42.50687 ], [ 45.285345, 42.46447 ], [ 45.363595, 42.425954 ], [ 45.413266, 42.390132 ], [ 45.480805, 42.370061 ], [ 45.528741, 42.352684 ], [ 45.582026, 42.33922 ], [ 45.65103, 42.299234 ] ] } },
{ "type": "Feature", "properties": { "average_dip": "(60.0,60.0,60.0)", "average_rake": "(90,80.0,100.0)", "catalog_id": "ME_G5s1s1", "catalog_name": "EMME", "dip_dir": null, "lower_seis_depth": "(17.0,,)", "name": null, "net_slip_rate": "(0.4,0.1,0.62)", "slip_type": "Reverse", "upper_seis_depth": "(3.0,,)", "downthrown_side_id": null, "reference": null, "epistemic_quality": "1", "accuracy": null, "activity_confidence": null, "fs_name": null, "last_movement": null, "downthrown_side_dir": null, "vert_sep_rate": null, "strike_slip_rate": null, "exposure_quality": null, "shortening_rate": null, "notes": null, "index_right": 47, "NAME_EN": "Russia" }, "geometry": { "type": "LineString", "coordinates": [ [ 43.364456, 42.844889 ], [ 43.531901, 42.79053 ], [ 43.613125, 42.752931 ], [ 43.716778, 42.72325 ], [ 43.802667, 42.704874 ], [ 44.231922, 42.629335 ], [ 44.262841, 42.61996 ], [ 44.300166, 42.616602 ], [ 44.382429, 42.604285 ], [ 44.428736, 42.587499 ], [ 44.470148, 42.575958 ], [ 44.556692, 42.534464 ], [ 44.733315, 42.460634 ] ] } },
{ "type": "Feature", "properties": { "average_dip": "(80.0,80.0,80.0)", "average_rake": "(90,80.0,100.0)", "catalog_id": "ME_G6s1s2", "catalog_name": "EMME", "dip_dir": null, "lower_seis_depth": "(17.0,,)", "name": null, "net_slip_rate": "None", "slip_type": "Reverse", "upper_seis_depth": "(0.0,,)", "downthrown_side_id": null, "reference": null, "epistemic_quality": "1", "accuracy": null, "activity_confidence": null, "fs_name": null, "last_movement": null, "downthrown_side_dir": null, "vert_sep_rate": null, "strike_slip_rate": null, "exposure_quality": null, "shortening_rate": null, "notes": null, "index_right": 47, "NAME_EN": "Russia" }, "geometry": { "type": "LineString", "coordinates": [ [ 40.898911, 43.370105 ], [ 40.878683, 43.378081 ], [ 40.837853, 43.399231 ], [ 40.824038, 43.409172 ], [ 40.805544, 43.417634 ], [ 40.681184, 43.445202 ], [ 40.602449, 43.476578 ], [ 40.57142, 43.484082 ], [ 40.536533, 43.487075 ], [ 40.467464, 43.507419 ], [ 40.445251, 43.516544 ], [ 40.42559, 43.539259 ], [ 40.422382, 43.55001 ] ] } },
{ "type": "Feature", "properties": { "average_dip": "(65.0,60.0,70.0)", "average_rake": "(90,80.0,100.0)", "catalog_id": "ME_G1s2s8", "catalog_name": "EMME", "dip_dir": null, "lower_seis_depth": "(17.0,,)", "name": null, "net_slip_rate": "(0.4,0.1,0.76)", "slip_type": "Reverse", "upper_seis_depth": "(3.0,,)", "downthrown_side_id": null, "reference": null, "epistemic_quality": "1", "accuracy": null, "activity_confidence": null, "fs_name": null, "last_movement": null, "downthrown_side_dir": null, "vert_sep_rate": null, "strike_slip_rate": null, "exposure_quality": null, "shortening_rate": null, "notes": null, "index_right": 47, "NAME_EN": "Russia" }, "geometry": { "type": "LineString", "coordinates": [ [ 43.374147, 42.862397 ], [ 43.428788, 42.859948 ], [ 43.477978, 42.851603 ], [ 43.543042, 42.837005 ], [ 43.610084, 42.810811 ], [ 43.656024, 42.788193 ], [ 43.702065, 42.759122 ], [ 43.739023, 42.745377 ], [ 43.779557, 42.72651 ], [ 43.80768, 42.71651 ], [ 43.886402, 42.705449 ], [ 43.997439, 42.702876 ], [ 44.162042, 42.706897 ], [ 44.310753, 42.715985 ], [ 44.425414, 42.717517 ], [ 44.521953, 42.706792 ], [ 44.743997, 42.69826 ], [ 44.876436, 42.714325 ], [ 44.957033, 42.686654 ], [ 45.028618, 42.669493 ], [ 45.132312, 42.628486 ], [ 45.177004, 42.624465 ], [ 45.202054, 42.629705 ], [ 45.282372, 42.596524 ], [ 45.658448, 42.498586 ], [ 45.732911, 42.4572 ], [ 45.780891, 42.443678 ] ] } },
{ "type": "Feature", "properties": { "average_dip": "(65.0,60.0,70.0)", "average_rake": "(90,80.0,100.0)", "catalog_id": "ME_G1s2s6", "catalog_name": "EMME", "dip_dir": null, "lower_seis_depth": "(17.0,,)", "name": null, "net_slip_rate": "(0.7,0.68,0.76)", "slip_type": "Reverse", "upper_seis_depth": "(3.0,,)", "downthrown_side_id": null, "reference": null, "epistemic_quality": "1", "accuracy": null, "activity_confidence": null, "fs_name": null, "last_movement": null, "downthrown_side_dir": null, "vert_sep_rate": null, "strike_slip_rate": null, "exposure_quality": null, "shortening_rate": null, "notes": null, "index_right": 47, "NAME_EN": "Russia" }, "geometry": { "type": "LineString", "coordinates": [ [ 41.877343, 43.234041 ], [ 42.096758, 43.152607 ], [ 42.233487, 43.133045 ], [ 42.401047, 43.123205 ], [ 42.432928, 43.110154 ], [ 42.480606, 43.118865 ], [ 42.508172, 43.108758 ], [ 42.70468, 43.103689 ], [ 42.809569, 43.090444 ], [ 43.319326, 42.877274 ] ] } },
{ "type": "Feature", "properties": { "average_dip": "(52.5,45.0,60.0)", "average_rake": "(90,80.0,100.0)", "catalog_id": "ME_AZ4", "catalog_name": "EMME", "dip_dir": null, "lower_seis_depth": "(20.0,,)", "name": null, "net_slip_rate": "(0.4,0.39,0.47)", "slip_type": "Reverse", "upper_seis_depth": "(3.0,,)", "downthrown_side_id": null, "reference": null, "epistemic_quality": "1", "accuracy": null, "activity_confidence": null, "fs_name": null, "last_movement": null, "downthrown_side_dir": null, "vert_sep_rate": null, "strike_slip_rate": null, "exposure_quality": null, "shortening_rate": null, "notes": null, "index_right": 47, "NAME_EN": "Russia" }, "geometry": { "type": "LineString", "coordinates": [ [ 47.967735, 41.356451 ], [ 48.289492, 41.235479 ], [ 48.776453, 41.14999 ], [ 48.95792, 41.092517 ], [ 49.236384, 40.953918 ] ] } },
{ "type": "Feature", "properties": { "average_dip": "(52.5,45.0,60.0)", "average_rake": "(90,80.0,100.0)", "catalog_id": "ME_AZ5", "catalog_name": "EMME", "dip_dir": null, "lower_seis_depth": "(20.0,,)", "name": null, "net_slip_rate": "(0.4,0.39,0.47)", "slip_type": "Reverse", "upper_seis_depth": "(3.0,,)", "downthrown_side_id": null, "reference": null, "epistemic_quality": "1", "accuracy": null, "activity_confidence": null, "fs_name": null, "last_movement": null, "downthrown_side_dir": null, "vert_sep_rate": null, "strike_slip_rate": null, "exposure_quality": null, "shortening_rate": null, "notes": null, "index_right": 47, "NAME_EN": "Russia" }, "geometry": { "type": "LineString", "coordinates": [ [ 47.051979, 41.650628 ], [ 47.243815, 41.513839 ], [ 47.428963, 41.38924 ], [ 47.858855, 41.193262 ], [ 47.980977, 41.150189 ], [ 48.340392, 41.043195 ], [ 48.451087, 41.016733 ], [ 48.621189, 40.995038 ], [ 48.731048, 40.985936 ], [ 48.889887, 40.92293 ], [ 49.263382, 40.825514 ], [ 49.917519, 40.742843 ], [ 50.159052, 40.66939 ], [ 50.371271, 40.600346 ], [ 50.644375, 40.50371 ], [ 51.051931, 40.348251 ], [ 51.325035, 40.255816 ], [ 51.493099, 40.18859 ], [ 51.661162, 40.133969 ], [ 51.988888, 39.986913 ], [ 52.203169, 39.919688 ], [ 52.354427, 39.865067 ], [ 52.656943, 39.781035 ], [ 52.959459, 39.701205 ], [ 53.177943, 39.650786 ], [ 53.413233, 39.591963 ] ] } },
{ "type": "Feature", "properties": { "average_dip": "(40.0,40.0,40.0)", "average_rake": "(90,80.0,100.0)", "catalog_id": "ME_AZ6", "catalog_name": "EMME", "dip_dir": null, "lower_seis_depth": "(20.0,,)", "name": null, "net_slip_rate": "(0.6,0.5,0.6)", "slip_type": "Reverse", "upper_seis_depth": "(3.0,,)", "downthrown_side_id": null, "reference": null, "epistemic_quality": "1", "accuracy": null, "activity_confidence": null, "fs_name": null, "last_movement": null, "downthrown_side_dir": null, "vert_sep_rate": null, "strike_slip_rate": null, "exposure_quality": null, "shortening_rate": null, "notes": null, "index_right": 47, "NAME_EN": "Russia" }, "geometry": { "type": "LineString", "coordinates": [ [ 47.065567, 41.472656 ], [ 47.268276, 41.344922 ], [ 47.426555, 41.278277 ], [ 47.570951, 41.211633 ], [ 47.707016, 41.15332 ], [ 47.974475, 41.071849 ], [ 48.150619, 41.013425 ], [ 48.733618, 40.872497 ], [ 49.113187, 40.694837 ], [ 49.173736, 40.662577 ], [ 49.328708, 40.632381 ], [ 49.496537, 40.602145 ], [ 49.619873, 40.562651 ], [ 49.729731, 40.542513 ], [ 50.177747, 40.503192 ], [ 50.324119, 40.45713 ], [ 50.732609, 40.281025 ], [ 50.980504, 40.196993 ], [ 51.333438, 40.066744 ], [ 51.564526, 39.97851 ], [ 52.148549, 39.785237 ], [ 52.455265, 39.6886 ], [ 52.837611, 39.541544 ] ] } },
{ "type": "Feature", "properties": { "average_dip": "(60.0,50.0,70.0)", "average_rake": "(95,80.0,110.0)", "catalog_id": "ME_AZ5s1", "catalog_name": "EMME", "dip_dir": null, "lower_seis_depth": "(20.0,,)", "name": null, "net_slip_rate": "(0.4,0.39,0.47)", "slip_type": "Reverse", "upper_seis_depth": "(3.0,,)", "downthrown_side_id": null, "reference": null, "epistemic_quality": "1", "accuracy": null, "activity_confidence": null, "fs_name": null, "last_movement": null, "downthrown_side_dir": null, "vert_sep_rate": null, "strike_slip_rate": null, "exposure_quality": null, "shortening_rate": null, "notes": null, "index_right": 47, "NAME_EN": "Russia" }, "geometry": { "type": "LineString", "coordinates": [ [ 45.65103, 42.299234 ], [ 45.773974, 42.249524 ], [ 45.966059, 42.182066 ], [ 46.190372, 42.107476 ], [ 46.336928, 42.064332 ], [ 46.572524, 41.917322 ], [ 46.82795, 41.805285 ], [ 47.051979, 41.650628 ] ] } },
{ "type": "Feature", "properties": { "average_dip": "(40.0,40.0,40.0)", "average_rake": "(95,80.0,110.0)", "catalog_id": "ME_AZ6s1", "catalog_name": "EMME", "dip_dir": null, "lower_seis_depth": "(20.0,,)", "name": null, "net_slip_rate": "(0.6,0.5,0.6)", "slip_type": "Reverse", "upper_seis_depth": "(3.0,,)", "downthrown_side_id": null, "reference": null, "epistemic_quality": "1", "accuracy": null, "activity_confidence": null, "fs_name": null, "last_movement": null, "downthrown_side_dir": null, "vert_sep_rate": null, "strike_slip_rate": null, "exposure_quality": null, "shortening_rate": null, "notes": null, "index_right": 47, "NAME_EN": "Russia" }, "geometry": { "type": "LineString", "coordinates": [ [ 45.602831, 42.216941 ], [ 45.83371, 42.14334 ], [ 45.965676, 42.098193 ], [ 46.10394, 42.044473 ], [ 46.272333, 41.976265 ], [ 46.451886, 41.897512 ], [ 46.635157, 41.794769 ], [ 46.771222, 41.714241 ], [ 46.810098, 41.694803 ], [ 46.882295, 41.642043 ], [ 46.99797, 41.530187 ], [ 47.065567, 41.472656 ] ] } },
{ "type": "Feature", "properties": { "average_dip": null, "average_rake": null, "catalog_id": "PB_3494.0", "catalog_name": "Bird 2003", "dip_dir": null, "lower_seis_depth": null, "name": null, "net_slip_rate": "(4.4,,)", "slip_type": "Subduction_Thrust", "upper_seis_depth": null, "downthrown_side_id": null, "reference": null, "epistemic_quality": "1", "accuracy": null, "activity_confidence": "1", "fs_name": null, "last_movement": null, "downthrown_side_dir": null, "vert_sep_rate": null, "strike_slip_rate": "(-2.9,,)", "exposure_quality": null, "shortening_rate": "(3.3,,)", "notes": null, "index_right": 47, "NAME_EN": "Russia" }, "geometry": { "type": "LineString", "coordinates": [ [ 163.34, 55.817 ], [ 162.592, 56.42 ] ] } },
{ "type": "Feature", "properties": { "average_dip": null, "average_rake": null, "catalog_id": "PB_3495.0", "catalog_name": "Bird 2003", "dip_dir": null, "lower_seis_depth": null, "name": null, "net_slip_rate": "(4.3,,)", "slip_type": "Subduction_Thrust", "upper_seis_depth": null, "downthrown_side_id": null, "reference": null, "epistemic_quality": "1", "accuracy": null, "activity_confidence": "1", "fs_name": null, "last_movement": null, "downthrown_side_dir": null, "vert_sep_rate": null, "strike_slip_rate": "(1.4,,)", "exposure_quality": null, "shortening_rate": "(4.1,,)", "notes": null, "index_right": 47, "NAME_EN": "Russia" }, "geometry": { "type": "LineString", "coordinates": [ [ 162.592, 56.42 ], [ 162.96, 56.836 ] ] } },
{ "type": "Feature", "properties": { "average_dip": null, "average_rake": null, "catalog_id": "PB_3504.0", "catalog_name": "Bird 2003", "dip_dir": null, "lower_seis_depth": null, "name": null, "net_slip_rate": "(3.2,,)", "slip_type": "Subduction_Thrust", "upper_seis_depth": null, "downthrown_side_id": null, "reference": null, "epistemic_quality": "1", "accuracy": null, "activity_confidence": "1", "fs_name": null, "last_movement": null, "downthrown_side_dir": null, "vert_sep_rate": null, "strike_slip_rate": "(1.5,,)", "exposure_quality": null, "shortening_rate": "(2.8,,)", "notes": null, "index_right": 47, "NAME_EN": "Russia" }, "geometry": { "type": "LineString", "coordinates": [ [ 169.027, 60.293 ], [ 169.865, 61.017 ] ] } },
{ "type": "Feature", "properties": { "average_dip": null, "average_rake": null, "catalog_id": "PB_3505.0", "catalog_name": "Bird 2003", "dip_dir": null, "lower_seis_depth": null, "name": null, "net_slip_rate": "(3.0,,)", "slip_type": "Subduction_Thrust", "upper_seis_depth": null, "downthrown_side_id": null, "reference": null, "epistemic_quality": "1", "accuracy": null, "activity_confidence": "1", "fs_name": null, "last_movement": null, "downthrown_side_dir": null, "vert_sep_rate": null, "strike_slip_rate": "(1.5,,)", "exposure_quality": null, "shortening_rate": "(2.5,,)", "notes": null, "index_right": 47, "NAME_EN": "Russia" }, "geometry": { "type": "LineString", "coordinates": [ [ 169.865, 61.017 ], [ 170.743, 61.736 ] ] } },
{ "type": "Feature", "properties": { "average_dip": "(90,,)", "average_rake": "(0,,)", "catalog_id": "NEA_8", "catalog_name": "GEM_NE_Asia", "dip_dir": null, "lower_seis_depth": null, "name": "Erzin-Agar-Dag Fault", "net_slip_rate": null, "slip_type": "Sinistral", "upper_seis_depth": null, "downthrown_side_id": null, "reference": "DEM; Arzhannikov and Arzhannikova, 2009", "epistemic_quality": "1", "accuracy": "80000", "activity_confidence": "1", "fs_name": null, "last_movement": null, "downthrown_side_dir": null, "vert_sep_rate": null, "strike_slip_rate": null, "exposure_quality": "1", "shortening_rate": null, "notes": null, "index_right": 47, "NAME_EN": "Russia" }, "geometry": { "type": "LineString", "coordinates": [ [ 93.951511047769216, 50.014285966260459 ], [ 94.001643771076388, 50.040838513472643 ], [ 94.027870914094635, 50.057183136203491 ], [ 94.061767857321769, 50.072223515533146 ], [ 94.109241075109296, 50.088902351699836 ], [ 94.144588492253433, 50.108628974243622 ], [ 94.224381310882819, 50.144520664903759 ], [ 94.338358068896071, 50.204693367283447 ], [ 94.383424956112563, 50.233451010845158 ], [ 94.402557340390032, 50.240847935446695 ] ] } },
{ "type": "Feature", "properties": { "average_dip": "(70,50,90)", "average_rake": "(22.5,0,45.)", "catalog_id": "NEA_9", "catalog_name": "GEM_NE_Asia", "dip_dir": "N", "lower_seis_depth": null, "name": "Erzin-Agar-Dag Fault", "net_slip_rate": null, "slip_type": "Sinistral-Reverse", "upper_seis_depth": null, "downthrown_side_id": null, "reference": "DEM; Arzhannikov and Arzhannikova, 2009", "epistemic_quality": "1", "accuracy": "50000", "activity_confidence": "1", "fs_name": null, "last_movement": null, "downthrown_side_dir": "S", "vert_sep_rate": null, "strike_slip_rate": null, "exposure_quality": "1", "shortening_rate": null, "notes": null, "index_right": 47, "NAME_EN": "Russia" }, "geometry": { "type": "LineString", "coordinates": [ [ 94.402395134853847, 50.24094759477375 ], [ 94.488401379289854, 50.249230602224678 ], [ 94.535061273228919, 50.261443505647499 ], [ 94.553630186705306, 50.267585613962041 ], [ 94.579782034219036, 50.280847885763244 ], [ 94.585635748701264, 50.285251922381264 ], [ 94.600149441969236, 50.291181826598056 ], [ 94.680562086377407, 50.316371420472215 ], [ 94.704307964283046, 50.326725206129751 ], [ 94.716770521753304, 50.336746331989247 ], [ 94.744834984600445, 50.347037436699104 ] ] } },
{ "type": "Feature", "properties": { "average_dip": "(90,,)", "average_rake": null, "catalog_id": "NEA_10", "catalog_name": "GEM_NE_Asia", "dip_dir": null, "lower_seis_depth": null, "name": "Erzin-Agar-Dag Fault", "net_slip_rate": null, "slip_type": "Sinistral", "upper_seis_depth": null, "downthrown_side_id": null, "reference": "DEM", "epistemic_quality": "1", "accuracy": "90000", "activity_confidence": "1", "fs_name": null, "last_movement": null, "downthrown_side_dir": null, "vert_sep_rate": null, "strike_slip_rate": null, "exposure_quality": "2", "shortening_rate": null, "notes": null, "index_right": 47, "NAME_EN": "Russia" }, "geometry": { "type": "LineString", "coordinates": [ [ 94.719032496472067, 50.365095372460033 ], [ 94.775207874831935, 50.385669933843836 ], [ 94.811928773415872, 50.395627916708108 ], [ 94.849404413836822, 50.414547440127258 ], [ 94.895995404176332, 50.433745355069306 ], [ 94.916548231961798, 50.446454017542301 ], [ 94.931835035743291, 50.450177258560416 ] ] } },
{ "type": "Feature", "properties": { "average_dip": "(90,,)", "average_rake": null, "catalog_id": "NEA_11", "catalog_name": "GEM_NE_Asia", "dip_dir": null, "lower_seis_depth": null, "name": "Mayna Fault", "net_slip_rate": null, "slip_type": "Sinistral", "upper_seis_depth": null, "downthrown_side_id": null, "reference": "DEM", "epistemic_quality": "1", "accuracy": "70000", "activity_confidence": "2", "fs_name": null, "last_movement": null, "downthrown_side_dir": null, "vert_sep_rate": null, "strike_slip_rate": null, "exposure_quality": "2", "shortening_rate": null, "notes": "Found on DEM, can't find much reference.", "index_right": 47, "NAME_EN": "Russia" }, "geometry": { "type": "LineString", "coordinates": [ [ 90.446616133866058, 52.658627356309324 ], [ 90.546620897898734, 52.736141055544017 ], [ 90.599715414348708, 52.77046086532706 ], [ 90.618358351299804, 52.781938097794715 ], [ 90.673337706184839, 52.80799114443932 ], [ 90.693552111761434, 52.819372484094998 ], [ 90.709315939926967, 52.825622771359427 ], [ 90.732792251492242, 52.839607024146893 ], [ 90.737923794931277, 52.845533781597027 ], [ 90.743878252660323, 52.848878565140424 ] ] } },
{ "type": "Feature", "properties": { "average_dip": "(90,,)", "average_rake": null, "catalog_id": "NEA_12", "catalog_name": "GEM_NE_Asia", "dip_dir": null, "lower_seis_depth": null, "name": "Mayna Fault", "net_slip_rate": null, "slip_type": "Sinistral", "upper_seis_depth": null, "downthrown_side_id": null, "reference": "DEM", "epistemic_quality": "1", "accuracy": "100000", "activity_confidence": "2", "fs_name": null, "last_movement": null, "downthrown_side_dir": null, "vert_sep_rate": null, "strike_slip_rate": null, "exposure_quality": "2", "shortening_rate": null, "notes": "Big fault, maybe active. Some geomorphic expression in older Quaternary seds but nothing great.", "index_right": 47, "NAME_EN": "Russia" }, "geometry": { "type": "LineString", "coordinates": [ [ 90.829062395185318, 52.868415038729559 ], [ 90.876012167640766, 52.882467919066634 ], [ 90.999417462641858, 52.913920635117279 ], [ 91.139115964086955, 52.944832339256386 ], [ 91.167973464492832, 52.948937621010167 ], [ 91.213367728651932, 52.960325720796668 ], [ 91.318630033955358, 52.977307354003081 ], [ 91.341547357102471, 52.980057224215209 ], [ 91.373081762161107, 52.980983351064324 ], [ 91.456072500117614, 52.992351184771685 ], [ 91.496466376644349, 52.996508528490708 ], [ 91.531561468634635, 52.997681213282128 ], [ 91.575575617624821, 53.001485728567133 ], [ 91.623703631829343, 53.007580933153363 ], [ 91.692994043419048, 53.011500909664221 ], [ 91.766131464985804, 53.012746295597204 ], [ 91.818403542610241, 53.018601576591415 ], [ 91.9151462393298, 53.024124391262973 ], [ 92.004066924598661, 53.034384882631301 ], [ 92.067502705423877, 53.03604036618011 ], [ 92.177633327874275, 53.043945380602601 ], [ 92.232916653744823, 53.045557342346889 ], [ 92.307342415867893, 53.050356652802485 ] ] } },
{ "type": "Feature", "properties": { "average_dip": "(90,,)", "average_rake": null, "catalog_id": "NEA_13", "catalog_name": "GEM_NE_Asia", "dip_dir": null, "lower_seis_depth": null, "name": "Mayna Fault", "net_slip_rate": null, "slip_type": "Sinistral", "upper_seis_depth": null, "downthrown_side_id": null, "reference": "DEM", "epistemic_quality": "2", "accuracy": "70000", "activity_confidence": "2", "fs_name": null, "last_movement": null, "downthrown_side_dir": null, "vert_sep_rate": null, "strike_slip_rate": null, "exposure_quality": "2", "shortening_rate": null, "notes": null, "index_right": 47, "NAME_EN": "Russia" }, "geometry": { "type": "LineString", "coordinates": [ [ 92.721616288944332, 53.028126807495568 ], [ 92.791775124740568, 53.03017983242114 ], [ 92.911190247103036, 53.044941722280662 ], [ 92.955021294386128, 53.053666546515608 ], [ 92.966634797305204, 53.057967490877374 ], [ 93.092884658920369, 53.082107672409471 ], [ 93.151682133099683, 53.096232297337195 ], [ 93.184985614426708, 53.106068210354145 ], [ 93.222359674892559, 53.113504650645723 ], [ 93.256128096395628, 53.116497243607093 ], [ 93.359714935191292, 53.133613096248752 ], [ 93.384851269443118, 53.139276176429803 ], [ 93.404186737454253, 53.146049976546408 ], [ 93.428288616095244, 53.150024539482516 ], [ 93.522191303865853, 53.178245875996133 ], [ 93.59142938568678, 53.193333333187638 ], [ 93.614917747553491, 53.200846458409508 ], [ 93.629502268384869, 53.207349715165634 ], [ 93.699722114379071, 53.22071889306833 ], [ 93.75714880251769, 53.224299469390637 ], [ 93.836732658570298, 53.224345138923496 ], [ 93.904133632745257, 53.22892881586062 ], [ 93.963838563276511, 53.231064695263505 ] ] } },
{ "type": "Feature", "properties": { "average_dip": "(90,,)", "average_rake": null, "catalog_id": "NEA_19", "catalog_name": "GEM_NE_Asia", "dip_dir": "N", "lower_seis_depth": null, "name": null, "net_slip_rate": null, "slip_type": "Sinistral", "upper_seis_depth": null, "downthrown_side_id": null, "reference": "DEM, Google Earth", "epistemic_quality": "1", "accuracy": "60000", "activity_confidence": "1", "fs_name": null, "last_movement": null, "downthrown_side_dir": "S", "vert_sep_rate": null, "strike_slip_rate": null, "exposure_quality": "1", "shortening_rate": null, "notes": null, "index_right": 47, "NAME_EN": "Russia" }, "geometry": { "type": "LineString", "coordinates": [ [ 92.743799058082331, 50.660781151531914 ], [ 92.763099619772092, 50.664496021381687 ], [ 92.775603444079053, 50.669124555367347 ], [ 92.788581688256471, 50.676388990279975 ], [ 92.829385668471787, 50.693390277281537 ], [ 92.870232136734103, 50.706925281653703 ], [ 92.919862500422752, 50.729517391482574 ], [ 92.945626830315703, 50.738206126322972 ], [ 93.07593764430537, 50.774004407440003 ], [ 93.167515751667196, 50.793943300341745 ], [ 93.206769593242385, 50.800690823807081 ], [ 93.268896499378656, 50.804096270766934 ], [ 93.298031335370311, 50.797732047793183 ], [ 93.315994519777277, 50.796075505171942 ], [ 93.329229516520968, 50.797069965356194 ], [ 93.383354569590054, 50.795535393744672 ], [ 93.424214972141598, 50.797412010368205 ], [ 93.452598085529289, 50.79637847416474 ], [ 93.480861474716662, 50.797544983245196 ], [ 93.555148315351275, 50.802026388111486 ], [ 93.602222050075, 50.810460983641903 ], [ 93.61981615538464, 50.815930883051941 ] ] } },
{ "type": "Feature", "properties": { "average_dip": "(90,,)", "average_rake": null, "catalog_id": "NEA_20", "catalog_name": "GEM_NE_Asia", "dip_dir": null, "lower_seis_depth": null, "name": "Kubadru Fault", "net_slip_rate": null, "slip_type": "Dextral", "upper_seis_depth": null, "downthrown_side_id": null, "reference": "DEM; Deev et al. 2017", "epistemic_quality": "1", "accuracy": "150000", "activity_confidence": "1", "fs_name": null, "last_movement": null, "downthrown_side_dir": null, "vert_sep_rate": null, "strike_slip_rate": null, "exposure_quality": "1", "shortening_rate": null, "notes": null, "index_right": 47, "NAME_EN": "Russia" }, "geometry": { "type": "LineString", "coordinates": [ [ 87.866715349155058, 50.418609628164702 ], [ 87.908539184667802, 50.372818285186582 ], [ 87.925530227427728, 50.358503064166655 ], [ 87.942598358587375, 50.347734661635997 ], [ 87.960536460986333, 50.327722355565776 ], [ 87.998857830709355, 50.301591290900106 ], [ 88.104696103333296, 50.255722783515168 ], [ 88.165984425972596, 50.235979129692886 ], [ 88.351907733779029, 50.19197346604826 ], [ 88.420770227734081, 50.181898864682587 ], [ 88.487348468480505, 50.175177639403977 ], [ 88.559648185185381, 50.162587223429192 ], [ 88.616626194648106, 50.146316670756981 ], [ 88.68622223622603, 50.130596902966211 ], [ 88.71417577232738, 50.125721632730674 ], [ 88.778627776884619, 50.116264140360016 ], [ 88.814465157613142, 50.109200737414781 ], [ 88.825511016695671, 50.10900180926572 ], [ 88.84965652173014, 50.1040788198952 ], [ 88.995691472224436, 50.089338539406043 ], [ 89.036225325977554, 50.082712876228534 ], [ 89.05247752479508, 50.082141837311816 ], [ 89.163085362560594, 50.051994649745239 ], [ 89.186658004749404, 50.036121603500092 ], [ 89.240879669607793, 50.01230212282006 ] ] } },
{ "type": "Feature", "properties": { "average_dip": "(90,,)", "average_rake": null, "catalog_id": "NEA_21", "catalog_name": "GEM_NE_Asia", "dip_dir": null, "lower_seis_depth": null, "name": "Chuya Fault", "net_slip_rate": null, "slip_type": "Dextral", "upper_seis_depth": null, "downthrown_side_id": null, "reference": "Dorthbath et al., 2008 BSSA; Nissen et al. 2007", "epistemic_quality": "1", "accuracy": "300000", "activity_confidence": "1", "fs_name": null, "last_movement": "2003", "downthrown_side_dir": null, "vert_sep_rate": null, "strike_slip_rate": null, "exposure_quality": "1", "shortening_rate": null, "notes": "Ruptured in the 2003 Gorny Altay EQ (Mw 7.2). Fault trace is more or less impossible to see in DEM.", "index_right": 47, "NAME_EN": "Russia" }, "geometry": { "type": "LineString", "coordinates": [ [ 87.359403005234185, 50.226747843751554 ], [ 87.397927360280264, 50.212348066693011 ], [ 87.42895866602916, 50.204911222661522 ], [ 87.455029363618095, 50.201972319576527 ], [ 87.48940509968395, 50.202742055956719 ], [ 87.567728053310617, 50.181469910779313 ], [ 87.618056549412032, 50.162101606386017 ], [ 87.649055772934602, 50.142642998280479 ], [ 87.660636606546333, 50.139494019827453 ], [ 87.694472593739036, 50.123330010215206 ], [ 87.729500085684478, 50.100154204143173 ], [ 87.766607001986898, 50.068700460324607 ], [ 87.774760393984366, 50.057322138598444 ], [ 87.958352360275683, 49.98434363698216 ], [ 87.984880595618776, 49.965373879834296 ], [ 88.002850919128321, 49.956435005680639 ], [ 88.015285976342781, 49.955968446073172 ], [ 88.038383861415852, 49.93674941824414 ], [ 88.055016360276525, 49.910879856198456 ], [ 88.100294287273911, 49.873246204304294 ], [ 88.130839996139485, 49.854077871548306 ], [ 88.235839803575089, 49.82311497002555 ], [ 88.263350510119096, 49.822308647873754 ], [ 88.294970175831153, 49.812913466578813 ] ] } },
{ "type": "Feature", "properties": { "average_dip": "(50,30,70)", "average_rake": "(67.5,45,90)", "catalog_id": "NEA_22", "catalog_name": "GEM_NE_Asia", "dip_dir": "N", "lower_seis_depth": null, "name": "Uureg Nuur Fault", "net_slip_rate": null, "slip_type": "Reverse-Sinistral", "upper_seis_depth": null, "downthrown_side_id": null, "reference": "DEM; Walker et al 2006", "epistemic_quality": "1", "accuracy": "60000", "activity_confidence": "1", "fs_name": null, "last_movement": "1970", "downthrown_side_dir": "S", "vert_sep_rate": null, "strike_slip_rate": null, "exposure_quality": "2", "shortening_rate": null, "notes": null, "index_right": 47, "NAME_EN": "Russia" }, "geometry": { "type": "LineString", "coordinates": [ [ 90.484787105886028, 50.384715567510952 ], [ 90.487939132189425, 50.380251754864702 ], [ 90.488545986537304, 50.375334911006142 ], [ 90.493128358661309, 50.370870543816594 ], [ 90.519068010877064, 50.359837409196757 ], [ 90.530615344290396, 50.350159540342041 ], [ 90.54050837651755, 50.345381613783765 ], [ 90.557344408494416, 50.340315938422208 ], [ 90.568016360711454, 50.334754939332235 ], [ 90.594212203827212, 50.328703749201132 ], [ 90.628979384405937, 50.310889211723619 ], [ 90.641089719693127, 50.308329391422063 ], [ 90.653827830854567, 50.301810064686443 ], [ 90.657879912306697, 50.299563168297993 ], [ 90.663861663007211, 50.292426966660592 ], [ 90.683508659956601, 50.289679193805924 ], [ 90.705997908385939, 50.27688080829639 ], [ 90.714314540037165, 50.275047935248452 ], [ 90.731539154644054, 50.276938312854753 ], [ 90.737683037520767, 50.274451894216526 ], [ 90.742327676162063, 50.269906004131009 ], [ 90.749157003347278, 50.267450085270646 ], [ 90.758088916018991, 50.269403037170179 ], [ 90.771455759878364, 50.274984605281894 ], [ 90.784654326698671, 50.274251754567011 ], [ 90.827637801639099, 50.264673427132067 ], [ 90.85082430352108, 50.251325566284017 ], [ 90.872008597008076, 50.250052393280392 ], [ 90.881888934169751, 50.2431884602507 ], [ 90.896054128281463, 50.241379549631532 ], [ 90.901887945831092, 50.246503345255164 ], [ 90.905446411258964, 50.247102259503038 ], [ 90.92398648936053, 50.2447078208817 ], [ 90.948620714665481, 50.245009659280441 ], [ 90.951394444441476, 50.243250072738213 ], [ 90.960665971707641, 50.243653512778273 ], [ 90.967106455195179, 50.246366805058372 ], [ 90.970907290613908, 50.246310537843847 ], [ 90.983789869830844, 50.243550347834166 ], [ 91.018356585083424, 50.252783752042198 ], [ 91.037237487196123, 50.25370414273425 ], [ 91.048092277425098, 50.252177306765354 ], [ 91.065693929607008, 50.258790097216377 ], [ 91.084155561032532, 50.260459194755569 ], [ 91.105514575251718, 50.260809758184557 ], [ 91.117383685764395, 50.256111599052332 ], [ 91.126440193593382, 50.248528862752529 ], [ 91.138049202656276, 50.24802079637508 ], [ 91.172263958414334, 50.25763537612017 ], [ 91.193784178055637, 50.258086948577755 ], [ 91.228056710178336, 50.244902581677643 ], [ 91.251125926815334, 50.241867949625778 ], [ 91.271425496415091, 50.237167382417596 ], [ 91.289688421576557, 50.235588067405267 ], [ 91.3171988610368, 50.225863346606609 ], [ 91.358863358787858, 50.215814854926982 ], [ 91.368455826935474, 50.212880414859406 ], [ 91.380062458983076, 50.206928652979784 ], [ 91.384478157272696, 50.200468496448003 ], [ 91.398224252464189, 50.193715325771628 ], [ 91.411136586268356, 50.192015157653181 ], [ 91.427580121840649, 50.185807711606067 ], [ 91.445721618036018, 50.183425059827414 ], [ 91.452578040957903, 50.180155056583402 ], [ 91.465527033799063, 50.178007860436615 ], [ 91.489919896936328, 50.178450298602165 ], [ 91.545931878041472, 50.174016029807689 ], [ 91.561344451922821, 50.179798050657283 ], [ 91.569451352102234, 50.186603918187579 ], [ 91.579247965878182, 50.188870413270166 ], [ 91.589524045153482, 50.196726309234769 ] ] } },
{ "type": "Feature", "properties": { "average_dip": "(90,,)", "average_rake": "(90,,)", "catalog_id": "NEA_23", "catalog_name": "GEM_NE_Asia", "dip_dir": null, "lower_seis_depth": null, "name": "Hovd Fault (Chihteyn Segment)", "net_slip_rate": null, "slip_type": "Dextral", "upper_seis_depth": null, "downthrown_side_id": null, "reference": "Khil'ko et al., 1985; Baljinnyam et al. 1993", "epistemic_quality": "1", "accuracy": "50000", "activity_confidence": "1", "fs_name": null, "last_movement": null, "downthrown_side_dir": null, "vert_sep_rate": null, "strike_slip_rate": "(0.5,,)", "exposure_quality": "1", "shortening_rate": null, "notes": null, "index_right": 47, "NAME_EN": "Russia" }, "geometry": { "type": "LineString", "coordinates": [ [ 89.779292936677038, 50.072915170008599 ], [ 89.827182529231891, 50.048428793858193 ], [ 89.844558412183744, 50.036431734521635 ], [ 89.853353439409958, 50.022193959892903 ], [ 89.862745442431304, 50.013585916165667 ], [ 89.869838572836187, 50.00348228380205 ], [ 89.909311268133962, 49.93055667443813 ], [ 89.915269680701044, 49.893806237942094 ], [ 89.92903643096561, 49.848732813125444 ], [ 89.926780850063537, 49.844294138710474 ], [ 89.930872599007287, 49.838207106641775 ], [ 89.94358216891294, 49.803688437482784 ], [ 89.952805576033512, 49.791447447139873 ], [ 89.953125329066395, 49.786153134575237 ], [ 89.958496839276549, 49.77050119551388 ], [ 89.965407676558428, 49.758912823207602 ], [ 89.970951761746917, 49.739064875874249 ], [ 89.980474357685154, 49.72562049159874 ], [ 89.98320655125984, 49.717353869977039 ], [ 90.000861270136355, 49.687734833337345 ], [ 90.008771924899136, 49.677523913990896 ], [ 90.032749110210048, 49.631521344038049 ], [ 90.042231360631177, 49.618070337022033 ], [ 90.051452903281856, 49.599736869727849 ], [ 90.063568547953025, 49.581330487579798 ], [ 90.071860846068859, 49.571909822995096 ], [ 90.08385393712102, 49.550175945829828 ], [ 90.102594278197458, 49.523143559074803 ], [ 90.147501644259876, 49.450417708229715 ], [ 90.168770254760403, 49.411444228635368 ], [ 90.175934929623196, 49.402512867385255 ], [ 90.183178724773171, 49.38716802586552 ], [ 90.225451431600362, 49.328886140313415 ], [ 90.2393783171226, 49.305353898637691 ], [ 90.255710571955817, 49.282825240061392 ], [ 90.272225480498335, 49.254218539014317 ], [ 90.301150711632502, 49.214497294860884 ] ] } },
{ "type": "Feature", "properties": { "average_dip": "(20,15,30)", "average_rake": "(90,,)", "catalog_id": "NEA_26", "catalog_name": "GEM_NE_Asia", "dip_dir": "N", "lower_seis_depth": null, "name": "Kurai Fault", "net_slip_rate": null, "slip_type": "Reverse", "upper_seis_depth": null, "downthrown_side_id": null, "reference": "DEM; Deev et al., 2017", "epistemic_quality": "1", "accuracy": "90000", "activity_confidence": "1", "fs_name": null, "last_movement": null, "downthrown_side_dir": "S", "vert_sep_rate": null, "strike_slip_rate": null, "exposure_quality": "2", "shortening_rate": null, "notes": null, "index_right": 47, "NAME_EN": "Russia" }, "geometry": { "type": "LineString", "coordinates": [ [ 87.824295482368626, 50.279176253150823 ], [ 87.847664482866236, 50.277949354728918 ], [ 87.87115685260936, 50.282042058538494 ], [ 87.904923216780702, 50.280649035267594 ], [ 87.912960137778342, 50.27811144261188 ], [ 87.941116942842072, 50.279194037896666 ], [ 87.956354564855431, 50.274940983143487 ], [ 87.963964649592853, 50.270819827607419 ], [ 87.97181192377677, 50.269372389359674 ], [ 87.982353997262038, 50.268333035206837 ], [ 87.995184738353174, 50.270109064425931 ], [ 88.016358831870022, 50.263380444708027 ], [ 88.026321291954716, 50.253438257841871 ], [ 88.039032734274542, 50.247671286575063 ], [ 88.042450159351873, 50.241705774091827 ], [ 88.06453190054674, 50.237688819950051 ], [ 88.085662965084708, 50.227955251777921 ] ] } },
{ "type": "Feature", "properties": { "average_dip": "(20,15,30)", "average_rake": "(90,,)", "catalog_id": "NEA_27", "catalog_name": "GEM_NE_Asia", "dip_dir": "N", "lower_seis_depth": null, "name": "Kurai Thrust", "net_slip_rate": null, "slip_type": "Reverse", "upper_seis_depth": null, "downthrown_side_id": null, "reference": "DEM; Deev et al., 2017", "epistemic_quality": "1", "accuracy": "70000", "activity_confidence": "1", "fs_name": null, "last_movement": null, "downthrown_side_dir": "S", "vert_sep_rate": null, "strike_slip_rate": null, "exposure_quality": "2", "shortening_rate": null, "notes": null, "index_right": 47, "NAME_EN": "Russia" }, "geometry": { "type": "LineString", "coordinates": [ [ 87.980715774993882, 50.240202869139665 ], [ 88.024740454967002, 50.226863596287465 ], [ 88.039638715528255, 50.220361916474985 ], [ 88.053995839525498, 50.219136300978946 ], [ 88.069411806677678, 50.21155920917294 ], [ 88.080950384195134, 50.208586403246557 ], [ 88.091851178066094, 50.201139572430066 ], [ 88.100475145183879, 50.199072488330906 ], [ 88.11356247174497, 50.190887485510139 ], [ 88.122031353423523, 50.188697516935974 ], [ 88.146028828024512, 50.186457176301417 ], [ 88.181975941077994, 50.171291758487435 ], [ 88.195688245918561, 50.171776689333029 ], [ 88.202966119063873, 50.170496882795945 ], [ 88.228346912216111, 50.173426232137125 ], [ 88.239603970697686, 50.176287186616626 ], [ 88.2546478354475, 50.17707594677718 ] ] } },
{ "type": "Feature", "properties": { "average_dip": "(20,15,30)", "average_rake": "(90,,)", "catalog_id": "NEA_28", "catalog_name": "GEM_NE_Asia", "dip_dir": "N", "lower_seis_depth": null, "name": "Kurai Fault", "net_slip_rate": null, "slip_type": "Reverse", "upper_seis_depth": null, "downthrown_side_id": null, "reference": "DEM; Deev et al. 2017", "epistemic_quality": "1", "accuracy": "70000", "activity_confidence": "1", "fs_name": null, "last_movement": null, "downthrown_side_dir": "S", "vert_sep_rate": null, "strike_slip_rate": null, "exposure_quality": "1", "shortening_rate": null, "notes": null, "index_right": 47, "NAME_EN": "Russia" }, "geometry": { "type": "LineString", "coordinates": [ [ 88.075371908293178, 50.24308401184846 ], [ 88.095340376052903, 50.2351512671937 ], [ 88.107915996436432, 50.228038895195979 ], [ 88.119812435629072, 50.216671177009133 ], [ 88.15183487818787, 50.20667217313121 ], [ 88.158627074279764, 50.203147489592219 ], [ 88.203310169139783, 50.191557722347703 ], [ 88.209163323786086, 50.189516895042495 ], [ 88.213704428118405, 50.184951380551176 ], [ 88.234546397925442, 50.181926143449054 ], [ 88.303556105936153, 50.164624291430471 ], [ 88.313342733136309, 50.159518894222735 ], [ 88.325784782791814, 50.148610487608529 ], [ 88.332814484798249, 50.141327344442438 ], [ 88.338971190151028, 50.130885818469615 ], [ 88.350496712238311, 50.123457128002485 ], [ 88.366569300095279, 50.119871032870563 ], [ 88.378707101309018, 50.119344454497771 ], [ 88.427145384072929, 50.109246630279657 ], [ 88.43724226446642, 50.106365774122551 ], [ 88.474768312501212, 50.088890290685562 ], [ 88.498728538456461, 50.083143026900657 ], [ 88.530959088398845, 50.079476194250589 ], [ 88.565603344542993, 50.082376772496538 ], [ 88.596231004801922, 50.082352376476969 ], [ 88.636863593288368, 50.073216508943645 ], [ 88.645980314636105, 50.065384279134129 ], [ 88.665450235988772, 50.059538051254094 ], [ 88.705737985065767, 50.053566762312727 ], [ 88.713013800562138, 50.049819705968481 ], [ 88.72504307450005, 50.047589535315403 ], [ 88.731691547601727, 50.050222255659527 ], [ 88.762333332770154, 50.040856271626069 ], [ 88.772287033959387, 50.03981943157347 ] ] } },
{ "type": "Feature", "properties": { "average_dip": "(25,15,30)", "average_rake": "(90,,)", "catalog_id": "NEA_29", "catalog_name": "GEM_NE_Asia", "dip_dir": "N", "lower_seis_depth": null, "name": "Kurai Fault", "net_slip_rate": null, "slip_type": "Reverse", "upper_seis_depth": null, "downthrown_side_id": null, "reference": "DEM; Deev et al., 2017", "epistemic_quality": "1", "accuracy": "90000", "activity_confidence": "1", "fs_name": null, "last_movement": null, "downthrown_side_dir": "S", "vert_sep_rate": null, "strike_slip_rate": null, "exposure_quality": "1", "shortening_rate": null, "notes": null, "index_right": 47, "NAME_EN": "Russia" }, "geometry": { "type": "LineString", "coordinates": [ [ 88.665427564365089, 50.091086320014682 ], [ 88.685866816033382, 50.087954815434252 ], [ 88.693113251308333, 50.083321418989335 ], [ 88.699637329169946, 50.076649338174803 ], [ 88.739220776493056, 50.056120188736159 ], [ 88.765962284896972, 50.049828696271007 ], [ 88.774150832305409, 50.045692265719325 ], [ 88.777352286368824, 50.038143920656331 ], [ 88.777256856701356, 50.031939017160731 ], [ 88.779874969100874, 50.023689968693724 ], [ 88.785400527413259, 50.018943480268305 ], [ 88.823357157224038, 50.00869043534815 ], [ 88.841332142000226, 49.998737340266217 ], [ 88.857900844914369, 49.993564981146726 ], [ 88.863149442774031, 49.995217908983889 ], [ 88.870766295028673, 49.994803065987107 ], [ 88.903178246499039, 49.989273406272844 ], [ 88.918782476900347, 49.988239295619444 ] ] } },
{ "type": "Feature", "properties": { "average_dip": "(50,30,70)", "average_rake": "(67.5,45,90)", "catalog_id": "NEA_84", "catalog_name": "GEM_NE_Asia", "dip_dir": "N", "lower_seis_depth": null, "name": "Uureg Nuur Fault (west)", "net_slip_rate": null, "slip_type": "Reverse-Sinistral", "upper_seis_depth": null, "downthrown_side_id": null, "reference": "DEM; Tapponnier and Molnar, 1979; Vilkas 1982; Khil'ko 1985", "epistemic_quality": "1", "accuracy": "50000", "activity_confidence": "1", "fs_name": null, "last_movement": "1970", "downthrown_side_dir": "S", "vert_sep_rate": null, "strike_slip_rate": null, "exposure_quality": "1", "shortening_rate": null, "notes": "Looks pretty reverse, but some left-lateral slip apparent in (poorly-constained?) focal mechanism, and field observations by Khil'ko", "index_right": 47, "NAME_EN": "Russia" }, "geometry": { "type": "LineString", "coordinates": [ [ 90.013011333919252, 50.455728044733206, 0.0 ], [ 90.019734047493657, 50.453347083675602, 0.0 ], [ 90.032619248511281, 50.455307875134807, 0.0 ], [ 90.055168350292107, 50.452646801011603, 0.0 ], [ 90.072675416892125, 50.455728044733206, 0.0 ], [ 90.088781918164145, 50.453907309806802, 0.0 ], [ 90.095084462140164, 50.456148214331606, 0.0 ], [ 90.099986440788172, 50.459369514586015, 0.0 ], [ 90.10096683651777, 50.461750475643612, 0.0 ], [ 90.115672772461792, 50.468333132685224, 0.0 ], [ 90.135140630521008, 50.472394772136433, 0.0 ], [ 90.15236758405544, 50.468333132685224, 0.0 ], [ 90.167493689597862, 50.470293924144428, 0.0 ], [ 90.177297646893862, 50.469173471882023, 0.0 ], [ 90.202367766265098, 50.462170645242011, 0.0 ], [ 90.210210932101901, 50.462310701774811, 0.0 ], [ 90.222675963521127, 50.458529175389209, 0.0 ], [ 90.231779638153142, 50.447604765830796, 0.0 ], [ 90.261191510041172, 50.440461882657985, 0.0 ], [ 90.26567331909078, 50.436820412805183, 0.0 ], [ 90.275757389452394, 50.433178942952374, 0.0 ], [ 90.289763042732417, 50.422814759525153, 0.0 ], [ 90.29802637816762, 50.420433798467549, 0.0 ], [ 90.31693401009565, 50.421414194197155, 0.0 ], [ 90.323376610604456, 50.41987357233635, 0.0 ], [ 90.335701585490881, 50.41987357233635, 0.0 ], [ 90.341443903335687, 50.416932385147547, 0.0 ], [ 90.348166616910092, 50.417632667811546, 0.0 ], [ 90.381079902118131, 50.430377812296364, 0.0 ], [ 90.418194883310193, 50.417352554745932, 0.0 ], [ 90.432760762721415, 50.41847300700833, 0.0 ], [ 90.449847659723034, 50.413430971827523, 0.0 ], [ 90.47449760949587, 50.403066788400309, 0.0 ], [ 90.48794303664468, 50.399705431613107, 0.0 ] ] } },
{ "type": "Feature", "properties": { "average_dip": "(25,20,45)", "average_rake": "(90,,)", "catalog_id": "NEA_31", "catalog_name": "GEM_NE_Asia", "dip_dir": "S", "lower_seis_depth": null, "name": null, "net_slip_rate": null, "slip_type": "Reverse", "upper_seis_depth": null, "downthrown_side_id": null, "reference": "DEM; Walker et al., 2006", "epistemic_quality": "2", "accuracy": "90000", "activity_confidence": "2", "fs_name": null, "last_movement": null, "downthrown_side_dir": "N", "vert_sep_rate": null, "strike_slip_rate": null, "exposure_quality": "2", "shortening_rate": null, "notes": null, "index_right": 47, "NAME_EN": "Russia" }, "geometry": { "type": "LineString", "coordinates": [ [ 91.002057506767386, 50.460528972792673 ], [ 91.012480073894437, 50.456995240966116 ], [ 91.03078864311253, 50.454240861673355 ], [ 91.074873935378776, 50.450146658365675 ], [ 91.100209501056597, 50.443033764817308 ], [ 91.191313991768709, 50.436225015314307 ], [ 91.247280637150212, 50.437644800317067 ], [ 91.267456629711276, 50.440238601433663 ], [ 91.277849858430841, 50.44021936078483 ], [ 91.302802865337881, 50.436586265289655 ], [ 91.318519006623461, 50.438769419629018 ], [ 91.327469835040475, 50.435811945154107 ], [ 91.351946449876138, 50.419319561396939 ], [ 91.390562549482084, 50.403163289373047 ], [ 91.400597878702925, 50.396040601072826 ], [ 91.412506447153746, 50.390981894457951 ], [ 91.429550993404902, 50.37926725064569 ] ] } },
{ "type": "Feature", "properties": { "average_dip": "(90,,)", "average_rake": null, "catalog_id": "NEA_44", "catalog_name": "GEM_NE_Asia", "dip_dir": null, "lower_seis_depth": null, "name": "West Sayan Fault", "net_slip_rate": null, "slip_type": "Sinistral", "upper_seis_depth": null, "downthrown_side_id": null, "reference": "DEM", "epistemic_quality": "2", "accuracy": "150000", "activity_confidence": "1", "fs_name": null, "last_movement": null, "downthrown_side_dir": null, "vert_sep_rate": null, "strike_slip_rate": null, "exposure_quality": "2", "shortening_rate": null, "notes": null, "index_right": 47, "NAME_EN": "Russia" }, "geometry": { "type": "LineString", "coordinates": [ [ 94.725834704278498, 53.422464871883435 ], [ 94.824240926570795, 53.422148484693388 ], [ 94.871828074272912, 53.420121681037017 ], [ 94.892773988064249, 53.421864471826403 ], [ 94.928041065182327, 53.427875920136479 ], [ 94.948256080047045, 53.433248134308151 ], [ 95.011730195524549, 53.440419178213915 ], [ 95.054029254814921, 53.452030319571151 ], [ 95.128248147002893, 53.460991254201012 ], [ 95.188525525693677, 53.464730160146047 ], [ 95.296229220251703, 53.467401649353057 ], [ 95.336625028349729, 53.465202273775304 ], [ 95.354456815120216, 53.461322810478556 ], [ 95.474770202546878, 53.462354169712889 ], [ 95.538792781114012, 53.465048898104371 ], [ 95.610255443738239, 53.464861469923896 ], [ 95.663150838880597, 53.471429811175803 ], [ 95.753496893240168, 53.473417929150955 ], [ 95.780905940434465, 53.472587538024094 ], [ 95.852420100512703, 53.460766087485503 ], [ 95.870926545911772, 53.462334152192398 ], [ 95.899066635616492, 53.461477451591477 ], [ 95.919066596273098, 53.457515614486638 ], [ 95.969417301798529, 53.451794475630102 ], [ 95.99643793881107, 53.451798344707449 ], [ 96.044191774468658, 53.456651097780309 ], [ 96.09564635362598, 53.455958160002659 ], [ 96.143036190593975, 53.457899375600824 ], [ 96.175631773256811, 53.462274883527343 ], [ 96.197850992951572, 53.46334490751638 ], [ 96.270016036542444, 53.458121836806811 ], [ 96.329195983176973, 53.451344992858139 ], [ 96.40765997006396, 53.450661163508613 ], [ 96.477265515549846, 53.452391966450776 ], [ 96.513895684049658, 53.451135287438944 ], [ 96.566485414221134, 53.453327993321643 ], [ 96.60132841973055, 53.456692947477194 ], [ 96.695317185436195, 53.454194407891976 ], [ 96.848581150539118, 53.4733110844465 ], [ 96.938321685500753, 53.478605961079488 ], [ 96.976962452665262, 53.483820237335649 ], [ 96.9947194884857, 53.482789938331543 ] ] } },
{ "type": "Feature", "properties": { "average_dip": "(90,,)", "average_rake": null, "catalog_id": "NEA_45", "catalog_name": "GEM_NE_Asia", "dip_dir": null, "lower_seis_depth": null, "name": "West Sayan Fault", "net_slip_rate": null, "slip_type": "Sinistral", "upper_seis_depth": null, "downthrown_side_id": null, "reference": "DEM", "epistemic_quality": "2", "accuracy": "180000", "activity_confidence": "2", "fs_name": null, "last_movement": null, "downthrown_side_dir": null, "vert_sep_rate": null, "strike_slip_rate": null, "exposure_quality": "2", "shortening_rate": null, "notes": "very rough interpreted segment in between more evident segments.", "index_right": 47, "NAME_EN": "Russia" }, "geometry": { "type": "LineString", "coordinates": [ [ 93.962756645280535, 53.242216105958185 ], [ 94.0299852639004, 53.262351833352561 ], [ 94.067710711826592, 53.267610190391522 ], [ 94.086318842060422, 53.271888200654004 ], [ 94.106899763396186, 53.273321762333744 ], [ 94.145587658221501, 53.282327385507827 ], [ 94.191210979856365, 53.29341460564973 ], [ 94.207925907274657, 53.299412593828798 ], [ 94.234268285782662, 53.304667203053775 ], [ 94.253511895010703, 53.312243010460811 ], [ 94.32702286932826, 53.328986392992064 ], [ 94.378908734645051, 53.342961446020418 ], [ 94.47286513748324, 53.379556896175615 ], [ 94.537167138038171, 53.401133572031455 ], [ 94.609972510950314, 53.413493795324115 ], [ 94.660142047248883, 53.41760275556333 ] ] } },
{ "type": "Feature", "properties": { "average_dip": "(90,,)", "average_rake": null, "catalog_id": "NEA_46", "catalog_name": "GEM_NE_Asia", "dip_dir": null, "lower_seis_depth": null, "name": null, "net_slip_rate": null, "slip_type": "Sinistral", "upper_seis_depth": null, "downthrown_side_id": null, "reference": "DEM, Google Earth", "epistemic_quality": "1", "accuracy": "70000", "activity_confidence": "1", "fs_name": null, "last_movement": null, "downthrown_side_dir": null, "vert_sep_rate": null, "strike_slip_rate": null, "exposure_quality": "2", "shortening_rate": null, "notes": "Some OK quaternary scarps in landsat/google earth", "index_right": 47, "NAME_EN": "Russia" }, "geometry": { "type": "LineString", "coordinates": [ [ 90.030785123331611, 51.13033143415911 ], [ 90.079007225413577, 51.14097918111068 ], [ 90.123937120603713, 51.158300390495512 ], [ 90.15034585732559, 51.166488348746178 ], [ 90.16171995830959, 51.168386195862183 ], [ 90.219619829454999, 51.189415878123938 ], [ 90.28802915030515, 51.19997797239585 ], [ 90.315020086700656, 51.206717788145006 ], [ 90.381358319952128, 51.233164678463595 ], [ 90.38822036090481, 51.239026491989847 ], [ 90.403227747012153, 51.247491451699474 ], [ 90.421837331516045, 51.253194927190108 ], [ 90.464012059957838, 51.270414573843844 ], [ 90.491644257711911, 51.284112094105751 ], [ 90.514072879996192, 51.298664627935032 ], [ 90.554550140624031, 51.315936287686291 ], [ 90.601898207826252, 51.326099411914669 ], [ 90.622196832433445, 51.326150898503762 ], [ 90.661382480646594, 51.329276085512944 ], [ 90.713643562158992, 51.336962715316758 ], [ 90.744790788413098, 51.337925645373893 ], [ 90.772689338645904, 51.341057820336154 ], [ 90.794455456888485, 51.346896756034262 ], [ 90.845257633196823, 51.355343483824015 ], [ 90.870841110568605, 51.365097001943717 ], [ 90.885540119302433, 51.372709733992359 ], [ 90.900894754055216, 51.38399927522017 ], [ 90.962790252936713, 51.407034946245254 ], [ 91.003663844241814, 51.419794188935448 ], [ 91.022053474344574, 51.427989109207154 ], [ 91.034848897376989, 51.435611825166227 ], [ 91.058069707647491, 51.441793795673213 ], [ 91.070900953193231, 51.447533649742041 ], [ 91.09092807193683, 51.450587997658758 ], [ 91.12577410305164, 51.452487690895687 ] ] } },
{ "type": "Feature", "properties": { "average_dip": "(90,,)", "average_rake": null, "catalog_id": "NEA_47", "catalog_name": "GEM_NE_Asia", "dip_dir": null, "lower_seis_depth": null, "name": null, "net_slip_rate": null, "slip_type": "Sinistral", "upper_seis_depth": null, "downthrown_side_id": null, "reference": "DEM; Google Earth", "epistemic_quality": "1", "accuracy": "70000", "activity_confidence": "1", "fs_name": null, "last_movement": null, "downthrown_side_dir": null, "vert_sep_rate": null, "strike_slip_rate": null, "exposure_quality": "1", "shortening_rate": null, "notes": null, "index_right": 47, "NAME_EN": "Russia" }, "geometry": { "type": "LineString", "coordinates": [ [ 91.3130722266296, 51.500176821358949 ], [ 91.323201539622119, 51.503346872614607 ], [ 91.343389900836328, 51.513884017119196 ], [ 91.364631845162378, 51.530707711484759 ], [ 91.398117455986096, 51.545880253074806 ], [ 91.41704620199755, 51.552539230858542 ], [ 91.443626086030534, 51.575860194529568 ], [ 91.459386221838884, 51.583328720326726 ], [ 91.535494542007328, 51.607265457243308 ], [ 91.551559519982433, 51.615506870650293 ], [ 91.590658812423669, 51.626273717344809 ], [ 91.606262934889642, 51.633937108578614 ], [ 91.630114228493781, 51.640910870210249 ], [ 91.641043141328723, 51.647399821838711 ], [ 91.650536567137763, 51.650351137373413 ], [ 91.68536717161912, 51.657941413151086 ], [ 91.736543542691365, 51.673359576253056 ], [ 91.75817157879726, 51.677903647520907 ], [ 91.784303886102037, 51.685701821938579 ], [ 91.811900816724204, 51.691224256139876 ], [ 91.852867420594336, 51.696550150295899 ], [ 91.890593430813425, 51.708271886280464 ], [ 91.898839833719066, 51.711545954731122 ], [ 91.907538116768734, 51.717710070728813 ], [ 91.938532093388304, 51.727411755559906 ], [ 91.977112152064649, 51.732058030471514 ], [ 92.013378503764656, 51.740814513945125 ], [ 92.041852178696132, 51.743105213660648 ], [ 92.053370840817223, 51.745815081297089 ], [ 92.083251999635294, 51.748364105405528 ], [ 92.134786497413543, 51.756043166095274 ], [ 92.216747108895632, 51.758050155276308 ], [ 92.25295332073172, 51.761864968796857 ], [ 92.306507745336432, 51.778045470318837 ], [ 92.342684499450328, 51.784705856450593 ], [ 92.36045710857897, 51.792002102594324 ], [ 92.376988690980667, 51.794835015744034 ] ] } },
{ "type": "Feature", "properties": { "average_dip": "(55,45,70)", "average_rake": null, "catalog_id": "NEA_48", "catalog_name": "GEM_NE_Asia", "dip_dir": "E", "lower_seis_depth": null, "name": null, "net_slip_rate": null, "slip_type": "Normal", "upper_seis_depth": null, "downthrown_side_id": null, "reference": "DEM", "epistemic_quality": "1", "accuracy": "90000", "activity_confidence": "1", "fs_name": null, "last_movement": null, "downthrown_side_dir": "E", "vert_sep_rate": null, "strike_slip_rate": null, "exposure_quality": "1", "shortening_rate": null, "notes": null, "index_right": 47, "NAME_EN": "Russia" }, "geometry": { "type": "LineString", "coordinates": [ [ 97.315555324863581, 50.592093673694905 ], [ 97.320768698272943, 50.598445627118672 ], [ 97.326916510168644, 50.600918029652128 ], [ 97.331915080755877, 50.605724460830871 ], [ 97.339996486264141, 50.608947786415534 ], [ 97.352715210048714, 50.62239641731896 ], [ 97.352652474685442, 50.626265815536847 ], [ 97.347716015917811, 50.635939418379344 ], [ 97.347137916287025, 50.646115146641598 ], [ 97.350686947514589, 50.654695629757725 ], [ 97.357972680766466, 50.660137595434094 ], [ 97.386070432068735, 50.663564899342205 ], [ 97.392217098169468, 50.665591755559717 ], [ 97.402025790420765, 50.673764139241925 ], [ 97.425265689212949, 50.677240365631114 ], [ 97.435271931763495, 50.680212494245673 ], [ 97.450547778328428, 50.690413492344781 ], [ 97.460343268920823, 50.692059703642094 ], [ 97.471985147086883, 50.702634980188108 ], [ 97.487192328564532, 50.71017927216954 ], [ 97.494690496556956, 50.716052159483461 ], [ 97.504897513368292, 50.71945790080008 ], [ 97.512086816115087, 50.726438993433007 ], [ 97.518772850934297, 50.728562745078833 ], [ 97.524152881915001, 50.733355991274657 ], [ 97.537941956279184, 50.739585833637328 ], [ 97.578173501990463, 50.744574873320225 ], [ 97.608498294141725, 50.744934197639935 ], [ 97.617531138908561, 50.749230585367386 ], [ 97.634720295908082, 50.752527940136915 ], [ 97.643598290579433, 50.752292597412413 ], [ 97.649941599652564, 50.754303155066005 ], [ 97.65468523999543, 50.765289335843221 ], [ 97.66030837424394, 50.771509841561539 ], [ 97.69426973568568, 50.785169730687109 ], [ 97.704957608447216, 50.796177909800761 ], [ 97.71738609572526, 50.802185471347698 ], [ 97.721189399233126, 50.810751058018511 ], [ 97.729920933012465, 50.815706450882239 ] ] } },
{ "type": "Feature", "properties": { "average_dip": "(60,45,75)", "average_rake": null, "catalog_id": "NEA_49", "catalog_name": "GEM_NE_Asia", "dip_dir": "E", "lower_seis_depth": null, "name": null, "net_slip_rate": null, "slip_type": "Normal", "upper_seis_depth": null, "downthrown_side_id": null, "reference": "DEM; Google Earth", "epistemic_quality": "2", "accuracy": "90000", "activity_confidence": "1", "fs_name": null, "last_movement": null, "downthrown_side_dir": "E", "vert_sep_rate": null, "strike_slip_rate": null, "exposure_quality": "1", "shortening_rate": null, "notes": "Strange but well-defined scarp w/ some imagery evidence for quaternary offsets. May have a significant component of strike-slip, kinematics currently unknown.", "index_right": 47, "NAME_EN": "Russia" }, "geometry": { "type": "LineString", "coordinates": [ [ 98.193995674133362, 50.493847988240162 ], [ 98.203658037432888, 50.474319915924859 ], [ 98.210782509316871, 50.452517725618328 ], [ 98.209912700620606, 50.433851915893513 ], [ 98.205985320467803, 50.420108147039343 ], [ 98.204596322620304, 50.405100120681844 ], [ 98.194047674688036, 50.363955004042573 ], [ 98.184125503343196, 50.343580005123542 ], [ 98.178313934906285, 50.314725532741633 ], [ 98.169695190428911, 50.299852221390715 ], [ 98.152597842659688, 50.280492621958928 ], [ 98.141856319282766, 50.264108883914176 ], [ 98.136850634871507, 50.244744525455147 ], [ 98.124056602429604, 50.228396870138674 ], [ 98.123044055748309, 50.221119161425506 ] ] } },
{ "type": "Feature", "properties": { "average_dip": "(50,45,65)", "average_rake": null, "catalog_id": "NEA_50", "catalog_name": "GEM_NE_Asia", "dip_dir": "W", "lower_seis_depth": null, "name": null, "net_slip_rate": null, "slip_type": "Normal", "upper_seis_depth": null, "downthrown_side_id": null, "reference": "DEM, seismicity", "epistemic_quality": "1", "accuracy": "90000", "activity_confidence": "1", "fs_name": null, "last_movement": null, "downthrown_side_dir": "W", "vert_sep_rate": null, "strike_slip_rate": null, "exposure_quality": "2", "shortening_rate": null, "notes": null, "index_right": 47, "NAME_EN": "Russia" }, "geometry": { "type": "LineString", "coordinates": [ [ 98.075523208790074, 51.51172983644733 ], [ 98.074514177869887, 51.505116078499988 ], [ 98.06784340532235, 51.498602295757969 ], [ 98.069553235337025, 51.485529932774774 ], [ 98.065795791243062, 51.48073300603685 ], [ 98.065212514807612, 51.475659029531386 ], [ 98.06908289304198, 51.455585301458648 ], [ 98.067237542646836, 51.422570014797863 ], [ 98.060558094479603, 51.411634844627734 ], [ 98.055248304031068, 51.407528031971445 ], [ 98.052205263581556, 51.402718129362512 ], [ 98.047932706809434, 51.382234609588018 ], [ 98.04538713920978, 51.376642128159268 ], [ 98.038543604076082, 51.369687599501233 ], [ 98.037984608117185, 51.361076088990501 ], [ 98.04124239198336, 51.350961226274364 ], [ 98.034839717879166, 51.337919698940283 ], [ 98.03411026492833, 51.333400678096801 ], [ 98.035623999457272, 51.32375832620518 ], [ 98.045900291305102, 51.316836911296754 ], [ 98.053278797697871, 51.304328401641975 ], [ 98.053052048382682, 51.299247999570248 ], [ 98.059584823759252, 51.287638102772895 ] ] } },
{ "type": "Feature", "properties": { "average_dip": "(55,45,70)", "average_rake": null, "catalog_id": "NEA_52", "catalog_name": "GEM_NE_Asia", "dip_dir": "E", "lower_seis_depth": null, "name": null, "net_slip_rate": null, "slip_type": "Normal", "upper_seis_depth": null, "downthrown_side_id": null, "reference": "DEM", "epistemic_quality": "2", "accuracy": "100000", "activity_confidence": "2", "fs_name": null, "last_movement": null, "downthrown_side_dir": "E", "vert_sep_rate": null, "strike_slip_rate": null, "exposure_quality": "2", "shortening_rate": null, "notes": null, "index_right": 47, "NAME_EN": "Russia" }, "geometry": { "type": "LineString", "coordinates": [ [ 98.533436730914886, 51.995422383527576 ], [ 98.52391375034378, 51.991647958424423 ], [ 98.515996128203369, 51.990933233464027 ], [ 98.428369886491495, 51.986141913400694 ], [ 98.38519608726844, 51.98216153102009 ], [ 98.332804931523768, 51.96596971447012 ], [ 98.325426524803277, 51.961694766925973 ], [ 98.309235911693179, 51.956487360566086 ], [ 98.286633025272579, 51.951734082495541 ], [ 98.268228274724351, 51.945016761813356 ], [ 98.254300567066878, 51.93832143793685 ], [ 98.248939546840191, 51.931240026282595 ], [ 98.221293338148556, 51.921707605683096 ], [ 98.200427238956834, 51.911710578789084 ], [ 98.191408613790429, 51.910000027664751 ], [ 98.177049915829897, 51.90131431062791 ], [ 98.162807923465607, 51.883782952154114 ], [ 98.144548475278199, 51.87162828874321 ], [ 98.13660580744164, 51.862267950451397 ], [ 98.120856761164404, 51.853821786720054 ], [ 98.11415754438417, 51.847974232220004 ], [ 98.111317619599433, 51.844488554256806 ], [ 98.110178244452683, 51.839203950879991 ], [ 98.102653136553272, 51.834696835652188 ], [ 98.100084079867386, 51.82932717262198 ] ] } },
{ "type": "Feature", "properties": { "average_dip": "(65,40,90)", "average_rake": null, "catalog_id": "NEA_147", "catalog_name": "GEM_NE_Asia", "dip_dir": "W", "lower_seis_depth": null, "name": null, "net_slip_rate": null, "slip_type": "Dextral-Reverse", "upper_seis_depth": null, "downthrown_side_id": null, "reference": "DEM", "epistemic_quality": "1", "accuracy": "60000", "activity_confidence": "1", "fs_name": "Uzhep Fault System", "last_movement": null, "downthrown_side_dir": "E", "vert_sep_rate": null, "strike_slip_rate": null, "exposure_quality": "2", "shortening_rate": null, "notes": "This is the northern part of a long (~100 km) N-S fault ; a few moderate earthquakes (6.7, 6.6) in 2011-2012 probably reactivated the northern end and are dextral and reverse-dextral.  Additional information is unknown but I haven't searched in depth. ", "index_right": 47, "NAME_EN": "Russia" }, "geometry": { "type": "LineString", "coordinates": [ [ 95.885385102235858, 51.801132239003074, 0.0 ], [ 95.902947401749501, 51.780517150797124, 0.0 ], [ 95.932047860517272, 51.751277591481596, 0.0 ], [ 95.949674481183479, 51.73620604892227, 0.0 ], [ 95.964486034013404, 51.718160394422959, 0.0 ], [ 95.989497454710801, 51.694484920405458, 0.0 ], [ 96.005634320035213, 51.675140656317375, 0.0 ], [ 96.035324653332935, 51.646718176447884, 0.0 ], [ 96.04619683778067, 51.640653413783916, 0.0 ], [ 96.077660953514254, 51.608571748867504, 0.0 ], [ 96.085613714966897, 51.586069768543879, 0.0 ], [ 96.089920847086631, 51.578555539839954, 0.0 ], [ 96.09017905678806, 51.574385822222617, 0.0 ], [ 96.100404513349886, 51.554534078056136, 0.0 ], [ 96.111317960180344, 51.543438585323365, 0.0 ], [ 96.115302309369142, 51.528977789507621, 0.0 ], [ 96.122843387620378, 51.512670135614599, 0.0 ], [ 96.125666326250155, 51.500247883094325, 0.0 ], [ 96.133723083789249, 51.492485491383469, 0.0 ], [ 96.140125669638849, 51.479498047225896, 0.0 ], [ 96.158380146257613, 51.452726346324731, 0.0 ], [ 96.168555847969799, 51.440666152055421, 0.0 ], [ 96.186643843785518, 51.407579712329287, 0.0 ], [ 96.190790063719447, 51.394070752278793, 0.0 ], [ 96.190279269609761, 51.370976960241123, 0.0 ], [ 96.187833110318934, 51.353031607273685, 0.0 ], [ 96.191002506255529, 51.341881482490862, 0.0 ] ] } },
{ "type": "Feature", "properties": { "average_dip": "(65,40,90)", "average_rake": null, "catalog_id": "NEA_148", "catalog_name": "GEM_NE_Asia", "dip_dir": "E", "lower_seis_depth": null, "name": null, "net_slip_rate": null, "slip_type": "Dextral-Normal", "upper_seis_depth": null, "downthrown_side_id": null, "reference": "DEM", "epistemic_quality": "2", "accuracy": "60000", "activity_confidence": "2", "fs_name": "Uzhep Fault System", "last_movement": null, "downthrown_side_dir": "E", "vert_sep_rate": null, "strike_slip_rate": null, "exposure_quality": "2", "shortening_rate": null, "notes": "Southern part of a ~100 km long N-S fault. Focal mechs and to some degree fault geomorphology suggest toe north is dextral-reverse, but this segemnt  looks dextral-normal (triangular facets  etc.", "index_right": 47, "NAME_EN": "Russia" }, "geometry": { "type": "LineString", "coordinates": [ [ 96.195602050390505, 51.302908811498938, 0.0 ], [ 96.201939961439393, 51.281031761060042, 0.0 ], [ 96.214659896515229, 51.270222190079352, 0.0 ], [ 96.220575378574452, 51.26032760159287, 0.0 ], [ 96.223713168785167, 51.24831754613502, 0.0 ], [ 96.217960077858564, 51.235102370096989, 0.0 ], [ 96.223745078025715, 51.219643904416408, 0.0 ], [ 96.224154932727984, 51.207656534900131, 0.0 ], [ 96.242569640283733, 51.17881333699183, 0.0 ], [ 96.252924273548842, 51.126065278374966, 0.0 ], [ 96.25067381284434, 51.087553059902916, 0.0 ], [ 96.246236143688293, 51.071965047830929, 0.0 ], [ 96.24459199961936, 51.05956225431656, 0.0 ], [ 96.220390431026345, 51.040939125116751, 0.0 ], [ 96.221488291387033, 51.029366798129281, 0.0 ], [ 96.230692820023336, 51.016008035760329, 0.0 ], [ 96.234480028526008, 50.973572305977648, 0.0 ], [ 96.242325478618355, 50.960650883769951, 0.0 ], [ 96.241392911146633, 50.949522196698211, 0.0 ], [ 96.24526447516395, 50.94091949828254, 0.0 ], [ 96.234227370199022, 50.917672830446904, 0.0 ], [ 96.222816070905012, 50.907493996884838, 0.0 ], [ 96.22194613770877, 50.898933341219013, 0.0 ], [ 96.238406863706189, 50.878004880569804, 0.0 ], [ 96.254639923239651, 50.862431081594153, 0.0 ], [ 96.272665570791673, 50.851551218554675, 0.0 ], [ 96.281898063450498, 50.841180290856713, 0.0 ], [ 96.290261974967535, 50.837137334165341, 0.0 ], [ 96.3012130400258, 50.828140956998041, 0.0 ], [ 96.325353403497218, 50.791372849662032, 0.0 ] ] } },
{ "type": "Feature", "properties": { "average_dip": "(20,15,35)", "average_rake": null, "catalog_id": "NEA_149", "catalog_name": "GEM_NE_Asia", "dip_dir": "N", "lower_seis_depth": null, "name": null, "net_slip_rate": null, "slip_type": "Reverse", "upper_seis_depth": null, "downthrown_side_id": null, "reference": "DEM", "epistemic_quality": "1", "accuracy": "80000", "activity_confidence": "1", "fs_name": null, "last_movement": null, "downthrown_side_dir": "S", "vert_sep_rate": null, "strike_slip_rate": null, "exposure_quality": "1", "shortening_rate": null, "notes": null, "index_right": 47, "NAME_EN": "Russia" }, "geometry": { "type": "LineString", "coordinates": [ [ 93.195932127840649, 50.770742879790497, 0.0 ], [ 93.229503596633293, 50.767327366616421, 0.0 ], [ 93.251474448389772, 50.756681534663073, 0.0 ], [ 93.268761260950242, 50.754974342342273, 0.0 ], [ 93.283155666889911, 50.748512949433518, 0.0 ], [ 93.293022943814307, 50.746279822422018, 0.0 ], [ 93.319686571054788, 50.736110207786403, 0.0 ], [ 93.343204570011878, 50.729111965305471, 0.0 ], [ 93.368289030905885, 50.725986746703377, 0.0 ], [ 93.402477429443422, 50.7347535498726, 0.0 ], [ 93.424458193957136, 50.745513369462934, 0.0 ], [ 93.471446973012974, 50.744336667705497, 0.0 ], [ 93.524710859016068, 50.748356030650633, 0.0 ], [ 93.560396870035035, 50.753026133060416, 0.0 ], [ 93.571266793261387, 50.750783554735392, 0.0 ], [ 93.594652782288549, 50.734739039597123, 0.0 ], [ 93.607995822722089, 50.728018005611112, 0.0 ], [ 93.609406277851306, 50.725674765413025, 0.0 ], [ 93.632861049932998, 50.719483219372343, 0.0 ], [ 93.652297328493574, 50.71174720746685, 0.0 ], [ 93.66770096283669, 50.709970449682643, 0.0 ], [ 93.687502413663324, 50.700732364129422, 0.0 ], [ 93.696776930605765, 50.701036274030521, 0.0 ], [ 93.707161603717225, 50.704351057181839, 0.0 ], [ 93.723548687655494, 50.703649077905446, 0.0 ], [ 93.738620637713211, 50.708720258172249, 0.0 ], [ 93.752335635996431, 50.706810987707591, 0.0 ], [ 93.77469894123675, 50.710551799022547, 0.0 ], [ 93.780048784881444, 50.712850672151895, 0.0 ], [ 93.791336779765373, 50.713809210052077, 0.0 ], [ 93.803520650477139, 50.71241697692296, 0.0 ], [ 93.847332325300997, 50.699936223511209, 0.0 ], [ 93.859151858458446, 50.699607603054751, 0.0 ], [ 93.88776920525774, 50.703060808977689, 0.0 ], [ 93.905240172372601, 50.707061301773521, 0.0 ], [ 93.922431146702152, 50.708270841719091, 0.0 ], [ 93.92603408888283, 50.71387222980723, 0.0 ] ] } },
{ "type": "Feature", "properties": { "average_dip": "(20,15,35)", "average_rake": null, "catalog_id": "NEA_150", "catalog_name": "GEM_NE_Asia", "dip_dir": "N", "lower_seis_depth": null, "name": null, "net_slip_rate": null, "slip_type": "Reverse", "upper_seis_depth": null, "downthrown_side_id": null, "reference": "DEM", "epistemic_quality": "1", "accuracy": "90000", "activity_confidence": "1", "fs_name": null, "last_movement": null, "downthrown_side_dir": "S", "vert_sep_rate": null, "strike_slip_rate": null, "exposure_quality": "1", "shortening_rate": null, "notes": null, "index_right": 47, "NAME_EN": "Russia" }, "geometry": { "type": "LineString", "coordinates": [ [ 93.93821046377127, 50.747402743630161, 0.0 ], [ 93.95958161220166, 50.751533171927171, 0.0 ], [ 93.986394564670022, 50.753879335365014, 0.0 ], [ 93.997674955692801, 50.755891939308405, 0.0 ], [ 94.006393331998495, 50.759492111440551, 0.0 ], [ 94.012328471546311, 50.758249649628738, 0.0 ], [ 94.032420813312228, 50.758823098762939, 0.0 ], [ 94.044144973001536, 50.764585188437508, 0.0 ], [ 94.060291866936495, 50.76876964692643, 0.0 ], [ 94.063797324068688, 50.77125826478521, 0.0 ], [ 94.069695892122112, 50.772156015531571, 0.0 ], [ 94.082570420628386, 50.77020791886109, 0.0 ], [ 94.098521093955924, 50.776314996909242, 0.0 ], [ 94.110655106135113, 50.778323670516187, 0.0 ], [ 94.136457500506864, 50.770990250252801, 0.0 ], [ 94.155197572284933, 50.771965414587925, 0.0 ], [ 94.178003501338893, 50.761069425211012, 0.0 ], [ 94.183495487778458, 50.755316535100476, 0.0 ], [ 94.213859190628355, 50.758174696472437, 0.0 ], [ 94.218120336909479, 50.755520595513516, 0.0 ], [ 94.22499969460452, 50.746880835266353, 0.0 ], [ 94.250325607852133, 50.735129098163739, 0.0 ], [ 94.253075425062704, 50.731608099134064, 0.0 ], [ 94.259030978705169, 50.728211730548949, 0.0 ], [ 94.269208865334377, 50.724623583663977, 0.0 ], [ 94.287756773263666, 50.726329724142033, 0.0 ], [ 94.29968067926481, 50.731213976404256, 0.0 ], [ 94.315857358029163, 50.733761197448267, 0.0 ], [ 94.321222829947317, 50.736788529766201, 0.0 ], [ 94.387516617008444, 50.742729835369651, 0.0 ], [ 94.398293304114603, 50.745564043230424, 0.0 ], [ 94.415178467112057, 50.7458522311303, 0.0 ], [ 94.437523073314551, 50.740803484409, 0.0 ], [ 94.455095249120291, 50.739803727085985, 0.0 ], [ 94.496952232125238, 50.742108554901293, 0.0 ], [ 94.521661012565403, 50.735983134317358, 0.0 ], [ 94.542669787630956, 50.727483244437039, 0.0 ], [ 94.559243592066338, 50.723894823511039, 0.0 ], [ 94.565018960178477, 50.719412838422983, 0.0 ], [ 94.593422916278115, 50.713285770116279, 0.0 ], [ 94.627299723268393, 50.695594028998833, 0.0 ], [ 94.662197069241714, 50.672965475697858, 0.0 ], [ 94.67102249122307, 50.663770114865514, 0.0 ], [ 94.678806927892268, 50.659072988248091, 0.0 ], [ 94.697407439225898, 50.64946964515633, 0.0 ], [ 94.726788700005855, 50.639885675408522, 0.0 ], [ 94.742987767236343, 50.636058748546297, 0.0 ], [ 94.758162029170492, 50.634800495645706, 0.0 ], [ 94.778696535272999, 50.641481134318909, 0.0 ], [ 94.790835070173031, 50.640857342209294, 0.0 ], [ 94.850560326318941, 50.620142119348408, 0.0 ], [ 94.877513162263128, 50.622741793401644, 0.0 ], [ 94.889973916901141, 50.626825703202954, 0.0 ], [ 94.936477483367213, 50.631786182016874, 0.0 ] ] } },
{ "type": "Feature", "properties": { "average_dip": "(90,,)", "average_rake": null, "catalog_id": "NEA_151", "catalog_name": "GEM_NE_Asia", "dip_dir": null, "lower_seis_depth": null, "name": null, "net_slip_rate": null, "slip_type": "Sinistral", "upper_seis_depth": null, "downthrown_side_id": null, "reference": "DEM", "epistemic_quality": "1", "accuracy": "40000", "activity_confidence": "1", "fs_name": null, "last_movement": null, "downthrown_side_dir": null, "vert_sep_rate": null, "strike_slip_rate": null, "exposure_quality": "2", "shortening_rate": null, "notes": "Amazing sinistral bedrock offsets", "index_right": 47, "NAME_EN": "Russia" }, "geometry": { "type": "LineString", "coordinates": [ [ 92.383620616847494, 51.759889666200188, 0.0 ], [ 92.42370090722514, 51.757008192127032, 0.0 ], [ 92.468127044746069, 51.756758683185247, 0.0 ], [ 92.525627151512239, 51.749250676753327, 0.0 ], [ 92.552170493382647, 51.748440159688101, 0.0 ], [ 92.638754069426724, 51.752079388805043, 0.0 ], [ 92.67146080684654, 51.751991905537139, 0.0 ], [ 92.694836482538264, 51.760715193324096, 0.0 ], [ 92.726760278377796, 51.762951661482433, 0.0 ], [ 92.918657340378815, 51.76415019350685, 0.0 ], [ 92.93973765176176, 51.762115181724027, 0.0 ], [ 93.011484598512055, 51.767649223610334, 0.0 ], [ 93.134386374261041, 51.787728101171815, 0.0 ], [ 93.156446251109742, 51.797207783349961, 0.0 ], [ 93.185876889831292, 51.80293554652183, 0.0 ], [ 93.217128676774038, 51.805903700454984, 0.0 ], [ 93.270955772429886, 51.814060164251323, 0.0 ], [ 93.318415460397262, 51.816992663953968, 0.0 ], [ 93.397616421917235, 51.830316282105642, 0.0 ], [ 93.462276908608573, 51.847063606963317, 0.0 ], [ 93.49403588692617, 51.857874867682526, 0.0 ], [ 93.512746514922668, 51.867044594041253, 0.0 ], [ 93.528150664398865, 51.871265537327233, 0.0 ], [ 93.604609623786118, 51.875684125017948, 0.0 ], [ 93.646444903415428, 51.885492238423815, 0.0 ], [ 93.685472332870276, 51.897822679480036, 0.0 ], [ 93.740028410178013, 51.925653260850872, 0.0 ] ] } },
{ "type": "Feature", "properties": { "average_dip": "(90,,)", "average_rake": null, "catalog_id": "NEA_155", "catalog_name": "GEM_NE_Asia", "dip_dir": null, "lower_seis_depth": null, "name": "Azas-Sentsa Fault", "net_slip_rate": null, "slip_type": "Sinistral", "upper_seis_depth": null, "downthrown_side_id": null, "reference": "Arzhannikova et al., 2011; DEM", "epistemic_quality": "1", "accuracy": "60000", "activity_confidence": "1", "fs_name": null, "last_movement": null, "downthrown_side_dir": null, "vert_sep_rate": null, "strike_slip_rate": null, "exposure_quality": "2", "shortening_rate": null, "notes": "Western half has excellent rupture visible in SRTM, for km after km. When the fault gets into the mountains and is in a long glacial valley, this fades but the linearity of the valley makes it obvious where the fault is.", "index_right": 47, "NAME_EN": "Russia" }, "geometry": { "type": "LineString", "coordinates": [ [ 97.968631010725858, 52.519515692213226, 0.0 ], [ 97.998435791370866, 52.521442138846481, 0.0 ], [ 98.048828005740603, 52.528885559984104, 0.0 ], [ 98.070072004562036, 52.533645623202652, 0.0 ], [ 98.080007291985055, 52.539182678156472, 0.0 ], [ 98.112189286203389, 52.548491726933776, 0.0 ], [ 98.230431372434381, 52.566929835569802, 0.0 ], [ 98.323870406163252, 52.573496610940573, 0.0 ], [ 98.348396174914242, 52.571425142706133, 0.0 ], [ 98.377811935865338, 52.566568594364256, 0.0 ], [ 98.421158375155841, 52.56627010854249, 0.0 ], [ 98.438442311419635, 52.568513828535195, 0.0 ], [ 98.485213329796778, 52.56971055661672, 0.0 ], [ 98.553813456713556, 52.578122449780849, 0.0 ], [ 98.592054026944936, 52.579711685916074, 0.0 ], [ 98.619279305197097, 52.578802999184774, 0.0 ], [ 98.6840533509056, 52.582028782186853, 0.0 ], [ 98.709912764813794, 52.579113563195321, 0.0 ], [ 98.736535911608684, 52.579583382847233, 0.0 ], [ 98.782755486117566, 52.582508154573055, 0.0 ], [ 98.837109028901097, 52.596066733007028, 0.0 ], [ 98.853604334532733, 52.596683065543253, 0.0 ], [ 98.865675010315215, 52.601361573680542, 0.0 ], [ 98.945879254314889, 52.615873481233159, 0.0 ] ] } },
{ "type": "Feature", "properties": { "average_dip": "(90,,)", "average_rake": null, "catalog_id": "NEA_156", "catalog_name": "GEM_NE_Asia", "dip_dir": null, "lower_seis_depth": null, "name": "Central Sayan Fault", "net_slip_rate": null, "slip_type": "Sinistral", "upper_seis_depth": null, "downthrown_side_id": null, "reference": "DEM", "epistemic_quality": "1", "accuracy": "120000", "activity_confidence": "2", "fs_name": null, "last_movement": null, "downthrown_side_dir": null, "vert_sep_rate": null, "strike_slip_rate": null, "exposure_quality": "2", "shortening_rate": null, "notes": "Clear bedrock fault, but Quaternary activity is uncertain. In many cases it looks like geomorphic features are cut but obvious offsets with consisten kinematics are lacking.  However, imagery is not great, so this relies only on SRTM.", "index_right": 47, "NAME_EN": "Russia" }, "geometry": { "type": "LineString", "coordinates": [ [ 96.600712469689412, 53.430074410570704, 0.0 ], [ 96.620848270509867, 53.420616476783621, 0.0 ], [ 96.669951522886109, 53.406364609869037, 0.0 ], [ 96.728949624541869, 53.394099077423668, 0.0 ], [ 96.780979440375802, 53.386459082847971, 0.0 ], [ 96.804312142432153, 53.38351470619267, 0.0 ], [ 96.852365511767601, 53.384336960652966, 0.0 ], [ 96.867873895606209, 53.38116428199838, 0.0 ], [ 96.885950052957924, 53.380291527009625, 0.0 ], [ 96.9289520220931, 53.374254441773829, 0.0 ], [ 96.949252465590845, 53.373609197681837, 0.0 ], [ 97.083254947627935, 53.359999638301836, 0.0 ], [ 97.153320578752954, 53.350686120114069, 0.0 ], [ 97.175255300136499, 53.349081780446923, 0.0 ], [ 97.224063840167403, 53.349396540167177, 0.0 ], [ 97.248077205731903, 53.346687106383115, 0.0 ], [ 97.310281472535976, 53.333171321723306, 0.0 ], [ 97.358131062220536, 53.33218154488884, 0.0 ], [ 97.398032989177437, 53.335768500311744, 0.0 ], [ 97.448478387453079, 53.322174879678244, 0.0 ], [ 97.471513909457954, 53.314346660690262, 0.0 ], [ 97.565657425276285, 53.303243393862545, 0.0 ], [ 97.601192772540571, 53.301223234871628, 0.0 ], [ 97.621515309514521, 53.303402546109666, 0.0 ], [ 97.640602633159062, 53.302203064434742, 0.0 ], [ 97.659225265351239, 53.298885425454671, 0.0 ], [ 97.699973542326362, 53.298337184764875, 0.0 ], [ 97.736998319548988, 53.294449529765437, 0.0 ], [ 97.787305373185802, 53.29369380745505, 0.0 ], [ 97.963966579084911, 53.285904893422504, 0.0 ], [ 98.0345888912954, 53.287084490469148, 0.0 ], [ 98.167812245575632, 53.302902332956322, 0.0 ], [ 98.196896997544897, 53.308631335875226, 0.0 ], [ 98.293663505709588, 53.318554191168317, 0.0 ], [ 98.326259428111939, 53.323326744835967, 0.0 ], [ 98.401034207272033, 53.327205509693194, 0.0 ], [ 98.522248277092316, 53.327470726316612, 0.0 ], [ 98.633208725016758, 53.318119027553315, 0.0 ], [ 98.6523142209696, 53.317315526378188, 0.0 ], [ 98.683497522440774, 53.319175064311963, 0.0 ], [ 98.703550823106553, 53.316746666462429, 0.0 ], [ 98.793059066570436, 53.313028251417421, 0.0 ], [ 98.824390035170865, 53.309646697960694, 0.0 ], [ 98.967133692504063, 53.303965502290993, 0.0 ], [ 99.042012321586938, 53.297306017380123, 0.0 ], [ 99.192427577854815, 53.292670602892755, 0.0 ], [ 99.258946399914876, 53.294750281329364, 0.0 ], [ 99.352285038760925, 53.29077951351875, 0.0 ], [ 99.436523000068917, 53.280119328608023, 0.0 ], [ 99.489408089050443, 53.276347092259307, 0.0 ], [ 99.548357031631213, 53.277040865038757, 0.0 ], [ 99.62773262936642, 53.268121311218685, 0.0 ], [ 99.684989271551672, 53.265836076389952, 0.0 ], [ 99.86518703766609, 53.243241696131307, 0.0 ], [ 99.923657005241978, 53.239116699392696, 0.0 ], [ 99.995718425100122, 53.228962834558452, 0.0 ], [ 100.048239812631607, 53.21680225488717, 0.0 ], [ 100.164214440825134, 53.182023055640066, 0.0 ] ] } },
{ "type": "Feature", "properties": { "average_dip": "(60,40,70)", "average_rake": null, "catalog_id": "NEA_159", "catalog_name": "GEM_NE_Asia", "dip_dir": "S", "lower_seis_depth": null, "name": null, "net_slip_rate": null, "slip_type": "Normal", "upper_seis_depth": null, "downthrown_side_id": null, "reference": "DEM", "epistemic_quality": "1", "accuracy": "150000", "activity_confidence": "1", "fs_name": null, "last_movement": null, "downthrown_side_dir": "S", "vert_sep_rate": null, "strike_slip_rate": null, "exposure_quality": "1", "shortening_rate": null, "notes": "Could have a sinistral component", "index_right": 47, "NAME_EN": "Russia" }, "geometry": { "type": "LineString", "coordinates": [ [ 100.368052032320207, 51.709155493271396, 0.0 ], [ 100.390420226834138, 51.711993053847991, 0.0 ], [ 100.4018072187245, 51.709509497974629, 0.0 ], [ 100.461623794616216, 51.707901437684633, 0.0 ], [ 100.473144896607778, 51.709670650017081, 0.0 ], [ 100.490143047393261, 51.709553004965088, 0.0 ], [ 100.523517052060427, 51.706184439260809, 0.0 ], [ 100.556572010407464, 51.708382740032548, 0.0 ], [ 100.565966536259666, 51.706892428607759, 0.0 ], [ 100.572377561612811, 51.70255511893032, 0.0 ], [ 100.60677536000631, 51.697641370560326, 0.0 ], [ 100.620165088324441, 51.69728305454867, 0.0 ], [ 100.634669893327995, 51.693354860963545, 0.0 ], [ 100.654887568207556, 51.695496072490037, 0.0 ], [ 100.735970355093698, 51.691969479759294, 0.0 ], [ 100.751398678756217, 51.693924540279774, 0.0 ], [ 100.833222499009665, 51.689011529421187, 0.0 ] ] } },
{ "type": "Feature", "properties": { "average_dip": "(70,40,80)", "average_rake": null, "catalog_id": "NEA_160", "catalog_name": "GEM_NE_Asia", "dip_dir": "N", "lower_seis_depth": null, "name": "Mondy Fault", "net_slip_rate": null, "slip_type": "Sinistral-Normal", "upper_seis_depth": null, "downthrown_side_id": null, "reference": "DEM; Lunina Faults", "epistemic_quality": "1", "accuracy": "35000", "activity_confidence": "1", "fs_name": null, "last_movement": null, "downthrown_side_dir": "N", "vert_sep_rate": null, "strike_slip_rate": null, "exposure_quality": "1", "shortening_rate": null, "notes": null, "index_right": 47, "NAME_EN": "Russia" }, "geometry": { "type": "LineString", "coordinates": [ [ 100.847698606337531, 51.689048830897555, 0.0 ], [ 100.87168667327893, 51.691462757442814, 0.0 ], [ 100.952758982117984, 51.687901428907075, 0.0 ], [ 101.032727082507591, 51.69046151624169, 0.0 ], [ 101.141751821789512, 51.686029315732895, 0.0 ], [ 101.187152509212069, 51.677324854365885, 0.0 ], [ 101.197948420067405, 51.679067122183483, 0.0 ], [ 101.224883895314377, 51.674609161972867, 0.0 ], [ 101.254252183931655, 51.674395604103324, 0.0 ], [ 101.310236460949639, 51.665818769072011, 0.0 ] ] } },
{ "type": "Feature", "properties": { "average_dip": "(50,45,60)", "average_rake": null, "catalog_id": "NEA_161", "catalog_name": "GEM_NE_Asia", "dip_dir": "S", "lower_seis_depth": null, "name": "Tunka Fault", "net_slip_rate": null, "slip_type": "Normal", "upper_seis_depth": null, "downthrown_side_id": null, "reference": "DEM; Lunina Faults", "epistemic_quality": "1", "accuracy": "35000", "activity_confidence": "1", "fs_name": null, "last_movement": null, "downthrown_side_dir": "S", "vert_sep_rate": null, "strike_slip_rate": null, "exposure_quality": "1", "shortening_rate": null, "notes": "gorgeous", "index_right": 47, "NAME_EN": "Russia" }, "geometry": { "type": "LineString", "coordinates": [ [ 101.396751514234012, 51.767775366492778, 0.0 ], [ 101.424893095202549, 51.763132672459164, 0.0 ], [ 101.451259838996521, 51.769789871750191, 0.0 ], [ 101.471586876023892, 51.766058191107653, 0.0 ], [ 101.49282903938925, 51.766176186132107, 0.0 ], [ 101.540520089803323, 51.772278503940683, 0.0 ], [ 101.558981833368719, 51.77771233634445, 0.0 ], [ 101.608350690043466, 51.804397071265328, 0.0 ], [ 101.617572754336805, 51.806368288612013, 0.0 ], [ 101.640776332453939, 51.806463401190456, 0.0 ], [ 101.653265140915522, 51.813006114078405, 0.0 ], [ 101.665179515835518, 51.814937666411687, 0.0 ], [ 101.734580184690657, 51.813435807723245, 0.0 ], [ 101.766348621368095, 51.80669260547387, 0.0 ], [ 101.795708774373864, 51.806924705378982, 0.0 ], [ 101.863329210547988, 51.797466392364832, 0.0 ], [ 101.870757310779098, 51.798211271866215, 0.0 ], [ 101.911733574402149, 51.811851188018778, 0.0 ], [ 101.934911352740556, 51.812826322540808, 0.0 ], [ 101.946481662194074, 51.816607012323267, 0.0 ], [ 102.01344239038545, 51.816943460848599, 0.0 ], [ 102.027186504257429, 51.821257081905401, 0.0 ], [ 102.066267782250179, 51.82353682914114, 0.0 ], [ 102.108398979023974, 51.828432892337489, 0.0 ], [ 102.153822907097947, 51.843260474767618, 0.0 ], [ 102.235390001015432, 51.862501272549217, 0.0 ], [ 102.25667636745105, 51.871316909341097, 0.0 ], [ 102.270527117586354, 51.880519446906028, 0.0 ], [ 102.304892592817325, 51.889476612372505, 0.0 ], [ 102.338910068664518, 51.905588436198414, 0.0 ], [ 102.366562786715392, 51.914607539042116, 0.0 ], [ 102.389492563059122, 51.917656427280306, 0.0 ], [ 102.413508114913128, 51.918787930137292, 0.0 ], [ 102.421464687987978, 51.920960656072474, 0.0 ], [ 102.429928697041106, 51.920322182544055, 0.0 ], [ 102.450377939222733, 51.922751773304512, 0.0 ], [ 102.48635654886418, 51.920351564631552, 0.0 ], [ 102.511419399887345, 51.916120498986437, 0.0 ], [ 102.552955292588521, 51.919062429135415, 0.0 ], [ 102.558631236090449, 51.920980538134792, 0.0 ], [ 102.575336790439479, 51.920255144928745, 0.0 ], [ 102.630079447690875, 51.909552521174952, 0.0 ], [ 102.654234728516258, 51.909521142613535, 0.0 ], [ 102.732850941154652, 51.892908004077483, 0.0 ], [ 102.811379795778691, 51.886185117797318, 0.0 ], [ 102.8600636249719, 51.876562979197026, 0.0 ], [ 102.915456296241729, 51.869789160656865, 0.0 ], [ 102.957599130300693, 51.858739637439562, 0.0 ], [ 102.998015199825971, 51.853254674710072, 0.0 ], [ 103.011898131143951, 51.849852063385775, 0.0 ], [ 103.043597584031772, 51.847271652840682, 0.0 ] ] } },
{ "type": "Feature", "properties": { "average_dip": "(90,,)", "average_rake": null, "catalog_id": "NEA_162", "catalog_name": "GEM_NE_Asia", "dip_dir": null, "lower_seis_depth": null, "name": "South Main Sayan Fault", "net_slip_rate": null, "slip_type": "Sinistral", "upper_seis_depth": null, "downthrown_side_id": null, "reference": "DEM", "epistemic_quality": "1", "accuracy": "100000", "activity_confidence": "1", "fs_name": null, "last_movement": null, "downthrown_side_dir": null, "vert_sep_rate": null, "strike_slip_rate": null, "exposure_quality": "2", "shortening_rate": null, "notes": "Looks more active to SE", "index_right": 47, "NAME_EN": "Russia" }, "geometry": { "type": "LineString", "coordinates": [ [ 103.711913692360127, 51.714333502337915, 0.0 ], [ 103.483316077549432, 51.775205909556682, 0.0 ], [ 103.40481438666518, 51.800527124313128, 0.0 ], [ 103.318096372312866, 51.824526945699091, 0.0 ], [ 103.267834377117481, 51.836637925123604, 0.0 ], [ 103.159332265082313, 51.858113677441771, 0.0 ], [ 103.14116824908939, 51.863823778203766, 0.0 ], [ 103.012390654702173, 51.892166044546585, 0.0 ], [ 102.992487744598762, 51.899439682785371, 0.0 ], [ 102.97466915953423, 51.900651234599572, 0.0 ], [ 102.9184488942456, 51.9159353975759, 0.0 ], [ 102.885768223622989, 51.932270625155496, 0.0 ], [ 102.830468666525789, 51.956181736428107, 0.0 ], [ 102.790235152580166, 51.968462600919935, 0.0 ], [ 102.706542886232967, 52.008372354208781, 0.0 ], [ 102.695086819747914, 52.018465479101266, 0.0 ], [ 102.664730373257214, 52.039242850823484, 0.0 ], [ 102.61557422514133, 52.061226003082545, 0.0 ], [ 102.575562641468309, 52.07379175730361, 0.0 ], [ 102.522607639045162, 52.082224200490138, 0.0 ], [ 102.484039502695722, 52.096721789660457, 0.0 ], [ 102.42981849855407, 52.11778779028478, 0.0 ], [ 102.398924888210885, 52.137963798581794, 0.0 ], [ 102.362709203750825, 52.154705142554981, 0.0 ], [ 102.258535832573031, 52.190177205820056, 0.0 ], [ 102.205080122442794, 52.213692631877564, 0.0 ], [ 102.142713700518016, 52.238564761675754, 0.0 ], [ 102.081719063708135, 52.258334545259501, 0.0 ], [ 102.048783798582548, 52.267034742697888, 0.0 ], [ 102.029581423458978, 52.27466681308892, 0.0 ], [ 101.974374624962948, 52.302238204454952, 0.0 ], [ 101.904159442896685, 52.32867152657218, 0.0 ], [ 101.850357713369732, 52.351671534914679, 0.0 ], [ 101.78285323528111, 52.376605306874332, 0.0 ], [ 101.740597133622799, 52.396035319615343, 0.0 ], [ 101.711029644174843, 52.413178687454192, 0.0 ], [ 101.638896717538444, 52.448055439727831, 0.0 ], [ 101.566010784413635, 52.478852625193547, 0.0 ], [ 101.546192640655136, 52.491149941478767, 0.0 ], [ 101.447837651217839, 52.531377655192017, 0.0 ], [ 101.359500917222036, 52.570332625365019, 0.0 ], [ 101.321904250657795, 52.593094469056496, 0.0 ], [ 101.289953122132744, 52.610047238716092, 0.0 ], [ 101.269513430859021, 52.618071817292446, 0.0 ], [ 101.253343270818917, 52.627566842820926, 0.0 ], [ 101.225277488261639, 52.650703085437122, 0.0 ], [ 101.185421920540875, 52.679704690886204, 0.0 ], [ 101.130685155589035, 52.713122357921669, 0.0 ], [ 101.11185611640002, 52.721140669072149, 0.0 ], [ 101.072065793553833, 52.74252300271111, 0.0 ], [ 101.05264603481892, 52.756096900884231, 0.0 ], [ 101.030457362411823, 52.764245436526991, 0.0 ], [ 100.983338191794743, 52.786000585104624, 0.0 ], [ 100.921877160064383, 52.810551766300463, 0.0 ], [ 100.879537053595826, 52.829481064931507, 0.0 ], [ 100.695109480930157, 52.929080553302327, 0.0 ], [ 100.670579845007481, 52.939284955487487, 0.0 ], [ 100.633034509747517, 52.967523421180829, 0.0 ], [ 100.583399686603002, 52.994562040369331, 0.0 ], [ 100.479312601397481, 53.05945076583194, 0.0 ], [ 100.418229422126871, 53.089803829728027, 0.0 ], [ 100.381215793997114, 53.101894679731821, 0.0 ], [ 100.327788399871196, 53.13320118773305, 0.0 ], [ 100.223552938249952, 53.159898195622986, 0.0 ], [ 100.18276706087218, 53.175016180023995, 0.0 ] ] } },
{ "type": "Feature", "properties": { "average_dip": "(90,,)", "average_rake": null, "catalog_id": "NEA_163", "catalog_name": "GEM_NE_Asia", "dip_dir": null, "lower_seis_depth": null, "name": "Oka-Jombolok Fault", "net_slip_rate": null, "slip_type": "Sinistral", "upper_seis_depth": null, "downthrown_side_id": null, "reference": "DEM", "epistemic_quality": "1", "accuracy": "60000", "activity_confidence": "1", "fs_name": null, "last_movement": null, "downthrown_side_dir": null, "vert_sep_rate": null, "strike_slip_rate": null, "exposure_quality": "2", "shortening_rate": null, "notes": "Western half has excellent rupture visible in SRTM, for km after km. When the fault gets into the mountains and is in a long glacial valley, this fades but the linearity of the valley makes it obvious where the fault is.", "index_right": 47, "NAME_EN": "Russia" }, "geometry": { "type": "LineString", "coordinates": [ [ 98.955673936338911, 52.601852570909472, 0.0 ], [ 99.01999277886253, 52.614316125709088, 0.0 ], [ 99.063839510090204, 52.628833001684782, 0.0 ], [ 99.082393896120095, 52.633199946098863, 0.0 ], [ 99.123620149901413, 52.636265229396912, 0.0 ], [ 99.167462080748123, 52.643504041183867, 0.0 ], [ 99.184631977709756, 52.647898547542482, 0.0 ], [ 99.207470579645715, 52.650843591153162, 0.0 ], [ 99.259724436528515, 52.662065945959398, 0.0 ], [ 99.290484752272917, 52.665291634088526, 0.0 ], [ 99.352038923316684, 52.684615944001145, 0.0 ], [ 99.387583630986995, 52.692362070056632, 0.0 ], [ 99.407066594989757, 52.69878916013883, 0.0 ], [ 99.563953210718694, 52.729725360645617, 0.0 ], [ 99.789848399894808, 52.783106375014476, 0.0 ], [ 99.93783813340012, 52.801895112298851, 0.0 ], [ 100.107799791475784, 52.828266386858132, 0.0 ], [ 100.311449616097931, 52.85168922761153, 0.0 ], [ 100.399256634863207, 52.842088344051042, 0.0 ], [ 100.416611507064005, 52.841426846345662, 0.0 ], [ 100.489378155896858, 52.828824978635417, 0.0 ], [ 100.568288461136689, 52.819673315080273, 0.0 ], [ 100.612194240268536, 52.812399433048256, 0.0 ], [ 100.770087335724796, 52.80200911387972, 0.0 ], [ 100.848904142788655, 52.786409864370199, 0.0 ], [ 100.909954264196898, 52.78195670036169, 0.0 ] ] } },
{ "type": "Feature", "properties": { "average_dip": "(90,,)", "average_rake": null, "catalog_id": "NEA_164", "catalog_name": "GEM_NE_Asia", "dip_dir": null, "lower_seis_depth": null, "name": "Yamaatinskiy Fault", "net_slip_rate": null, "slip_type": "Sinistral", "upper_seis_depth": null, "downthrown_side_id": null, "reference": "Arzhannikova et al., 2011; DEM", "epistemic_quality": "1", "accuracy": "150000", "activity_confidence": "2", "fs_name": null, "last_movement": null, "downthrown_side_dir": null, "vert_sep_rate": null, "strike_slip_rate": null, "exposure_quality": "2", "shortening_rate": null, "notes": null, "index_right": 47, "NAME_EN": "Russia" }, "geometry": { "type": "LineString", "coordinates": [ [ 98.855122219556108, 52.152366570539954, 0.0 ], [ 98.887890726719363, 52.140369603262457, 0.0 ], [ 98.933703603624963, 52.11820074085805, 0.0 ], [ 98.985432576651888, 52.099357546040451, 0.0 ], [ 99.012065831326481, 52.086393232135634, 0.0 ], [ 99.051971127909411, 52.074517041340506, 0.0 ], [ 99.125063552961961, 52.057582857904521, 0.0 ], [ 99.239775755410278, 52.044156238968903, 0.0 ], [ 99.405347533032767, 52.029958951230867, 0.0 ], [ 99.496248962598983, 52.012812651531753, 0.0 ], [ 99.528581040215201, 52.001776165409424, 0.0 ], [ 99.580509606409095, 51.988792881143617, 0.0 ], [ 99.70404905733902, 51.962654829184011, 0.0 ], [ 99.833322096618772, 51.938237061940512, 0.0 ], [ 99.858495113766779, 51.928661386484144, 0.0 ], [ 99.905881601871656, 51.916632312731686, 0.0 ], [ 99.947678289767268, 51.899417103121863, 0.0 ], [ 100.005945753572036, 51.885852193814515, 0.0 ], [ 100.078088849915446, 51.876937993155821, 0.0 ], [ 100.197654273437607, 51.85769996677584, 0.0 ], [ 100.231488977689537, 51.849021622955078, 0.0 ], [ 100.30536784082048, 51.840289851667414, 0.0 ], [ 100.37527805252212, 51.839820263944944, 0.0 ], [ 100.429996397505491, 51.836947797815526, 0.0 ] ] } },
{ "type": "Feature", "properties": { "average_dip": "(90,,)", "average_rake": null, "catalog_id": "NEA_165", "catalog_name": "GEM_NE_Asia", "dip_dir": null, "lower_seis_depth": null, "name": "NE Erzin-Agar-Dag Fault", "net_slip_rate": null, "slip_type": "Sinistral", "upper_seis_depth": null, "downthrown_side_id": null, "reference": "DEM", "epistemic_quality": "1", "accuracy": "60000", "activity_confidence": "1", "fs_name": null, "last_movement": null, "downthrown_side_dir": null, "vert_sep_rate": null, "strike_slip_rate": null, "exposure_quality": "2", "shortening_rate": null, "notes": null, "index_right": 47, "NAME_EN": "Russia" }, "geometry": { "type": "LineString", "coordinates": [ [ 94.901939097150418, 50.421919972742167, 0.0 ], [ 94.949565840242826, 50.444767492050403, 0.0 ], [ 94.966767927361303, 50.455997594515161, 0.0 ], [ 94.990001761914328, 50.466581162707037, 0.0 ], [ 95.027238866172681, 50.478599111063303, 0.0 ], [ 95.065024461993275, 50.480021199687663, 0.0 ], [ 95.157235771954092, 50.509880480176228, 0.0 ], [ 95.275821228994516, 50.539969966247789, 0.0 ], [ 95.338262083403023, 50.552334006256423, 0.0 ], [ 95.384516518000552, 50.565221354252643, 0.0 ], [ 95.401500503816209, 50.572877981484943, 0.0 ], [ 95.5120816691214, 50.602876306794258, 0.0 ], [ 95.543374025281807, 50.607424374443433, 0.0 ], [ 95.572626178057575, 50.609529185578452, 0.0 ], [ 95.59471347888217, 50.614038209526797, 0.0 ], [ 95.605440770564954, 50.620578733126358, 0.0 ], [ 95.62436612822053, 50.62502540788855, 0.0 ], [ 95.679335824982132, 50.642364820056173, 0.0 ], [ 95.744662595474068, 50.650667637350601, 0.0 ], [ 95.817430422171569, 50.656396512330993, 0.0 ], [ 95.918718303475146, 50.66723600582349, 0.0 ] ] } },
{ "type": "Feature", "properties": { "average_dip": "(50,40,65)", "average_rake": null, "catalog_id": "NEA_170", "catalog_name": "GEM_NE_Asia", "dip_dir": "N", "lower_seis_depth": null, "name": "South Baikal Fault", "net_slip_rate": null, "slip_type": "Normal", "upper_seis_depth": null, "downthrown_side_id": null, "reference": "DEM; Lunina Faults", "epistemic_quality": "1", "accuracy": "40000", "activity_confidence": "1", "fs_name": null, "last_movement": null, "downthrown_side_dir": "N", "vert_sep_rate": null, "strike_slip_rate": null, "exposure_quality": "2", "shortening_rate": null, "notes": "Fault in main Baikal rift hanging wall", "index_right": 47, "NAME_EN": "Russia" }, "geometry": { "type": "LineString", "coordinates": [ [ 103.685705321696418, 51.664171351808754, 0.0 ], [ 103.695111599690605, 51.662277083241719, 0.0 ], [ 103.716259058369815, 51.652668602838936, 0.0 ], [ 103.746793517489351, 51.64841002521473, 0.0 ], [ 103.765720080074402, 51.638096873913483, 0.0 ], [ 103.786704868204438, 51.630345166455847, 0.0 ], [ 103.793789283022065, 51.623477960366664, 0.0 ], [ 103.814608128264325, 51.613872022047211, 0.0 ], [ 103.853525528722386, 51.607190685804362, 0.0 ], [ 103.879597374194347, 51.609509924925781, 0.0 ], [ 103.886882544223496, 51.606622125186021, 0.0 ], [ 103.895574685439883, 51.606804629465429, 0.0 ], [ 103.915755540744684, 51.600663353143716, 0.0 ], [ 103.938708270750595, 51.598616610142102, 0.0 ], [ 103.957937021268307, 51.582392936626064, 0.0 ], [ 103.977730354555518, 51.574034024929269, 0.0 ], [ 104.012747156976744, 51.553326459283475, 0.0 ], [ 104.041450960421059, 51.54130186051259, 0.0 ], [ 104.042914436822159, 51.530553676549602, 0.0 ], [ 104.044792054998368, 51.52754610182722, 0.0 ], [ 104.053015910214924, 51.524585607560788, 0.0 ], [ 104.066173991427874, 51.523904022817412, 0.0 ], [ 104.077223100175317, 51.514754407241362, 0.0 ], [ 104.093028424199517, 51.516500263672619, 0.0 ], [ 104.104731527974693, 51.515166780066764, 0.0 ], [ 104.118689604742841, 51.507820643635803, 0.0 ], [ 104.136421307820967, 51.503385358520326, 0.0 ], [ 104.150330186322407, 51.504506366883177, 0.0 ], [ 104.192912128192958, 51.502406627018821, 0.0 ], [ 104.207996099156816, 51.493020396035597, 0.0 ], [ 104.210867883775379, 51.488919073578664, 0.0 ], [ 104.22222240114904, 51.48387562491407, 0.0 ], [ 104.233158102470327, 51.483326509707531, 0.0 ], [ 104.240958853682912, 51.48447673837002, 0.0 ], [ 104.246783905834576, 51.487993316801223, 0.0 ], [ 104.274838096025931, 51.491591666251416, 0.0 ], [ 104.29806732730728, 51.487134793278024, 0.0 ], [ 104.320683703267605, 51.47917827997103, 0.0 ], [ 104.34025534474884, 51.479429882865965, 0.0 ], [ 104.36742590096209, 51.471992502553029, 0.0 ], [ 104.386593804933014, 51.469099852077008, 0.0 ], [ 104.398102349744349, 51.459095594153311, 0.0 ], [ 104.418279595942792, 51.446725662797093, 0.0 ] ] } },
{ "type": "Feature", "properties": { "average_dip": "(50,40,65)", "average_rake": null, "catalog_id": "NEA_171", "catalog_name": "GEM_NE_Asia", "dip_dir": "NW", "lower_seis_depth": null, "name": "Chersky Fault", "net_slip_rate": null, "slip_type": "Normal", "upper_seis_depth": null, "downthrown_side_id": null, "reference": "DEM; Lunina Faults", "epistemic_quality": "1", "accuracy": "70000", "activity_confidence": "1", "fs_name": null, "last_movement": null, "downthrown_side_dir": "NW", "vert_sep_rate": null, "strike_slip_rate": null, "exposure_quality": "2", "shortening_rate": null, "notes": null, "index_right": 47, "NAME_EN": "Russia" }, "geometry": { "type": "LineString", "coordinates": [ [ 104.459841572303603, 51.38385026423957, 0.0 ], [ 104.479972162128647, 51.377335745460421, 0.0 ], [ 104.493038182496122, 51.379689944028705, 0.0 ], [ 104.510450930589499, 51.379692136230418, 0.0 ], [ 104.517687235958434, 51.377699071703105, 0.0 ], [ 104.541501948630611, 51.376879465890532, 0.0 ], [ 104.561121349874242, 51.380074408867323, 0.0 ], [ 104.577119830459026, 51.386314245019747, 0.0 ], [ 104.596351915938627, 51.388972688079953, 0.0 ], [ 104.631266982790123, 51.397698391461454, 0.0 ], [ 104.664005667679703, 51.395112381246555, 0.0 ], [ 104.673794977850392, 51.401500388501418, 0.0 ], [ 104.681186350309218, 51.408616114535207, 0.0 ], [ 104.689721047786179, 51.409689231694848, 0.0 ], [ 104.701525159954173, 51.415653383811026, 0.0 ], [ 104.72381241126368, 51.417799067909939, 0.0 ], [ 104.741053453417521, 51.416760459276873, 0.0 ], [ 104.769085106884674, 51.423427431981253, 0.0 ], [ 104.78145670260875, 51.422637841752724, 0.0 ], [ 104.802986245289048, 51.428737686694291, 0.0 ], [ 104.834642478197267, 51.440442534471231, 0.0 ], [ 104.845561163792169, 51.44226690275476, 0.0 ], [ 104.859072682462127, 51.442786072687881, 0.0 ], [ 104.866694988554968, 51.4404675137041, 0.0 ], [ 104.882808929874201, 51.438933728291516, 0.0 ], [ 104.896274854867926, 51.440011480789963, 0.0 ], [ 104.916052774116153, 51.445382716790164, 0.0 ], [ 104.937023759201267, 51.445913399289481, 0.0 ], [ 104.949520088424961, 51.452180551918566, 0.0 ], [ 104.961331143719775, 51.452347512205733, 0.0 ], [ 104.970232837105641, 51.462507563507927, 0.0 ], [ 104.992741409384877, 51.464036425645951, 0.0 ], [ 105.005873509174165, 51.468855017617152, 0.0 ], [ 105.014780374974478, 51.47658975444881, 0.0 ], [ 105.018841606891286, 51.483932635185255, 0.0 ], [ 105.039040743457704, 51.497734566270559, 0.0 ], [ 105.05602141069879, 51.504689300636969, 0.0 ], [ 105.060602215970022, 51.509197919026491, 0.0 ], [ 105.067280420645062, 51.51215511864249, 0.0 ], [ 105.100612195198806, 51.524984606977341, 0.0 ], [ 105.121653689816583, 51.528838130411664, 0.0 ], [ 105.148531519610117, 51.527226349440177, 0.0 ], [ 105.161013866117131, 51.530029636438442, 0.0 ], [ 105.172257894946029, 51.527892522199615, 0.0 ], [ 105.213769842508725, 51.533288690820712, 0.0 ], [ 105.228200579837804, 51.536872963341132, 0.0 ], [ 105.257378004478682, 51.551094903686369, 0.0 ], [ 105.270190031022665, 51.550882719219764, 0.0 ], [ 105.280315220548744, 51.555342918644087, 0.0 ], [ 105.296629855363733, 51.557009172011824, 0.0 ], [ 105.305470372212739, 51.556346090359192, 0.0 ], [ 105.324914282726198, 51.550226584682335, 0.0 ], [ 105.370526468171789, 51.549584837481504, 0.0 ], [ 105.378494440458454, 51.549821502633812, 0.0 ], [ 105.417782856233032, 51.558122495263561, 0.0 ], [ 105.423222278454276, 51.559946357349389, 0.0 ], [ 105.429921719030418, 51.571272964028751, 0.0 ], [ 105.440984172997901, 51.575837569994881, 0.0 ], [ 105.447223948051203, 51.576388279710343, 0.0 ], [ 105.452936166109168, 51.579588171818422, 0.0 ], [ 105.463411024097013, 51.580375044654822, 0.0 ], [ 105.475512979188665, 51.584112409444259, 0.0 ], [ 105.511580710538226, 51.587229013372763, 0.0 ], [ 105.523967870103689, 51.595413932066059, 0.0 ], [ 105.527132617058484, 51.602347406612914, 0.0 ], [ 105.549965320458355, 51.613364199206345, 0.0 ], [ 105.565863590693979, 51.6150322314313, 0.0 ], [ 105.578195891363492, 51.621352998164411, 0.0 ], [ 105.589579259170264, 51.624390894583136, 0.0 ], [ 105.609377178850281, 51.622305587092221, 0.0 ], [ 105.633354848401922, 51.637415255229314, 0.0 ], [ 105.644405689725076, 51.647743814031422, 0.0 ], [ 105.686038613331533, 51.655140576181957, 0.0 ], [ 105.69643951290729, 51.651722814934395, 0.0 ], [ 105.710676143949328, 51.655461573835389, 0.0 ], [ 105.763588879899217, 51.674073796182121, 0.0 ], [ 105.795332196616229, 51.681280799177877, 0.0 ], [ 105.8019805530393, 51.684487357648344, 0.0 ], [ 105.813033141769381, 51.693126291500612, 0.0 ], [ 105.868323902693135, 51.693619557796588, 0.0 ], [ 105.889555982349577, 51.696229556303471, 0.0 ], [ 105.902266610401583, 51.699697838709675, 0.0 ], [ 105.916114981033914, 51.710158873827268, 0.0 ], [ 105.923213943815227, 51.71257874847867, 0.0 ], [ 105.928297124532108, 51.718327349686156, 0.0 ], [ 105.941355418076981, 51.723442572319364, 0.0 ], [ 105.955095081837754, 51.739128121533881, 0.0 ], [ 105.981229474658335, 51.749351440070505, 0.0 ], [ 106.002337859207898, 51.76425886173611, 0.0 ], [ 106.019142432173737, 51.768509190887045, 0.0 ], [ 106.038209337552487, 51.767729804642293, 0.0 ], [ 106.05356834926431, 51.770787011364234, 0.0 ], [ 106.066376517514371, 51.778894207853014, 0.0 ], [ 106.081242592216057, 51.779564721661039, 0.0 ], [ 106.12223458940241, 51.797330982885384, 0.0 ], [ 106.123798992412659, 51.803356648470441, 0.0 ], [ 106.144268753151948, 51.814194907934585, 0.0 ], [ 106.160585882218669, 51.816697918917605, 0.0 ], [ 106.183840725409567, 51.829263026993274, 0.0 ], [ 106.202309062767895, 51.835502021023984, 0.0 ], [ 106.22216185944967, 51.844702151331269, 0.0 ], [ 106.228879689174349, 51.855806991163021, 0.0 ], [ 106.243089737283, 51.866022192566938, 0.0 ], [ 106.247123047982171, 51.87650545260361, 0.0 ] ] } },
{ "type": "Feature", "properties": { "average_dip": "(50,40,60)", "average_rake": null, "catalog_id": "NEA_172", "catalog_name": "GEM_NE_Asia", "dip_dir": "S", "lower_seis_depth": null, "name": "Obruchev Fault", "net_slip_rate": null, "slip_type": "Normal", "upper_seis_depth": null, "downthrown_side_id": null, "reference": "Lunina Faults; Google Earth bathymetry", "epistemic_quality": "1", "accuracy": "100000", "activity_confidence": "1", "fs_name": null, "last_movement": null, "downthrown_side_dir": "S", "vert_sep_rate": null, "strike_slip_rate": null, "exposure_quality": "3", "shortening_rate": null, "notes": "Trace mapped underwater in coarse bathymetry.", "index_right": 47, "NAME_EN": "Russia" }, "geometry": { "type": "LineString", "coordinates": [ [ 103.778441282551299, 51.710112997567578, 0.0 ], [ 103.832783053404299, 51.709782730635133, 0.0 ], [ 103.944122955513095, 51.722482665803497, 0.0 ], [ 104.029192513823702, 51.729068656829313, 0.0 ], [ 104.157442844855396, 51.747045266635652, 0.0 ], [ 104.185481789846804, 51.753665783402347, 0.0 ], [ 104.222044522613501, 51.756855467067162, 0.0 ], [ 104.248223549148904, 51.762863547129903, 0.0 ], [ 104.307378707106295, 51.76328354568458, 0.0 ], [ 104.3393514578446, 51.760592494783019, 0.0 ], [ 104.383383787421593, 51.766685408866252, 0.0 ], [ 104.486611758362997, 51.772509836790718, 0.0 ], [ 104.543912634436694, 51.773381512966253, 0.0 ], [ 104.609745601268401, 51.769611447281868, 0.0 ], [ 104.633209334698904, 51.77319683974217, 0.0 ], [ 104.690282717948904, 51.804813236080619, 0.0 ], [ 104.727794391449393, 51.822973195339692, 0.0 ], [ 104.764512859919506, 51.827164502172863, 0.0 ], [ 104.820157444418399, 51.825000137012118, 0.0 ], [ 104.868331533523005, 51.813482014011953, 0.0 ], [ 104.904328324704807, 51.814621318345658, 0.0 ], [ 104.942050506212297, 51.827412524638397, 0.0 ], [ 104.984390322722106, 51.839493279040667, 0.0 ], [ 105.031341279253795, 51.860762141398659, 0.0 ], [ 105.071482161866996, 51.866452735383497, 0.0 ], [ 105.123124163205503, 51.866474436938283, 0.0 ], [ 105.174802173018705, 51.869305321054057, 0.0 ], [ 105.234750832727798, 51.859705224987181, 0.0 ], [ 105.371908826507294, 51.873398357485257, 0.0 ], [ 105.418998676471901, 51.886033902897474, 0.0 ], [ 105.518454929692894, 51.917667807055153, 0.0 ], [ 105.642526413744605, 51.966433918589921, 0.0 ], [ 105.716353284777, 51.975611086624298, 0.0 ], [ 105.790643002490597, 52.007715991153198, 0.0 ], [ 105.824061478764904, 52.004644997025402, 0.0 ], [ 105.877586204130694, 52.024635622907731, 0.0 ], [ 105.9257327043359, 52.054564081512247, 0.0 ] ] } },
{ "type": "Feature", "properties": { "average_dip": "(50,40,60)", "average_rake": null, "catalog_id": "NEA_173", "catalog_name": "GEM_NE_Asia", "dip_dir": "E", "lower_seis_depth": null, "name": "Primorsky Fault", "net_slip_rate": null, "slip_type": "Normal", "upper_seis_depth": null, "downthrown_side_id": null, "reference": "Google Earth; Lunina Faults", "epistemic_quality": "1", "accuracy": "100000", "activity_confidence": "1", "fs_name": null, "last_movement": null, "downthrown_side_dir": "E", "vert_sep_rate": null, "strike_slip_rate": null, "exposure_quality": "3", "shortening_rate": null, "notes": "Major Baikal structure", "index_right": 47, "NAME_EN": "Russia" }, "geometry": { "type": "LineString", "coordinates": [ [ 105.218756092150201, 51.883336473167617, 0.0 ], [ 105.278105180875997, 51.900747030253797, 0.0 ], [ 105.339867364061305, 51.936251596622483, 0.0 ], [ 105.373643269230996, 51.961830000892057, 0.0 ], [ 105.433113027836797, 51.990474519885382, 0.0 ], [ 105.480433758726605, 52.006496087705152, 0.0 ], [ 105.503847274035294, 52.022638508660002, 0.0 ], [ 105.535345760111099, 52.050256822484407, 0.0 ], [ 105.5774818973089, 52.08003173478221, 0.0 ], [ 105.6033201862884, 52.106174982745593, 0.0 ], [ 105.643859251716407, 52.134404074910812, 0.0 ], [ 105.745836474727398, 52.21769278072906, 0.0 ], [ 105.794299725580103, 52.254257573416567, 0.0 ], [ 105.813976508976594, 52.298734327971758, 0.0 ], [ 105.853715081652794, 52.330440524198693, 0.0 ], [ 105.880097544531097, 52.373814003032123, 0.0 ], [ 105.916572231494996, 52.403591380965757, 0.0 ], [ 106.029992362978703, 52.508439178876898, 0.0 ], [ 106.033555995302393, 52.524115184123382, 0.0 ], [ 106.046080387761606, 52.535357021048071, 0.0 ], [ 106.068761234295707, 52.551651099667673, 0.0 ], [ 106.088014798085297, 52.575869151058349, 0.0 ], [ 106.107578583643999, 52.593179537555287, 0.0 ], [ 106.132962849567306, 52.609327283802749, 0.0 ], [ 106.143259491292298, 52.618135783570423, 0.0 ], [ 106.260260111877301, 52.725352721826113, 0.0 ], [ 106.304959478559695, 52.760839505750923, 0.0 ], [ 106.363698024630693, 52.802654597265843, 0.0 ], [ 106.395098836584296, 52.827309898419678, 0.0 ], [ 106.4710286449466, 52.878814915165698, 0.0 ], [ 106.587005655619706, 52.961227994719351, 0.0 ], [ 106.648880467307293, 52.997241087553149, 0.0 ], [ 106.776681200168596, 53.085744767020223, 0.0 ], [ 106.877407895024007, 53.151756316618822, 0.0 ], [ 106.935085349053693, 53.183320608517747, 0.0 ], [ 106.995315627615, 53.218872630579312, 0.0 ], [ 107.095827468103494, 53.272725481640123, 0.0 ], [ 107.172334857497603, 53.310091462309828, 0.0 ], [ 107.227110048965798, 53.32420411728328, 0.0 ], [ 107.398709798109294, 53.387269014580468, 0.0 ], [ 107.478275461833505, 53.420109779487753, 0.0 ], [ 107.553575052211897, 53.454303051193193, 0.0 ], [ 107.614795025088995, 53.477843376603353, 0.0 ], [ 107.692464173596605, 53.503429688627961, 0.0 ], [ 107.783000986307997, 53.539178612532481, 0.0 ], [ 107.860090628367601, 53.567254817776039, 0.0 ] ] } },
{ "type": "Feature", "properties": { "average_dip": "(50,40,60)", "average_rake": null, "catalog_id": "NEA_174", "catalog_name": "GEM_NE_Asia", "dip_dir": "E", "lower_seis_depth": null, "name": "Morsky Faults", "net_slip_rate": null, "slip_type": "Normal", "upper_seis_depth": null, "downthrown_side_id": null, "reference": "Lunina Faults; DEM", "epistemic_quality": "1", "accuracy": "100000", "activity_confidence": "1", "fs_name": null, "last_movement": null, "downthrown_side_dir": "E", "vert_sep_rate": null, "strike_slip_rate": null, "exposure_quality": "3", "shortening_rate": null, "notes": null, "index_right": 47, "NAME_EN": "Russia" }, "geometry": { "type": "LineString", "coordinates": [ [ 106.094632673349693, 52.529866929796732, 0.0 ], [ 106.138196832966997, 52.546146949265029, 0.0 ], [ 106.195985944659199, 52.552134682380952, 0.0 ], [ 106.226845678335494, 52.558500062063899, 0.0 ], [ 106.252896350904294, 52.573043451101171, 0.0 ], [ 106.295125144026102, 52.587234611414573, 0.0 ], [ 106.361178676633997, 52.602075600151721, 0.0 ], [ 106.420353181349697, 52.613423390471517, 0.0 ], [ 106.501448467203204, 52.656682097992203, 0.0 ], [ 106.541179870404306, 52.696880766726771, 0.0 ], [ 106.578987208470494, 52.730174663897969, 0.0 ], [ 106.624071000808001, 52.757683309704028, 0.0 ], [ 106.644028480481296, 52.780108088503233, 0.0 ], [ 106.698905416221294, 52.800100546356632, 0.0 ], [ 106.754397441002595, 52.810160609886523, 0.0 ], [ 106.794486677587102, 52.856115160875952, 0.0 ], [ 106.796400631914906, 52.878894121151838, 0.0 ], [ 106.809851727723, 52.903622898532333, 0.0 ], [ 106.8915298581352, 52.937631014081603, 0.0 ], [ 106.9654884349995, 52.972939566669147, 0.0 ], [ 107.061328535720705, 52.995514815278717, 0.0 ], [ 107.192376914732804, 53.021401527732742, 0.0 ], [ 107.267885338083204, 53.031253123505053, 0.0 ], [ 107.383995241121895, 53.040486995092053, 0.0 ], [ 107.417335161208698, 53.050221447641142, 0.0 ], [ 107.469902162505605, 53.08120134311087, 0.0 ], [ 107.517554911538895, 53.098485840167179, 0.0 ], [ 107.562126467621098, 53.134510970057768, 0.0 ], [ 107.591666521907598, 53.148555650916869, 0.0 ], [ 107.662801360164806, 53.191909963837517, 0.0 ], [ 107.746823403046704, 53.204797152083252, 0.0 ], [ 107.769003484331407, 53.228365186786959, 0.0 ], [ 107.827464661232298, 53.283650520862388, 0.0 ], [ 107.900033085240295, 53.325511933127828, 0.0 ], [ 107.974891807659205, 53.365021228227128, 0.0 ], [ 108.049570744217704, 53.410409256944362, 0.0 ], [ 108.168525618738599, 53.432397861669763, 0.0 ], [ 108.264741662749401, 53.473976011520953, 0.0 ], [ 108.397909053305895, 53.550346129580433, 0.0 ], [ 108.455742865658493, 53.627707369011219, 0.0 ], [ 108.514256828062599, 53.734080450208857, 0.0 ], [ 108.568283687202495, 53.777770432519368, 0.0 ], [ 108.616838310305297, 53.806640923919012, 0.0 ], [ 108.761100810071, 53.839585659102809, 0.0 ], [ 108.789678733143802, 53.863859192797442, 0.0 ] ] } },
{ "type": "Feature", "properties": { "average_dip": "(50,40,60)", "average_rake": null, "catalog_id": "NEA_175", "catalog_name": "GEM_NE_Asia", "dip_dir": "E", "lower_seis_depth": null, "name": "Kocherikovsky Fault", "net_slip_rate": null, "slip_type": "Normal", "upper_seis_depth": null, "downthrown_side_id": null, "reference": "Lunina Faults; Google Earth Bathymetry", "epistemic_quality": "1", "accuracy": "100000", "activity_confidence": "1", "fs_name": null, "last_movement": null, "downthrown_side_dir": "E", "vert_sep_rate": null, "strike_slip_rate": null, "exposure_quality": "3", "shortening_rate": null, "notes": null, "index_right": 47, "NAME_EN": "Russia" }, "geometry": { "type": "LineString", "coordinates": [ [ 107.571745293146407, 53.532157547003401, 0.0 ], [ 107.673158774809707, 53.616194906172367, 0.0 ], [ 107.755237266736302, 53.657518416144839, 0.0 ], [ 107.821221239254399, 53.703651785033948, 0.0 ], [ 107.957321620938103, 53.767896675808977, 0.0 ], [ 108.005467792590295, 53.802756676970112, 0.0 ], [ 108.075865847834905, 53.817482873085567, 0.0 ], [ 108.112012035222307, 53.834568186295492, 0.0 ], [ 108.173526482520202, 53.877140738040822, 0.0 ], [ 108.217677615739404, 53.910530418751591, 0.0 ], [ 108.238664181005305, 53.93458422763878, 0.0 ], [ 108.231426724632598, 53.954537165096063, 0.0 ], [ 108.253450802967805, 53.980658887403443, 0.0 ], [ 108.301610599267903, 54.010174030686038, 0.0 ], [ 108.306084154357904, 54.011636624346288, 0.0 ], [ 108.337194190990303, 54.040713571477838, 0.0 ], [ 108.358918853286099, 54.073606969212747, 0.0 ], [ 108.390939225289699, 54.108141531370698, 0.0 ], [ 108.4585510954917, 54.145626296402369, 0.0 ], [ 108.499279104547199, 54.174345958831573, 0.0 ], [ 108.541496251614404, 54.217326268864539, 0.0 ], [ 108.536253024345498, 54.244966019863817, 0.0 ], [ 108.573710569543593, 54.293356247732213, 0.0 ] ] } },
{ "type": "Feature", "properties": { "average_dip": "(50,40,60)", "average_rake": null, "catalog_id": "NEA_176", "catalog_name": "GEM_NE_Asia", "dip_dir": "E", "lower_seis_depth": null, "name": null, "net_slip_rate": null, "slip_type": "Normal", "upper_seis_depth": null, "downthrown_side_id": null, "reference": "Lunina Faults; Google Earth Bathymetry", "epistemic_quality": "1", "accuracy": "100000", "activity_confidence": "1", "fs_name": null, "last_movement": null, "downthrown_side_dir": "E", "vert_sep_rate": null, "strike_slip_rate": null, "exposure_quality": "3", "shortening_rate": null, "notes": null, "index_right": 47, "NAME_EN": "Russia" }, "geometry": { "type": "LineString", "coordinates": [ [ 108.396991687635307, 54.181163358780388, 0.0 ], [ 108.4350730998285, 54.214001758217407, 0.0 ], [ 108.439214541999505, 54.238176553980182, 0.0 ], [ 108.488562856500096, 54.266537145146643, 0.0 ], [ 108.519277639007797, 54.301548119119353, 0.0 ], [ 108.539268013880204, 54.367367026885567, 0.0 ], [ 108.558711943029707, 54.400210771551492, 0.0 ], [ 108.570788048145999, 54.441869001163923, 0.0 ], [ 108.631887936888702, 54.476634752555938, 0.0 ], [ 108.6663848223766, 54.50056235247591, 0.0 ], [ 108.693443440841904, 54.528920532966303, 0.0 ], [ 108.743441354139705, 54.565879944940107, 0.0 ], [ 108.797619504126004, 54.615949880049428, 0.0 ], [ 108.821254236353695, 54.653079422362737, 0.0 ], [ 108.833592821341298, 54.692487693034771, 0.0 ], [ 108.860992275521099, 54.72518508337523, 0.0 ], [ 108.891844612999805, 54.742483563666717, 0.0 ], [ 108.916044952081705, 54.79495688202821, 0.0 ], [ 108.974486330585094, 54.842727950647429, 0.0 ], [ 109.0031221135945, 54.910530918136949, 0.0 ], [ 109.014461468314295, 54.949638367748449, 0.0 ], [ 109.049970007787906, 54.975546039869613, 0.0 ], [ 109.107354321651897, 54.997025199486579, 0.0 ], [ 109.161977802432204, 55.043728734458377, 0.0 ], [ 109.155786680129907, 55.078474925558993, 0.0 ], [ 109.173420140167707, 55.133349549384491, 0.0 ], [ 109.207532593758501, 55.204004847347512, 0.0 ], [ 109.217668946394198, 55.267408311134183, 0.0 ], [ 109.228322303618697, 55.314482690007473, 0.0 ], [ 109.251453183306495, 55.371633858097773, 0.0 ], [ 109.268478681397298, 55.392550917290599, 0.0 ], [ 109.359375659040595, 55.42982717275067, 0.0 ], [ 109.389651157206899, 55.469731118293183, 0.0 ], [ 109.4120592156752, 55.523168465320722, 0.0 ], [ 109.412210640726997, 55.52700431687046, 0.0 ] ] } },
{ "type": "Feature", "properties": { "average_dip": "(50,40,60)", "average_rake": null, "catalog_id": "NEA_177", "catalog_name": "GEM_NE_Asia", "dip_dir": "SE", "lower_seis_depth": null, "name": null, "net_slip_rate": null, "slip_type": "Normal", "upper_seis_depth": null, "downthrown_side_id": null, "reference": "Lunina Faults; DEM", "epistemic_quality": "1", "accuracy": "90000", "activity_confidence": "1", "fs_name": null, "last_movement": null, "downthrown_side_dir": "SE", "vert_sep_rate": null, "strike_slip_rate": null, "exposure_quality": "1", "shortening_rate": null, "notes": null, "index_right": 47, "NAME_EN": "Russia" }, "geometry": { "type": "LineString", "coordinates": [ [ 109.306479396067857, 55.642022870903546, 0.0 ], [ 109.359062266895265, 55.650543386812664, 0.0 ], [ 109.375550984681254, 55.658941134642532, 0.0 ], [ 109.383280594516236, 55.661068598587605, 0.0 ], [ 109.384836676604323, 55.664243243501112, 0.0 ], [ 109.407237112063598, 55.669323592061545, 0.0 ], [ 109.423600904313162, 55.675895215267545, 0.0 ], [ 109.425521022150789, 55.678920094876851, 0.0 ], [ 109.42580662231606, 55.683934672481982, 0.0 ], [ 109.43773610004385, 55.689897700823082, 0.0 ], [ 109.453092859198023, 55.70320875168813, 0.0 ], [ 109.460672728441608, 55.706149220180642, 0.0 ], [ 109.46193761513949, 55.70900712735137, 0.0 ], [ 109.470912965558597, 55.717255937059285, 0.0 ], [ 109.481042969629797, 55.722586307127656, 0.0 ], [ 109.484376333421125, 55.727250607529939, 0.0 ], [ 109.483632341361854, 55.729498884554943, 0.0 ], [ 109.488530449909291, 55.734299346489351, 0.0 ], [ 109.496847821579934, 55.738313180755902, 0.0 ], [ 109.504763545242582, 55.746375114253084, 0.0 ], [ 109.538546205760127, 55.762031731090325, 0.0 ], [ 109.549203631613537, 55.769713096037101, 0.0 ], [ 109.557994552831019, 55.773907479359117, 0.0 ], [ 109.572841620681672, 55.79470177123082, 0.0 ], [ 109.578646903634365, 55.799755467565397, 0.0 ], [ 109.591458832583314, 55.807111605667686, 0.0 ], [ 109.602597397301381, 55.818981137507627, 0.0 ], [ 109.616994642998819, 55.829504108005253, 0.0 ], [ 109.62929705867289, 55.841144515264617, 0.0 ], [ 109.658730812590008, 55.86017512172819, 0.0 ], [ 109.692478231191913, 55.869275793600394, 0.0 ], [ 109.701443249686108, 55.874591210688912, 0.0 ], [ 109.725569037038099, 55.877517306261275, 0.0 ], [ 109.732736060999812, 55.880944139443798, 0.0 ], [ 109.74577144984238, 55.883570707557617, 0.0 ], [ 109.748671550207249, 55.88901556441143, 0.0 ], [ 109.775400049213758, 55.899011979659015, 0.0 ], [ 109.791779988502128, 55.904516249174087, 0.0 ], [ 109.820177657124518, 55.909303049841398, 0.0 ], [ 109.846191144978931, 55.91821301485993, 0.0 ], [ 109.859763449891361, 55.925131114363182, 0.0 ], [ 109.873245132570418, 55.928792525459215, 0.0 ], [ 109.913674048143676, 55.934445466554266, 0.0 ], [ 110.014053757549789, 55.960975758060286, 0.0 ], [ 110.039946869461602, 55.978345804609162, 0.0 ], [ 110.079826563661683, 55.99592778229588, 0.0 ], [ 110.083039543412468, 56.001565536800506, 0.0 ], [ 110.094162537916887, 56.008937722720368, 0.0 ], [ 110.13845418052064, 56.028015329124955, 0.0 ], [ 110.154913148200308, 56.039892234919414, 0.0 ], [ 110.166199668001539, 56.044494358078481, 0.0 ], [ 110.18101321813765, 56.056303623300238, 0.0 ], [ 110.201007450021265, 56.065074176792905, 0.0 ], [ 110.22450020479755, 56.082197424363336, 0.0 ], [ 110.230487678985142, 56.089386864862824, 0.0 ], [ 110.264297992260722, 56.104097659908568, 0.0 ], [ 110.311975970162081, 56.112140177335547, 0.0 ], [ 110.33237213098225, 56.110546712939943, 0.0 ], [ 110.393532038923894, 56.118353462631845, 0.0 ], [ 110.433841913973467, 56.130084004102343, 0.0 ], [ 110.478324361395849, 56.140694204390158, 0.0 ], [ 110.518996015875899, 56.149618791718858, 0.0 ], [ 110.56827809579309, 56.15719646210281, 0.0 ], [ 110.588767349776262, 56.174580119121615, 0.0 ], [ 110.610744805798035, 56.176456764483689, 0.0 ], [ 110.641014272307871, 56.182292544520259, 0.0 ], [ 110.671322586186122, 56.19568104231714, 0.0 ], [ 110.703079292723885, 56.205936407476159, 0.0 ], [ 110.719038324205513, 56.20818919980249, 0.0 ] ] } },
{ "type": "Feature", "properties": { "average_dip": "(50,40,60)", "average_rake": null, "catalog_id": "NEA_178", "catalog_name": "GEM_NE_Asia", "dip_dir": "NW", "lower_seis_depth": null, "name": null, "net_slip_rate": null, "slip_type": "Normal", "upper_seis_depth": null, "downthrown_side_id": null, "reference": "Lunina Faults; DEM", "epistemic_quality": "1", "accuracy": "50000", "activity_confidence": "1", "fs_name": null, "last_movement": null, "downthrown_side_dir": "NW", "vert_sep_rate": null, "strike_slip_rate": null, "exposure_quality": "1", "shortening_rate": null, "notes": "Bangin' facets", "index_right": 47, "NAME_EN": "Russia" }, "geometry": { "type": "LineString", "coordinates": [ [ 111.490004651714415, 55.770651989573011, 0.0 ], [ 111.499330054913727, 55.781135080590332, 0.0 ], [ 111.512352347427225, 55.799954830112647, 0.0 ], [ 111.521863118338857, 55.808575472576358, 0.0 ], [ 111.526959504332993, 55.818599189449465, 0.0 ], [ 111.536915279058732, 55.830850477798407, 0.0 ], [ 111.571082404168592, 55.846886444997502, 0.0 ], [ 111.577326780879488, 55.853101809793571, 0.0 ], [ 111.584379543264347, 55.856927958322515, 0.0 ], [ 111.603252217257321, 55.859455077651624, 0.0 ], [ 111.620825125815244, 55.867643779712893, 0.0 ], [ 111.619972840969012, 55.871072884298023, 0.0 ], [ 111.623099530763284, 55.87417923565858, 0.0 ], [ 111.637189139866919, 55.88056431977521, 0.0 ], [ 111.642814116298752, 55.881440094980015, 0.0 ], [ 111.650841862434461, 55.888031516675611, 0.0 ], [ 111.65767749211372, 55.890613616048356, 0.0 ], [ 111.657878648110994, 55.895881793436985, 0.0 ], [ 111.655536621761129, 55.898554928208874, 0.0 ], [ 111.658435430643806, 55.900995647194762, 0.0 ], [ 111.685266700285581, 55.906892628377413, 0.0 ], [ 111.702832898923802, 55.907943549989533, 0.0 ], [ 111.709205521502739, 55.909769762144421, 0.0 ], [ 111.711826596174419, 55.913160468111826, 0.0 ], [ 111.732060180927874, 55.917133916511631, 0.0 ], [ 111.741644560365344, 55.923434149949287, 0.0 ], [ 111.759506145307796, 55.921801212956524, 0.0 ], [ 111.78149464725584, 55.922583777928402, 0.0 ], [ 111.796559341747184, 55.935692018613416, 0.0 ], [ 111.807873300373672, 55.935815824656636, 0.0 ], [ 111.815340948751839, 55.942462460949741, 0.0 ], [ 111.826610128925424, 55.944775450819527, 0.0 ], [ 111.837637245733831, 55.949300054073511, 0.0 ], [ 111.846402432840364, 55.959596673058037, 0.0 ], [ 111.845367262645468, 55.963047333272918, 0.0 ], [ 111.864705978312756, 55.975098906866563, 0.0 ], [ 111.888779124835892, 55.992946171366334, 0.0 ], [ 111.915490661230209, 55.999972284696184, 0.0 ], [ 111.958045277723713, 55.999873811316817, 0.0 ], [ 111.968031635325303, 56.003414269086122, 0.0 ], [ 111.982717575666243, 56.003724449636053, 0.0 ], [ 112.012644909302551, 56.007614276321917, 0.0 ], [ 112.031950885213263, 56.007056022197922, 0.0 ], [ 112.046565379538194, 56.011739841843941, 0.0 ], [ 112.050241557921481, 56.01454738363902, 0.0 ], [ 112.053410452682058, 56.021093101131335, 0.0 ], [ 112.057719735612451, 56.023944261320338, 0.0 ], [ 112.105881330294309, 56.030481497865168, 0.0 ], [ 112.108221530628285, 56.034128911111608, 0.0 ], [ 112.116291949457647, 56.038279943955736, 0.0 ], [ 112.125106950269569, 56.039930635444286, 0.0 ], [ 112.148934312356474, 56.041034301209486, 0.0 ], [ 112.180285248887259, 56.045884373501053, 0.0 ], [ 112.196219206150602, 56.056964587325105, 0.0 ], [ 112.222220841303383, 56.06402450339187, 0.0 ], [ 112.22993187455225, 56.072238268788055, 0.0 ], [ 112.246376229227977, 56.078999186084623, 0.0 ], [ 112.255524530993242, 56.081525951712749, 0.0 ], [ 112.286140544066058, 56.083104428330387, 0.0 ], [ 112.302767144415043, 56.085812298968108, 0.0 ], [ 112.311822534606037, 56.091453430321486, 0.0 ], [ 112.322179110142997, 56.101778205741091, 0.0 ], [ 112.33056608119449, 56.107264491773684, 0.0 ], [ 112.385021871637747, 56.123247601376058, 0.0 ], [ 112.426412853781173, 56.131047427825834, 0.0 ], [ 112.452011505217143, 56.137890255823713, 0.0 ], [ 112.465508444997951, 56.14543030017807, 0.0 ], [ 112.484924626315873, 56.150562424340087, 0.0 ], [ 112.496148374685731, 56.155830115872675, 0.0 ], [ 112.528249808335318, 56.161223008525575, 0.0 ], [ 112.533036253297936, 56.164123447563874, 0.0 ], [ 112.548565700982934, 56.167625444625152, 0.0 ], [ 112.559349340078199, 56.168336800875736, 0.0 ], [ 112.576475126376891, 56.166127667159181, 0.0 ], [ 112.602808021927402, 56.17148278308364, 0.0 ], [ 112.62048449560524, 56.177952379502997, 0.0 ], [ 112.636692650360771, 56.181022561307472, 0.0 ], [ 112.656200311684074, 56.181866554114471, 0.0 ], [ 112.707983403679748, 56.202205479313818, 0.0 ], [ 112.722504508179071, 56.210643938591232, 0.0 ], [ 112.738196091142143, 56.21503129082312, 0.0 ], [ 112.759031093006286, 56.216054553654672, 0.0 ], [ 112.807000778899877, 56.233702692979627, 0.0 ], [ 112.815100271149774, 56.240928137536848, 0.0 ], [ 112.830767756025395, 56.247382360068592, 0.0 ], [ 112.835997620567028, 56.251374389450866, 0.0 ], [ 112.83813301233765, 56.255383365690165, 0.0 ], [ 112.861815041316603, 56.267687629863367, 0.0 ], [ 112.866560226349961, 56.273116843756689, 0.0 ], [ 112.877280523476557, 56.277384654690202, 0.0 ], [ 112.879357180055507, 56.280133782703338, 0.0 ], [ 112.901003244353205, 56.288643200132086, 0.0 ], [ 112.934630312070865, 56.307942535417929, 0.0 ], [ 112.947045669861353, 56.312812736956346, 0.0 ], [ 112.953222905746003, 56.317610732759789, 0.0 ], [ 112.973776025906119, 56.323708118719253, 0.0 ] ] } },
{ "type": "Feature", "properties": { "average_dip": "(50,40,60)", "average_rake": null, "catalog_id": "NEA_179", "catalog_name": "GEM_NE_Asia", "dip_dir": "NW", "lower_seis_depth": null, "name": null, "net_slip_rate": null, "slip_type": "Normal", "upper_seis_depth": null, "downthrown_side_id": null, "reference": "Lunina Faults; DEM", "epistemic_quality": "1", "accuracy": "50000", "activity_confidence": "1", "fs_name": null, "last_movement": null, "downthrown_side_dir": "NW", "vert_sep_rate": null, "strike_slip_rate": null, "exposure_quality": "1", "shortening_rate": null, "notes": null, "index_right": 47, "NAME_EN": "Russia" }, "geometry": { "type": "LineString", "coordinates": [ [ 113.098516273488499, 55.994565172119025, 0.0 ], [ 113.113639698082011, 55.996445368876465, 0.0 ], [ 113.13708748146864, 55.996403215892556, 0.0 ], [ 113.153477831239897, 56.001588384284858, 0.0 ], [ 113.189668147317676, 56.005776375116923, 0.0 ], [ 113.199514692292851, 56.01105207850371, 0.0 ], [ 113.217757372537434, 56.026390911204828, 0.0 ], [ 113.246562325991832, 56.032725813076759, 0.0 ], [ 113.258411790268255, 56.041563813044952, 0.0 ], [ 113.264132327693531, 56.051601940486108, 0.0 ], [ 113.285170888390667, 56.056445414318986, 0.0 ], [ 113.306110682285905, 56.069027371141637, 0.0 ], [ 113.317665780949895, 56.072244639487707, 0.0 ], [ 113.33350578705587, 56.080133780661832, 0.0 ], [ 113.349506114046989, 56.080965243047281, 0.0 ], [ 113.375129722139874, 56.089049917374631, 0.0 ], [ 113.405184646076478, 56.091516620387949, 0.0 ], [ 113.413589938362463, 56.093495096270743, 0.0 ], [ 113.434210730524129, 56.105640451440003, 0.0 ], [ 113.466211726323579, 56.104052391209208, 0.0 ], [ 113.4868102974973, 56.112387311260484, 0.0 ], [ 113.547380759128032, 56.113065201030551, 0.0 ], [ 113.553665263073981, 56.116450469244356, 0.0 ], [ 113.595294082023045, 56.125659773467412, 0.0 ], [ 113.611101716316696, 56.124874116949002, 0.0 ], [ 113.630227960928366, 56.126218134512882, 0.0 ], [ 113.6468023137313, 56.131567209704109, 0.0 ], [ 113.667682926065723, 56.133152895185155, 0.0 ], [ 113.676552675185363, 56.132060541222629, 0.0 ], [ 113.681781781748953, 56.133263130079811, 0.0 ], [ 113.686519201018413, 56.138450672947243, 0.0 ], [ 113.693344201268317, 56.141072240215927, 0.0 ], [ 113.710769320953773, 56.143309492160917, 0.0 ], [ 113.773757999092211, 56.157689128948874, 0.0 ], [ 113.783588185961406, 56.166284560774322, 0.0 ], [ 113.803305130484958, 56.169037039253503, 0.0 ], [ 113.845347138942003, 56.166014062750357, 0.0 ], [ 113.8660331142638, 56.170139547930873, 0.0 ], [ 113.89589126086122, 56.179586563371238, 0.0 ], [ 113.918331929379562, 56.179792520013088, 0.0 ], [ 113.944003694153807, 56.183402563344153, 0.0 ], [ 113.997033008001807, 56.204026956395978, 0.0 ], [ 114.008730212146972, 56.211974318579031, 0.0 ], [ 114.036277432708076, 56.22451726899525, 0.0 ], [ 114.059141695772752, 56.230310941943607, 0.0 ], [ 114.091909626557026, 56.232894112688548, 0.0 ], [ 114.103734645060925, 56.240069177904793, 0.0 ], [ 114.116950336090085, 56.244527808122093, 0.0 ], [ 114.135299455329132, 56.258040274834073, 0.0 ], [ 114.141672481135458, 56.260702414898915, 0.0 ], [ 114.151128406122524, 56.259973246103364, 0.0 ], [ 114.171635646616423, 56.25478911122989, 0.0 ], [ 114.176599687928586, 56.255260040712983, 0.0 ], [ 114.189920917746093, 56.25918037320848, 0.0 ], [ 114.192950964579424, 56.262031822118153, 0.0 ], [ 114.204809427583157, 56.263883513716479, 0.0 ], [ 114.209760606142268, 56.266607480191091, 0.0 ], [ 114.241854749555927, 56.274792147345785, 0.0 ], [ 114.270420317917214, 56.270018538599004, 0.0 ], [ 114.269930559221478, 56.273892753198389, 0.0 ], [ 114.290380951340012, 56.281233867409554, 0.0 ], [ 114.303531032519885, 56.282914997202099, 0.0 ], [ 114.310054217930215, 56.287169691894242, 0.0 ], [ 114.327002549480639, 56.288482206697914, 0.0 ], [ 114.333990661599657, 56.286785131736664, 0.0 ], [ 114.343940233446958, 56.288754549420716, 0.0 ], [ 114.357769739359881, 56.288034362811693, 0.0 ], [ 114.377623098181786, 56.282270125909903, 0.0 ] ] } },
{ "type": "Feature", "properties": { "average_dip": "(50,40,60)", "average_rake": null, "catalog_id": "NEA_180", "catalog_name": "GEM_NE_Asia", "dip_dir": "SE", "lower_seis_depth": null, "name": null, "net_slip_rate": null, "slip_type": "Normal", "upper_seis_depth": null, "downthrown_side_id": null, "reference": "Lunina Faults; DEM", "epistemic_quality": "1", "accuracy": "60000", "activity_confidence": "1", "fs_name": null, "last_movement": null, "downthrown_side_dir": "SE", "vert_sep_rate": null, "strike_slip_rate": null, "exposure_quality": "1", "shortening_rate": null, "notes": null, "index_right": 47, "NAME_EN": "Russia" }, "geometry": { "type": "LineString", "coordinates": [ [ 109.254191603079207, 53.506241113871894, 0.0 ], [ 109.269282161017699, 53.518505840469388, 0.0 ], [ 109.273919678141354, 53.526027091042884, 0.0 ], [ 109.282367398400538, 53.532589214540344, 0.0 ], [ 109.292416770167321, 53.53517254220214, 0.0 ], [ 109.301778751239922, 53.540138134831778, 0.0 ], [ 109.329820385982444, 53.55827595486717, 0.0 ], [ 109.342713870173242, 53.561265738960159, 0.0 ], [ 109.362533717862064, 53.561939762019357, 0.0 ], [ 109.371049080106999, 53.564556471354194, 0.0 ], [ 109.377301945619109, 53.568788517759266, 0.0 ], [ 109.391180325230664, 53.57248546965635, 0.0 ], [ 109.416538921576674, 53.570049875791902, 0.0 ], [ 109.430792403278502, 53.57231689400696, 0.0 ], [ 109.475497180071628, 53.581806788991109, 0.0 ], [ 109.510828904158913, 53.592118425421717, 0.0 ], [ 109.531457165641797, 53.596218594003155, 0.0 ], [ 109.559406189261352, 53.607500048283661, 0.0 ], [ 109.568757337675095, 53.614303600952645, 0.0 ], [ 109.578527229165147, 53.615450952440177, 0.0 ], [ 109.597238258120683, 53.622631284615323, 0.0 ], [ 109.60940155027231, 53.624979638308567, 0.0 ], [ 109.61806876277285, 53.623980065714001, 0.0 ], [ 109.675997558891211, 53.649194813829695, 0.0 ], [ 109.703849756420112, 53.657221165799804, 0.0 ], [ 109.716487681271289, 53.667846318835934, 0.0 ], [ 109.718409977406253, 53.673783275765288, 0.0 ], [ 109.731745089999563, 53.674729281419346, 0.0 ], [ 109.739540994995892, 53.677400748311186, 0.0 ], [ 109.743533950204267, 53.681735840008933, 0.0 ], [ 109.744677479235122, 53.694349414239149, 0.0 ], [ 109.760390334152078, 53.710094368079147, 0.0 ], [ 109.764334616185337, 53.718252741454904, 0.0 ], [ 109.769577864080603, 53.720838191271305, 0.0 ], [ 109.773675342927177, 53.725508685165011, 0.0 ], [ 109.789435310574675, 53.732681927615609, 0.0 ], [ 109.794474927628272, 53.736560539955526, 0.0 ], [ 109.796646530086576, 53.746636201844375, 0.0 ], [ 109.812968309326052, 53.749699145640079, 0.0 ], [ 109.838543409584986, 53.764303451366366, 0.0 ], [ 109.841991521621352, 53.769386338139874, 0.0 ], [ 109.863470436029942, 53.78394673243568, 0.0 ], [ 109.867169219002747, 53.788540216327995, 0.0 ], [ 109.866612132617618, 53.791953531351226, 0.0 ], [ 109.873253847901509, 53.808507899257435, 0.0 ], [ 109.88817518053466, 53.818651284846517, 0.0 ], [ 109.889074847321297, 53.824343437172644, 0.0 ], [ 109.894017098368963, 53.829154467390389, 0.0 ], [ 109.89224174855751, 53.833734743314523, 0.0 ], [ 109.910025483160979, 53.836984988518878, 0.0 ], [ 109.934210926604123, 53.844660413746624, 0.0 ], [ 109.941151319610242, 53.860138651604053, 0.0 ], [ 109.93700015318322, 53.871212940347228, 0.0 ] ] } },
{ "type": "Feature", "properties": { "average_dip": "(50,40,60)", "average_rake": null, "catalog_id": "NEA_182", "catalog_name": "GEM_NE_Asia", "dip_dir": "E", "lower_seis_depth": null, "name": null, "net_slip_rate": null, "slip_type": "Normal", "upper_seis_depth": null, "downthrown_side_id": null, "reference": "Lunina Faults; DEM", "epistemic_quality": "1", "accuracy": "90000", "activity_confidence": "1", "fs_name": null, "last_movement": null, "downthrown_side_dir": "E", "vert_sep_rate": null, "strike_slip_rate": null, "exposure_quality": "1", "shortening_rate": null, "notes": null, "index_right": 47, "NAME_EN": "Russia" }, "geometry": { "type": "LineString", "coordinates": [ [ 109.503230951960091, 53.643745113965565, 0.0 ], [ 109.608719384646406, 53.678629151297635, 0.0 ], [ 109.623144550279562, 53.689425194326425, 0.0 ], [ 109.630818452212722, 53.693040087285759, 0.0 ], [ 109.640079168271981, 53.704823679023384, 0.0 ], [ 109.6396823357084, 53.710186484649284, 0.0 ], [ 109.66025453059207, 53.713872890763078, 0.0 ], [ 109.661232611123751, 53.717244161116405, 0.0 ], [ 109.656918105561559, 53.722543980124001, 0.0 ], [ 109.647742678419959, 53.743378999083085, 0.0 ], [ 109.644810778190234, 53.748073846079926, 0.0 ], [ 109.636190632752204, 53.753347783604248, 0.0 ], [ 109.650484544021779, 53.775027177568063, 0.0 ], [ 109.655472916679486, 53.777410742754832, 0.0 ], [ 109.666590543142732, 53.77870658230885, 0.0 ], [ 109.670539932892524, 53.781542666894438, 0.0 ], [ 109.705797671639104, 53.791939243833546, 0.0 ], [ 109.715916372222736, 53.800505715275698, 0.0 ], [ 109.722322847829403, 53.801701183144566, 0.0 ], [ 109.731140666986462, 53.806466864696269, 0.0 ], [ 109.7429307705859, 53.816711348415886, 0.0 ], [ 109.744310547846851, 53.821428237848259, 0.0 ], [ 109.749026834715366, 53.824183903182821, 0.0 ], [ 109.768843212462684, 53.829092783092378, 0.0 ], [ 109.785211992781612, 53.836898094437622, 0.0 ], [ 109.787653654584105, 53.839886205104058, 0.0 ], [ 109.787635234992322, 53.843820892171131, 0.0 ], [ 109.794748553133033, 53.850724558096367, 0.0 ], [ 109.803218576482607, 53.854249796440016, 0.0 ], [ 109.805678461558045, 53.858623700508033, 0.0 ], [ 109.819840423616284, 53.86352940891269, 0.0 ], [ 109.825813394722246, 53.872515257922487, 0.0 ], [ 109.851873856148828, 53.885215665218254, 0.0 ], [ 109.855198925664709, 53.88984658536954, 0.0 ], [ 109.885143129730494, 53.902372954634444, 0.0 ], [ 109.895832221881534, 53.909365702746719, 0.0 ], [ 109.923985099051819, 53.917096666715665, 0.0 ], [ 109.929860611983131, 53.91972731543833, 0.0 ], [ 109.941683697332607, 53.929838405284627, 0.0 ], [ 109.953376140131908, 53.932906748434199, 0.0 ], [ 109.97076796813279, 53.941282024354784, 0.0 ], [ 109.974920735564609, 53.94929456568925, 0.0 ], [ 109.972224638217625, 53.959983338133732, 0.0 ], [ 109.974628084267906, 53.967714152954279, 0.0 ], [ 109.985150626432116, 53.977667369645587, 0.0 ], [ 109.995254121878432, 53.983904798354729, 0.0 ], [ 109.99715449533744, 53.988622529661072, 0.0 ], [ 109.996353931524425, 53.998419622264677, 0.0 ], [ 110.000327003447524, 54.002517276816612, 0.0 ], [ 110.01600359534676, 54.008984348319999, 0.0 ], [ 110.030250575513207, 54.0172175489216, 0.0 ], [ 110.038606976205315, 54.016926796576243, 0.0 ], [ 110.045508753899654, 54.020950038166539, 0.0 ], [ 110.053336605737385, 54.036555977096519, 0.0 ], [ 110.05565035008344, 54.045565786083927, 0.0 ], [ 110.049784230511108, 54.060051134035618, 0.0 ], [ 110.066048120090102, 54.069690035043003, 0.0 ], [ 110.074557440372217, 54.079672446098272, 0.0 ], [ 110.094103426398462, 54.09428519520948, 0.0 ], [ 110.103545243342197, 54.106018460021787, 0.0 ], [ 110.114402242774631, 54.109395089320032, 0.0 ], [ 110.12334205410373, 54.124647633840439, 0.0 ], [ 110.119637151624758, 54.136478753120969, 0.0 ], [ 110.121221446376381, 54.143018191811251, 0.0 ], [ 110.114488436483072, 54.158515696970682, 0.0 ], [ 110.122582595839859, 54.161833249777914, 0.0 ], [ 110.138299443677099, 54.17730082490263, 0.0 ], [ 110.155680178159415, 54.189125568996459, 0.0 ], [ 110.163845245190444, 54.199137358558907, 0.0 ], [ 110.187844527313842, 54.215814963080007, 0.0 ], [ 110.199856537386466, 54.24229534747802, 0.0 ], [ 110.198654165432487, 54.252590403475729, 0.0 ], [ 110.203012331484061, 54.262996983328982, 0.0 ], [ 110.200443460722667, 54.275282684851668, 0.0 ], [ 110.183166654827218, 54.280784348007849, 0.0 ], [ 110.184203014926226, 54.288070596531426, 0.0 ], [ 110.18239163147301, 54.306744480470812, 0.0 ], [ 110.186051524120884, 54.323922078153579, 0.0 ], [ 110.180891071171672, 54.331621971894386, 0.0 ], [ 110.180148946115409, 54.339553990614775, 0.0 ], [ 110.186891283181552, 54.353867070325016, 0.0 ], [ 110.212626593058602, 54.360423439434243, 0.0 ], [ 110.218774553794077, 54.363708823721169, 0.0 ], [ 110.227295371291007, 54.373445327453744, 0.0 ], [ 110.229038344989149, 54.380424281055248, 0.0 ], [ 110.236917749142904, 54.386762087123813, 0.0 ], [ 110.271044959130009, 54.39220181838575, 0.0 ], [ 110.275351824106679, 54.395908909281616, 0.0 ], [ 110.302008089493143, 54.407899566716409, 0.0 ], [ 110.330612150221512, 54.426149504245792, 0.0 ], [ 110.353899060846018, 54.429707955143577, 0.0 ], [ 110.372408615035241, 54.434459189216632, 0.0 ], [ 110.378608424986041, 54.439119429794744, 0.0 ], [ 110.38641832318315, 54.441299712958966, 0.0 ], [ 110.409269242708817, 54.439582862110441, 0.0 ], [ 110.4316274606104, 54.441379851840047, 0.0 ], [ 110.444775781018066, 54.446689496430587, 0.0 ], [ 110.460646499902424, 54.460720041392605, 0.0 ], [ 110.467241234887041, 54.470417830579123, 0.0 ], [ 110.470015810870947, 54.479942109624254, 0.0 ], [ 110.478953952830096, 54.486965397272279, 0.0 ], [ 110.48815868363036, 54.500543384935789, 0.0 ] ] } },
{ "type": "Feature", "properties": { "average_dip": "(50,40,60)", "average_rake": null, "catalog_id": "NEA_181", "catalog_name": "GEM_NE_Asia", "dip_dir": "E", "lower_seis_depth": null, "name": null, "net_slip_rate": null, "slip_type": "Normal", "upper_seis_depth": null, "downthrown_side_id": null, "reference": "Lunina Faults; DEM", "epistemic_quality": "1", "accuracy": "80000", "activity_confidence": "1", "fs_name": null, "last_movement": null, "downthrown_side_dir": "E", "vert_sep_rate": null, "strike_slip_rate": null, "exposure_quality": "1", "shortening_rate": null, "notes": null, "index_right": 47, "NAME_EN": "Russia" }, "geometry": { "type": "LineString", "coordinates": [ [ 110.150509328080332, 54.461571022073571, 0.0 ], [ 110.194046860395119, 54.476906635127868, 0.0 ], [ 110.248278793704131, 54.480495122552824, 0.0 ], [ 110.273294296173674, 54.484464381661368, 0.0 ], [ 110.299071033073574, 54.496662898127909, 0.0 ], [ 110.316139044896133, 54.51080877964047, 0.0 ], [ 110.347441781873343, 54.516417743997614, 0.0 ], [ 110.363180033744683, 54.516613040548606, 0.0 ], [ 110.37600974100117, 54.521499906245857, 0.0 ], [ 110.396466070742804, 54.533665626969409, 0.0 ], [ 110.433468115933039, 54.544085261262204, 0.0 ], [ 110.451538743864319, 54.547259127048562, 0.0 ], [ 110.459053371633757, 54.552238889377968, 0.0 ], [ 110.466499080266445, 54.562074935992364, 0.0 ], [ 110.494826195478851, 54.568779024052986, 0.0 ], [ 110.498116505422942, 54.574203950400353, 0.0 ], [ 110.505988641905148, 54.577758279722985, 0.0 ], [ 110.516134233947213, 54.579685920143326, 0.0 ], [ 110.521894849182559, 54.586003308171442, 0.0 ], [ 110.52822165923628, 54.596647803420538, 0.0 ], [ 110.537533593937042, 54.599701751551784, 0.0 ], [ 110.547769867061618, 54.600001598963587, 0.0 ], [ 110.555684787013675, 54.603664586668273, 0.0 ], [ 110.569124119389528, 54.612859806689038, 0.0 ], [ 110.574504432313503, 54.624872899580076, 0.0 ], [ 110.593120253634154, 54.627743528190813, 0.0 ], [ 110.609274139963702, 54.632259566570745, 0.0 ], [ 110.636065772939531, 54.643953374670794, 0.0 ], [ 110.655661861180747, 54.658027344316054, 0.0 ], [ 110.659857268174861, 54.664968676325273, 0.0 ], [ 110.683830253136293, 54.682728340792259, 0.0 ], [ 110.705625690685579, 54.696099555374673, 0.0 ], [ 110.723589900240427, 54.712417820806792, 0.0 ], [ 110.725171079225248, 54.719867626840212, 0.0 ], [ 110.731280864569186, 54.727756030211488, 0.0 ], [ 110.741992964160545, 54.736305644446645, 0.0 ], [ 110.755881834432444, 54.753517659836582, 0.0 ], [ 110.772809556296409, 54.766477853579744, 0.0 ], [ 110.778805074793326, 54.776453823449728, 0.0 ], [ 110.777522547681556, 54.784901433312548, 0.0 ], [ 110.797638833193886, 54.794054424811115, 0.0 ], [ 110.83556542170443, 54.806368948040436, 0.0 ], [ 110.863512833432267, 54.821135341023123, 0.0 ], [ 110.93537761553057, 54.841772594205572, 0.0 ], [ 110.941221956629505, 54.846219079476647, 0.0 ], [ 110.969391978447533, 54.860252029352502, 0.0 ], [ 110.98286232399839, 54.877028655948656, 0.0 ], [ 110.995051327847747, 54.884940448268544, 0.0 ], [ 110.999144908835262, 54.892575452487016, 0.0 ], [ 111.002182324430464, 54.926405474612167, 0.0 ] ] } },
{ "type": "Feature", "properties": { "average_dip": "(50,40,60)", "average_rake": null, "catalog_id": "NEA_183", "catalog_name": "GEM_NE_Asia", "dip_dir": "W", "lower_seis_depth": null, "name": null, "net_slip_rate": null, "slip_type": "Normal", "upper_seis_depth": null, "downthrown_side_id": null, "reference": "Lunina Faults; DEM", "epistemic_quality": "1", "accuracy": "60000", "activity_confidence": "1", "fs_name": null, "last_movement": null, "downthrown_side_dir": "W", "vert_sep_rate": null, "strike_slip_rate": null, "exposure_quality": "1", "shortening_rate": null, "notes": null, "index_right": 47, "NAME_EN": "Russia" }, "geometry": { "type": "LineString", "coordinates": [ [ 107.854537524252237, 52.295542125196697, 0.0 ], [ 107.854458343662145, 52.310625228162777, 0.0 ], [ 107.86126417911936, 52.32599986658046, 0.0 ], [ 107.860533201869345, 52.335343881667683, 0.0 ], [ 107.873221718245773, 52.342289451919392, 0.0 ], [ 107.894872757890894, 52.370204212713062, 0.0 ], [ 107.934446685626057, 52.396918729543856, 0.0 ], [ 107.945025775690624, 52.402894513670233, 0.0 ], [ 107.955786072532433, 52.406533917985826, 0.0 ], [ 107.965224642054892, 52.414005514442493, 0.0 ], [ 107.999814837912282, 52.453918840305313, 0.0 ], [ 108.023019027062233, 52.461728498108741, 0.0 ], [ 108.045246487726018, 52.477741153597229, 0.0 ], [ 108.065089967359285, 52.515998584534977, 0.0 ], [ 108.070656258376388, 52.518492594620639, 0.0 ], [ 108.08346960474951, 52.530161982773656, 0.0 ], [ 108.100852578436829, 52.555427850745872, 0.0 ], [ 108.101421193996956, 52.560706350164175, 0.0 ], [ 108.095442663240746, 52.567176485509606, 0.0 ], [ 108.091906161673108, 52.575040454592362, 0.0 ], [ 108.093747811758561, 52.578577041558084, 0.0 ], [ 108.109829585347327, 52.584258943698408, 0.0 ], [ 108.115432905167594, 52.589877135349717, 0.0 ], [ 108.12478447505751, 52.595260065117373, 0.0 ], [ 108.128659907953946, 52.600807733401389, 0.0 ], [ 108.139330449471217, 52.603864290385673, 0.0 ], [ 108.151133715173373, 52.61063837954665, 0.0 ], [ 108.151293900046895, 52.618040420663576, 0.0 ], [ 108.170031306358212, 52.629609453982667, 0.0 ], [ 108.170175953543193, 52.631681861914842, 0.0 ], [ 108.176693678377219, 52.638602472623077, 0.0 ], [ 108.214573822265905, 52.651959619988979, 0.0 ], [ 108.230592997601931, 52.666211041319855, 0.0 ], [ 108.238487536672906, 52.668016243351424, 0.0 ], [ 108.268936540471472, 52.684958348950822, 0.0 ], [ 108.287328228380161, 52.70315147101649, 0.0 ], [ 108.299131948606288, 52.719416433490416, 0.0 ], [ 108.307773423578311, 52.727057324956228, 0.0 ], [ 108.311356749553937, 52.735060855282349, 0.0 ], [ 108.331056654438953, 52.753008123863715, 0.0 ], [ 108.348157373006217, 52.763784006792655, 0.0 ] ] } },
{ "type": "Feature", "properties": { "average_dip": "(50,40,60)", "average_rake": null, "catalog_id": "NEA_184", "catalog_name": "GEM_NE_Asia", "dip_dir": "S", "lower_seis_depth": null, "name": null, "net_slip_rate": null, "slip_type": "Normal", "upper_seis_depth": null, "downthrown_side_id": null, "reference": "Lunina Faults; DEM", "epistemic_quality": "1", "accuracy": "150000", "activity_confidence": "1", "fs_name": null, "last_movement": null, "downthrown_side_dir": "S", "vert_sep_rate": null, "strike_slip_rate": null, "exposure_quality": "1", "shortening_rate": null, "notes": null, "index_right": 47, "NAME_EN": "Russia" }, "geometry": { "type": "LineString", "coordinates": [ [ 108.421027414771288, 50.336402185528229, 0.0 ], [ 108.43124245269675, 50.343787104442413, 0.0 ], [ 108.448195358670162, 50.348856015011357, 0.0 ], [ 108.453989558932392, 50.35458183753623, 0.0 ], [ 108.484512469573616, 50.361315302844048, 0.0 ], [ 108.532288764708539, 50.36979919431581, 0.0 ], [ 108.558667322495509, 50.367120345110223, 0.0 ], [ 108.594670629438667, 50.373740884410978, 0.0 ], [ 108.613418767433927, 50.3741664326459, 0.0 ], [ 108.641020544503675, 50.379294923957744, 0.0 ], [ 108.672864425755023, 50.388191635507425, 0.0 ], [ 108.723971457029151, 50.395101733748966, 0.0 ], [ 108.741323604282456, 50.400096203224017, 0.0 ], [ 108.76552355780855, 50.410461587926406, 0.0 ], [ 108.775957760350735, 50.412658362275444, 0.0 ], [ 108.780917505838062, 50.416354984481707, 0.0 ], [ 108.819821428565945, 50.432675156767026, 0.0 ], [ 108.826714122504114, 50.436754832352541, 0.0 ], [ 108.828796569408212, 50.440630978573743, 0.0 ], [ 108.855078170804433, 50.446792033599834, 0.0 ], [ 108.865186352163789, 50.450536420794975, 0.0 ], [ 108.877888657368217, 50.45798569274875, 0.0 ], [ 108.88809577125123, 50.460666109284659, 0.0 ], [ 108.932414371073648, 50.464937072487224, 0.0 ], [ 108.935750886230039, 50.469382862369983, 0.0 ], [ 108.955180100776104, 50.477994886469375, 0.0 ], [ 108.965573162078798, 50.480650633571308, 0.0 ], [ 108.974290685557321, 50.486053219028435, 0.0 ], [ 109.019355129779967, 50.488816924389312, 0.0 ], [ 109.028860989180956, 50.491561306538237, 0.0 ], [ 109.04138709780004, 50.498899106560486, 0.0 ], [ 109.054704994072978, 50.500773654428954, 0.0 ], [ 109.088734277468461, 50.497658931314341, 0.0 ], [ 109.136443377222747, 50.49074966013081, 0.0 ], [ 109.148455012352017, 50.491817623127275, 0.0 ], [ 109.165398547837185, 50.499145716502547, 0.0 ], [ 109.183241030282417, 50.501464109558022, 0.0 ], [ 109.199536157822976, 50.521723342558026, 0.0 ], [ 109.212091825939524, 50.527641066595699, 0.0 ], [ 109.230896861668683, 50.52798038559952, 0.0 ], [ 109.246255225742871, 50.534766732508309, 0.0 ], [ 109.256319185459546, 50.540946338598005, 0.0 ], [ 109.265973060530058, 50.551145927804271, 0.0 ], [ 109.289097684986757, 50.56786074179692, 0.0 ], [ 109.29767877313752, 50.571155002334436, 0.0 ], [ 109.338234716777791, 50.570325061083359, 0.0 ], [ 109.350151067240304, 50.57232311838861, 0.0 ], [ 109.365893899308304, 50.579056612955341, 0.0 ], [ 109.382884413393413, 50.58354883681266, 0.0 ], [ 109.405680582259379, 50.594667482965512, 0.0 ], [ 109.442279283657768, 50.598211519556564, 0.0 ], [ 109.459316728881134, 50.597308449304087, 0.0 ], [ 109.479240064057109, 50.601706960149535, 0.0 ], [ 109.518622064976242, 50.600484023966338, 0.0 ], [ 109.546290351855944, 50.603565080364532, 0.0 ], [ 109.566839557432189, 50.602032800475754, 0.0 ], [ 109.594327720490654, 50.60442185355064, 0.0 ], [ 109.607292299325039, 50.617050663930129, 0.0 ], [ 109.623100920311387, 50.62655941981096, 0.0 ], [ 109.652643915044337, 50.637841675974592, 0.0 ], [ 109.683186042616612, 50.639178501830507, 0.0 ], [ 109.700020244286463, 50.627969204828304, 0.0 ], [ 109.747419976272681, 50.610115645384582, 0.0 ], [ 109.786635722418865, 50.598765121644689, 0.0 ], [ 109.813386317671117, 50.592996642242142, 0.0 ], [ 109.843147302260491, 50.595552512874612, 0.0 ], [ 109.904426766339455, 50.588271382270378, 0.0 ], [ 109.920374765138433, 50.591411901626635, 0.0 ], [ 109.938434955949816, 50.600872823411045, 0.0 ], [ 109.996338666433942, 50.611962520770085, 0.0 ], [ 110.025887416993868, 50.622936485803585, 0.0 ], [ 110.056012009521083, 50.62798407638622, 0.0 ], [ 110.090508743009735, 50.630190095022137, 0.0 ], [ 110.109330311237443, 50.629003909032477, 0.0 ], [ 110.158679374363174, 50.621080625617992, 0.0 ], [ 110.240696638194251, 50.61410672217707, 0.0 ], [ 110.299392672288135, 50.634124559999236, 0.0 ], [ 110.32912528335477, 50.62720633761937, 0.0 ], [ 110.362666015777165, 50.625937696529824, 0.0 ], [ 110.393214070667185, 50.629693150874687, 0.0 ], [ 110.412009149986517, 50.646516929229101, 0.0 ], [ 110.42732244767555, 50.648503308006141, 0.0 ], [ 110.458474839237468, 50.638813531571572, 0.0 ], [ 110.486113909126942, 50.632335211869965, 0.0 ], [ 110.543196846438804, 50.625714920243468, 0.0 ], [ 110.573099354105452, 50.624581648198628, 0.0 ], [ 110.595296288340151, 50.629968640574148, 0.0 ], [ 110.625432839832939, 50.642398870921774, 0.0 ], [ 110.661331127537963, 50.646644420022966, 0.0 ], [ 110.719268675737297, 50.658144838186558, 0.0 ], [ 110.812860881245101, 50.667760763102642, 0.0 ], [ 110.847145933561691, 50.668866450285961, 0.0 ], [ 110.870548564467938, 50.673131578012224, 0.0 ], [ 110.911531295973575, 50.666857083119019, 0.0 ] ] } },
{ "type": "Feature", "properties": { "average_dip": "(50,40,60)", "average_rake": null, "catalog_id": "NEA_185", "catalog_name": "GEM_NE_Asia", "dip_dir": "S", "lower_seis_depth": null, "name": null, "net_slip_rate": null, "slip_type": "Normal", "upper_seis_depth": null, "downthrown_side_id": null, "reference": "Lunina Faults; DEM", "epistemic_quality": "1", "accuracy": "50000", "activity_confidence": "1", "fs_name": null, "last_movement": null, "downthrown_side_dir": "S", "vert_sep_rate": null, "strike_slip_rate": null, "exposure_quality": "1", "shortening_rate": null, "notes": "Great scarp", "index_right": 47, "NAME_EN": "Russia" }, "geometry": { "type": "LineString", "coordinates": [ [ 103.286059299123423, 50.747861930670858, 0.0 ], [ 103.303703432179034, 50.74863242557123, 0.0 ], [ 103.361173324143962, 50.756673145174581, 0.0 ], [ 103.385388119102245, 50.762123476942357, 0.0 ], [ 103.394034661155203, 50.767262869240028, 0.0 ], [ 103.420662862998284, 50.772904893378481, 0.0 ], [ 103.481106622150833, 50.791484694810904, 0.0 ], [ 103.49282929528826, 50.793992704173142, 0.0 ], [ 103.516734618468007, 50.794922470816516, 0.0 ], [ 103.535623975451941, 50.801145855228455, 0.0 ], [ 103.572347660356314, 50.807975740225935, 0.0 ], [ 103.591898301067076, 50.810211117479568, 0.0 ], [ 103.614508029234869, 50.809816251652038, 0.0 ], [ 103.670017150086579, 50.813917287546687, 0.0 ] ] } },
{ "type": "Feature", "properties": { "average_dip": "(50,40,60)", "average_rake": null, "catalog_id": "NEA_186", "catalog_name": "GEM_NE_Asia", "dip_dir": "NW", "lower_seis_depth": null, "name": null, "net_slip_rate": null, "slip_type": "Normal", "upper_seis_depth": null, "downthrown_side_id": null, "reference": "DEM", "epistemic_quality": "1", "accuracy": "60000", "activity_confidence": "1", "fs_name": null, "last_movement": null, "downthrown_side_dir": "NW", "vert_sep_rate": null, "strike_slip_rate": null, "exposure_quality": "1", "shortening_rate": null, "notes": null, "index_right": 47, "NAME_EN": "Russia" }, "geometry": { "type": "LineString", "coordinates": [ [ 114.845527747868488, 56.352273476393286, 0.0 ], [ 114.806952616715009, 56.332436128378767, 0.0 ], [ 114.794551822119516, 56.329193314537832, 0.0 ], [ 114.772197807222, 56.330481858000951, 0.0 ], [ 114.751032038493975, 56.329646991392266, 0.0 ], [ 114.747246990318558, 56.326091297685281, 0.0 ], [ 114.744401215862879, 56.31882886446521, 0.0 ], [ 114.737169902178849, 56.312019940422367, 0.0 ], [ 114.732142646398231, 56.302033552550078, 0.0 ], [ 114.717940031598459, 56.303876514169268, 0.0 ], [ 114.699121566651257, 56.294463675475022, 0.0 ], [ 114.676824981335955, 56.290876486957352, 0.0 ], [ 114.672678713546247, 56.285689413088228, 0.0 ], [ 114.665396729048155, 56.281948812637872, 0.0 ], [ 114.663092515417773, 56.276812134175771, 0.0 ], [ 114.634399207973146, 56.267080847008138, 0.0 ], [ 114.619974443105846, 56.26674776452105, 0.0 ], [ 114.610760194822205, 56.256981698265527, 0.0 ], [ 114.603515933388707, 56.252308855128639, 0.0 ], [ 114.596481238891741, 56.251626956941912, 0.0 ], [ 114.594384689489559, 56.249584876494012, 0.0 ], [ 114.586168448740366, 56.251801254099327, 0.0 ], [ 114.563424581111363, 56.250050416013138, 0.0 ], [ 114.551149610918642, 56.243248865171836, 0.0 ], [ 114.543277981587536, 56.240793700124939, 0.0 ], [ 114.538628501930049, 56.237345399107447, 0.0 ], [ 114.538183005745339, 56.22751670974602, 0.0 ], [ 114.52925810035903, 56.217507240722973, 0.0 ], [ 114.526815545906771, 56.210363231248152, 0.0 ], [ 114.514146832882915, 56.203320875603929, 0.0 ], [ 114.511752819809544, 56.199292484809746, 0.0 ], [ 114.513289463471253, 56.184465878874498, 0.0 ], [ 114.516136320323071, 56.181323806659066, 0.0 ], [ 114.517800431428128, 56.170816287097381, 0.0 ], [ 114.516632437752861, 56.155468002123079, 0.0 ], [ 114.498487910717614, 56.141148804074838, 0.0 ], [ 114.497066346427374, 56.13820874327201, 0.0 ], [ 114.489321359531615, 56.134000655884989, 0.0 ], [ 114.479085516197273, 56.123750781174792, 0.0 ], [ 114.467578499358765, 56.119447539763847, 0.0 ], [ 114.457014749888586, 56.111899135047089, 0.0 ], [ 114.453580200297139, 56.100541617872217, 0.0 ], [ 114.448932916237808, 56.093272815383585, 0.0 ], [ 114.421559043295616, 56.08406548249323, 0.0 ], [ 114.406030130560026, 56.080506489299744, 0.0 ], [ 114.383912218166955, 56.078022322385422, 0.0 ], [ 114.37221249550565, 56.068648473137394, 0.0 ], [ 114.352279735873907, 56.065417809541771, 0.0 ], [ 114.341813826435086, 56.060048424134152, 0.0 ], [ 114.329015257161998, 56.057058877795669, 0.0 ], [ 114.316870605570202, 56.049589441781741, 0.0 ], [ 114.313841849611066, 56.044193046713431, 0.0 ], [ 114.288079380425756, 56.024581215081234, 0.0 ], [ 114.239261370128602, 55.997957737386763, 0.0 ], [ 114.222399977563398, 55.992008850343787, 0.0 ], [ 114.204257160106309, 55.988997695599892, 0.0 ], [ 114.167135196099053, 55.987008458413747, 0.0 ], [ 114.158899082686233, 55.982965221085522, 0.0 ], [ 114.151168050223475, 55.976081613728113, 0.0 ], [ 114.144037971896509, 55.973747959071481, 0.0 ], [ 114.132690316175356, 55.967091175925887, 0.0 ], [ 114.128244174399768, 55.961177875129593, 0.0 ], [ 114.108953963614283, 55.953213525204426, 0.0 ], [ 114.092568611032334, 55.941178081555826, 0.0 ], [ 114.066324193191647, 55.930735737064566, 0.0 ], [ 114.041017894055628, 55.927226602116001, 0.0 ], [ 114.028984338962289, 55.922385272625647, 0.0 ], [ 114.014869292732783, 55.919540722690016, 0.0 ] ] } },
{ "type": "Feature", "properties": { "average_dip": "(50,40,60)", "average_rake": null, "catalog_id": "NEA_187", "catalog_name": "GEM_NE_Asia", "dip_dir": "S", "lower_seis_depth": null, "name": null, "net_slip_rate": null, "slip_type": "Normal", "upper_seis_depth": null, "downthrown_side_id": null, "reference": "DEM", "epistemic_quality": "1", "accuracy": "50000", "activity_confidence": "1", "fs_name": null, "last_movement": null, "downthrown_side_dir": "S", "vert_sep_rate": null, "strike_slip_rate": null, "exposure_quality": "1", "shortening_rate": null, "notes": "Good scarp in Google Earth", "index_right": 47, "NAME_EN": "Russia" }, "geometry": { "type": "LineString", "coordinates": [ [ 114.821265534193543, 56.389863598837131, 0.0 ], [ 114.83348633627692, 56.393128934011131, 0.0 ], [ 114.845338940034992, 56.393550897839042, 0.0 ], [ 114.850694660772419, 56.395859304518901, 0.0 ], [ 114.885035282541466, 56.396699638976735, 0.0 ], [ 114.894542765089327, 56.400430598371493, 0.0 ], [ 114.902260193096467, 56.400925891262141, 0.0 ], [ 114.923756461144336, 56.407829940673658, 0.0 ], [ 114.933608908898051, 56.413826625519221, 0.0 ], [ 114.942876707780556, 56.415505073271405, 0.0 ], [ 114.958704234177304, 56.42522846202008, 0.0 ], [ 114.967033646505982, 56.427144269339138, 0.0 ], [ 114.971960830185168, 56.431355686666727, 0.0 ], [ 114.979817824250077, 56.434604873269073, 0.0 ], [ 115.013092272589859, 56.442614815162429, 0.0 ], [ 115.035253259559695, 56.449997433135884, 0.0 ], [ 115.061711144214428, 56.450335837621083, 0.0 ], [ 115.088974613563309, 56.461782712003952, 0.0 ], [ 115.102663295909679, 56.464952748042109, 0.0 ], [ 115.124243469969059, 56.465577347148454, 0.0 ], [ 115.133274014800762, 56.467624463225327, 0.0 ], [ 115.158379413508783, 56.465754897714085, 0.0 ], [ 115.172450501148944, 56.462043754247148, 0.0 ], [ 115.186024960655672, 56.461057558732101, 0.0 ], [ 115.215894528864808, 56.463927130112907, 0.0 ], [ 115.260559518524403, 56.463785239584894, 0.0 ], [ 115.282509624250494, 56.457048574997913, 0.0 ], [ 115.331432498521124, 56.448911474489293, 0.0 ] ] } },
{ "type": "Feature", "properties": { "average_dip": "(50,40,60)", "average_rake": null, "catalog_id": "NEA_188", "catalog_name": "GEM_NE_Asia", "dip_dir": "S", "lower_seis_depth": null, "name": null, "net_slip_rate": null, "slip_type": "Normal", "upper_seis_depth": null, "downthrown_side_id": null, "reference": "DEM", "epistemic_quality": "1", "accuracy": "50000", "activity_confidence": "1", "fs_name": null, "last_movement": null, "downthrown_side_dir": "S", "vert_sep_rate": null, "strike_slip_rate": null, "exposure_quality": "1", "shortening_rate": null, "notes": "Pretty amazing ponding of rivers at the rangefront", "index_right": 47, "NAME_EN": "Russia" }, "geometry": { "type": "LineString", "coordinates": [ [ 115.075632218424204, 56.485685058437788, 0.0 ], [ 115.080020286328335, 56.488114471315299, 0.0 ], [ 115.079361653928132, 56.49485011451435, 0.0 ], [ 115.087299697060715, 56.50455977478844, 0.0 ], [ 115.088786838889718, 56.50898929537405, 0.0 ], [ 115.107069409724204, 56.532021214619611, 0.0 ], [ 115.111294139539979, 56.540367816704766, 0.0 ], [ 115.117986012083165, 56.545210155504186, 0.0 ], [ 115.121667149639663, 56.55495730057941, 0.0 ], [ 115.129046836801805, 56.561384989603475, 0.0 ], [ 115.126609710468728, 56.577080639673248, 0.0 ], [ 115.128839102022809, 56.581757949474998, 0.0 ], [ 115.127850749037506, 56.587956502704643, 0.0 ], [ 115.143899030715104, 56.59503460246934, 0.0 ], [ 115.153212923624565, 56.595253495229215, 0.0 ], [ 115.161858404845631, 56.592958971061741, 0.0 ], [ 115.20071506112221, 56.599453668972693, 0.0 ], [ 115.211094580671585, 56.605019943285626, 0.0 ], [ 115.219711416398567, 56.607003483488647, 0.0 ], [ 115.237609554274087, 56.618280422361586, 0.0 ], [ 115.245325442840027, 56.62107556254017, 0.0 ], [ 115.264361166486637, 56.624338395908396, 0.0 ], [ 115.276631955631842, 56.62410163140094, 0.0 ], [ 115.289610613273098, 56.62741205416426, 0.0 ], [ 115.309903750386795, 56.625126931956416, 0.0 ], [ 115.326387830287629, 56.625888400523252, 0.0 ], [ 115.371950151181821, 56.623823247801589, 0.0 ], [ 115.39888035260978, 56.618734149726222, 0.0 ], [ 115.437684597850406, 56.620151436631801, 0.0 ], [ 115.469848531500489, 56.618861380995341, 0.0 ], [ 115.499021360390032, 56.615304178495066, 0.0 ], [ 115.520049100659094, 56.610172141284792, 0.0 ], [ 115.544794139387747, 56.608240187538676, 0.0 ], [ 115.558131035152542, 56.609457368722126, 0.0 ], [ 115.575604106473278, 56.607687194206221, 0.0 ], [ 115.593231656306145, 56.610060268130994, 0.0 ], [ 115.608467723139057, 56.609397497642213, 0.0 ], [ 115.620992278383454, 56.613033665773386, 0.0 ], [ 115.65122686754755, 56.610691691682163, 0.0 ], [ 115.662376831782993, 56.61358456217669, 0.0 ], [ 115.674238858851226, 56.614297066956766, 0.0 ], [ 115.701030223406619, 56.609400730229375, 0.0 ], [ 115.71328071681944, 56.610983770788046, 0.0 ], [ 115.735542841639628, 56.602526007471248, 0.0 ], [ 115.771046764049828, 56.593654641617327, 0.0 ], [ 115.816010373092496, 56.587654168177401, 0.0 ], [ 115.837057977606875, 56.58895563269229, 0.0 ], [ 115.854670455206744, 56.585163460182542, 0.0 ], [ 115.866926867023437, 56.585112026413093, 0.0 ] ] } },
{ "type": "Feature", "properties": { "average_dip": "(50,40,60)", "average_rake": null, "catalog_id": "NEA_189", "catalog_name": "GEM_NE_Asia", "dip_dir": "NW", "lower_seis_depth": null, "name": null, "net_slip_rate": null, "slip_type": "Normal", "upper_seis_depth": null, "downthrown_side_id": null, "reference": "Lunina Faults; DEM", "epistemic_quality": "1", "accuracy": "60000", "activity_confidence": "1", "fs_name": null, "last_movement": null, "downthrown_side_dir": "NW", "vert_sep_rate": null, "strike_slip_rate": null, "exposure_quality": "1", "shortening_rate": null, "notes": null, "index_right": 47, "NAME_EN": "Russia" }, "geometry": { "type": "LineString", "coordinates": [ [ 113.242046062117055, 55.708460516052611, 0.0 ], [ 113.248810525733091, 55.709024740884587, 0.0 ], [ 113.265652265817792, 55.716682633998587, 0.0 ], [ 113.268923313273092, 55.723102273891314, 0.0 ], [ 113.277562541572465, 55.729099429523025, 0.0 ], [ 113.299074541605435, 55.737687898775022, 0.0 ], [ 113.314902905276426, 55.742113798404588, 0.0 ], [ 113.33074445206806, 55.745496680797061, 0.0 ], [ 113.337551511262802, 55.744550137990288, 0.0 ], [ 113.346473562188635, 55.751780848764511, 0.0 ], [ 113.359074299936083, 55.751512408300158, 0.0 ], [ 113.377091447957042, 55.755202969747899, 0.0 ], [ 113.38622773016796, 55.758707636056421, 0.0 ], [ 113.397170393523169, 55.759448166157362, 0.0 ], [ 113.4068366605064, 55.762193477841471, 0.0 ], [ 113.422733266529193, 55.763018682754257, 0.0 ], [ 113.432622777969399, 55.765272897657887, 0.0 ], [ 113.438768917410854, 55.768448308208377, 0.0 ], [ 113.458018126275931, 55.770245612095898, 0.0 ], [ 113.467213139155135, 55.772814359379396, 0.0 ], [ 113.49092463592315, 55.782150275720163, 0.0 ], [ 113.504182258883318, 55.792539217793006, 0.0 ], [ 113.523847025517057, 55.801444468864872, 0.0 ], [ 113.538880787164231, 55.815310606278977, 0.0 ], [ 113.57127409046042, 55.826802330967929, 0.0 ], [ 113.590759226574164, 55.828325528518, 0.0 ], [ 113.600230499124692, 55.831547100429589, 0.0 ], [ 113.656114729267443, 55.827401418907414, 0.0 ], [ 113.670377578075488, 55.830256065189367, 0.0 ], [ 113.682026688086722, 55.834821452704787, 0.0 ], [ 113.703522697996604, 55.845098946017281, 0.0 ], [ 113.706951475195027, 55.849643861452755, 0.0 ], [ 113.713363456143128, 55.853933400360575, 0.0 ], [ 113.722695272090348, 55.857281535672996, 0.0 ], [ 113.730283762099702, 55.862464615124352, 0.0 ], [ 113.734191724458412, 55.869261427689594, 0.0 ], [ 113.732311717623773, 55.873888159399726, 0.0 ], [ 113.738730706899858, 55.877135513507483, 0.0 ], [ 113.753577641894964, 55.881414235378465, 0.0 ], [ 113.767667964425542, 55.882202311072248, 0.0 ], [ 113.812403172737675, 55.892344296951968, 0.0 ], [ 113.825410457015479, 55.899737139341859, 0.0 ], [ 113.833781937680797, 55.910483174446277, 0.0 ], [ 113.857919175203961, 55.924112558746543, 0.0 ], [ 113.870314221306202, 55.952733577289884, 0.0 ], [ 113.881669111454457, 55.961600620844884, 0.0 ], [ 113.895746603925289, 55.965386818077292, 0.0 ], [ 113.901075621098499, 55.96841840966993, 0.0 ], [ 113.920583118827338, 55.988398852165076, 0.0 ], [ 113.960748016905228, 56.00324210740218, 0.0 ], [ 113.971754726246985, 56.003940522953549, 0.0 ], [ 113.983514581826839, 56.007548987829637, 0.0 ], [ 113.998627628616504, 56.008191845938079, 0.0 ], [ 114.009693036152896, 56.012117152001977, 0.0 ], [ 114.02467998725821, 56.013467141839513, 0.0 ], [ 114.043514113202392, 56.024388416168634, 0.0 ], [ 114.047994797225897, 56.029372483431978, 0.0 ], [ 114.067061869051699, 56.040840047132853, 0.0 ], [ 114.072332705865009, 56.04572380762837, 0.0 ], [ 114.078284869339996, 56.047169092659146, 0.0 ] ] } },
{ "type": "Feature", "properties": { "average_dip": "(50,40,60)", "average_rake": null, "catalog_id": "NEA_190", "catalog_name": "GEM_NE_Asia", "dip_dir": "NW", "lower_seis_depth": null, "name": null, "net_slip_rate": null, "slip_type": "Normal", "upper_seis_depth": null, "downthrown_side_id": null, "reference": "DEM", "epistemic_quality": "1", "accuracy": "50000", "activity_confidence": "1", "fs_name": null, "last_movement": null, "downthrown_side_dir": "NW", "vert_sep_rate": null, "strike_slip_rate": null, "exposure_quality": "1", "shortening_rate": null, "notes": null, "index_right": 47, "NAME_EN": "Russia" }, "geometry": { "type": "LineString", "coordinates": [ [ 114.814592433203174, 56.056770338375678, 0.0 ], [ 114.850842541428619, 56.067182734566948, 0.0 ], [ 114.872135162928004, 56.079903752075751, 0.0 ], [ 114.882271691565208, 56.083319024744156, 0.0 ], [ 114.888473297141516, 56.091653025821245, 0.0 ], [ 114.906156619714224, 56.098706678431725, 0.0 ], [ 114.91975203473045, 56.100969474587956, 0.0 ], [ 114.931261806033973, 56.106633583355745, 0.0 ], [ 114.950396619066183, 56.110711883546067, 0.0 ], [ 114.959438294544341, 56.11542588006737, 0.0 ], [ 114.970570940757383, 56.125075665593421, 0.0 ], [ 114.967692989702641, 56.13101528369895, 0.0 ], [ 114.968993127897392, 56.134086693137718, 0.0 ], [ 114.979663194602409, 56.140669588520304, 0.0 ], [ 114.982132594298221, 56.144049742248697, 0.0 ], [ 114.982151606472854, 56.147521805099217, 0.0 ], [ 114.990660343453641, 56.152420561634827, 0.0 ], [ 114.993027636756949, 56.15604563134967, 0.0 ], [ 114.99124727368212, 56.161144992319095, 0.0 ], [ 114.995450456793833, 56.168117599908747, 0.0 ], [ 115.002319248388929, 56.17207430730128, 0.0 ], [ 115.003472686355977, 56.175280382294659, 0.0 ], [ 115.013483924783429, 56.181253507367273, 0.0 ], [ 115.02596461017076, 56.184236045015105, 0.0 ], [ 115.026696255417477, 56.188887439909003, 0.0 ], [ 115.031630640027601, 56.194141108949815, 0.0 ], [ 115.041042675100641, 56.19868658764036, 0.0 ], [ 115.042592685195842, 56.201839888429852, 0.0 ], [ 115.072823847496366, 56.207450102633594, 0.0 ], [ 115.087187285502168, 56.21237969426646, 0.0 ], [ 115.100682991109991, 56.214296321193032, 0.0 ], [ 115.117232597958434, 56.213142688399465, 0.0 ], [ 115.145689506701331, 56.217470153261992, 0.0 ], [ 115.153835787778874, 56.214649559517319, 0.0 ], [ 115.164766414792496, 56.214932930628244, 0.0 ], [ 115.168159148019939, 56.209268711752586, 0.0 ], [ 115.179486890710763, 56.206601934786192, 0.0 ], [ 115.184146107687241, 56.203895998310678, 0.0 ], [ 115.20205297175022, 56.200582059416099, 0.0 ] ] } },
{ "type": "Feature", "properties": { "average_dip": "(50,40,60)", "average_rake": null, "catalog_id": "NEA_191", "catalog_name": "GEM_NE_Asia", "dip_dir": "N", "lower_seis_depth": null, "name": null, "net_slip_rate": null, "slip_type": "Normal", "upper_seis_depth": null, "downthrown_side_id": null, "reference": "DEM", "epistemic_quality": "1", "accuracy": "60000", "activity_confidence": "1", "fs_name": null, "last_movement": null, "downthrown_side_dir": "N", "vert_sep_rate": null, "strike_slip_rate": null, "exposure_quality": "1", "shortening_rate": null, "notes": null, "index_right": 47, "NAME_EN": "Russia" }, "geometry": { "type": "LineString", "coordinates": [ [ 115.257477991963484, 56.132796236583935, 0.0 ], [ 115.282509611286244, 56.140800271944293, 0.0 ], [ 115.298310920605175, 56.144707842397771, 0.0 ], [ 115.306823708808679, 56.145187840995725, 0.0 ], [ 115.343956321542748, 56.157122669292683, 0.0 ], [ 115.382136023886858, 56.165663047332444, 0.0 ], [ 115.40984172765647, 56.167260863774189, 0.0 ], [ 115.419499571669519, 56.170363475348438, 0.0 ], [ 115.442997298370244, 56.171828034297896, 0.0 ], [ 115.46016636956449, 56.170202674859311, 0.0 ], [ 115.456249399239866, 56.164296688314899, 0.0 ], [ 115.471606571039445, 56.160421329509084, 0.0 ], [ 115.482357065141215, 56.16053128493035, 0.0 ], [ 115.501436616919179, 56.156380111089447, 0.0 ], [ 115.50805174294004, 56.158208624735906, 0.0 ], [ 115.521079876722624, 56.156151114474333, 0.0 ], [ 115.5255610352053, 56.166909413373155, 0.0 ], [ 115.541966292153106, 56.163058174561698, 0.0 ], [ 115.575907486482052, 56.158907408052372, 0.0 ], [ 115.596221904160458, 56.160201721122917, 0.0 ], [ 115.614362498339446, 56.158425457133795, 0.0 ], [ 115.623164156037177, 56.165230235582428, 0.0 ], [ 115.630593943933505, 56.16700109832356, 0.0 ], [ 115.662240413148467, 56.167088814819017, 0.0 ], [ 115.670745124938392, 56.169407240256554, 0.0 ], [ 115.682995123874804, 56.181191452077108, 0.0 ], [ 115.685474705072565, 56.189670119160574, 0.0 ], [ 115.689081396591078, 56.192193471845783, 0.0 ], [ 115.731395860785526, 56.210766859158419, 0.0 ], [ 115.767671263496638, 56.212291357794513, 0.0 ], [ 115.7857460986409, 56.215495964987689, 0.0 ], [ 115.811150745843292, 56.215022081156476, 0.0 ], [ 115.821425660124973, 56.21941130633315, 0.0 ], [ 115.833677331219079, 56.22120697515512, 0.0 ], [ 115.843126278948674, 56.224664290706563, 0.0 ], [ 115.852168891115639, 56.231426546456525, 0.0 ], [ 115.857164061688437, 56.233291618030833, 0.0 ], [ 115.870068136934776, 56.232790035118505, 0.0 ], [ 115.882168042069182, 56.237040571855879, 0.0 ], [ 115.893988625610916, 56.237847135574064, 0.0 ], [ 115.920593892100896, 56.233476840837561, 0.0 ], [ 115.938690844292864, 56.235269720454916, 0.0 ], [ 115.984710722478397, 56.233773026179513, 0.0 ], [ 116.013841512478479, 56.24110950233316, 0.0 ], [ 116.044838689364369, 56.260488673792899, 0.0 ], [ 116.092846534128014, 56.268439896148855, 0.0 ], [ 116.113525377380242, 56.2814661704694, 0.0 ], [ 116.135581576014616, 56.287331785581358, 0.0 ], [ 116.147516647242682, 56.287872858054534, 0.0 ], [ 116.162650636018029, 56.291798237279281, 0.0 ], [ 116.195467827265446, 56.294643905460553, 0.0 ], [ 116.213341432882345, 56.292607553181163, 0.0 ], [ 116.223514124283611, 56.294318842509654, 0.0 ], [ 116.239571164584632, 56.292882120947013, 0.0 ], [ 116.263995453910155, 56.296077089557457, 0.0 ], [ 116.301121751883073, 56.294114991832267, 0.0 ], [ 116.313308696764665, 56.295189169204917, 0.0 ], [ 116.338845140290431, 56.311808417449079, 0.0 ], [ 116.35106436870204, 56.317522383276611, 0.0 ], [ 116.369991928745563, 56.342502439875723, 0.0 ], [ 116.39357670125878, 56.354743407386394, 0.0 ], [ 116.417333645267163, 56.375552782357573, 0.0 ], [ 116.445988535539243, 56.390556983578705, 0.0 ], [ 116.460645987000632, 56.4014954984806, 0.0 ], [ 116.490847173562869, 56.409770458032646, 0.0 ], [ 116.515472988002045, 56.410466639141845, 0.0 ], [ 116.532986171751617, 56.413909837827816, 0.0 ], [ 116.558502206158707, 56.414705733437096, 0.0 ], [ 116.582500097542336, 56.420825214056286, 0.0 ], [ 116.608316196499331, 56.430401002053848, 0.0 ], [ 116.63116049716821, 56.433541409300126, 0.0 ], [ 116.643254683575407, 56.439720502274817, 0.0 ], [ 116.68035100017822, 56.44326460149442, 0.0 ], [ 116.703499905165131, 56.442517427638933, 0.0 ], [ 116.742813577581984, 56.435038321461498, 0.0 ], [ 116.782035494485385, 56.435464833893228, 0.0 ], [ 116.841606404453273, 56.439002854547915, 0.0 ], [ 116.849720744490398, 56.441091434154757, 0.0 ], [ 116.868592957112426, 56.45000268727491, 0.0 ], [ 116.902349195819738, 56.458395926338092, 0.0 ], [ 116.914484813592779, 56.464553033110299, 0.0 ], [ 116.917509078619773, 56.468302671167308, 0.0 ], [ 116.97359570407211, 56.4829969274953, 0.0 ], [ 117.011139213180343, 56.476171283316013, 0.0 ], [ 117.044992760513281, 56.472661425104015, 0.0 ], [ 117.055437384923493, 56.469866821731358, 0.0 ], [ 117.075356714266505, 56.467556495628152, 0.0 ], [ 117.099345584599632, 56.471166083886672, 0.0 ] ] } },
{ "type": "Feature", "properties": { "average_dip": "(50,40,60)", "average_rake": null, "catalog_id": "NEA_192", "catalog_name": "GEM_NE_Asia", "dip_dir": "SE", "lower_seis_depth": null, "name": null, "net_slip_rate": null, "slip_type": "Normal", "upper_seis_depth": null, "downthrown_side_id": null, "reference": "DEM", "epistemic_quality": "1", "accuracy": "50000", "activity_confidence": "1", "fs_name": null, "last_movement": null, "downthrown_side_dir": "SE", "vert_sep_rate": null, "strike_slip_rate": null, "exposure_quality": "1", "shortening_rate": null, "notes": null, "index_right": 47, "NAME_EN": "Russia" }, "geometry": { "type": "LineString", "coordinates": [ [ 117.301702598980341, 56.612327761678443, 0.0 ], [ 117.322084617553443, 56.61260230230004, 0.0 ], [ 117.340570687976367, 56.615943786320891, 0.0 ], [ 117.359568722286923, 56.621651206068194, 0.0 ], [ 117.393202762694585, 56.634049963342648, 0.0 ], [ 117.425093676059049, 56.648909722356201, 0.0 ], [ 117.434452317114022, 56.650791508030927, 0.0 ], [ 117.449533575817696, 56.65881131846244, 0.0 ], [ 117.484523039480138, 56.655172981123542, 0.0 ], [ 117.500060054352048, 56.654977321641638, 0.0 ], [ 117.52409458786525, 56.657482381739392, 0.0 ], [ 117.552122618696217, 56.667307067061707, 0.0 ], [ 117.560452505606875, 56.673989055913935, 0.0 ], [ 117.564176431073292, 56.679024197686722, 0.0 ], [ 117.574711839539845, 56.683285079001607, 0.0 ], [ 117.598731657905731, 56.690903423382345, 0.0 ], [ 117.613475388173754, 56.693375783629548, 0.0 ], [ 117.637868569477803, 56.693951392491229, 0.0 ], [ 117.662963834427345, 56.708036138618887, 0.0 ], [ 117.703356048189221, 56.706693683157575, 0.0 ], [ 117.758781418453694, 56.710085897093457, 0.0 ], [ 117.778352399950734, 56.708565432016222, 0.0 ], [ 117.797268494810282, 56.710865812945322, 0.0 ], [ 117.805319407982608, 56.716882490186386, 0.0 ], [ 117.815422285820986, 56.719332443961179, 0.0 ], [ 117.85623095876457, 56.736752289509447, 0.0 ], [ 117.866977193504596, 56.75074660951568, 0.0 ], [ 117.875403085315767, 56.755773185484372, 0.0 ], [ 117.881497063206965, 56.76464116205306, 0.0 ], [ 117.892222091519542, 56.775144210821523, 0.0 ], [ 117.895307346915985, 56.780503484707396, 0.0 ], [ 117.896777779383171, 56.787734116481232, 0.0 ], [ 117.901408126746745, 56.791930603154093, 0.0 ], [ 117.895627600243031, 56.796520669160785, 0.0 ], [ 117.899504132118153, 56.806882949066441, 0.0 ], [ 117.924539276727145, 56.819666012584719, 0.0 ], [ 117.941474594412185, 56.840876213821581, 0.0 ], [ 117.94493052701101, 56.847808040935838, 0.0 ], [ 117.953996269561387, 56.855761913543418, 0.0 ], [ 117.970812341823645, 56.875822585294685, 0.0 ], [ 117.987753894663598, 56.887599522516823, 0.0 ], [ 117.994804613303771, 56.897017192137476, 0.0 ], [ 118.006013219709047, 56.905811216159549, 0.0 ], [ 118.052099484496537, 56.930668698361217, 0.0 ], [ 118.064444993954552, 56.939987312263739, 0.0 ], [ 118.085556469545637, 56.951479453292862, 0.0 ], [ 118.088784236240642, 56.957045982630525, 0.0 ], [ 118.086606086635129, 56.96202817791351, 0.0 ], [ 118.076067171203078, 56.976643598744594, 0.0 ], [ 118.066971547151809, 56.98312804913305, 0.0 ], [ 118.067682021248828, 56.990467714213707, 0.0 ], [ 118.085591078894097, 57.002323922426662, 0.0 ], [ 118.111551346599839, 57.009828220982399, 0.0 ], [ 118.120296793217676, 57.013633714223019, 0.0 ], [ 118.132827535792771, 57.024083542036408, 0.0 ], [ 118.164080107960217, 57.03567258614013, 0.0 ], [ 118.180961602217451, 57.043719807419571, 0.0 ], [ 118.183364399768493, 57.047197665951451, 0.0 ], [ 118.200867989147227, 57.06108356108826, 0.0 ], [ 118.226567379955441, 57.070475008680596, 0.0 ], [ 118.242543648058216, 57.072487224753253, 0.0 ], [ 118.253974525570314, 57.079838345837487, 0.0 ], [ 118.26110409721143, 57.081671261930545, 0.0 ], [ 118.280173511266298, 57.081351611559505, 0.0 ], [ 118.31624914946029, 57.07415105819971, 0.0 ], [ 118.331315043526686, 57.074779765133798, 0.0 ], [ 118.415934074922006, 57.06973836544028, 0.0 ], [ 118.433379229476046, 57.069995551250713, 0.0 ], [ 118.448726527166571, 57.07615907555526, 0.0 ], [ 118.476278857971678, 57.072776730817594, 0.0 ], [ 118.486025167304618, 57.073852460026686, 0.0 ], [ 118.491743358020827, 57.076240838800736, 0.0 ], [ 118.504047737921823, 57.085193253206796, 0.0 ], [ 118.504756227815463, 57.091140263960646, 0.0 ], [ 118.509155293049773, 57.098852870798794, 0.0 ], [ 118.528907548052587, 57.101893214446804, 0.0 ], [ 118.538918499942795, 57.105953816123261, 0.0 ], [ 118.543376650164404, 57.11086223089665, 0.0 ], [ 118.559748444674597, 57.119772440938391, 0.0 ], [ 118.592874101186766, 57.122974586017719, 0.0 ], [ 118.599614777504158, 57.126484679257103, 0.0 ], [ 118.622904160718548, 57.149120832825126, 0.0 ], [ 118.627216283157111, 57.156611820416259, 0.0 ], [ 118.642958608486467, 57.162584735898697, 0.0 ], [ 118.655309679855705, 57.172336811785804, 0.0 ], [ 118.687800896237746, 57.180396675351716, 0.0 ], [ 118.699647342951778, 57.186264500252094, 0.0 ], [ 118.715428543590107, 57.188150197934121, 0.0 ], [ 118.723986386999087, 57.195104077173056, 0.0 ], [ 118.732707306323277, 57.197840110754875, 0.0 ], [ 118.786230217872642, 57.201718256477626, 0.0 ], [ 118.810643337314602, 57.213098616391243, 0.0 ], [ 118.827994035858737, 57.216713167640151, 0.0 ], [ 118.835305363582478, 57.220011627453339, 0.0 ], [ 118.841591845505675, 57.225448186928872, 0.0 ], [ 118.881966763341822, 57.247519663195604, 0.0 ] ] } },
{ "type": "Feature", "properties": { "average_dip": "(50,40,60)", "average_rake": null, "catalog_id": "NEA_193", "catalog_name": "GEM_NE_Asia", "dip_dir": "NW", "lower_seis_depth": null, "name": null, "net_slip_rate": null, "slip_type": "Normal", "upper_seis_depth": null, "downthrown_side_id": null, "reference": "DEM", "epistemic_quality": "1", "accuracy": "45000", "activity_confidence": "1", "fs_name": null, "last_movement": null, "downthrown_side_dir": "NW", "vert_sep_rate": null, "strike_slip_rate": null, "exposure_quality": "1", "shortening_rate": null, "notes": null, "index_right": 47, "NAME_EN": "Russia" }, "geometry": { "type": "LineString", "coordinates": [ [ 111.208316811551541, 55.133085412515555, 0.0 ], [ 111.220565280446678, 55.136014131087244, 0.0 ], [ 111.223704557486499, 55.141206856961503, 0.0 ], [ 111.231369592290207, 55.147288504534899, 0.0 ], [ 111.238765640369493, 55.150746656511089, 0.0 ], [ 111.257551443630987, 55.165989634764252, 0.0 ], [ 111.267619203560741, 55.170191947738275, 0.0 ], [ 111.273375253352341, 55.17475091046667, 0.0 ], [ 111.285187473671058, 55.179337683113943, 0.0 ], [ 111.289071888962084, 55.181910168849889, 0.0 ], [ 111.290413240709313, 55.18591472104, 0.0 ], [ 111.309922045753325, 55.19299998263434, 0.0 ], [ 111.324759646864408, 55.207169685544564, 0.0 ], [ 111.332089577906814, 55.207978833263425, 0.0 ], [ 111.33505121940135, 55.210190404530067, 0.0 ], [ 111.363883285189985, 55.218551190750375, 0.0 ] ] } },
{ "type": "Feature", "properties": { "average_dip": "(60,50,70)", "average_rake": null, "catalog_id": "NEA_194", "catalog_name": "GEM_NE_Asia", "dip_dir": "SE", "lower_seis_depth": null, "name": null, "net_slip_rate": null, "slip_type": "Normal-Sinistral", "upper_seis_depth": null, "downthrown_side_id": null, "reference": "DEM", "epistemic_quality": "1", "accuracy": "50000", "activity_confidence": "1", "fs_name": null, "last_movement": null, "downthrown_side_dir": "SE", "vert_sep_rate": null, "strike_slip_rate": null, "exposure_quality": "1", "shortening_rate": null, "notes": null, "index_right": 47, "NAME_EN": "Russia" }, "geometry": { "type": "LineString", "coordinates": [ [ 111.224461184147941, 55.096947558639222, 0.0 ], [ 111.228918233205221, 55.099458897445345, 0.0 ], [ 111.250342257306741, 55.105186919881383, 0.0 ], [ 111.279987109491159, 55.11923864206188, 0.0 ], [ 111.290662064942751, 55.121065701762419, 0.0 ], [ 111.328148345797004, 55.133209536298615, 0.0 ], [ 111.355708836830303, 55.140325506448569, 0.0 ], [ 111.378512875471216, 55.150038745438891, 0.0 ], [ 111.395924493977631, 55.153884330758004, 0.0 ], [ 111.408438391319493, 55.158731173203812, 0.0 ] ] } },
{ "type": "Feature", "properties": { "average_dip": "(60,50,70)", "average_rake": null, "catalog_id": "NEA_195", "catalog_name": "GEM_NE_Asia", "dip_dir": "NW", "lower_seis_depth": null, "name": null, "net_slip_rate": null, "slip_type": "Normal-Sinistral", "upper_seis_depth": null, "downthrown_side_id": null, "reference": "DEM", "epistemic_quality": "1", "accuracy": "50000", "activity_confidence": "1", "fs_name": null, "last_movement": null, "downthrown_side_dir": "NW", "vert_sep_rate": null, "strike_slip_rate": null, "exposure_quality": "1", "shortening_rate": null, "notes": null, "index_right": 47, "NAME_EN": "Russia" }, "geometry": { "type": "LineString", "coordinates": [ [ 111.318207178624107, 55.119767690290836, 0.0 ], [ 111.326038448744697, 55.122712861936968, 0.0 ], [ 111.355914621483649, 55.127150744844982, 0.0 ], [ 111.396266231708708, 55.138155899181278, 0.0 ], [ 111.411439829111373, 55.140747007198783, 0.0 ], [ 111.433480984901692, 55.139806900934587, 0.0 ], [ 111.445143191924359, 55.140937599834743, 0.0 ], [ 111.463590781517738, 55.146045570141709, 0.0 ], [ 111.470745396131178, 55.148136199998618, 0.0 ], [ 111.480497014638928, 55.154322943945793, 0.0 ], [ 111.497906776260635, 55.159311801733494, 0.0 ], [ 111.50700911110853, 55.17306951975381, 0.0 ], [ 111.512604339891084, 55.176485766706683, 0.0 ], [ 111.521244154732543, 55.178178433939912, 0.0 ], [ 111.534661930956204, 55.183838764059374, 0.0 ], [ 111.545781632756558, 55.186292517258202, 0.0 ], [ 111.560895519631387, 55.187146212916929, 0.0 ], [ 111.572801490661348, 55.191010589140006, 0.0 ], [ 111.594582770121093, 55.191001438148412, 0.0 ], [ 111.608456558502326, 55.194412603084892, 0.0 ], [ 111.621381861221508, 55.200352229414882, 0.0 ], [ 111.627744760893108, 55.206564050811892, 0.0 ], [ 111.642520844143149, 55.20964076213231, 0.0 ], [ 111.659642343606436, 55.210722120861483, 0.0 ], [ 111.672051271465477, 55.213946260551424, 0.0 ], [ 111.678178247010521, 55.215624398261923, 0.0 ], [ 111.689819631443811, 55.224242132272096, 0.0 ], [ 111.701537729973438, 55.22690708078715, 0.0 ], [ 111.71145503819541, 55.232254984312732, 0.0 ], [ 111.743214687254039, 55.237682520965784, 0.0 ], [ 111.779547684858329, 55.257476259264166, 0.0 ], [ 111.786829026312333, 55.264502329846984, 0.0 ], [ 111.791076896690399, 55.272101297577606, 0.0 ], [ 111.800615516333394, 55.279795077176821, 0.0 ], [ 111.81125953296339, 55.283670543911526, 0.0 ], [ 111.831988191845554, 55.297945391138192, 0.0 ], [ 111.845900724160657, 55.304218797074583, 0.0 ], [ 111.872932454159937, 55.328392051254774, 0.0 ], [ 111.889271008675365, 55.335772013176403, 0.0 ], [ 111.905833072702791, 55.353048838595335, 0.0 ] ] } },
{ "type": "Feature", "properties": { "average_dip": "(60,40,70)", "average_rake": null, "catalog_id": "NEA_196", "catalog_name": "GEM_NE_Asia", "dip_dir": "E", "lower_seis_depth": null, "name": null, "net_slip_rate": null, "slip_type": "Normal", "upper_seis_depth": null, "downthrown_side_id": null, "reference": "DEM", "epistemic_quality": "2", "accuracy": "100000", "activity_confidence": "2", "fs_name": null, "last_movement": null, "downthrown_side_dir": "E", "vert_sep_rate": null, "strike_slip_rate": null, "exposure_quality": "2", "shortening_rate": null, "notes": "Could be normal-oblique.  Hard to make out kinematics here.", "index_right": 47, "NAME_EN": "Russia" }, "geometry": { "type": "LineString", "coordinates": [ [ 119.449707222646424, 57.367608036945541, 0.0 ], [ 119.45542913770511, 57.371594526168089, 0.0 ], [ 119.458424810756284, 57.379040587647133, 0.0 ], [ 119.476869985774513, 57.394495120389507, 0.0 ], [ 119.492856734010161, 57.410899238719736, 0.0 ], [ 119.506906423554341, 57.419952257797753, 0.0 ], [ 119.509103334454807, 57.424681479424756, 0.0 ], [ 119.512729900189697, 57.448459081733716, 0.0 ], [ 119.511809116797906, 57.457103640479616, 0.0 ], [ 119.514573210566326, 57.464089528029227, 0.0 ], [ 119.519492087205535, 57.468537775140121, 0.0 ], [ 119.565938066604488, 57.483216134309117, 0.0 ], [ 119.572722717675944, 57.493640172461944, 0.0 ], [ 119.582629206479737, 57.503436507801823, 0.0 ], [ 119.583968435966881, 57.507834905781515, 0.0 ], [ 119.592157017531747, 57.517094054240346, 0.0 ], [ 119.601156368535044, 57.522594421339441, 0.0 ], [ 119.602677830048435, 57.526534430972127, 0.0 ], [ 119.612968218606824, 57.535637301082815, 0.0 ], [ 119.614298747068332, 57.543094274380898, 0.0 ], [ 119.618325774843655, 57.546645526260249, 0.0 ], [ 119.620831534782937, 57.552718872164753, 0.0 ], [ 119.631604870541878, 57.565887849244994, 0.0 ], [ 119.631617004507632, 57.569287067644254, 0.0 ], [ 119.642426152506815, 57.579732590842866, 0.0 ], [ 119.648737226796143, 57.592300387981517, 0.0 ] ] } },
{ "type": "Feature", "properties": { "average_dip": "(60,40,70)", "average_rake": null, "catalog_id": "NEA_197", "catalog_name": "GEM_NE_Asia", "dip_dir": "SE", "lower_seis_depth": null, "name": null, "net_slip_rate": null, "slip_type": "Normal-Sinistral", "upper_seis_depth": null, "downthrown_side_id": null, "reference": "DEM", "epistemic_quality": "1", "accuracy": "100000", "activity_confidence": "2", "fs_name": null, "last_movement": null, "downthrown_side_dir": "SE", "vert_sep_rate": null, "strike_slip_rate": null, "exposure_quality": "1", "shortening_rate": null, "notes": "Kinematics are a guess, but fault is clear in landscape", "index_right": 47, "NAME_EN": "Russia" }, "geometry": { "type": "LineString", "coordinates": [ [ 120.45072976903927, 57.386112915183375, 0.0 ], [ 120.479234385654507, 57.395718920717023, 0.0 ], [ 120.524190630899369, 57.405640395086699, 0.0 ], [ 120.536029331714403, 57.406288195251385, 0.0 ], [ 120.583170986541603, 57.419843391013927, 0.0 ], [ 120.637617017206011, 57.426863832957693, 0.0 ], [ 120.661583124081474, 57.437230016475226, 0.0 ] ] } },
{ "type": "Feature", "properties": { "average_dip": "(50,40,60)", "average_rake": null, "catalog_id": "NEA_198", "catalog_name": "GEM_NE_Asia", "dip_dir": "S", "lower_seis_depth": null, "name": null, "net_slip_rate": null, "slip_type": "Normal", "upper_seis_depth": null, "downthrown_side_id": null, "reference": "DEM", "epistemic_quality": "1", "accuracy": "150000", "activity_confidence": "2", "fs_name": null, "last_movement": null, "downthrown_side_dir": "S", "vert_sep_rate": null, "strike_slip_rate": null, "exposure_quality": "2", "shortening_rate": null, "notes": "Possible fault hosting a cluster of similarly-oriented normal faulting earthquakes in late 2011", "index_right": 47, "NAME_EN": "Russia" }, "geometry": { "type": "LineString", "coordinates": [ [ 120.547367823370166, 57.464076143549967, 0.0 ], [ 120.596496194091046, 57.472863117784485, 0.0 ], [ 120.615522303574025, 57.473687796866884, 0.0 ], [ 120.674453172890722, 57.48099346837396, 0.0 ], [ 120.718827541842572, 57.490659669215738, 0.0 ] ] } },
{ "type": "Feature", "properties": { "average_dip": "(60,40,70)", "average_rake": null, "catalog_id": "NEA_199", "catalog_name": "GEM_NE_Asia", "dip_dir": "E", "lower_seis_depth": null, "name": null, "net_slip_rate": null, "slip_type": "Dextral-Normal", "upper_seis_depth": null, "downthrown_side_id": null, "reference": "DEM", "epistemic_quality": "1", "accuracy": "150000", "activity_confidence": "2", "fs_name": null, "last_movement": null, "downthrown_side_dir": "E", "vert_sep_rate": null, "strike_slip_rate": null, "exposure_quality": "1", "shortening_rate": null, "notes": "Nice exposure in the DEM; activity (and to a lesser degree, kinematics) uncertain.", "index_right": 47, "NAME_EN": "Russia" }, "geometry": { "type": "LineString", "coordinates": [ [ 120.404544485733439, 57.308300887951511, 0.0 ], [ 120.410098554447899, 57.320811102370449, 0.0 ], [ 120.410908352003887, 57.334559363110159, 0.0 ], [ 120.419808790036925, 57.346764181919497, 0.0 ], [ 120.441085490721051, 57.366883748718067, 0.0 ], [ 120.446695703068755, 57.374378778985218, 0.0 ], [ 120.45223882203409, 57.392217542384678, 0.0 ], [ 120.462465555395369, 57.407903779708519, 0.0 ], [ 120.469685294492308, 57.414335960393913, 0.0 ], [ 120.479957475518688, 57.427743489783623, 0.0 ], [ 120.48172834338807, 57.440084805344988, 0.0 ], [ 120.484314397514709, 57.443662266613373, 0.0 ], [ 120.492155928452362, 57.452688346078553, 0.0 ], [ 120.505304544058291, 57.459439426562199, 0.0 ], [ 120.512338624903876, 57.466096605359418, 0.0 ], [ 120.524499309277232, 57.473661743056475, 0.0 ], [ 120.53354589570074, 57.484585416123252, 0.0 ], [ 120.550189580785485, 57.492842930176835, 0.0 ], [ 120.568680942061036, 57.497653697411721, 0.0 ] ] } },
{ "type": "Feature", "properties": { "average_dip": "(65,50,75)", "average_rake": null, "catalog_id": "NEA_200", "catalog_name": "GEM_NE_Asia", "dip_dir": "W", "lower_seis_depth": null, "name": null, "net_slip_rate": null, "slip_type": "Dextral-Normal", "upper_seis_depth": null, "downthrown_side_id": null, "reference": "DEM", "epistemic_quality": "2", "accuracy": "100000", "activity_confidence": "2", "fs_name": null, "last_movement": null, "downthrown_side_dir": "W", "vert_sep_rate": null, "strike_slip_rate": null, "exposure_quality": "2", "shortening_rate": null, "notes": "Lots of uplift, possible ruptures in landsat.", "index_right": 47, "NAME_EN": "Russia" }, "geometry": { "type": "LineString", "coordinates": [ [ 120.397155139961242, 57.383866614460572, 0.0 ], [ 120.394986916478544, 57.38868729638947, 0.0 ], [ 120.394795312295912, 57.414486408796662, 0.0 ], [ 120.398203123697613, 57.437698791352673, 0.0 ], [ 120.405616162321735, 57.455252988093058, 0.0 ], [ 120.411118569376725, 57.458426523623572, 0.0 ], [ 120.412157056354616, 57.472367019101711, 0.0 ], [ 120.408582458924514, 57.478119415408536, 0.0 ], [ 120.415818696192161, 57.504515748848291, 0.0 ], [ 120.42384594188664, 57.518862030208055, 0.0 ], [ 120.429110058947572, 57.524419031578866, 0.0 ], [ 120.430225811070002, 57.533694149233227, 0.0 ], [ 120.434127927134739, 57.540753283902603, 0.0 ], [ 120.434594361442592, 57.546979039417856, 0.0 ], [ 120.427350812617718, 57.562892734666519, 0.0 ], [ 120.428406245848052, 57.568536892022962, 0.0 ], [ 120.421336481855391, 57.583987933510784, 0.0 ], [ 120.42216858464316, 57.600737087226541, 0.0 ], [ 120.429027846825065, 57.619050326027391, 0.0 ], [ 120.425307761596272, 57.631359704880197, 0.0 ] ] } },
{ "type": "Feature", "properties": { "average_dip": "(50,40,60)", "average_rake": null, "catalog_id": "NEA_201", "catalog_name": "GEM_NE_Asia", "dip_dir": "S", "lower_seis_depth": null, "name": null, "net_slip_rate": null, "slip_type": "Normal", "upper_seis_depth": null, "downthrown_side_id": null, "reference": "DEM", "epistemic_quality": "1", "accuracy": "200000", "activity_confidence": "2", "fs_name": null, "last_movement": null, "downthrown_side_dir": "S", "vert_sep_rate": null, "strike_slip_rate": null, "exposure_quality": "2", "shortening_rate": null, "notes": "Uplift along this fault, but when?", "index_right": 47, "NAME_EN": "Russia" }, "geometry": { "type": "LineString", "coordinates": [ [ 119.859108808243661, 57.620168959352661, 0.0 ], [ 119.879820324663413, 57.626780300818254, 0.0 ], [ 119.937833366302314, 57.635591442547202, 0.0 ], [ 119.978916231919953, 57.643598703251143, 0.0 ], [ 119.998856871232775, 57.645008791680091, 0.0 ], [ 120.051161148116364, 57.662284679927517, 0.0 ], [ 120.094733209381488, 57.669317362935544, 0.0 ], [ 120.142951272632942, 57.688011952651031, 0.0 ], [ 120.193450372645501, 57.714561223000601, 0.0 ], [ 120.200692170924327, 57.721194349242104, 0.0 ] ] } },
{ "type": "Feature", "properties": { "average_dip": "(90,60,90)", "average_rake": null, "catalog_id": "NEA_202", "catalog_name": "GEM_NE_Asia", "dip_dir": "S", "lower_seis_depth": null, "name": null, "net_slip_rate": null, "slip_type": "Sinistral", "upper_seis_depth": null, "downthrown_side_id": null, "reference": "DEM", "epistemic_quality": "2", "accuracy": "250000", "activity_confidence": "2", "fs_name": null, "last_movement": null, "downthrown_side_dir": "S", "vert_sep_rate": null, "strike_slip_rate": null, "exposure_quality": "2", "shortening_rate": null, "notes": "Somewhere within a few hundred km, there is ~1mm/yr of sinistral slip. This looks like the most likely location.", "index_right": 47, "NAME_EN": "Russia" }, "geometry": { "type": "LineString", "coordinates": [ [ 128.060290104268688, 56.420251888193775, 0.0 ], [ 128.080349992915245, 56.415104079853641, 0.0 ], [ 128.165131779873946, 56.402142332275623, 0.0 ], [ 128.219918677018057, 56.389711501750057, 0.0 ], [ 128.282367167295178, 56.378276086234237, 0.0 ], [ 128.328078703913718, 56.37182987431656, 0.0 ], [ 128.362033590134132, 56.37013383339611, 0.0 ], [ 128.398097468145266, 56.366011133787218, 0.0 ], [ 128.41970657573637, 56.360292776981936, 0.0 ], [ 128.446655966003135, 56.356620736208647, 0.0 ], [ 128.464345456892119, 56.352485665555889, 0.0 ], [ 128.494959857423794, 56.350825395688275, 0.0 ], [ 128.583268363259123, 56.337079986216473, 0.0 ], [ 128.645214476475473, 56.323027561247237, 0.0 ], [ 128.669246827741546, 56.319480517263173, 0.0 ], [ 128.690316369355628, 56.320720785508691, 0.0 ], [ 128.733625012982316, 56.310150121270482, 0.0 ], [ 128.833524282372224, 56.298735071017944, 0.0 ], [ 128.869024435078757, 56.2890072811362, 0.0 ], [ 128.901050826701663, 56.285951211867683, 0.0 ], [ 128.913549093321876, 56.280892038882946, 0.0 ], [ 128.955790742458476, 56.269174263954071, 0.0 ], [ 128.977845466537246, 56.266396760534093, 0.0 ], [ 129.011702275986011, 56.256963241665112, 0.0 ], [ 129.048126094421804, 56.250407397141274, 0.0 ], [ 129.142628722026359, 56.224985335231501, 0.0 ], [ 129.295153204153536, 56.190609974645398, 0.0 ], [ 129.331496139699453, 56.176574720308587, 0.0 ], [ 129.419380957140532, 56.147426348497888, 0.0 ], [ 129.43334070419661, 56.137832784316757, 0.0 ], [ 129.454060589054194, 56.128801451488428, 0.0 ], [ 129.477814381506192, 56.114483161928781, 0.0 ] ] } },
{ "type": "Feature", "properties": { "average_dip": "(90,,)", "average_rake": null, "catalog_id": "NEA_203", "catalog_name": "GEM_NE_Asia", "dip_dir": null, "lower_seis_depth": null, "name": null, "net_slip_rate": null, "slip_type": "Sinistral", "upper_seis_depth": null, "downthrown_side_id": null, "reference": "DEM", "epistemic_quality": "1", "accuracy": "150000", "activity_confidence": "1", "fs_name": null, "last_movement": null, "downthrown_side_dir": null, "vert_sep_rate": null, "strike_slip_rate": null, "exposure_quality": "1", "shortening_rate": null, "notes": "Slightly better sign of activity and trace than adjacent segment to NW, but still poor.", "index_right": 47, "NAME_EN": "Russia" }, "geometry": { "type": "LineString", "coordinates": [ [ 129.563975932673628, 56.066489955084656, 0.0 ], [ 129.61925619659192, 56.044595249896943, 0.0 ], [ 129.652253249366623, 56.023908314438515, 0.0 ], [ 129.740574400852324, 55.989077314868595, 0.0 ], [ 129.752184405649132, 55.981787961940725, 0.0 ], [ 129.76649865261686, 55.969798961690806, 0.0 ], [ 129.810908513865513, 55.943416433169723, 0.0 ], [ 129.818800073388132, 55.937492794230991, 0.0 ], [ 129.828717134537385, 55.923052802437603, 0.0 ], [ 129.882079078034224, 55.892285433340511, 0.0 ], [ 129.910722214886761, 55.871058598648922, 0.0 ], [ 129.945932807536508, 55.851788528377213, 0.0 ], [ 129.986446310747567, 55.821571584950405, 0.0 ], [ 129.996371155803899, 55.815516196559912, 0.0 ], [ 130.012523967866542, 55.810627242801324, 0.0 ] ] } },
{ "type": "Feature", "properties": { "average_dip": "(90,,)", "average_rake": null, "catalog_id": "NEA_204", "catalog_name": "GEM_NE_Asia", "dip_dir": null, "lower_seis_depth": null, "name": null, "net_slip_rate": null, "slip_type": "Sinistral", "upper_seis_depth": null, "downthrown_side_id": null, "reference": "DEM", "epistemic_quality": "2", "accuracy": "100000", "activity_confidence": "2", "fs_name": null, "last_movement": null, "downthrown_side_dir": null, "vert_sep_rate": null, "strike_slip_rate": null, "exposure_quality": "2", "shortening_rate": null, "notes": null, "index_right": 47, "NAME_EN": "Russia" }, "geometry": { "type": "LineString", "coordinates": [ [ 130.01000044263057, 55.83835668792549, 0.0 ], [ 130.045119393682626, 55.822224647833423, 0.0 ], [ 130.069692815247805, 55.813347696296731, 0.0 ], [ 130.158675107799041, 55.787460904165265, 0.0 ], [ 130.185295685665608, 55.783130372712485, 0.0 ], [ 130.313809936595106, 55.749527502124579, 0.0 ], [ 130.351552956303948, 55.742544963937959, 0.0 ], [ 130.386956270286845, 55.732999465864921, 0.0 ], [ 130.472299920584646, 55.707302305413862, 0.0 ], [ 130.538803637999052, 55.683141798063616, 0.0 ], [ 130.596533656166145, 55.667794204036767, 0.0 ], [ 130.614844525329062, 55.660268139104943, 0.0 ] ] } },
{ "type": "Feature", "properties": { "average_dip": "(90,,)", "average_rake": null, "catalog_id": "NEA_205", "catalog_name": "GEM_NE_Asia", "dip_dir": null, "lower_seis_depth": null, "name": null, "net_slip_rate": null, "slip_type": "Sinistral", "upper_seis_depth": null, "downthrown_side_id": null, "reference": "DEM", "epistemic_quality": "1", "accuracy": "100000", "activity_confidence": "1", "fs_name": null, "last_movement": null, "downthrown_side_dir": null, "vert_sep_rate": null, "strike_slip_rate": null, "exposure_quality": "2", "shortening_rate": null, "notes": "Looks a bit more active than neighbors to W. But where does it go to the E?", "index_right": 47, "NAME_EN": "Russia" }, "geometry": { "type": "LineString", "coordinates": [ [ 130.763554756998246, 55.677127693212363, 0.0 ], [ 130.796244756254538, 55.670023577348033, 0.0 ], [ 130.828607817295193, 55.665630437395798, 0.0 ], [ 130.878135712988353, 55.664308268029373, 0.0 ], [ 130.919287391687163, 55.658146096572331, 0.0 ], [ 130.994035917576014, 55.650361671730252, 0.0 ], [ 131.068825438897761, 55.634636142986366, 0.0 ], [ 131.100168269500756, 55.625518797848144, 0.0 ], [ 131.25764819066697, 55.600058604240957, 0.0 ], [ 131.34517752030149, 55.583049409182223, 0.0 ], [ 131.403799969740987, 55.574258159434578, 0.0 ], [ 131.445982978388969, 55.574812515097967, 0.0 ], [ 131.489208504631705, 55.577526889469375, 0.0 ], [ 131.53112463101462, 55.57561911311128, 0.0 ] ] } },
{ "type": "Feature", "properties": { "average_dip": "(90,,)", "average_rake": null, "catalog_id": "NEA_206", "catalog_name": "GEM_NE_Asia", "dip_dir": null, "lower_seis_depth": null, "name": null, "net_slip_rate": null, "slip_type": "Sinistral", "upper_seis_depth": null, "downthrown_side_id": null, "reference": "DEM", "epistemic_quality": "1", "accuracy": "100000", "activity_confidence": "1", "fs_name": null, "last_movement": null, "downthrown_side_dir": null, "vert_sep_rate": null, "strike_slip_rate": null, "exposure_quality": "1", "shortening_rate": null, "notes": "Most convincing tectonic geomorphology east of Baikal", "index_right": 47, "NAME_EN": "Russia" }, "geometry": { "type": "LineString", "coordinates": [ [ 130.93411723252359, 54.873845545130884, 0.0 ], [ 131.030190666555313, 54.877422028638868, 0.0 ], [ 131.075354306643476, 54.877004054901185, 0.0 ], [ 131.090290865385242, 54.878807168298856, 0.0 ], [ 131.112225275099803, 54.888357126743642, 0.0 ], [ 131.141781787686, 54.896838695510041, 0.0 ], [ 131.180604409425285, 54.905333057426439, 0.0 ], [ 131.242129560251897, 54.91525045197038, 0.0 ], [ 131.309963624178948, 54.921440034249088, 0.0 ], [ 131.434315097970341, 54.926068698325444, 0.0 ], [ 131.467413153952663, 54.925875293309581, 0.0 ], [ 131.535108109079914, 54.934389573942084, 0.0 ], [ 131.558426419296296, 54.933620507525816, 0.0 ], [ 131.579616068515492, 54.936777554363644, 0.0 ], [ 131.590141838526506, 54.940137586023106, 0.0 ], [ 131.640348425080759, 54.942153270045623, 0.0 ], [ 131.750455956383377, 54.968524304540786, 0.0 ], [ 131.843399161497899, 54.995242241161733, 0.0 ], [ 131.90926744751718, 55.007570033683166, 0.0 ], [ 131.947012308496568, 55.017205345691572, 0.0 ], [ 131.988237152837854, 55.023530240461383, 0.0 ], [ 132.036831939023529, 55.027474614511732, 0.0 ], [ 132.114442554700162, 55.039460314535368, 0.0 ], [ 132.15954258608906, 55.05166166465095, 0.0 ], [ 132.182919948481498, 55.061374108918564, 0.0 ] ] } },
{ "type": "Feature", "properties": { "average_dip": "(50,40,70)", "average_rake": null, "catalog_id": "NEA_207", "catalog_name": "GEM_NE_Asia", "dip_dir": "N", "lower_seis_depth": null, "name": null, "net_slip_rate": null, "slip_type": "Normal-Sinistral", "upper_seis_depth": null, "downthrown_side_id": null, "reference": "DEM", "epistemic_quality": "1", "accuracy": "60000", "activity_confidence": "1", "fs_name": null, "last_movement": null, "downthrown_side_dir": "N", "vert_sep_rate": null, "strike_slip_rate": null, "exposure_quality": "1", "shortening_rate": null, "notes": "Nice basalts in hanging wall.  Maybe not sinistral(?)  Normal faulting is based on what look like very nice triangular facets.", "index_right": 47, "NAME_EN": "Russia" }, "geometry": { "type": "LineString", "coordinates": [ [ 131.77870715360234, 55.511754398986632, 0.0 ], [ 131.808233823376185, 55.504942872505922, 0.0 ], [ 131.836334436226167, 55.49092688089511, 0.0 ], [ 131.841873328887573, 55.486458019105257, 0.0 ], [ 131.854547835286098, 55.481416556233597, 0.0 ], [ 131.871977664486565, 55.479482074234667, 0.0 ], [ 131.883684524193569, 55.48002907240663, 0.0 ], [ 131.912320139784583, 55.487610009712, 0.0 ], [ 131.96336351748306, 55.483872383936948, 0.0 ], [ 131.968618753861534, 55.485299872586381, 0.0 ], [ 131.981346155394505, 55.484718766805649, 0.0 ], [ 132.009702541091315, 55.481486167695344, 0.0 ], [ 132.038166168314746, 55.482949112418069, 0.0 ], [ 132.06216001887347, 55.480697652544443, 0.0 ], [ 132.070395959782957, 55.482519437529454, 0.0 ], [ 132.109613820018353, 55.474575493504609, 0.0 ], [ 132.148552024196505, 55.462171140950041, 0.0 ], [ 132.212987788652299, 55.436564322223539, 0.0 ], [ 132.244021979014519, 55.42924457667818, 0.0 ], [ 132.284599091437371, 55.423063121751426, 0.0 ], [ 132.409604969823249, 55.417690515600803, 0.0 ] ] } },
{ "type": "Feature", "properties": { "average_dip": "(90,,)", "average_rake": null, "catalog_id": "NEA_208", "catalog_name": "GEM_NE_Asia", "dip_dir": null, "lower_seis_depth": null, "name": null, "net_slip_rate": null, "slip_type": "Sinistral", "upper_seis_depth": null, "downthrown_side_id": null, "reference": "DEM", "epistemic_quality": "1", "accuracy": "100000", "activity_confidence": "1", "fs_name": null, "last_movement": null, "downthrown_side_dir": null, "vert_sep_rate": null, "strike_slip_rate": null, "exposure_quality": "1", "shortening_rate": null, "notes": "Cool little connector fault", "index_right": 47, "NAME_EN": "Russia" }, "geometry": { "type": "LineString", "coordinates": [ [ 131.466451717323338, 55.635518122144049, 0.0 ], [ 131.534270944532466, 55.613109600678612, 0.0 ], [ 131.567248134714049, 55.600369131981061, 0.0 ], [ 131.616646854872727, 55.586827749958829, 0.0 ], [ 131.709528359190926, 55.551975006669252, 0.0 ], [ 131.805439264976798, 55.523342621380614, 0.0 ], [ 131.923168897548265, 55.498442158978968, 0.0 ] ] } },
{ "type": "Feature", "properties": { "average_dip": "(90,,)", "average_rake": null, "catalog_id": "NEA_209", "catalog_name": "GEM_NE_Asia", "dip_dir": null, "lower_seis_depth": null, "name": null, "net_slip_rate": null, "slip_type": "Sinistral", "upper_seis_depth": null, "downthrown_side_id": null, "reference": "DEM", "epistemic_quality": "2", "accuracy": "200000", "activity_confidence": "2", "fs_name": null, "last_movement": null, "downthrown_side_dir": null, "vert_sep_rate": null, "strike_slip_rate": null, "exposure_quality": "2", "shortening_rate": null, "notes": "Firm maybe", "index_right": 47, "NAME_EN": "Russia" }, "geometry": { "type": "LineString", "coordinates": [ [ 131.04871629313854, 55.245275240373168, 0.0 ], [ 131.077905206358565, 55.240184775530686, 0.0 ], [ 131.135607173225623, 55.235225974057442, 0.0 ], [ 131.198830283224623, 55.222361509926166, 0.0 ], [ 131.29168866531802, 55.206931732793983, 0.0 ], [ 131.370713376337932, 55.199177637399089, 0.0 ], [ 131.396969463092802, 55.193995392780863, 0.0 ], [ 131.46692622121094, 55.184770762022282, 0.0 ], [ 131.543424390974451, 55.16991662543591, 0.0 ], [ 131.604960818941322, 55.155157769541603, 0.0 ], [ 131.62330841269295, 55.151868165999559, 0.0 ], [ 131.643737237838252, 55.150808336980006, 0.0 ], [ 131.779863101472188, 55.120854156597467, 0.0 ] ] } },
{ "type": "Feature", "properties": { "average_dip": "(90,60,90)", "average_rake": null, "catalog_id": "NEA_210", "catalog_name": "GEM_NE_Asia", "dip_dir": "S", "lower_seis_depth": null, "name": null, "net_slip_rate": null, "slip_type": "Sinistral-Normal", "upper_seis_depth": null, "downthrown_side_id": null, "reference": "DEM", "epistemic_quality": "2", "accuracy": "150000", "activity_confidence": "2", "fs_name": null, "last_movement": null, "downthrown_side_dir": "S", "vert_sep_rate": null, "strike_slip_rate": null, "exposure_quality": "1", "shortening_rate": null, "notes": "Some sort of scarp in the landscape, but it might be bedding. Nonetheless there is abundant seismicity and there must be a fault around here somewhere.", "index_right": 47, "NAME_EN": "Russia" }, "geometry": { "type": "LineString", "coordinates": [ [ 120.649205247921145, 57.099342065732465, 0.0 ], [ 120.706528565235416, 57.086389556304141, 0.0 ], [ 120.764948677726736, 57.085048119919954, 0.0 ], [ 120.828585094756306, 57.075349551286251, 0.0 ], [ 120.902800656073737, 57.066985971557813, 0.0 ], [ 120.937914681643122, 57.060215862498701, 0.0 ], [ 121.015600985949419, 57.040538814775587, 0.0 ], [ 121.127013959616775, 57.018414585277085, 0.0 ], [ 121.158188456049103, 57.015138478285728, 0.0 ], [ 121.209974212064665, 57.012724156293082, 0.0 ], [ 121.240534445779076, 57.012198585906511, 0.0 ], [ 121.300228982131344, 57.014146672955555, 0.0 ], [ 121.373648627047942, 57.00979057837143, 0.0 ], [ 121.408498014004465, 57.005479500607777, 0.0 ], [ 121.43719562371642, 56.997888783759628, 0.0 ], [ 121.492647977758082, 56.979770740287101, 0.0 ], [ 121.523140275954106, 56.973724253678341, 0.0 ] ] } },
{ "type": "Feature", "properties": { "average_dip": "(90,,)", "average_rake": null, "catalog_id": "NEA_211", "catalog_name": "GEM_NE_Asia", "dip_dir": null, "lower_seis_depth": null, "name": null, "net_slip_rate": null, "slip_type": "Sinistral", "upper_seis_depth": null, "downthrown_side_id": null, "reference": "DEM", "epistemic_quality": "2", "accuracy": "200000", "activity_confidence": "2", "fs_name": null, "last_movement": null, "downthrown_side_dir": null, "vert_sep_rate": null, "strike_slip_rate": null, "exposure_quality": "2", "shortening_rate": null, "notes": "Very scant evidence for faulting here, but seismicity in the region does exist, and this is as likely a candidate fault as any.", "index_right": 47, "NAME_EN": "Russia" }, "geometry": { "type": "LineString", "coordinates": [ [ 121.334705153332564, 56.967983807001872, 0.0 ], [ 121.398793981663644, 56.968943881506235, 0.0 ], [ 121.431477162393165, 56.971376445436569, 0.0 ], [ 121.473612177092789, 56.969158129096165, 0.0 ], [ 121.583299394587698, 56.967935932251983, 0.0 ], [ 121.624474001455084, 56.969153965953858, 0.0 ], [ 121.648248894507574, 56.97265293154927, 0.0 ], [ 121.734057767642341, 56.966733374826028, 0.0 ], [ 121.778374969983574, 56.96555757563916, 0.0 ], [ 121.839111169952361, 56.96988687377295, 0.0 ], [ 121.882716212861197, 56.970087863602608, 0.0 ] ] } },
{ "type": "Feature", "properties": { "average_dip": "(90,,)", "average_rake": null, "catalog_id": "NEA_212", "catalog_name": "GEM_NE_Asia", "dip_dir": null, "lower_seis_depth": null, "name": null, "net_slip_rate": null, "slip_type": "Sinistral", "upper_seis_depth": null, "downthrown_side_id": null, "reference": "DEM", "epistemic_quality": "2", "accuracy": "100000", "activity_confidence": "2", "fs_name": null, "last_movement": null, "downthrown_side_dir": null, "vert_sep_rate": null, "strike_slip_rate": null, "exposure_quality": "2", "shortening_rate": null, "notes": "Good exposure in west, then gets less clear, but a lineament is obvious.", "index_right": 47, "NAME_EN": "Russia" }, "geometry": { "type": "LineString", "coordinates": [ [ 120.999308703778809, 56.665979838122084, 0.0 ], [ 121.096658109305096, 56.692579251859833, 0.0 ], [ 121.138557159240818, 56.701893593175456, 0.0 ], [ 121.174815205360446, 56.713637873821455, 0.0 ], [ 121.273493128545283, 56.739783953143366, 0.0 ], [ 121.301801134888905, 56.748490253242565, 0.0 ], [ 121.325612288478638, 56.758339392064045, 0.0 ], [ 121.454294457148592, 56.79191426787407, 0.0 ], [ 121.501528947981868, 56.806305349021386, 0.0 ], [ 121.73961323171504, 56.845037521950111, 0.0 ], [ 121.962289639764847, 56.872975692865623, 0.0 ], [ 122.100006004156612, 56.895314724046514, 0.0 ], [ 122.149720617254971, 56.898513954878219, 0.0 ], [ 122.206594713574745, 56.906544949746298, 0.0 ] ] } },
{ "type": "Feature", "properties": { "average_dip": "(90,,)", "average_rake": null, "catalog_id": "NEA_213", "catalog_name": "GEM_NE_Asia", "dip_dir": null, "lower_seis_depth": null, "name": null, "net_slip_rate": null, "slip_type": "Sinistral", "upper_seis_depth": null, "downthrown_side_id": null, "reference": "DEM", "epistemic_quality": "2", "accuracy": "150000", "activity_confidence": "2", "fs_name": null, "last_movement": null, "downthrown_side_dir": null, "vert_sep_rate": null, "strike_slip_rate": null, "exposure_quality": "2", "shortening_rate": null, "notes": "Looks possible", "index_right": 47, "NAME_EN": "Russia" }, "geometry": { "type": "LineString", "coordinates": [ [ 122.062723961928072, 56.348266818562024, 0.0 ], [ 122.10711856109792, 56.360421527896527, 0.0 ], [ 122.135688572237399, 56.363311822714678, 0.0 ], [ 122.169733235080798, 56.362346929461751, 0.0 ], [ 122.198476449879294, 56.367074457902852, 0.0 ], [ 122.247940235909851, 56.3707435451498, 0.0 ], [ 122.279181662423383, 56.375390996205383, 0.0 ], [ 122.323576158295609, 56.387046637287249, 0.0 ], [ 122.348752680593151, 56.389089279407948, 0.0 ], [ 122.57443272389402, 56.391001501854269, 0.0 ], [ 122.633218212918777, 56.39594301201749, 0.0 ], [ 122.838158125087233, 56.400349266465859, 0.0 ], [ 122.889765029749938, 56.399915240061638, 0.0 ], [ 122.932239057900659, 56.403913134936573, 0.0 ], [ 123.033371614972154, 56.398909714836137, 0.0 ], [ 123.07889406034144, 56.391933148199364, 0.0 ], [ 123.176587960778235, 56.386062105774364, 0.0 ], [ 123.214620627492366, 56.379300963326322, 0.0 ], [ 123.259979985932503, 56.366982383037943, 0.0 ], [ 123.295020578265394, 56.359611071211248, 0.0 ] ] } },
{ "type": "Feature", "properties": { "average_dip": "(90,,)", "average_rake": null, "catalog_id": "NEA_214", "catalog_name": "GEM_NE_Asia", "dip_dir": null, "lower_seis_depth": null, "name": null, "net_slip_rate": null, "slip_type": "Sinistral", "upper_seis_depth": null, "downthrown_side_id": null, "reference": "DEM", "epistemic_quality": "1", "accuracy": "100000", "activity_confidence": "1", "fs_name": null, "last_movement": null, "downthrown_side_dir": null, "vert_sep_rate": null, "strike_slip_rate": null, "exposure_quality": "1", "shortening_rate": null, "notes": "Especially convincing (for this region) sinistral offsets at western end", "index_right": 47, "NAME_EN": "Russia" }, "geometry": { "type": "LineString", "coordinates": [ [ 122.72241963845002, 56.468515441182547, 0.0 ], [ 122.740711786122262, 56.463808297743896, 0.0 ], [ 122.795081441749801, 56.455174363561177, 0.0 ], [ 122.869261956453087, 56.449901402473884, 0.0 ], [ 122.908474024529141, 56.437843015587603, 0.0 ], [ 122.963440223061411, 56.4292122384742, 0.0 ], [ 123.006913521931935, 56.42647100752221, 0.0 ], [ 123.026529141556381, 56.426780664551629, 0.0 ], [ 123.100296866471666, 56.414760561674825, 0.0 ], [ 123.165291089636639, 56.406694052483587, 0.0 ], [ 123.228770977126999, 56.392191288493237, 0.0 ], [ 123.339990693839127, 56.372426946605678, 0.0 ], [ 123.415428364439805, 56.361183853447876, 0.0 ], [ 123.464358540183127, 56.343624677311801, 0.0 ], [ 123.483975739586356, 56.338237598219159, 0.0 ], [ 123.617638154782298, 56.336454731048143, 0.0 ], [ 123.739066486030538, 56.34647196054604, 0.0 ], [ 123.863838895840487, 56.337591240553792, 0.0 ], [ 123.977077139936682, 56.337382336615406, 0.0 ], [ 124.049817050811001, 56.332534149913045, 0.0 ], [ 124.093937841017166, 56.332375292812074, 0.0 ], [ 124.147748487222387, 56.329554206181015, 0.0 ], [ 124.247069772723563, 56.317004606810862, 0.0 ], [ 124.285859302972071, 56.313997973120969, 0.0 ], [ 124.514360790385041, 56.281644712216178, 0.0 ], [ 124.556197609857563, 56.272929842464642, 0.0 ], [ 124.575751083842263, 56.260629523298533, 0.0 ], [ 124.616909684304488, 56.249842635306933, 0.0 ], [ 124.648268811350363, 56.238948611351738, 0.0 ], [ 124.663979843218272, 56.2329190639649, 0.0 ], [ 124.681937176943961, 56.223096235578247, 0.0 ] ] } },
{ "type": "Feature", "properties": { "average_dip": "(90,,)", "average_rake": null, "catalog_id": "NEA_215", "catalog_name": "GEM_NE_Asia", "dip_dir": null, "lower_seis_depth": null, "name": null, "net_slip_rate": null, "slip_type": "Sinistral", "upper_seis_depth": null, "downthrown_side_id": null, "reference": "DEM", "epistemic_quality": "2", "accuracy": "200000", "activity_confidence": "2", "fs_name": null, "last_movement": null, "downthrown_side_dir": null, "vert_sep_rate": null, "strike_slip_rate": null, "exposure_quality": "2", "shortening_rate": null, "notes": "Some OK evidence for deformation. Also the bumps in the topography kind of look like a volcanic field.", "index_right": 47, "NAME_EN": "Russia" }, "geometry": { "type": "LineString", "coordinates": [ [ 127.015677951409671, 56.167856228485164, 0.0 ], [ 127.093326554012933, 56.16663143749755, 0.0 ], [ 127.176101021098631, 56.169096979846564, 0.0 ], [ 127.245616827608004, 56.171921286067764, 0.0 ], [ 127.293467745507115, 56.17736267934503, 0.0 ], [ 127.344216732937682, 56.179874308024665, 0.0 ], [ 127.474030444589175, 56.177964429407979, 0.0 ], [ 127.547423380829258, 56.181461984961857, 0.0 ], [ 127.592487297978394, 56.186173102366418, 0.0 ], [ 127.622915257590989, 56.191806959124968, 0.0 ], [ 127.659200372986945, 56.192165548043825, 0.0 ], [ 127.677626189494347, 56.190123659177125, 0.0 ], [ 127.690560452842817, 56.192987621259626, 0.0 ], [ 127.758478107424224, 56.19321045965912, 0.0 ], [ 127.787088760285897, 56.195083125101874, 0.0 ], [ 127.815232094344736, 56.199297467678825, 0.0 ], [ 127.896686433138967, 56.192795897440462, 0.0 ], [ 127.933040961114614, 56.188239561085929, 0.0 ], [ 127.96108955743405, 56.183851685362256, 0.0 ], [ 128.010180625505427, 56.17029925695681, 0.0 ], [ 128.059244027509891, 56.167192110320087, 0.0 ], [ 128.091206128656239, 56.166546728243233, 0.0 ], [ 128.115719794551808, 56.168821622433676, 0.0 ], [ 128.149491238934388, 56.166453942661875, 0.0 ] ] } },
{ "type": "Feature", "properties": { "average_dip": "(90,,)", "average_rake": null, "catalog_id": "NEA_216", "catalog_name": "GEM_NE_Asia", "dip_dir": null, "lower_seis_depth": null, "name": null, "net_slip_rate": null, "slip_type": "Sinistral", "upper_seis_depth": null, "downthrown_side_id": null, "reference": null, "epistemic_quality": "2", "accuracy": "900000", "activity_confidence": "2", "fs_name": null, "last_movement": null, "downthrown_side_dir": null, "vert_sep_rate": null, "strike_slip_rate": null, "exposure_quality": "2", "shortening_rate": null, "notes": "This is the most likely place for a fault connecting the easetern and western segments of the Amuria-Eurasia plate boundary, but little evidence exists for a fault right here other than this wide valley in between two probable faults.", "index_right": 47, "NAME_EN": "Russia" }, "geometry": { "type": "LineString", "coordinates": [ [ 124.843661758074489, 56.217134400091972, 0.0 ], [ 125.014823407877429, 56.215237710005503, 0.0 ], [ 125.206896486548516, 56.220766743692884, 0.0 ], [ 125.354165676955617, 56.214037396278236, 0.0 ], [ 125.568237694711286, 56.209176751217413, 0.0 ], [ 125.760155289010584, 56.200427399904378, 0.0 ], [ 126.180922973763884, 56.173537920771345, 0.0 ], [ 126.347130713769317, 56.171978772882049, 0.0 ], [ 126.511159177645723, 56.166704021127302, 0.0 ], [ 126.817866429234897, 56.169830246619256, 0.0 ] ] } },
{ "type": "Feature", "properties": { "average_dip": "(90,,)", "average_rake": null, "catalog_id": "NEA_217", "catalog_name": "GEM_NE_Asia", "dip_dir": null, "lower_seis_depth": null, "name": null, "net_slip_rate": null, "slip_type": "Sinistral", "upper_seis_depth": null, "downthrown_side_id": null, "reference": "DEM", "epistemic_quality": "1", "accuracy": "60000", "activity_confidence": "1", "fs_name": null, "last_movement": null, "downthrown_side_dir": null, "vert_sep_rate": null, "strike_slip_rate": null, "exposure_quality": "1", "shortening_rate": null, "notes": null, "index_right": 47, "NAME_EN": "Russia" }, "geometry": { "type": "LineString", "coordinates": [ [ 132.343525804501098, 55.114517040493631, 0.0 ], [ 132.376023969969481, 55.116034342890771, 0.0 ], [ 132.39811772374668, 55.109957356510414, 0.0 ], [ 132.414886228776993, 55.109200121759365, 0.0 ], [ 132.44238737147441, 55.111514470440618, 0.0 ], [ 132.523613224996581, 55.109062468422181, 0.0 ], [ 132.54304740168314, 55.110249082426442, 0.0 ], [ 132.555528822949725, 55.108704934144654, 0.0 ], [ 132.759094195045918, 55.119037340010294, 0.0 ], [ 132.782616784794044, 55.11898455897515, 0.0 ], [ 132.825994815035415, 55.117110361823322, 0.0 ], [ 132.856145937648336, 55.11317006863279, 0.0 ], [ 132.933789973562909, 55.109302870149293, 0.0 ], [ 132.985758091436452, 55.099123240187353, 0.0 ], [ 133.034406775432245, 55.094841906258601, 0.0 ], [ 133.114434406586696, 55.082707031882805, 0.0 ], [ 133.182206557487433, 55.075183781105608, 0.0 ], [ 133.252656794367908, 55.060823261166227, 0.0 ], [ 133.400453970876896, 55.041506876910738, 0.0 ], [ 133.454364623971742, 55.031087538795049, 0.0 ], [ 133.507265575337101, 55.015984556290626, 0.0 ], [ 133.546716535521597, 55.007509430521146, 0.0 ], [ 133.634024930052703, 54.991364331192862, 0.0 ], [ 133.668988322250556, 54.981287977653615, 0.0 ], [ 133.706072579155688, 54.973426931173783, 0.0 ] ] } },
{ "type": "Feature", "properties": { "average_dip": "(90,,)", "average_rake": null, "catalog_id": "NEA_218", "catalog_name": "GEM_NE_Asia", "dip_dir": null, "lower_seis_depth": null, "name": null, "net_slip_rate": null, "slip_type": "Sinistral", "upper_seis_depth": null, "downthrown_side_id": null, "reference": "DEM", "epistemic_quality": "1", "accuracy": "100000", "activity_confidence": "2", "fs_name": null, "last_movement": null, "downthrown_side_dir": null, "vert_sep_rate": null, "strike_slip_rate": null, "exposure_quality": "2", "shortening_rate": null, "notes": "Good looking fault, may not be active", "index_right": 47, "NAME_EN": "Russia" }, "geometry": { "type": "LineString", "coordinates": [ [ 126.738723881148317, 54.148455191617828, 0.0 ], [ 126.785573940898175, 54.139801754068799, 0.0 ], [ 126.804643302393842, 54.133406343202935, 0.0 ], [ 126.915867029930254, 54.113555531428105, 0.0 ], [ 127.01199817642285, 54.102507023188387, 0.0 ], [ 127.121062284633851, 54.096775858043962, 0.0 ], [ 127.161058864729966, 54.093283590513444, 0.0 ], [ 127.231695117237564, 54.092119306112942, 0.0 ], [ 127.272088750583592, 54.094331687439805, 0.0 ], [ 127.319690419433783, 54.09427067566611, 0.0 ], [ 127.346142370513022, 54.09285078175175, 0.0 ], [ 127.414144163615788, 54.100260346422694, 0.0 ], [ 127.436136465999525, 54.100367904362564, 0.0 ], [ 127.490923120265649, 54.096452562444853, 0.0 ], [ 127.629810824815266, 54.097163890113904, 0.0 ], [ 127.686942272142574, 54.092612019623104, 0.0 ], [ 127.731627518531369, 54.092027845057295, 0.0 ], [ 127.805084882089147, 54.08781954190458, 0.0 ] ] } },
{ "type": "Feature", "properties": { "average_dip": "(20,15,30)", "average_rake": null, "catalog_id": "NEA_219", "catalog_name": "GEM_NE_Asia", "dip_dir": "W", "lower_seis_depth": null, "name": null, "net_slip_rate": null, "slip_type": "Reverse", "upper_seis_depth": null, "downthrown_side_id": null, "reference": "DEM", "epistemic_quality": "2", "accuracy": "150000", "activity_confidence": "2", "fs_name": null, "last_movement": null, "downthrown_side_dir": "E", "vert_sep_rate": null, "strike_slip_rate": null, "exposure_quality": "2", "shortening_rate": null, "notes": null, "index_right": 47, "NAME_EN": "Russia" }, "geometry": { "type": "LineString", "coordinates": [ [ 137.62554972815488, 69.189883561976956, 0.0 ], [ 137.640807040298085, 69.178629447946022, 0.0 ], [ 137.642856827240138, 69.163891233750036, 0.0 ], [ 137.637721350374477, 69.151619393602047, 0.0 ], [ 137.636754588171897, 69.142991653746648, 0.0 ], [ 137.639367923507706, 69.137309698523552, 0.0 ], [ 137.6513176046887, 69.127991982917933, 0.0 ], [ 137.691727585497858, 69.110980263141144, 0.0 ], [ 137.731499024924375, 69.10508960813398, 0.0 ], [ 137.749203388006407, 69.099745860938199, 0.0 ], [ 137.760995969250928, 69.094297780914786, 0.0 ], [ 137.783170087715206, 69.078653649070446, 0.0 ], [ 137.796560583570994, 69.071438453678255, 0.0 ], [ 137.811639883218504, 69.066856026382922, 0.0 ], [ 137.842619378786054, 69.054078174394931, 0.0 ], [ 137.841207495454938, 69.045134772473659, 0.0 ], [ 137.847477818769931, 69.039132819546509, 0.0 ], [ 137.878409690566485, 69.029072377779386, 0.0 ], [ 137.891683078408136, 69.017440562040747, 0.0 ], [ 137.909172652298338, 69.011666598794861, 0.0 ], [ 137.914632195342591, 69.006541381890244, 0.0 ], [ 137.963329767410073, 69.001175037017873, 0.0 ], [ 137.97992175044331, 68.996073940592296, 0.0 ], [ 137.987923250096713, 68.991437621197022, 0.0 ], [ 137.989193470976119, 68.986115162796153, 0.0 ], [ 137.992187925898321, 68.982800088714697, 0.0 ], [ 138.012068180465093, 68.975098605378989, 0.0 ], [ 138.029593528092192, 68.959741456507416, 0.0 ], [ 138.036060415552583, 68.956339508391608, 0.0 ], [ 138.038989806338549, 68.952183205460358, 0.0 ], [ 138.038417229428148, 68.94874319039171, 0.0 ], [ 138.041996394609498, 68.946128594027684, 0.0 ], [ 138.040842654308648, 68.94061538474682, 0.0 ], [ 138.048622931401013, 68.934087903903432, 0.0 ], [ 138.048602054517261, 68.922932124063877, 0.0 ], [ 138.056655293445061, 68.91428031849911, 0.0 ], [ 138.075566600619737, 68.905032516602645, 0.0 ], [ 138.104621489447709, 68.896279247547653, 0.0 ], [ 138.12512082360999, 68.892205723051731, 0.0 ], [ 138.13555564166785, 68.887839876839223, 0.0 ], [ 138.140188410298066, 68.883580869931535, 0.0 ], [ 138.156496242217884, 68.88205305588798, 0.0 ], [ 138.184423355512649, 68.874825583391328, 0.0 ], [ 138.190106726895891, 68.870295565429032, 0.0 ], [ 138.235281898139363, 68.848609558337955, 0.0 ], [ 138.24663459514349, 68.839540946535863, 0.0 ] ] } },
{ "type": "Feature", "properties": { "average_dip": "(90,,)", "average_rake": null, "catalog_id": "NEA_220", "catalog_name": "GEM_NE_Asia", "dip_dir": null, "lower_seis_depth": null, "name": null, "net_slip_rate": null, "slip_type": "Sinistral", "upper_seis_depth": null, "downthrown_side_id": null, "reference": "DEM", "epistemic_quality": "2", "accuracy": "150000", "activity_confidence": "2", "fs_name": null, "last_movement": null, "downthrown_side_dir": null, "vert_sep_rate": null, "strike_slip_rate": null, "exposure_quality": "2", "shortening_rate": null, "notes": null, "index_right": 47, "NAME_EN": "Russia" }, "geometry": { "type": "LineString", "coordinates": [ [ 137.873253346772572, 68.864424891940331, 0.0 ], [ 138.015318154802145, 68.849300483092719, 0.0 ], [ 138.068681181425632, 68.840048515916621, 0.0 ], [ 138.093492036978603, 68.839320523839902, 0.0 ], [ 138.120114880011641, 68.835958809251181, 0.0 ], [ 138.196462628358489, 68.823099268818737, 0.0 ], [ 138.229832844107392, 68.819145140948791, 0.0 ], [ 138.252437370792535, 68.81874030094589, 0.0 ], [ 138.314329993933654, 68.813200116691874, 0.0 ] ] } },
{ "type": "Feature", "properties": { "average_dip": "(20,15,30)", "average_rake": null, "catalog_id": "NEA_221", "catalog_name": "GEM_NE_Asia", "dip_dir": "W", "lower_seis_depth": null, "name": null, "net_slip_rate": null, "slip_type": "Reverse", "upper_seis_depth": null, "downthrown_side_id": null, "reference": "DEM", "epistemic_quality": "2", "accuracy": "150000", "activity_confidence": "2", "fs_name": null, "last_movement": null, "downthrown_side_dir": "E", "vert_sep_rate": null, "strike_slip_rate": null, "exposure_quality": "2", "shortening_rate": null, "notes": null, "index_right": 47, "NAME_EN": "Russia" }, "geometry": { "type": "LineString", "coordinates": [ [ 138.32661956614109, 68.811884545143172, 0.0 ], [ 138.355192379435778, 68.806283581936682, 0.0 ], [ 138.387182373261311, 68.797742000302321, 0.0 ], [ 138.38937634233983, 68.79466087815193, 0.0 ], [ 138.426924623623876, 68.784111907346983, 0.0 ], [ 138.446914345746819, 68.770730165811031, 0.0 ], [ 138.459100870784965, 68.766452948805338, 0.0 ], [ 138.477195411985861, 68.755496358375922, 0.0 ], [ 138.483979549155094, 68.748132495295366, 0.0 ], [ 138.503612251453347, 68.744915426972199, 0.0 ], [ 138.520164828003033, 68.737212241949479, 0.0 ], [ 138.538299852853669, 68.733229405871313, 0.0 ], [ 138.588073196756312, 68.729582650297019, 0.0 ], [ 138.61018791476036, 68.72537144996555, 0.0 ], [ 138.628832743629289, 68.719871344766119, 0.0 ], [ 138.639136734449011, 68.711238288541097, 0.0 ], [ 138.642771368349202, 68.700648105112009, 0.0 ], [ 138.642736034107628, 68.69238244213615, 0.0 ], [ 138.649922114102907, 68.683282294689334, 0.0 ], [ 138.668687753976457, 68.66991749550472, 0.0 ], [ 138.687700969696749, 68.66395988232405, 0.0 ], [ 138.732936220088476, 68.644410864566652, 0.0 ], [ 138.735997214834356, 68.636592589946645, 0.0 ], [ 138.760786061505456, 68.61967488842545, 0.0 ], [ 138.765050445310237, 68.602430443994507, 0.0 ], [ 138.74679955512093, 68.592416533808816, 0.0 ], [ 138.751809375864724, 68.582348760588914, 0.0 ], [ 138.76988028784308, 68.571531994109193, 0.0 ], [ 138.786278108131114, 68.566339349857088, 0.0 ], [ 138.823148521034966, 68.558695827679202, 0.0 ], [ 138.826035530984967, 68.553209120601593, 0.0 ], [ 138.827143806920532, 68.543565297027357, 0.0 ], [ 138.836396011265236, 68.536646233309725, 0.0 ], [ 138.836032563926466, 68.528999521241801, 0.0 ], [ 138.831417165162236, 68.525004014627783, 0.0 ] ] } },
{ "type": "Feature", "properties": { "average_dip": "(20,15,30)", "average_rake": null, "catalog_id": "NEA_222", "catalog_name": "GEM_NE_Asia", "dip_dir": "W", "lower_seis_depth": null, "name": null, "net_slip_rate": null, "slip_type": "Reverse", "upper_seis_depth": null, "downthrown_side_id": null, "reference": "DEM", "epistemic_quality": "2", "accuracy": "200000", "activity_confidence": "2", "fs_name": null, "last_movement": null, "downthrown_side_dir": "E", "vert_sep_rate": null, "strike_slip_rate": null, "exposure_quality": "2", "shortening_rate": null, "notes": null, "index_right": 47, "NAME_EN": "Russia" }, "geometry": { "type": "LineString", "coordinates": [ [ 138.92130036041371, 68.47292666103877, 0.0 ], [ 138.935389784175499, 68.467845332104886, 0.0 ], [ 138.947324933926353, 68.465875032507711, 0.0 ], [ 138.959143358912996, 68.460923070155104, 0.0 ], [ 138.960999883954912, 68.45441206896281, 0.0 ], [ 138.9672105637664, 68.447220698524973, 0.0 ], [ 138.979380718022782, 68.443099148748885, 0.0 ], [ 138.989762736318056, 68.434808824481067, 0.0 ], [ 139.010102428506855, 68.411834646787767, 0.0 ], [ 139.031559840855351, 68.405029496423055, 0.0 ], [ 139.035789392920151, 68.393237723448337, 0.0 ], [ 139.050087280180179, 68.385988994567455, 0.0 ], [ 139.058959556215626, 68.376915205306261, 0.0 ], [ 139.068775827519488, 68.359222861324341, 0.0 ], [ 139.070316724797948, 68.349285379193432, 0.0 ], [ 139.069000602977667, 68.340797091271099, 0.0 ], [ 139.072860265624684, 68.328148401280686, 0.0 ], [ 139.054820635111639, 68.31849037147721, 0.0 ], [ 139.067341732379134, 68.309828765054419, 0.0 ], [ 139.069120950938526, 68.301793447621364, 0.0 ], [ 139.063763620517818, 68.297390391016492, 0.0 ], [ 139.061290511504183, 68.290244711529411, 0.0 ], [ 139.066370544161543, 68.281797345621115, 0.0 ], [ 139.060628937323543, 68.277843539557509, 0.0 ], [ 139.076561851145499, 68.271760983991356, 0.0 ], [ 139.075035805867714, 68.260048052378707, 0.0 ], [ 139.070304065040659, 68.253027741774744, 0.0 ], [ 139.068716284056734, 68.235729185360725, 0.0 ], [ 139.074115810612909, 68.225316833978283, 0.0 ], [ 139.062937362824243, 68.212652220861969, 0.0 ], [ 139.047249946960363, 68.200248170978213, 0.0 ], [ 139.042644729561687, 68.192134252877494, 0.0 ], [ 139.027471696144403, 68.182273811112111, 0.0 ], [ 139.02821358905976, 68.174487150476054, 0.0 ], [ 139.021891460336576, 68.167759479596938, 0.0 ], [ 138.981452681469335, 68.1473237375899, 0.0 ] ] } },
{ "type": "Feature", "properties": { "average_dip": "(20,15,30)", "average_rake": null, "catalog_id": "NEA_223", "catalog_name": "GEM_NE_Asia", "dip_dir": "W", "lower_seis_depth": null, "name": null, "net_slip_rate": null, "slip_type": "Reverse", "upper_seis_depth": null, "downthrown_side_id": null, "reference": "DEM", "epistemic_quality": "2", "accuracy": "200000", "activity_confidence": "2", "fs_name": null, "last_movement": null, "downthrown_side_dir": "E", "vert_sep_rate": null, "strike_slip_rate": null, "exposure_quality": "2", "shortening_rate": null, "notes": null, "index_right": 47, "NAME_EN": "Russia" }, "geometry": { "type": "LineString", "coordinates": [ [ 139.059498362465206, 68.118827420311291, 0.0 ], [ 139.090830102024086, 68.105557467680939, 0.0 ], [ 139.112675296604522, 68.101248492252836, 0.0 ], [ 139.130334442077242, 68.095245345613037, 0.0 ], [ 139.132689141571007, 68.085834478234347, 0.0 ], [ 139.138386172493256, 68.073418892531677, 0.0 ], [ 139.132570588938648, 68.069233424076657, 0.0 ], [ 139.137683708367689, 68.062241735819072, 0.0 ], [ 139.138945321034413, 68.055692969138832, 0.0 ], [ 139.143583080489776, 68.048942640786976, 0.0 ], [ 139.143217935445506, 68.043999296969588, 0.0 ], [ 139.146434244762389, 68.037978934249011, 0.0 ], [ 139.157883062281371, 68.032332114629668, 0.0 ], [ 139.154731024370136, 68.026256288538093, 0.0 ], [ 139.156552464680402, 68.019667740048604, 0.0 ], [ 139.166246900938347, 68.012609567597437, 0.0 ], [ 139.162122308934329, 68.008317297751205, 0.0 ], [ 139.165539944078347, 68.001414329250608, 0.0 ], [ 139.183972895630916, 67.987777984172453, 0.0 ], [ 139.190070579728967, 67.977683255239626, 0.0 ], [ 139.192872446718894, 67.963888142981475, 0.0 ], [ 139.212768740965828, 67.960536116832344, 0.0 ], [ 139.245822995264206, 67.948820381430991, 0.0 ], [ 139.252443293548168, 67.939981212562088, 0.0 ], [ 139.252949216104724, 67.933022071110429, 0.0 ], [ 139.250736876504533, 67.926441152932114, 0.0 ], [ 139.249463171529385, 67.909836954248647, 0.0 ], [ 139.2565013521411, 67.903347189730823, 0.0 ], [ 139.259902161590105, 67.896424216660265, 0.0 ], [ 139.262318156315956, 67.887174205296901, 0.0 ], [ 139.261431991586733, 67.879638308110671, 0.0 ], [ 139.26409099942299, 67.87232163844655, 0.0 ], [ 139.277789186124295, 67.863905634917089, 0.0 ], [ 139.273516924922404, 67.837468996349713, 0.0 ] ] } },
{ "type": "Feature", "properties": { "average_dip": "(20,150,30)", "average_rake": null, "catalog_id": "NEA_224", "catalog_name": "GEM_NE_Asia", "dip_dir": "W", "lower_seis_depth": null, "name": null, "net_slip_rate": null, "slip_type": "Reverse", "upper_seis_depth": null, "downthrown_side_id": null, "reference": "DEM", "epistemic_quality": "2", "accuracy": "300000", "activity_confidence": "2", "fs_name": null, "last_movement": null, "downthrown_side_dir": "E", "vert_sep_rate": null, "strike_slip_rate": null, "exposure_quality": "2", "shortening_rate": null, "notes": null, "index_right": 47, "NAME_EN": "Russia" }, "geometry": { "type": "LineString", "coordinates": [ [ 139.132450695796905, 67.717681053782883, 0.0 ], [ 139.197928317040265, 67.704150761237869, 0.0 ], [ 139.250942217220626, 67.688307403757406, 0.0 ], [ 139.283250935877959, 67.683298134721014, 0.0 ], [ 139.350626186881129, 67.663505911747095, 0.0 ], [ 139.369184146432303, 67.655831958740819, 0.0 ], [ 139.386570544162311, 67.639934215974577, 0.0 ], [ 139.386472318968032, 67.62334963841009, 0.0 ], [ 139.39442215876025, 67.615002864377928, 0.0 ], [ 139.422683442478473, 67.592302294953058, 0.0 ] ] } },
{ "type": "Feature", "properties": { "average_dip": "(20,15,30)", "average_rake": null, "catalog_id": "NEA_225", "catalog_name": "GEM_NE_Asia", "dip_dir": "W", "lower_seis_depth": null, "name": null, "net_slip_rate": null, "slip_type": "Reverse", "upper_seis_depth": null, "downthrown_side_id": null, "reference": "DEM", "epistemic_quality": "2", "accuracy": "250000", "activity_confidence": "2", "fs_name": null, "last_movement": null, "downthrown_side_dir": "E", "vert_sep_rate": null, "strike_slip_rate": null, "exposure_quality": "2", "shortening_rate": null, "notes": null, "index_right": 47, "NAME_EN": "Russia" }, "geometry": { "type": "LineString", "coordinates": [ [ 139.577665021716541, 67.591745423475004, 0.0 ], [ 139.616285881219909, 67.566624562778671, 0.0 ], [ 139.623508062489321, 67.553928105385552, 0.0 ], [ 139.626986921454261, 67.543209563749869, 0.0 ], [ 139.657263899925255, 67.528201367590157, 0.0 ], [ 139.709403719598328, 67.516207178708768, 0.0 ], [ 139.738838504659896, 67.50736757374608, 0.0 ], [ 139.752869097644606, 67.497291548277829, 0.0 ], [ 139.742573541548609, 67.470311690083676, 0.0 ], [ 139.786281426992872, 67.441258179098369, 0.0 ], [ 139.78695506573635, 67.429363066848779, 0.0 ], [ 139.790786471007038, 67.416827474457193, 0.0 ], [ 139.803156412338751, 67.402874136485948, 0.0 ], [ 139.850780709967381, 67.383185578571087, 0.0 ], [ 139.851622727129069, 67.37170089974019, 0.0 ], [ 139.858977565202878, 67.356723871405251, 0.0 ], [ 139.856664051979692, 67.345869891555168, 0.0 ], [ 139.846254724192107, 67.329359857634302, 0.0 ], [ 139.845535370923329, 67.306066304361593, 0.0 ], [ 139.852293830362839, 67.295067083941959, 0.0 ], [ 139.853215104120409, 67.274294581983469, 0.0 ], [ 139.866516189468996, 67.254493118191093, 0.0 ], [ 139.892015141724386, 67.23390854762178, 0.0 ], [ 139.904185841404626, 67.214155728468356, 0.0 ], [ 139.936107917571292, 67.195346698628271, 0.0 ], [ 139.945093808449229, 67.178868228119143, 0.0 ], [ 139.934105419038247, 67.166306057468489, 0.0 ], [ 139.968227962113843, 67.144675332774497, 0.0 ], [ 140.02563168764172, 67.113571925018348, 0.0 ], [ 140.181860323110442, 67.068982993683761, 0.0 ], [ 140.262280423508457, 67.049597672571466, 0.0 ], [ 140.334914297756654, 67.02802678083367, 0.0 ] ] } },
{ "type": "Feature", "properties": { "average_dip": "(20,15,30)", "average_rake": null, "catalog_id": "NEA_226", "catalog_name": "GEM_NE_Asia", "dip_dir": "W", "lower_seis_depth": null, "name": null, "net_slip_rate": null, "slip_type": "Reverse", "upper_seis_depth": null, "downthrown_side_id": null, "reference": "DEM", "epistemic_quality": "2", "accuracy": "250000", "activity_confidence": "2", "fs_name": null, "last_movement": null, "downthrown_side_dir": "E", "vert_sep_rate": null, "strike_slip_rate": null, "exposure_quality": "2", "shortening_rate": null, "notes": null, "index_right": 47, "NAME_EN": "Russia" }, "geometry": { "type": "LineString", "coordinates": [ [ 139.886108359922389, 67.660455339333808, 0.0 ], [ 139.972579695798657, 67.645463198739449, 0.0 ], [ 139.993470554091772, 67.638043938765676, 0.0 ], [ 140.001705691747134, 67.630539755763465, 0.0 ], [ 140.005089169228228, 67.625085195094755, 0.0 ], [ 140.013386310028153, 67.60708396525429, 0.0 ], [ 140.016433089873118, 67.595525429872069, 0.0 ], [ 140.035085022274529, 67.58560902966255, 0.0 ], [ 140.09113641770054, 67.566773868477938, 0.0 ], [ 140.111808027386331, 67.557593695157024, 0.0 ], [ 140.138162580526824, 67.543015484114889, 0.0 ], [ 140.142860006104826, 67.530016626312346, 0.0 ], [ 140.157028433880328, 67.516414555157141, 0.0 ], [ 140.160707545355223, 67.501059311133645, 0.0 ], [ 140.173024448688636, 67.483176964572706, 0.0 ], [ 140.2045436132139, 67.463408782515344, 0.0 ], [ 140.201884744535334, 67.453262817592886, 0.0 ], [ 140.208199745812919, 67.450666740282244, 0.0 ], [ 140.216751785838198, 67.443976539176987, 0.0 ], [ 140.220024674160697, 67.434326704490232, 0.0 ], [ 140.219398309470478, 67.426240381686299, 0.0 ], [ 140.235876349853953, 67.399483186551038, 0.0 ], [ 140.231713997300517, 67.396451260282802, 0.0 ], [ 140.220665348455015, 67.37076858012226, 0.0 ], [ 140.252209644052499, 67.348512178895575, 0.0 ], [ 140.25852605292161, 67.33930348675581, 0.0 ], [ 140.27484913241517, 67.324166607354996, 0.0 ], [ 140.303756552772768, 67.303808768772839, 0.0 ], [ 140.345587959197303, 67.292306426048384, 0.0 ], [ 140.377784681488578, 67.279651963820285, 0.0 ], [ 140.399241197910186, 67.265918082147365, 0.0 ], [ 140.409038455431329, 67.248958167082051, 0.0 ], [ 140.450252350070514, 67.23084170043235, 0.0 ], [ 140.468723720816769, 67.220812237577547, 0.0 ], [ 140.511210712240484, 67.210988056055371, 0.0 ], [ 140.581949379544511, 67.200643318106103, 0.0 ], [ 140.6070571956202, 67.195470858058442, 0.0 ], [ 140.621266751601013, 67.19144930068272, 0.0 ], [ 140.648342093520768, 67.172433464568584, 0.0 ], [ 140.648298226743975, 67.161818251635282, 0.0 ], [ 140.643803577825992, 67.146179851299195, 0.0 ], [ 140.631904104186106, 67.12393423296389, 0.0 ], [ 140.625143377730637, 67.092475739206463, 0.0 ] ] } },
{ "type": "Feature", "properties": { "average_dip": "(25,20,40)", "average_rake": null, "catalog_id": "NEA_227", "catalog_name": "GEM_NE_Asia", "dip_dir": "W", "lower_seis_depth": null, "name": "Pobeda Thrust", "net_slip_rate": null, "slip_type": "Reverse", "upper_seis_depth": null, "downthrown_side_id": null, "reference": "DEM", "epistemic_quality": "1", "accuracy": "150000", "activity_confidence": "1", "fs_name": null, "last_movement": null, "downthrown_side_dir": "E", "vert_sep_rate": null, "strike_slip_rate": null, "exposure_quality": "2", "shortening_rate": null, "notes": null, "index_right": 47, "NAME_EN": "Russia" }, "geometry": { "type": "LineString", "coordinates": [ [ 146.101581903522657, 65.393738877751545, 0.0 ], [ 146.170314486899002, 65.368504189828997, 0.0 ], [ 146.199500780484925, 65.355072918486925, 0.0 ], [ 146.248792861670523, 65.317013828284203, 0.0 ], [ 146.305671807765322, 65.287231171636122, 0.0 ], [ 146.308077891370431, 65.277554098222581, 0.0 ], [ 146.315024188848298, 65.264991702690835, 0.0 ], [ 146.34457159616062, 65.230523755701057, 0.0 ], [ 146.363226794610938, 65.213941741900214, 0.0 ], [ 146.363788331411996, 65.194417204016005, 0.0 ], [ 146.373435119464546, 65.180096034765469, 0.0 ], [ 146.396178117671525, 65.163388185485829, 0.0 ], [ 146.404689681476839, 65.123643488566472, 0.0 ], [ 146.39029218453615, 65.103871662043446, 0.0 ], [ 146.397205146524158, 65.091257600062264, 0.0 ], [ 146.438687936145755, 65.071631813206693, 0.0 ], [ 146.484053324667485, 65.062427369774852, 0.0 ], [ 146.506060396079107, 65.046728718033108, 0.0 ], [ 146.544162833214784, 65.033629647816895, 0.0 ], [ 146.579545317084069, 65.01499022505503, 0.0 ], [ 146.570021938107999, 64.995500131949143, 0.0 ], [ 146.546148074606265, 64.983030829474842, 0.0 ], [ 146.544418367371094, 64.943001224072532, 0.0 ], [ 146.573701091628124, 64.922843365261954, 0.0 ], [ 146.58780819481089, 64.908029016420514, 0.0 ], [ 146.609153532153584, 64.891063037603772, 0.0 ], [ 146.649301516890347, 64.877465938864432, 0.0 ], [ 146.682934300464609, 64.862671532332058, 0.0 ], [ 146.71394150640549, 64.854647208635953, 0.0 ], [ 146.760539714257078, 64.848261329716578, 0.0 ], [ 146.801313445392452, 64.84691812135749, 0.0 ], [ 146.822586108186783, 64.842009936969333, 0.0 ], [ 146.86679527879042, 64.824731659447906, 0.0 ] ] } },
{ "type": "Feature", "properties": { "average_dip": "(20,15,30)", "average_rake": null, "catalog_id": "NEA_228", "catalog_name": "GEM_NE_Asia", "dip_dir": "W", "lower_seis_depth": null, "name": "North Pobeda Thrust", "net_slip_rate": null, "slip_type": "Reverse", "upper_seis_depth": null, "downthrown_side_id": null, "reference": "DEM", "epistemic_quality": "1", "accuracy": "150000", "activity_confidence": "1", "fs_name": null, "last_movement": null, "downthrown_side_dir": "E", "vert_sep_rate": null, "strike_slip_rate": null, "exposure_quality": "1", "shortening_rate": null, "notes": null, "index_right": 47, "NAME_EN": "Russia" }, "geometry": { "type": "LineString", "coordinates": [ [ 145.580101324456166, 65.875974044487847, 0.0 ], [ 145.640677049398789, 65.867321527422462, 0.0 ], [ 145.677354417779043, 65.858902864877322, 0.0 ], [ 145.725658328756197, 65.84485074818987, 0.0 ], [ 145.799596688788029, 65.814649223279389, 0.0 ], [ 145.849703688881192, 65.804350054905086, 0.0 ], [ 145.943639851987513, 65.801474339805722, 0.0 ], [ 145.963553109332537, 65.796864617389659, 0.0 ], [ 145.990058045244609, 65.778900874224561, 0.0 ], [ 146.032829791975303, 65.765973793392803, 0.0 ], [ 146.061078249830842, 65.754004762557784, 0.0 ], [ 146.086428964953228, 65.741039514519372, 0.0 ], [ 146.112025642613503, 65.717689204004955, 0.0 ], [ 146.122451804341779, 65.698804907214424, 0.0 ], [ 146.155689315437712, 65.683671764701671, 0.0 ], [ 146.203879266910178, 65.669738996623295, 0.0 ], [ 146.246943211111301, 65.662402504058235, 0.0 ], [ 146.296219185576348, 65.645885443151457, 0.0 ], [ 146.336458203131485, 65.625669266149117, 0.0 ], [ 146.355595240073768, 65.611186625322929, 0.0 ], [ 146.401898188304131, 65.600821608338705, 0.0 ], [ 146.425335482174006, 65.582989129165625, 0.0 ], [ 146.449839805388507, 65.56010259983789, 0.0 ], [ 146.441998792157307, 65.51542471378562, 0.0 ], [ 146.376792722018138, 65.477835967263005, 0.0 ], [ 146.340999421018523, 65.448873228989797, 0.0 ], [ 146.306088093794585, 65.38402547226481, 0.0 ], [ 146.310231396289026, 65.36576515322723, 0.0 ] ] } },
{ "type": "Feature", "properties": { "average_dip": "(90,,)", "average_rake": null, "catalog_id": "NEA_229", "catalog_name": "GEM_NE_Asia", "dip_dir": null, "lower_seis_depth": null, "name": "SE Ulakhan Fault", "net_slip_rate": null, "slip_type": "Sinistral", "upper_seis_depth": null, "downthrown_side_id": null, "reference": "Khozurin, 2004", "epistemic_quality": "1", "accuracy": "30000", "activity_confidence": "1", "fs_name": null, "last_movement": null, "downthrown_side_dir": null, "vert_sep_rate": null, "strike_slip_rate": null, "exposure_quality": "1", "shortening_rate": null, "notes": "Good sign of rupture through entire trace", "index_right": 47, "NAME_EN": "Russia" }, "geometry": { "type": "LineString", "coordinates": [ [ 147.167049623027708, 64.593853559403982, 0.0 ], [ 147.195102686069788, 64.583989133501689, 0.0 ], [ 147.23544941256489, 64.572488861598714, 0.0 ], [ 147.319484385297812, 64.558565310461958, 0.0 ], [ 147.479405941567308, 64.527025047875526, 0.0 ], [ 147.580318093626488, 64.50249237842803, 0.0 ], [ 147.645218047044409, 64.490776281650255, 0.0 ], [ 147.680040208040793, 64.487187618658339, 0.0 ], [ 147.753113734839587, 64.463156250239479, 0.0 ], [ 147.78818096250771, 64.453415870388454, 0.0 ], [ 147.877294618159397, 64.434813656552365, 0.0 ], [ 147.970060004164196, 64.411895781363526, 0.0 ], [ 148.075402969570405, 64.392356815504741, 0.0 ], [ 148.126991462644497, 64.379199506052203, 0.0 ], [ 148.239098841174098, 64.344024738281121, 0.0 ], [ 148.326057713435091, 64.319740016796899, 0.0 ], [ 148.535026534492914, 64.253183435406982, 0.0 ], [ 148.632643565287992, 64.216817103307818, 0.0 ], [ 148.954649524852101, 64.110611431844958, 0.0 ], [ 149.035398818763696, 64.08171220025217, 0.0 ], [ 149.071267081048006, 64.064193192567799, 0.0 ], [ 149.125238036829188, 64.040738786912044, 0.0 ], [ 149.193941180501099, 64.014814500810971, 0.0 ], [ 149.233149637219299, 63.997980424867137, 0.0 ], [ 149.26746387785829, 63.987023112488139, 0.0 ], [ 149.381845552809693, 63.944080854798798, 0.0 ], [ 149.462574481864806, 63.910508746058497, 0.0 ], [ 149.560530749610592, 63.873506182044473, 0.0 ], [ 150.139289116928609, 63.624062764909709, 0.0 ], [ 150.20100009419329, 63.595910409144672, 0.0 ], [ 150.315786153818493, 63.547697919029822, 0.0 ], [ 150.54314422952379, 63.442934338574197, 0.0 ], [ 150.703261112341693, 63.360400439019067, 0.0 ], [ 150.803073858636509, 63.313513500461148, 0.0 ], [ 150.82666077060091, 63.297255231643057, 0.0 ], [ 150.90879016636049, 63.252386268010262, 0.0 ], [ 151.0361631161216, 63.192849746172492, 0.0 ], [ 151.086473752757797, 63.158246608114283, 0.0 ], [ 151.185781182196308, 63.099630501584819, 0.0 ], [ 151.430141708373299, 62.967878709146177, 0.0 ], [ 151.488589251177302, 62.934797304542393, 0.0 ], [ 151.561967821179991, 62.900459484179898, 0.0 ], [ 151.652825544972103, 62.847314860966691, 0.0 ] ] } },
{ "type": "Feature", "properties": { "average_dip": "(20,15,40)", "average_rake": null, "catalog_id": "NEA_230", "catalog_name": "GEM_NE_Asia", "dip_dir": "SW", "lower_seis_depth": null, "name": "NW Momsky Thrust", "net_slip_rate": null, "slip_type": "Reverse", "upper_seis_depth": null, "downthrown_side_id": null, "reference": "DEM", "epistemic_quality": "1", "accuracy": "50000", "activity_confidence": "1", "fs_name": null, "last_movement": null, "downthrown_side_dir": "NE", "vert_sep_rate": null, "strike_slip_rate": null, "exposure_quality": "1", "shortening_rate": null, "notes": null, "index_right": 47, "NAME_EN": "Russia" }, "geometry": { "type": "LineString", "coordinates": [ [ 143.081344097245392, 67.519436869460847, 0.0 ], [ 143.149471281035886, 67.52028368216574, 0.0 ], [ 143.233576746444612, 67.516528380842388, 0.0 ], [ 143.279470730533291, 67.521406658220059, 0.0 ], [ 143.309256070135092, 67.530683785640832, 0.0 ], [ 143.317853549203193, 67.540699446770759, 0.0 ], [ 143.347936305942397, 67.541790739363961, 0.0 ], [ 143.393734799632796, 67.54040916303822, 0.0 ], [ 143.420997220112611, 67.543828976214371, 0.0 ], [ 143.482946758664212, 67.539491222471653, 0.0 ], [ 143.535194361863205, 67.540439304535226, 0.0 ], [ 143.5753329117953, 67.543460831338024, 0.0 ], [ 143.697871364529902, 67.541694098406055, 0.0 ], [ 143.73686865291819, 67.544490570735576, 0.0 ], [ 143.847882403125112, 67.547352362542497, 0.0 ], [ 143.88814201693009, 67.544414341367641, 0.0 ], [ 143.907705654330414, 67.53061156326136, 0.0 ], [ 143.952050823757986, 67.508974302128578, 0.0 ], [ 144.006570357059786, 67.472877844751935, 0.0 ], [ 144.09830276546279, 67.438007577007781, 0.0 ], [ 144.166690182334293, 67.396013236073458, 0.0 ], [ 144.194012072105807, 67.383628842236831, 0.0 ], [ 144.23678431095891, 67.368891018591654, 0.0 ], [ 144.325329520566413, 67.360675620839814, 0.0 ], [ 144.365482890653908, 67.353092021627688, 0.0 ], [ 144.431007859673286, 67.346822923018152, 0.0 ], [ 144.499137172074001, 67.342109896442082, 0.0 ], [ 144.533056640109606, 67.342567759425123, 0.0 ], [ 144.581321038274893, 67.325948308062763, 0.0 ], [ 144.6424535686821, 67.308746297785547, 0.0 ], [ 144.691740248891392, 67.302744863848176, 0.0 ], [ 144.7406908493804, 67.285150296747744, 0.0 ], [ 144.790997973104311, 67.257340600908748, 0.0 ], [ 144.800691904491714, 67.249135933820867, 0.0 ], [ 144.858958369924295, 67.235557534872186, 0.0 ], [ 144.876134622837498, 67.221594285778437, 0.0 ], [ 144.949368932652987, 67.21506653304327, 0.0 ], [ 145.053439209160587, 67.208625283918693, 0.0 ], [ 145.203529794659005, 67.188639981658312, 0.0 ], [ 145.262089357090105, 67.172905569635745, 0.0 ], [ 145.322600920290995, 67.172383872750871, 0.0 ], [ 145.409482386922406, 67.13465911344413, 0.0 ], [ 145.475536527793111, 67.125121909049014, 0.0 ], [ 145.60393165034219, 67.092907407990353, 0.0 ], [ 145.823567665668406, 66.981151334189079, 0.0 ], [ 145.865957906346807, 66.950577349749764, 0.0 ], [ 145.91666932665521, 66.918508352399598, 0.0 ], [ 145.99150196164581, 66.89179044799836, 0.0 ], [ 146.081732560672492, 66.865116180987997, 0.0 ] ] } },
{ "type": "Feature", "properties": { "average_dip": "(20,15,40)", "average_rake": null, "catalog_id": "NEA_231", "catalog_name": "GEM_NE_Asia", "dip_dir": "SW", "lower_seis_depth": null, "name": "SE Pobeda Thrust", "net_slip_rate": null, "slip_type": "Reverse", "upper_seis_depth": null, "downthrown_side_id": null, "reference": "DEM", "epistemic_quality": "1", "accuracy": "50000", "activity_confidence": "1", "fs_name": null, "last_movement": null, "downthrown_side_dir": "NE", "vert_sep_rate": null, "strike_slip_rate": null, "exposure_quality": "1", "shortening_rate": null, "notes": null, "index_right": 47, "NAME_EN": "Russia" }, "geometry": { "type": "LineString", "coordinates": [ [ 147.620628677697908, 64.531744663837742, 0.0 ], [ 147.593068160437809, 64.562184686823556, 0.0 ], [ 147.577241126984603, 64.57597743032909, 0.0 ], [ 147.553079756164692, 64.592720699310561, 0.0 ], [ 147.537292126951996, 64.610608445044051, 0.0 ], [ 147.532875729577711, 64.619942352512595, 0.0 ], [ 147.51458861938309, 64.637572752334009, 0.0 ], [ 147.495980683071394, 64.647068843888064, 0.0 ], [ 147.49102125980491, 64.651655108932047, 0.0 ], [ 147.468026626820006, 64.659915607496018, 0.0 ], [ 147.453655835846007, 64.669676819718333, 0.0 ], [ 147.42681885844749, 64.684203660867482, 0.0 ], [ 147.407624076142696, 64.69066078503684, 0.0 ], [ 147.40221653736441, 64.697865359857161, 0.0 ], [ 147.400565923075902, 64.704265183947598, 0.0 ], [ 147.401814358572409, 64.710797295140878, 0.0 ], [ 147.395441720868689, 64.71719093775026, 0.0 ], [ 147.390027328096892, 64.730543906181055, 0.0 ], [ 147.383799947226208, 64.737926397791227, 0.0 ], [ 147.366814475783514, 64.74357895807718, 0.0 ], [ 147.365018757756587, 64.748736785064096, 0.0 ], [ 147.344463161214293, 64.748861092787564, 0.0 ], [ 147.324164996549314, 64.752063471383536, 0.0 ], [ 147.310330564954, 64.755246400881205, 0.0 ], [ 147.272471536731189, 64.770463681851695, 0.0 ], [ 147.235520310793703, 64.777518202613763, 0.0 ], [ 147.206598704084513, 64.778806352673939, 0.0 ], [ 147.181798617764088, 64.78831327200129, 0.0 ], [ 147.164610424307313, 64.792448815689141, 0.0 ], [ 147.139909149723309, 64.794362110157181, 0.0 ], [ 147.130252990553601, 64.790736361453042, 0.0 ], [ 147.110578211015309, 64.789531107761746, 0.0 ], [ 147.090410240833194, 64.791833623516538, 0.0 ], [ 147.072444343448893, 64.795787934652665, 0.0 ], [ 147.048616836470813, 64.797549750684936, 0.0 ], [ 147.034008008927799, 64.802141488111232, 0.0 ], [ 147.024746018919586, 64.808440594036838, 0.0 ], [ 146.981217521498706, 64.818405199205387, 0.0 ], [ 146.962209857836001, 64.820102326528342, 0.0 ] ] } },
{ "type": "Feature", "properties": { "average_dip": "(90,,)", "average_rake": null, "catalog_id": "NEA_232", "catalog_name": "GEM_NE_Asia", "dip_dir": null, "lower_seis_depth": null, "name": "North Central Ulakhan Fault", "net_slip_rate": null, "slip_type": "Sinistral", "upper_seis_depth": null, "downthrown_side_id": null, "reference": "DEM; Khozurin, 2004", "epistemic_quality": "1", "accuracy": "50000", "activity_confidence": "1", "fs_name": null, "last_movement": null, "downthrown_side_dir": null, "vert_sep_rate": null, "strike_slip_rate": null, "exposure_quality": "1", "shortening_rate": null, "notes": "Less obvious activity than SE segment", "index_right": 47, "NAME_EN": "Russia" }, "geometry": { "type": "LineString", "coordinates": [ [ 147.098075320039698, 64.56579495097985, 0.0 ], [ 147.043681702806708, 64.591266128854386, 0.0 ], [ 147.008604233206199, 64.602893868575791, 0.0 ], [ 146.9234371739268, 64.640484301373732, 0.0 ], [ 146.883343798726486, 64.660441542369725, 0.0 ], [ 146.82075912536061, 64.688407173201554, 0.0 ], [ 146.753208432875908, 64.714658862037879, 0.0 ], [ 146.587424206020813, 64.773642469324059, 0.0 ], [ 146.548873838498707, 64.790913109586299, 0.0 ], [ 146.496374624523298, 64.808593962864009, 0.0 ], [ 146.299003238213004, 64.869858623251332, 0.0 ], [ 146.121867237922487, 64.911125827343596, 0.0 ], [ 146.032737679430312, 64.925669977926191, 0.0 ], [ 145.95434637664701, 64.947438114190803, 0.0 ], [ 145.870949521684111, 64.962975404427155, 0.0 ], [ 145.815779110582014, 64.971404096173487, 0.0 ], [ 145.703313340319994, 64.998814433181749, 0.0 ], [ 145.644708025798991, 65.010145564892511, 0.0 ], [ 145.550794641376001, 65.03200868836862, 0.0 ], [ 145.330447494342195, 65.096748840622183, 0.0 ], [ 145.191917170738094, 65.122820679377867, 0.0 ], [ 145.122306446946709, 65.130455421202825, 0.0 ], [ 145.058994506699293, 65.141546735785866, 0.0 ], [ 145.005604604434495, 65.153655566905258, 0.0 ], [ 144.89644644993669, 65.184074674840872, 0.0 ], [ 144.796789215830188, 65.207954107886621, 0.0 ], [ 144.71134320321309, 65.23421772620469, 0.0 ], [ 144.549789765612388, 65.253530492445776, 0.0 ], [ 144.486025688053786, 65.266030128339835, 0.0 ], [ 144.428948331293896, 65.287507913155451, 0.0 ], [ 144.227092490934012, 65.34673815509791, 0.0 ], [ 144.063490005909301, 65.400220498276795, 0.0 ], [ 143.96414484041901, 65.430069590342839, 0.0 ], [ 143.886546933881192, 65.445930333169741, 0.0 ], [ 143.795064368263411, 65.454744264630719, 0.0 ], [ 143.683934799235089, 65.468053406167982, 0.0 ], [ 143.63062654357779, 65.477374144652885, 0.0 ], [ 143.531914441751496, 65.504088272752227, 0.0 ], [ 143.489658228249908, 65.52657146563952, 0.0 ], [ 143.428307788274594, 65.542483782619783, 0.0 ], [ 143.352663277178891, 65.558664230878932, 0.0 ], [ 143.177074725856613, 65.580298702268649, 0.0 ], [ 143.0723879609844, 65.596115137504214, 0.0 ] ] } },
{ "type": "Feature", "properties": { "average_dip": "(90,,)", "average_rake": null, "catalog_id": "NEA_233", "catalog_name": "GEM_NE_Asia", "dip_dir": null, "lower_seis_depth": null, "name": null, "net_slip_rate": null, "slip_type": "Sinistral", "upper_seis_depth": null, "downthrown_side_id": null, "reference": "DEM; Khozurin, 2004", "epistemic_quality": "1", "accuracy": "60000", "activity_confidence": "2", "fs_name": null, "last_movement": null, "downthrown_side_dir": null, "vert_sep_rate": null, "strike_slip_rate": null, "exposure_quality": "2", "shortening_rate": null, "notes": "Might be active; evidence ambiguous in imagery.", "index_right": 47, "NAME_EN": "Russia" }, "geometry": { "type": "LineString", "coordinates": [ [ 144.41372452510879, 65.288214184205188, 0.0 ], [ 143.973529642027898, 65.315089800244934, 0.0 ], [ 143.812587946605902, 65.311411330408077, 0.0 ], [ 143.743406810169688, 65.313628719400867, 0.0 ], [ 143.624581903196713, 65.325757016378489, 0.0 ], [ 143.536601142805296, 65.32984833204236, 0.0 ], [ 143.327518698939286, 65.342954933528077, 0.0 ], [ 143.24170494984341, 65.348929259891776, 0.0 ], [ 143.208670236285201, 65.354243529876669, 0.0 ], [ 143.099348452528602, 65.354421754392774, 0.0 ], [ 142.974672141638706, 65.366440934376953, 0.0 ], [ 142.883776528438489, 65.369000114159476, 0.0 ], [ 142.798261648856993, 65.377231416036423, 0.0 ], [ 142.727320872902709, 65.380615580481816, 0.0 ], [ 142.444992111791606, 65.371679055600211, 0.0 ], [ 142.304437306457686, 65.372232094069929, 0.0 ], [ 142.233903715334492, 65.37685503194956, 0.0 ], [ 141.893434906879293, 65.380744283171154, 0.0 ], [ 141.764709206584314, 65.384532633575219, 0.0 ], [ 141.556055687207305, 65.394786198306377, 0.0 ], [ 141.346866416441799, 65.431526354302108, 0.0 ], [ 140.959504845775996, 65.506109488254111, 0.0 ] ] } },
{ "type": "Feature", "properties": { "average_dip": "(90,,)", "average_rake": null, "catalog_id": "NEA_289", "catalog_name": "GEM_NE_Asia", "dip_dir": null, "lower_seis_depth": null, "name": "Lankovaya_1", "net_slip_rate": null, "slip_type": "Dextral", "upper_seis_depth": null, "downthrown_side_id": null, "reference": "DEM; Khozurin, 2004", "epistemic_quality": "1", "accuracy": "50000", "activity_confidence": "1", "fs_name": null, "last_movement": null, "downthrown_side_dir": null, "vert_sep_rate": null, "strike_slip_rate": null, "exposure_quality": "1", "shortening_rate": null, "notes": "good traces in GE and ArcticDEM", "index_right": 47, "NAME_EN": "Russia" }, "geometry": { "type": "LineString", "coordinates": [ [ 155.812430261467483, 61.687238991721607, 0.0 ], [ 155.799527772466917, 61.678683201126304, 0.0 ], [ 155.786790822987626, 61.673104474825593, 0.0 ], [ 155.778760459952963, 61.671845967962888, 0.0 ], [ 155.745647660697273, 61.651575175397582, 0.0 ], [ 155.739975779107056, 61.650015736263107, 0.0 ], [ 155.687195849648219, 61.622063374947842, 0.0 ], [ 155.676617794890461, 61.610402288594294, 0.0 ], [ 155.663559742739807, 61.587315052385442, 0.0 ], [ 155.628877051882625, 61.557531311325, 0.0 ], [ 155.624164846762085, 61.551578224581021, 0.0 ], [ 155.602035828399181, 61.532025390828345, 0.0 ], [ 155.592271191740764, 61.524907712507826, 0.0 ], [ 155.573326121664678, 61.503796722996022, 0.0 ], [ 155.563609743579974, 61.48679973814567, 0.0 ], [ 155.559266187546626, 61.481935563748351, 0.0 ], [ 155.502018458308072, 61.440508883813493, 0.0 ], [ 155.479738774483792, 61.429368138668472, 0.0 ], [ 155.451045143786786, 61.41843742656355, 0.0 ], [ 155.402134212865917, 61.377282184454998, 0.0 ], [ 155.366976529942463, 61.353649994840431, 0.0 ], [ 155.349381735190235, 61.339961340313195, 0.0 ], [ 155.337818290129945, 61.333105261863238, 0.0 ], [ 155.327636554283032, 61.329210361286201, 0.0 ], [ 155.247886899816109, 61.305182458357713, 0.0 ], [ 155.22411191407005, 61.301198081435949, 0.0 ], [ 155.132765807052039, 61.279213587945897, 0.0 ], [ 155.110338341280624, 61.276740812234117, 0.0 ], [ 155.076281518407711, 61.270424697452412, 0.0 ], [ 154.977598880746058, 61.249504656608316, 0.0 ], [ 154.938950274186169, 61.231914241530298, 0.0 ], [ 154.929249203142859, 61.224438853512041, 0.0 ], [ 154.912915892295246, 61.217437062539261, 0.0 ], [ 154.883326857536986, 61.206546563408978, 0.0 ], [ 154.840657041605994, 61.19391678939801, 0.0 ], [ 154.753601236676758, 61.18300070329699, 0.0 ], [ 154.710240245331789, 61.172253664866616, 0.0 ], [ 154.647326949704137, 61.152588272989483, 0.0 ], [ 154.600233967090219, 61.147857781214164, 0.0 ], [ 154.551739460170552, 61.14003071711322, 0.0 ], [ 154.53043092865326, 61.13435512680141, 0.0 ], [ 154.447087850282799, 61.124467318853881, 0.0 ], [ 154.308822517171791, 61.092616347210068, 0.0 ], [ 154.231741777788841, 61.088671291876146, 0.0 ], [ 154.202863606087391, 61.080406850132135, 0.0 ], [ 154.164695277544411, 61.07486859992656, 0.0 ] ] } },
{ "type": "Feature", "properties": { "average_dip": "(90,,)", "average_rake": null, "catalog_id": "NEA_291", "catalog_name": "GEM_NE_Asia", "dip_dir": null, "lower_seis_depth": null, "name": "Lankovaya_2", "net_slip_rate": null, "slip_type": "Dextral", "upper_seis_depth": null, "downthrown_side_id": null, "reference": "DEM; Khozurin, 2004", "epistemic_quality": "1", "accuracy": "50000", "activity_confidence": "1", "fs_name": null, "last_movement": null, "downthrown_side_dir": null, "vert_sep_rate": null, "strike_slip_rate": null, "exposure_quality": "1", "shortening_rate": null, "notes": null, "index_right": 47, "NAME_EN": "Russia" }, "geometry": { "type": "LineString", "coordinates": [ [ 151.968521409081546, 59.779963791818567, 0.0 ], [ 152.067161170574025, 59.79406718099704, 0.0 ], [ 152.272337113855144, 59.832553627673803, 0.0 ], [ 152.382153063898301, 59.845649638035098, 0.0 ], [ 152.491312275611108, 59.863880378650926, 0.0 ], [ 152.597621165262893, 59.893991775443574, 0.0 ], [ 152.705133284817379, 59.916976033578962, 0.0 ], [ 152.794236131814614, 59.947295212858812, 0.0 ], [ 153.141756702328109, 60.123784574297225, 0.0 ], [ 153.185143325550968, 60.149487230766283, 0.0 ], [ 153.233230695430848, 60.170672874091331, 0.0 ], [ 153.249007860680081, 60.174692251245524, 0.0 ], [ 153.305808958215749, 60.197940158859744, 0.0 ], [ 153.340528116354648, 60.224106080614796, 0.0 ], [ 153.390297161473995, 60.250677933772842, 0.0 ], [ 153.448655424833589, 60.293176354880458, 0.0 ], [ 153.50178579677717, 60.322505328543649, 0.0 ], [ 153.587272264181422, 60.360167029263266, 0.0 ], [ 153.657698038773418, 60.384066413941461, 0.0 ], [ 153.761505096984223, 60.423148392325722, 0.0 ], [ 153.836428212220852, 60.437022866955594, 0.0 ], [ 153.869749845296781, 60.446711871153333, 0.0 ], [ 153.908426280400164, 60.461801620036901, 0.0 ], [ 153.920757180363267, 60.466786011074014, 0.0 ], [ 153.948389087418576, 60.483831722190281, 0.0 ], [ 153.975107467783687, 60.495942499892728, 0.0 ], [ 154.011179914327585, 60.508589262270071, 0.0 ], [ 154.140299696557605, 60.573521051983946, 0.0 ], [ 154.169922333910364, 60.585694819191644, 0.0 ], [ 154.247899508888992, 60.641300221503812, 0.0 ], [ 154.266936404356869, 60.660281311852223, 0.0 ], [ 154.314428131548055, 60.689033727185546, 0.0 ], [ 154.403654418956762, 60.736250054068066, 0.0 ], [ 154.484183594828295, 60.768535359883536, 0.0 ], [ 154.561128487565725, 60.786865153686378, 0.0 ], [ 154.618894666685947, 60.798024538450996, 0.0 ], [ 154.702526068517813, 60.829616878139525, 0.0 ], [ 154.755430943579967, 60.852543955631049, 0.0 ], [ 154.810364234673955, 60.871322570123745, 0.0 ], [ 154.857392646486687, 60.898845093829813, 0.0 ], [ 154.945402176523572, 60.939808049750738, 0.0 ], [ 155.051630087890686, 60.99604250751355, 0.0 ], [ 155.25448311870403, 61.112584069062898, 0.0 ], [ 155.286532364439381, 61.136876952747663, 0.0 ], [ 155.340954070608944, 61.168512022036005, 0.0 ], [ 155.38637287492665, 61.192202502008996, 0.0 ], [ 155.471877947210686, 61.264701987715981, 0.0 ], [ 155.499249971662948, 61.290424855392217, 0.0 ], [ 155.550119044757707, 61.318564389093318, 0.0 ], [ 155.588787717471604, 61.357748453015134, 0.0 ], [ 155.613162655827438, 61.391043889326042, 0.0 ], [ 155.628138905346106, 61.408231836313263, 0.0 ], [ 155.634242212478767, 61.419203957669275, 0.0 ], [ 155.641536549365753, 61.425954899376173, 0.0 ], [ 155.651357229319558, 61.4338507697342, 0.0 ], [ 155.701098312094643, 61.4600214179871, 0.0 ], [ 155.722965710678267, 61.475516404140691, 0.0 ], [ 155.738793260413445, 61.482298029861816, 0.0 ], [ 155.759042603001717, 61.496976974208806, 0.0 ], [ 155.784992341481399, 61.506635662876889, 0.0 ], [ 155.810557474241165, 61.52570299870429, 0.0 ], [ 155.829002333561675, 61.549732224692001, 0.0 ] ] } },
{ "type": "Feature", "properties": { "average_dip": "(50,35,65)", "average_rake": null, "catalog_id": "NEA_287", "catalog_name": "GEM_NE_Asia", "dip_dir": "S", "lower_seis_depth": null, "name": null, "net_slip_rate": null, "slip_type": "Normal", "upper_seis_depth": null, "downthrown_side_id": null, "reference": "DEM", "epistemic_quality": "1", "accuracy": "45000", "activity_confidence": "1", "fs_name": null, "last_movement": null, "downthrown_side_dir": "S", "vert_sep_rate": null, "strike_slip_rate": null, "exposure_quality": "1", "shortening_rate": null, "notes": null, "index_right": 47, "NAME_EN": "Russia" }, "geometry": { "type": "LineString", "coordinates": [ [ 103.868734790884474, 50.828647767028841, 0.0 ], [ 103.888200751964362, 50.833054818495782, 0.0 ], [ 103.910934284930548, 50.840962922141749, 0.0 ], [ 103.950921024197072, 50.845991709720977, 0.0 ], [ 103.967229565431296, 50.853683633484728, 0.0 ], [ 103.977305790159789, 50.862833084257701, 0.0 ], [ 103.988420680103317, 50.868061504715044, 0.0 ], [ 103.998953894784108, 50.87857253130516, 0.0 ], [ 104.026567468580765, 50.883173806618252, 0.0 ], [ 104.04580089883207, 50.889064593303281, 0.0 ], [ 104.073683212617425, 50.892599677044998, 0.0 ], [ 104.118448931229551, 50.887335145800854, 0.0 ], [ 104.131096546438187, 50.88802863849854, 0.0 ], [ 104.15915415126922, 50.895625108053743, 0.0 ], [ 104.183504523543306, 50.896694078552876, 0.0 ], [ 104.23524888053096, 50.903066830689454, 0.0 ], [ 104.308347463791947, 50.921322876869191, 0.0 ], [ 104.342259924157574, 50.9234709937814, 0.0 ] ] } },
{ "type": "Feature", "properties": { "average_dip": "(55,35,65)", "average_rake": null, "catalog_id": "NEA_282", "catalog_name": "GEM_NE_Asia", "dip_dir": "SE", "lower_seis_depth": null, "name": null, "net_slip_rate": null, "slip_type": "Normal", "upper_seis_depth": null, "downthrown_side_id": null, "reference": "DEM", "epistemic_quality": "1", "accuracy": "45000", "activity_confidence": "1", "fs_name": null, "last_movement": null, "downthrown_side_dir": "SE", "vert_sep_rate": null, "strike_slip_rate": null, "exposure_quality": "2", "shortening_rate": null, "notes": null, "index_right": 47, "NAME_EN": "Russia" }, "geometry": { "type": "LineString", "coordinates": [ [ 106.081993011946324, 50.971416363771574, 0.0 ], [ 106.099823282784612, 50.977000925703592, 0.0 ], [ 106.114591028031057, 50.984574360041861, 0.0 ], [ 106.143863483359894, 51.00848036489117, 0.0 ], [ 106.157119375136574, 51.022407269922503, 0.0 ], [ 106.159958677773957, 51.031142698339345, 0.0 ], [ 106.169835329519557, 51.043588659381285, 0.0 ], [ 106.172409862398638, 51.05111755562892, 0.0 ], [ 106.175621631366084, 51.05516593736693, 0.0 ], [ 106.178537993800006, 51.06692099016125, 0.0 ], [ 106.177955512229772, 51.07266665650377, 0.0 ], [ 106.185992785023942, 51.077877422116963, 0.0 ], [ 106.188756908647619, 51.083138018529745, 0.0 ], [ 106.18659466668116, 51.092977050335165, 0.0 ], [ 106.188607519695168, 51.096885223738028, 0.0 ], [ 106.189879272663418, 51.109863357282762, 0.0 ], [ 106.193703718268821, 51.119191747856704, 0.0 ], [ 106.199804834792602, 51.123362526243547, 0.0 ], [ 106.200449773337951, 51.130153323184608, 0.0 ], [ 106.20298201589523, 51.135566498119999, 0.0 ], [ 106.199889378502363, 51.146622252854989, 0.0 ], [ 106.20385196138227, 51.151568415307374, 0.0 ], [ 106.211225700581238, 51.168262232524022, 0.0 ], [ 106.22990032593718, 51.184995573923942, 0.0 ], [ 106.236141189324826, 51.194297916367802, 0.0 ], [ 106.263709591064483, 51.200818624125276, 0.0 ], [ 106.268857530917103, 51.204693233987463, 0.0 ], [ 106.286678979443479, 51.205870382720448, 0.0 ], [ 106.319538579636941, 51.238904628399432, 0.0 ], [ 106.321481152744497, 51.248549450254181, 0.0 ], [ 106.334598832119823, 51.26200191494344, 0.0 ], [ 106.33581505071281, 51.271351913502997, 0.0 ], [ 106.366849502248783, 51.287930535175867, 0.0 ], [ 106.373252187176917, 51.292994890562177, 0.0 ], [ 106.374316400773296, 51.296607464981399, 0.0 ], [ 106.38825874057153, 51.304155233868144, 0.0 ], [ 106.399680791928375, 51.307652378106852, 0.0 ], [ 106.410438095140677, 51.313119056324489, 0.0 ], [ 106.415127527886298, 51.316992371958293, 0.0 ], [ 106.420197991870111, 51.325693335910799, 0.0 ], [ 106.438422484517773, 51.330770719024137, 0.0 ], [ 106.449880173977476, 51.343322970778836, 0.0 ], [ 106.461583640391794, 51.347717159371136, 0.0 ], [ 106.469995533376135, 51.354866851195766, 0.0 ], [ 106.476945077766302, 51.361429157141814, 0.0 ], [ 106.478218045120443, 51.371681921541587, 0.0 ], [ 106.472701541650665, 51.380806407343442, 0.0 ], [ 106.46871166873305, 51.392630462157214, 0.0 ], [ 106.472933755288281, 51.404660071232996, 0.0 ], [ 106.489865206754288, 51.421672691827212, 0.0 ], [ 106.494476826345505, 51.430374898725255, 0.0 ], [ 106.560695579240942, 51.446781831394269, 0.0 ], [ 106.575902432965904, 51.45383912214556, 0.0 ], [ 106.59235749616964, 51.454537660422922, 0.0 ], [ 106.622266313683127, 51.46744141305588, 0.0 ], [ 106.636340555322235, 51.483564431395052, 0.0 ], [ 106.686254154708436, 51.486528701222916, 0.0 ], [ 106.720071943002495, 51.48546698651888, 0.0 ] ] } },
{ "type": "Feature", "properties": { "average_dip": "(50,30,70)", "average_rake": null, "catalog_id": "NEA_281", "catalog_name": "GEM_NE_Asia", "dip_dir": "W", "lower_seis_depth": null, "name": null, "net_slip_rate": null, "slip_type": "Normal", "upper_seis_depth": null, "downthrown_side_id": null, "reference": "Kozhurin, 2004", "epistemic_quality": "1", "accuracy": "40000", "activity_confidence": "1", "fs_name": "East Kamchatka Fault Zone", "last_movement": null, "downthrown_side_dir": "W", "vert_sep_rate": null, "strike_slip_rate": null, "exposure_quality": "1", "shortening_rate": null, "notes": null, "index_right": 47, "NAME_EN": "Russia" }, "geometry": { "type": "LineString", "coordinates": [ [ 157.546664739680608, 53.20960090145384, 0.0 ], [ 157.551907577923913, 53.222737133435032, 0.0 ], [ 157.567797512683597, 53.251864418099409, 0.0 ], [ 157.577313557808793, 53.265548524367119, 0.0 ], [ 157.591780356631688, 53.296639073281128, 0.0 ], [ 157.601426858894399, 53.31295542672008, 0.0 ], [ 157.611928833240512, 53.34409546700536, 0.0 ], [ 157.619074917882614, 53.357778636976569, 0.0 ], [ 157.634162632887808, 53.377718137024686, 0.0 ], [ 157.635039670214809, 53.404305471301363, 0.0 ], [ 157.63784320055521, 53.428497768110518, 0.0 ], [ 157.631900021986013, 53.467391911330083, 0.0 ], [ 157.638170738806508, 53.481662757126088, 0.0 ], [ 157.640578786399004, 53.499016624744193, 0.0 ], [ 157.64270559268391, 53.503692757022293, 0.0 ], [ 157.650745282157914, 53.511561073062857, 0.0 ], [ 157.646057828704386, 53.539876550387788, 0.0 ], [ 157.642539147321287, 53.547550167376173, 0.0 ], [ 157.639683363223099, 53.559931117865588, 0.0 ], [ 157.639219924110193, 53.569474753369462, 0.0 ], [ 157.645836890731914, 53.581037444750109, 0.0 ], [ 157.657063550054289, 53.584256634164269, 0.0 ], [ 157.666380154017304, 53.591393187175107, 0.0 ], [ 157.669551866826595, 53.596888408100547, 0.0 ], [ 157.674458883739902, 53.60055071288469, 0.0 ], [ 157.679090495920292, 53.613766770787628, 0.0 ], [ 157.677954178665686, 53.627642419048513, 0.0 ], [ 157.671579623279399, 53.645147870592268, 0.0 ], [ 157.675249184864811, 53.678089208248963, 0.0 ], [ 157.680131667763902, 53.702687542213219, 0.0 ], [ 157.680619087632891, 53.709184528844673, 0.0 ], [ 157.677719117152492, 53.71636046464576, 0.0 ], [ 157.688814129324101, 53.751778230638159, 0.0 ], [ 157.690665402949804, 53.763477797507591, 0.0 ], [ 157.685750842777509, 53.775838332952091, 0.0 ], [ 157.698661537292708, 53.79941256698222, 0.0 ], [ 157.694401479643403, 53.843171872938129, 0.0 ], [ 157.695629791229806, 53.866913820485472, 0.0 ], [ 157.734049808133989, 53.888013913805239, 0.0 ] ] } },
{ "type": "Feature", "properties": { "average_dip": "(50,30,70)", "average_rake": null, "catalog_id": "NEA_284", "catalog_name": "GEM_NE_Asia", "dip_dir": "W", "lower_seis_depth": null, "name": null, "net_slip_rate": null, "slip_type": "Normal", "upper_seis_depth": null, "downthrown_side_id": null, "reference": "Kozhurin, 2004", "epistemic_quality": "1", "accuracy": "40000", "activity_confidence": "1", "fs_name": "East Kamchatka Fault Zone", "last_movement": null, "downthrown_side_dir": "W", "vert_sep_rate": null, "strike_slip_rate": null, "exposure_quality": "1", "shortening_rate": null, "notes": null, "index_right": 47, "NAME_EN": "Russia" }, "geometry": { "type": "LineString", "coordinates": [ [ 157.787407266430705, 53.783849848691297, 0.0 ], [ 157.791396348742893, 53.798627750124687, 0.0 ], [ 157.791394348366907, 53.810161113163673, 0.0 ], [ 157.793482769126598, 53.821739313431713, 0.0 ], [ 157.801290137047999, 53.854221834060439, 0.0 ], [ 157.798909011598795, 53.867783454887032, 0.0 ], [ 157.801880061018494, 53.881584706592761, 0.0 ], [ 157.798266467799607, 53.898627803045059, 0.0 ], [ 157.811252471696008, 53.919332855924161, 0.0 ], [ 157.83052235600249, 53.942544282030433, 0.0 ], [ 157.832792296342404, 53.950823063825737, 0.0 ], [ 157.893375471786896, 53.979904867396733, 0.0 ], [ 157.913093748543389, 53.984401407616929, 0.0 ], [ 157.978511615749909, 53.991783300541663, 0.0 ], [ 157.996049339515196, 54.00055553833441, 0.0 ], [ 158.017286058588013, 54.019889492302617, 0.0 ], [ 158.027217936951899, 54.024817055512912, 0.0 ], [ 158.03953702081381, 54.037487592313227, 0.0 ], [ 158.039192322624103, 54.046604825316088, 0.0 ], [ 158.043598573269207, 54.056165093936613, 0.0 ], [ 158.046425309612999, 54.069482787020917, 0.0 ], [ 158.066355705017486, 54.08652907302006, 0.0 ], [ 158.10174863077259, 54.095784649025433, 0.0 ], [ 158.112070967804101, 54.109520566613327, 0.0 ], [ 158.154639879336287, 54.14012860168355, 0.0 ], [ 158.159784971171604, 54.154187009244581, 0.0 ], [ 158.170140415007893, 54.165963878710087, 0.0 ], [ 158.184153980810208, 54.176843740748687, 0.0 ], [ 158.212284504702495, 54.195380480127042, 0.0 ], [ 158.2186851375115, 54.201421527025992, 0.0 ], [ 158.272040336385203, 54.227655427286997, 0.0 ], [ 158.293487863826414, 54.251719749851773, 0.0 ], [ 158.340046394556708, 54.325084004713062, 0.0 ], [ 158.353503404359998, 54.336850463913933, 0.0 ], [ 158.358737859059602, 54.354989352927511, 0.0 ], [ 158.356751360188213, 54.365731200469142, 0.0 ], [ 158.358631419693495, 54.377164812431133, 0.0 ], [ 158.353455618399607, 54.386200650460559, 0.0 ], [ 158.364734344621496, 54.404140384423748, 0.0 ], [ 158.366486880257611, 54.415075005821791, 0.0 ], [ 158.372818162072093, 54.426080864034319, 0.0 ] ] } },
{ "type": "Feature", "properties": { "average_dip": "(50,30,70)", "average_rake": null, "catalog_id": "NEA_283", "catalog_name": "GEM_NE_Asia", "dip_dir": "W", "lower_seis_depth": null, "name": null, "net_slip_rate": null, "slip_type": "Normal", "upper_seis_depth": null, "downthrown_side_id": null, "reference": "Google Earth; Khozurin", "epistemic_quality": "1", "accuracy": "40000", "activity_confidence": "1", "fs_name": "East Kamchatka Fault Zone", "last_movement": null, "downthrown_side_dir": "W", "vert_sep_rate": null, "strike_slip_rate": null, "exposure_quality": "1", "shortening_rate": null, "notes": null, "index_right": 47, "NAME_EN": "Russia" }, "geometry": { "type": "LineString", "coordinates": [ [ 161.975746211805614, 56.199187512961267, 0.0 ], [ 161.975831032519807, 56.202768033112221, 0.0 ], [ 161.979546702220887, 56.207332366381763, 0.0 ], [ 162.008465386222298, 56.216668657763059, 0.0 ], [ 162.023466306816687, 56.225311022179547, 0.0 ], [ 162.027597140653114, 56.230393949557318, 0.0 ], [ 162.028109036947399, 56.23806352147853, 0.0 ], [ 162.032374852359709, 56.243314514251693, 0.0 ], [ 162.044539945471911, 56.247817268091232, 0.0 ], [ 162.055615023068611, 56.25498184327656, 0.0 ], [ 162.06426267504051, 56.266348414496079, 0.0 ], [ 162.070773452923788, 56.268486408478211, 0.0 ], [ 162.075580054855806, 56.273367394564239, 0.0 ], [ 162.080235185205709, 56.280264213523139, 0.0 ], [ 162.084580676952811, 56.303509205250123, 0.0 ], [ 162.086970021431995, 56.306628038296672, 0.0 ], [ 162.093109201576794, 56.31004891949334, 0.0 ], [ 162.097065024145508, 56.315402009240351, 0.0 ], [ 162.099576759296895, 56.322304658157087, 0.0 ], [ 162.115684837123496, 56.335586909389853, 0.0 ], [ 162.122242480425086, 56.33901607288071, 0.0 ], [ 162.125043573088504, 56.34272205341361, 0.0 ], [ 162.126162768575909, 56.35712847227871, 0.0 ], [ 162.130694496125102, 56.358584852050058, 0.0 ], [ 162.136394459108914, 56.363363740311208, 0.0 ], [ 162.150563306071206, 56.385326117348697, 0.0 ], [ 162.16856978055381, 56.406007777811837, 0.0 ], [ 162.181941890961809, 56.413963005588563, 0.0 ], [ 162.184661025834487, 56.419373342968868, 0.0 ], [ 162.201823630882302, 56.430695658906942, 0.0 ], [ 162.208955468448409, 56.442511044166302, 0.0 ], [ 162.217574858104598, 56.447904422760402, 0.0 ], [ 162.223367505198098, 56.460066253969607, 0.0 ], [ 162.229954138166192, 56.483245420150972, 0.0 ] ] } },
{ "type": "Feature", "properties": { "average_dip": "(50,30,70)", "average_rake": null, "catalog_id": "NEA_278", "catalog_name": "GEM_NE_Asia", "dip_dir": "W", "lower_seis_depth": null, "name": null, "net_slip_rate": null, "slip_type": "Normal", "upper_seis_depth": null, "downthrown_side_id": null, "reference": "Google Earth; Khozurin", "epistemic_quality": "1", "accuracy": "40000", "activity_confidence": "1", "fs_name": "East Kamchatka Fault Zone", "last_movement": null, "downthrown_side_dir": "W", "vert_sep_rate": null, "strike_slip_rate": null, "exposure_quality": "1", "shortening_rate": null, "notes": null, "index_right": 47, "NAME_EN": "Russia" }, "geometry": { "type": "LineString", "coordinates": [ [ 159.47852470868321, 54.719020861813298, 0.0 ], [ 159.505644343127102, 54.722841983377457, 0.0 ], [ 159.52351952152199, 54.719894332626318, 0.0 ], [ 159.563372490164596, 54.727879996412433, 0.0 ], [ 159.571446530882611, 54.73360011172015, 0.0 ], [ 159.586840925509392, 54.739721132406324, 0.0 ], [ 159.592082133687711, 54.743288398644893, 0.0 ], [ 159.617871526563391, 54.743078755352549, 0.0 ], [ 159.632819632869797, 54.750622728924291, 0.0 ], [ 159.637152372148591, 54.757844124208873, 0.0 ], [ 159.637573955541399, 54.761447656570731, 0.0 ], [ 159.649833497849301, 54.766585487160228, 0.0 ], [ 159.655369048566911, 54.774659943464862, 0.0 ], [ 159.6658392767458, 54.781893725488437, 0.0 ], [ 159.677758647853693, 54.784339135727187, 0.0 ], [ 159.68194823931529, 54.792191619968101, 0.0 ], [ 159.686374975148397, 54.796572220455097, 0.0 ], [ 159.698350670490214, 54.79636230018793, 0.0 ], [ 159.704640523688511, 54.798791463659377, 0.0 ], [ 159.712352768701891, 54.80179387552198, 0.0 ], [ 159.713959945699287, 54.806969889104252, 0.0 ], [ 159.74004144464979, 54.817319230637878, 0.0 ], [ 159.776747924907198, 54.814913935891532, 0.0 ], [ 159.780394548526914, 54.821610774841893, 0.0 ], [ 159.785195486334686, 54.825920559928761, 0.0 ], [ 159.796859176195795, 54.8289857563582, 0.0 ], [ 159.797149373839602, 54.833897789659517, 0.0 ], [ 159.8034102817345, 54.837236861711133, 0.0 ], [ 159.810204714062309, 54.845794184539912, 0.0 ], [ 159.811896145515789, 54.864933545359492, 0.0 ], [ 159.814776494279613, 54.87475115798609, 0.0 ], [ 159.814514686537592, 54.898520792044607, 0.0 ], [ 159.818115234487692, 54.910936282901361, 0.0 ], [ 159.82161477588869, 54.917245565308271, 0.0 ], [ 159.821531398869212, 54.923485141796107, 0.0 ], [ 159.8250122707814, 54.931771904497531, 0.0 ], [ 159.839718378968712, 54.94411567852206, 0.0 ], [ 159.855821571049091, 54.953042608882789, 0.0 ], [ 159.861948137352499, 54.961233086473982, 0.0 ], [ 159.872063737997109, 54.969810081618498, 0.0 ], [ 159.880005537198599, 54.982555517647263, 0.0 ], [ 159.893209077388889, 54.988305619152058, 0.0 ], [ 159.900058382287511, 54.992981561744607, 0.0 ], [ 159.905384773745709, 55.000184722896343, 0.0 ], [ 159.91128955784751, 55.004939385633833, 0.0 ], [ 159.920833819754506, 55.009591509771617, 0.0 ], [ 159.922348621530489, 55.018243657783131, 0.0 ], [ 159.930378548623906, 55.027710010022361, 0.0 ], [ 159.928258008332108, 55.036507881016242, 0.0 ], [ 159.929385126242806, 55.039130189788622, 0.0 ], [ 159.932850249409114, 55.040973289325947, 0.0 ], [ 159.939412904910711, 55.05300960008757, 0.0 ], [ 159.946752338351303, 55.054015250522212, 0.0 ], [ 159.950739227040714, 55.057616093411013, 0.0 ], [ 159.971402639430494, 55.062267226162028, 0.0 ], [ 159.984184141889813, 55.067399521643537, 0.0 ], [ 160.02024776485041, 55.071966622717412, 0.0 ], [ 160.03117376056511, 55.076326261094501, 0.0 ], [ 160.04625545528009, 55.085429969499778, 0.0 ], [ 160.069715318730601, 55.087031274370837, 0.0 ], [ 160.081538416449206, 55.091131656462913, 0.0 ], [ 160.094938215371599, 55.092179947039028, 0.0 ], [ 160.105749692618502, 55.090704122612998, 0.0 ], [ 160.120927982882904, 55.091160137980928, 0.0 ], [ 160.127939707914209, 55.094820252604762, 0.0 ], [ 160.147897100273411, 55.113862126632881, 0.0 ], [ 160.172250163968698, 55.120394278077249, 0.0 ], [ 160.179672120048707, 55.125563179128953, 0.0 ], [ 160.181296290601693, 55.12897899406704, 0.0 ], [ 160.190706205850802, 55.13722784269163, 0.0 ], [ 160.213547540117787, 55.140659310333511, 0.0 ], [ 160.24346041700889, 55.139856944230303, 0.0 ], [ 160.264060574206212, 55.143752340943387, 0.0 ], [ 160.266934231410204, 55.15091648478198, 0.0 ], [ 160.276984453101903, 55.153482387046438, 0.0 ], [ 160.3043237380856, 55.15146653521132, 0.0 ], [ 160.33319006367131, 55.157815674402109, 0.0 ], [ 160.356955740324992, 55.168339291154517, 0.0 ], [ 160.369800158298887, 55.177375161659, 0.0 ], [ 160.378769023733412, 55.181053209574749, 0.0 ], [ 160.405837787691809, 55.186196378497399, 0.0 ], [ 160.446075569720307, 55.199919179598083, 0.0 ], [ 160.454254515195601, 55.207932066683483, 0.0 ], [ 160.457377639937903, 55.214668289371851, 0.0 ] ] } },
{ "type": "Feature", "properties": { "average_dip": "(50,30,70)", "average_rake": null, "catalog_id": "NEA_277", "catalog_name": "GEM_NE_Asia", "dip_dir": "W", "lower_seis_depth": null, "name": null, "net_slip_rate": null, "slip_type": "Normal", "upper_seis_depth": null, "downthrown_side_id": null, "reference": "Google Earth; Khozurin", "epistemic_quality": "1", "accuracy": "40000", "activity_confidence": "1", "fs_name": "East Kamchatka Fault Zone", "last_movement": null, "downthrown_side_dir": "W", "vert_sep_rate": null, "strike_slip_rate": null, "exposure_quality": "1", "shortening_rate": null, "notes": null, "index_right": 47, "NAME_EN": "Russia" }, "geometry": { "type": "LineString", "coordinates": [ [ 160.390551328963909, 55.197006595078861, 0.0 ], [ 160.399496715493797, 55.20146999686115, 0.0 ], [ 160.421109631721009, 55.221131843201611, 0.0 ], [ 160.431275034694409, 55.239980353878053, 0.0 ], [ 160.432042668921696, 55.252630184110821, 0.0 ], [ 160.435959483228288, 55.25706656921232, 0.0 ], [ 160.446217602268604, 55.265119409375131, 0.0 ], [ 160.4645033978762, 55.269255200283233, 0.0 ], [ 160.470261284155612, 55.276626927694721, 0.0 ], [ 160.48430059127611, 55.28401591653337, 0.0 ], [ 160.496147133235013, 55.294249809687628, 0.0 ], [ 160.504904489921813, 55.299596647063808, 0.0 ], [ 160.516179787345408, 55.323007240508822, 0.0 ], [ 160.521728799055808, 55.330700609112661, 0.0 ], [ 160.520983217820714, 55.338449235858462, 0.0 ], [ 160.530078342156003, 55.348418611402217, 0.0 ], [ 160.531577154763596, 55.365381251364688, 0.0 ] ] } },
{ "type": "Feature", "properties": { "average_dip": "(50,30,70)", "average_rake": null, "catalog_id": "NEA_280", "catalog_name": "GEM_NE_Asia", "dip_dir": "W", "lower_seis_depth": null, "name": null, "net_slip_rate": null, "slip_type": "Normal", "upper_seis_depth": null, "downthrown_side_id": null, "reference": "Google Earth; Khozurin", "epistemic_quality": "1", "accuracy": "40000", "activity_confidence": "1", "fs_name": "East Kamchatka Fault Zone", "last_movement": null, "downthrown_side_dir": "W", "vert_sep_rate": null, "strike_slip_rate": null, "exposure_quality": "1", "shortening_rate": null, "notes": null, "index_right": 47, "NAME_EN": "Russia" }, "geometry": { "type": "LineString", "coordinates": [ [ 160.383941549497308, 55.25936711942915, 0.0 ], [ 160.391782465137908, 55.267005018929027, 0.0 ], [ 160.400162807023008, 55.269632408894289, 0.0 ], [ 160.422972850481699, 55.287853910751267, 0.0 ], [ 160.434570195768288, 55.293733684386062, 0.0 ], [ 160.444217570036898, 55.300834095751661, 0.0 ], [ 160.447813185228597, 55.305605700097743, 0.0 ], [ 160.445756354812204, 55.310662010757127, 0.0 ], [ 160.451499422871905, 55.321538948008502, 0.0 ], [ 160.467081461627998, 55.324606408837127, 0.0 ], [ 160.471669161377008, 55.328092392444127, 0.0 ], [ 160.476955523733409, 55.337896815173949, 0.0 ], [ 160.488681899251702, 55.344370242774808, 0.0 ], [ 160.49333541041301, 55.351256000817969, 0.0 ], [ 160.498829513950511, 55.354389626974211, 0.0 ], [ 160.503992652725088, 55.36419068676166, 0.0 ], [ 160.509374767252694, 55.370062119326043, 0.0 ], [ 160.525833690657294, 55.382609580959759, 0.0 ], [ 160.530664539687507, 55.390513640610237, 0.0 ], [ 160.529316074401208, 55.395540678124988, 0.0 ], [ 160.533518252671513, 55.408933810048737, 0.0 ], [ 160.547517028751088, 55.425439997894841, 0.0 ] ] } },
{ "type": "Feature", "properties": { "average_dip": "(50,30,70)", "average_rake": null, "catalog_id": "NEA_279", "catalog_name": "GEM_NE_Asia", "dip_dir": "W", "lower_seis_depth": null, "name": null, "net_slip_rate": null, "slip_type": "Normal", "upper_seis_depth": null, "downthrown_side_id": null, "reference": "Kozhurin, 2004", "epistemic_quality": "1", "accuracy": "40000", "activity_confidence": "1", "fs_name": "East Kamchatka Fault Zone", "last_movement": null, "downthrown_side_dir": "W", "vert_sep_rate": null, "strike_slip_rate": null, "exposure_quality": "1", "shortening_rate": null, "notes": null, "index_right": 47, "NAME_EN": "Russia" }, "geometry": { "type": "LineString", "coordinates": [ [ 157.307493937027004, 52.933530718592458, 0.0 ], [ 157.311084766386898, 52.948271437630062, 0.0 ], [ 157.308871668475405, 52.977448954831843, 0.0 ], [ 157.316709719521413, 52.999960014856427, 0.0 ], [ 157.358339891872504, 53.022104829319481, 0.0 ], [ 157.371437249807201, 53.03395580674681, 0.0 ], [ 157.381831196508699, 53.048846811115922, 0.0 ], [ 157.389733898641509, 53.05548324515059, 0.0 ], [ 157.403876677287997, 53.075432575528517, 0.0 ], [ 157.414599469870211, 53.085992971460144, 0.0 ], [ 157.419810096987391, 53.102425519766193, 0.0 ], [ 157.425284447972587, 53.112936754048448, 0.0 ], [ 157.432003090916197, 53.117415158952817, 0.0 ], [ 157.439877112787599, 53.127843911687258, 0.0 ], [ 157.442679506648886, 53.137879532582453, 0.0 ], [ 157.439408399771509, 53.153965165624328, 0.0 ], [ 157.44896853542491, 53.171697390123597, 0.0 ], [ 157.45096616288069, 53.18232751253344, 0.0 ], [ 157.46455908699221, 53.209584055919308, 0.0 ], [ 157.468108557624504, 53.225039746223601, 0.0 ], [ 157.472811488005789, 53.259380806733688, 0.0 ], [ 157.471132349003796, 53.29152771156793, 0.0 ], [ 157.480073312122499, 53.30549444351648, 0.0 ], [ 157.489491861908107, 53.311049456481349, 0.0 ], [ 157.510303267587204, 53.328441040351841, 0.0 ], [ 157.52195465186179, 53.347982143227988, 0.0 ] ] } },
{ "type": "Feature", "properties": { "average_dip": "(50,30,70)", "average_rake": null, "catalog_id": "NEA_274", "catalog_name": "GEM_NE_Asia", "dip_dir": "W", "lower_seis_depth": null, "name": null, "net_slip_rate": null, "slip_type": "Normal", "upper_seis_depth": null, "downthrown_side_id": null, "reference": "Google Earth; Khozurin", "epistemic_quality": "1", "accuracy": "40000", "activity_confidence": "1", "fs_name": "East Kamchatka Fault Zone", "last_movement": null, "downthrown_side_dir": "W", "vert_sep_rate": null, "strike_slip_rate": null, "exposure_quality": "1", "shortening_rate": null, "notes": null, "index_right": 47, "NAME_EN": "Russia" }, "geometry": { "type": "LineString", "coordinates": [ [ 161.460588669668795, 55.726023335983747, 0.0 ], [ 161.473545844042292, 55.725036032876773, 0.0 ], [ 161.483190555052602, 55.726105542714443, 0.0 ], [ 161.499726677512996, 55.731815204501601, 0.0 ], [ 161.515383027950605, 55.742667816345673, 0.0 ], [ 161.522450767786609, 55.756330647156872, 0.0 ], [ 161.533131505876895, 55.769741475856129, 0.0 ], [ 161.534479724907499, 55.775214849722119, 0.0 ], [ 161.54868834207241, 55.787725838360643, 0.0 ], [ 161.555788663769391, 55.791593690911739, 0.0 ], [ 161.559932437131408, 55.808924916960301, 0.0 ], [ 161.564908385034698, 55.820647705529282, 0.0 ], [ 161.591391753279993, 55.845250514207983, 0.0 ], [ 161.616905484368914, 55.849354677334652, 0.0 ], [ 161.629661850716303, 55.855614203578448, 0.0 ], [ 161.632466463783601, 55.864117015817023, 0.0 ], [ 161.630130025863195, 55.87254234872772, 0.0 ], [ 161.632929603802893, 55.881622273319437, 0.0 ], [ 161.638337446502106, 55.88973692808495, 0.0 ], [ 161.645743335059592, 55.895235541268413, 0.0 ], [ 161.644165077956188, 55.903555744107088, 0.0 ], [ 161.656018104993393, 55.913951362641548, 0.0 ], [ 161.665648447427913, 55.931305803626813, 0.0 ], [ 161.671716718005598, 55.935475589880483, 0.0 ], [ 161.676011838189794, 55.945800627853352, 0.0 ], [ 161.698522899569213, 55.964425405910582, 0.0 ], [ 161.722740064292708, 55.991841811166509, 0.0 ], [ 161.72822323621719, 56.001786773650359, 0.0 ], [ 161.753933489057403, 56.015389411785598, 0.0 ], [ 161.758614644709809, 56.019467514621439, 0.0 ], [ 161.766908925336708, 56.021794691135227, 0.0 ], [ 161.789885073527188, 56.062004207893331, 0.0 ], [ 161.800160899000502, 56.101690807950853, 0.0 ], [ 161.807378709869511, 56.10716436289357, 0.0 ], [ 161.823862890343008, 56.112544952187719, 0.0 ], [ 161.83506636756951, 56.119633954089672, 0.0 ], [ 161.852715880637106, 56.126043198869382, 0.0 ], [ 161.864431300630912, 56.134463770338023, 0.0 ], [ 161.874889558672606, 56.135050935709756, 0.0 ], [ 161.884844165374091, 56.137748922851962, 0.0 ], [ 161.891125960161588, 56.14286072042092, 0.0 ], [ 161.89647628068019, 56.142887081485597, 0.0 ], [ 161.917609637233994, 56.154419226123487, 0.0 ], [ 161.935200028464607, 56.160633594809639, 0.0 ], [ 161.938064689269595, 56.163091657108211, 0.0 ], [ 161.97362613533241, 56.173252355471163, 0.0 ], [ 161.990669952019914, 56.168301668029358, 0.0 ], [ 161.998358090620798, 56.167283883198813, 0.0 ], [ 162.007124497753892, 56.168567351740137, 0.0 ], [ 162.010227009077795, 56.171532410092617, 0.0 ], [ 162.034817907190813, 56.176097966676913, 0.0 ], [ 162.042483628664399, 56.182258913323977, 0.0 ], [ 162.049824672199492, 56.184131235082958, 0.0 ], [ 162.059082743639891, 56.195176151595362, 0.0 ] ] } },
{ "type": "Feature", "properties": { "average_dip": "(50,30,70)", "average_rake": null, "catalog_id": "NEA_273", "catalog_name": "GEM_NE_Asia", "dip_dir": "W", "lower_seis_depth": null, "name": null, "net_slip_rate": null, "slip_type": "Normal", "upper_seis_depth": null, "downthrown_side_id": null, "reference": "Kozhurin, 2004", "epistemic_quality": "1", "accuracy": "40000", "activity_confidence": "1", "fs_name": "East Kamchatka Fault Zone", "last_movement": null, "downthrown_side_dir": "W", "vert_sep_rate": null, "strike_slip_rate": null, "exposure_quality": "1", "shortening_rate": null, "notes": null, "index_right": 47, "NAME_EN": "Russia" }, "geometry": { "type": "LineString", "coordinates": [ [ 158.4006500599167, 54.31773038323356, 0.0 ], [ 158.403922709911512, 54.317459506727381, 0.0 ], [ 158.416310151929309, 54.322134772839718, 0.0 ], [ 158.439416310244695, 54.324739159320643, 0.0 ], [ 158.453140144458814, 54.334579352162223, 0.0 ], [ 158.474299801481607, 54.339761408870757, 0.0 ], [ 158.480956003461102, 54.353168143483742, 0.0 ], [ 158.493305379816405, 54.36252361077706, 0.0 ], [ 158.498190730567103, 54.37154220566083, 0.0 ], [ 158.504509690002806, 54.375668005924283, 0.0 ], [ 158.508054707256093, 54.382014909567751, 0.0 ], [ 158.520693103859088, 54.396548881061477, 0.0 ], [ 158.53452696160619, 54.403326134637197, 0.0 ], [ 158.545231352492607, 54.41140709550799, 0.0 ], [ 158.548995975202502, 54.41778867566974, 0.0 ], [ 158.572689028164291, 54.4262071208381, 0.0 ], [ 158.57551087715791, 54.429451623271369, 0.0 ], [ 158.588573756255187, 54.437096747353152, 0.0 ], [ 158.59111287997419, 54.440431330947433, 0.0 ], [ 158.590088803638906, 54.445529507794788, 0.0 ], [ 158.595876956290596, 54.458876389258307, 0.0 ], [ 158.59641218189239, 54.487535161446218, 0.0 ], [ 158.600946618596709, 54.49599950362537, 0.0 ], [ 158.606703988695102, 54.501635261767852, 0.0 ], [ 158.616233265597288, 54.506664185088987, 0.0 ], [ 158.625462401391786, 54.507447341985099, 0.0 ], [ 158.645434278279311, 54.515074375875123, 0.0 ], [ 158.679189628690892, 54.537188866480903, 0.0 ], [ 158.721771288904989, 54.550035118576417, 0.0 ], [ 158.743930903775407, 54.560399441630707, 0.0 ], [ 158.754334583763892, 54.563411236195769, 0.0 ], [ 158.767746896009697, 54.572833625136219, 0.0 ], [ 158.774643230839189, 54.576515263613913, 0.0 ], [ 158.782064150417114, 54.577877167927262, 0.0 ], [ 158.795052522410089, 54.58587077326569, 0.0 ], [ 158.797809297913204, 54.593314295194553, 0.0 ], [ 158.794411752946303, 54.59802459714777, 0.0 ], [ 158.804706872546404, 54.601928622432403, 0.0 ], [ 158.806714421004301, 54.605476144503449, 0.0 ], [ 158.811470281726088, 54.608935481642057, 0.0 ], [ 158.814085671360914, 54.618008196647693, 0.0 ], [ 158.822653093803098, 54.620540589327327, 0.0 ], [ 158.824940514737392, 54.622956787713022, 0.0 ], [ 158.824570985796299, 54.627380860868662, 0.0 ], [ 158.837388036206193, 54.63232933391847, 0.0 ], [ 158.841592340824207, 54.63670032015812, 0.0 ], [ 158.841277613230488, 54.643474120618372, 0.0 ], [ 158.844741286191891, 54.651001947451419, 0.0 ], [ 158.850871508490002, 54.654098652527821, 0.0 ], [ 158.87837478553709, 54.650001643551853, 0.0 ], [ 158.894353076071212, 54.651568637353407, 0.0 ], [ 158.918338441126991, 54.659509621517017, 0.0 ], [ 158.932045213266008, 54.661603250506992, 0.0 ], [ 158.962985617983804, 54.661365052443188, 0.0 ], [ 158.988193517158692, 54.65886414558512, 0.0 ], [ 159.046774540724613, 54.674582652326592, 0.0 ], [ 159.068549985010492, 54.68326696387566, 0.0 ], [ 159.086455106263713, 54.685735990939342, 0.0 ], [ 159.097755989220502, 54.690256271554198, 0.0 ], [ 159.101595137876899, 54.69270980541566, 0.0 ], [ 159.102917507727, 54.697432103615, 0.0 ], [ 159.121981410701096, 54.707530542530002, 0.0 ], [ 159.136928948272299, 54.709871977632837, 0.0 ], [ 159.167771640961206, 54.720230588864673, 0.0 ], [ 159.18818033107479, 54.720047044005341, 0.0 ], [ 159.207398555613509, 54.722543086372767, 0.0 ], [ 159.226515284393287, 54.731473924502261, 0.0 ], [ 159.241624954067305, 54.74305809640925, 0.0 ], [ 159.244908779929204, 54.747738980035308, 0.0 ], [ 159.260702417962705, 54.750244685228303, 0.0 ], [ 159.264411380907092, 54.754766246755928, 0.0 ], [ 159.28167989672221, 54.75976014435868, 0.0 ], [ 159.28776314997981, 54.764269528814353, 0.0 ], [ 159.289288931684609, 54.76953408357889, 0.0 ], [ 159.297304542857887, 54.774548162825262, 0.0 ], [ 159.297856375570404, 54.77934884695393, 0.0 ], [ 159.289128888580905, 54.799456966087398, 0.0 ] ] } },
{ "type": "Feature", "properties": { "average_dip": "(50,30,70)", "average_rake": null, "catalog_id": "NEA_275", "catalog_name": "GEM_NE_Asia", "dip_dir": "W", "lower_seis_depth": null, "name": null, "net_slip_rate": null, "slip_type": "Normal", "upper_seis_depth": null, "downthrown_side_id": null, "reference": "Google Earth; Khozurin", "epistemic_quality": "1", "accuracy": "40000", "activity_confidence": "1", "fs_name": "East Kamchatka Fault Zone", "last_movement": null, "downthrown_side_dir": "W", "vert_sep_rate": null, "strike_slip_rate": null, "exposure_quality": "1", "shortening_rate": null, "notes": null, "index_right": 47, "NAME_EN": "Russia" }, "geometry": { "type": "LineString", "coordinates": [ [ 160.583968829901409, 55.528629786127333, 0.0 ], [ 160.60821076293351, 55.521403726202493, 0.0 ], [ 160.648729920105609, 55.522972649122387, 0.0 ], [ 160.688862218074092, 55.5318756558666, 0.0 ], [ 160.702602008933013, 55.54207337538277, 0.0 ], [ 160.749577740042014, 55.561180804214359, 0.0 ], [ 160.770079715316314, 55.582750804997652, 0.0 ], [ 160.765576343247488, 55.589584562572107, 0.0 ], [ 160.765697816814509, 55.596742727668513, 0.0 ], [ 160.770379022137092, 55.604071555770282, 0.0 ], [ 160.781158779245686, 55.606852597533482, 0.0 ], [ 160.784985358026887, 55.611663033823348, 0.0 ], [ 160.788304659461289, 55.621057456910748, 0.0 ], [ 160.798773188234009, 55.628536490887349, 0.0 ], [ 160.810117507157088, 55.640017473950429, 0.0 ], [ 160.817248948708709, 55.640611149999302, 0.0 ], [ 160.827874063849606, 55.64429657153056, 0.0 ], [ 160.870739190566098, 55.64439482682829, 0.0 ], [ 160.881965914214504, 55.653351253476579, 0.0 ], [ 160.919446887188087, 55.669860593689592, 0.0 ], [ 160.951588266846613, 55.696607162650352, 0.0 ], [ 160.966935088997502, 55.705627001133657, 0.0 ], [ 160.975143821130104, 55.712727961813037, 0.0 ], [ 160.987806408527007, 55.730850094356619, 0.0 ], [ 160.996589501246405, 55.740596997320488, 0.0 ], [ 161.006129574021713, 55.743921104992317, 0.0 ], [ 161.017388157813599, 55.751923142112211, 0.0 ], [ 161.027279831663805, 55.761310327603333, 0.0 ], [ 161.030462627049786, 55.766531103701951, 0.0 ], [ 161.040252579956814, 55.774662535963088, 0.0 ], [ 161.048553503219608, 55.775435939745797, 0.0 ], [ 161.064224689432791, 55.793572330789942, 0.0 ], [ 161.073857053275191, 55.798585355526868, 0.0 ], [ 161.102218931893987, 55.826021183499797, 0.0 ], [ 161.117290602996405, 55.832367239463657, 0.0 ], [ 161.149494115570889, 55.855509954798222, 0.0 ], [ 161.181407802803108, 55.884682248550853, 0.0 ], [ 161.239202559687897, 55.929719837440679, 0.0 ], [ 161.248601562347289, 55.9382642024053, 0.0 ], [ 161.255218632328109, 55.950758436756487, 0.0 ], [ 161.264160491946711, 55.955581798024532, 0.0 ], [ 161.27215686007321, 55.96310746593899, 0.0 ], [ 161.288644587461306, 55.994602409963207, 0.0 ], [ 161.298230486507293, 56.008186599195582, 0.0 ], [ 161.303666807622903, 56.021557009707408, 0.0 ], [ 161.307194774395612, 56.035807416664298, 0.0 ], [ 161.316854671728692, 56.051617595770843, 0.0 ], [ 161.353754312199811, 56.070852356449493, 0.0 ], [ 161.381702216223687, 56.080946036946109, 0.0 ], [ 161.383882210671203, 56.087658175772631, 0.0 ], [ 161.390023820673605, 56.09387402776067, 0.0 ], [ 161.391939164804995, 56.10325214330377, 0.0 ], [ 161.398715878557709, 56.111966187774499, 0.0 ], [ 161.429330701906309, 56.136408424482177, 0.0 ], [ 161.432348358079906, 56.142601436997637, 0.0 ], [ 161.451363283917289, 56.146657040399027, 0.0 ], [ 161.480819111813389, 56.156044350610159, 0.0 ], [ 161.487490522824288, 56.163998956028287, 0.0 ], [ 161.493182221034402, 56.176172152360827, 0.0 ], [ 161.497323244733508, 56.191919703893873, 0.0 ], [ 161.50278883967249, 56.204005010643563, 0.0 ], [ 161.513157821637691, 56.216128352307599, 0.0 ], [ 161.516961174303901, 56.223074564718402, 0.0 ], [ 161.529393201489114, 56.23446476033957, 0.0 ], [ 161.542069081741687, 56.254201180255222, 0.0 ], [ 161.546423358918389, 56.256653985495788, 0.0 ], [ 161.553337354383103, 56.256593102480331, 0.0 ], [ 161.566397022869495, 56.263252717568058, 0.0 ], [ 161.578631328917112, 56.26184361779751, 0.0 ], [ 161.594799369872788, 56.263918323244653, 0.0 ], [ 161.607259001734604, 56.272479114725677, 0.0 ], [ 161.623162717680799, 56.276823895852843, 0.0 ], [ 161.636763901474893, 56.283029236686509, 0.0 ], [ 161.665691256877096, 56.325862503683339, 0.0 ], [ 161.682313604474814, 56.346761148488859, 0.0 ], [ 161.693868902951209, 56.371382736028153, 0.0 ], [ 161.705935642870287, 56.407702786693342, 0.0 ], [ 161.732210482705312, 56.453464648443912, 0.0 ], [ 161.742483894489311, 56.479092573967272, 0.0 ], [ 161.761620789102892, 56.501180890075098, 0.0 ], [ 161.763085904257309, 56.504653406555271, 0.0 ], [ 161.780696861986087, 56.514711395649961, 0.0 ], [ 161.790416600761887, 56.523281923338303, 0.0 ] ] } },
{ "type": "Feature", "properties": { "average_dip": "(30,15,40)", "average_rake": null, "catalog_id": "NEA_270", "catalog_name": "GEM_NE_Asia", "dip_dir": "E", "lower_seis_depth": null, "name": null, "net_slip_rate": null, "slip_type": "Reverse", "upper_seis_depth": null, "downthrown_side_id": null, "reference": "DEM; GCMT", "epistemic_quality": null, "accuracy": "60000", "activity_confidence": null, "fs_name": null, "last_movement": null, "downthrown_side_dir": "W", "vert_sep_rate": null, "strike_slip_rate": null, "exposure_quality": null, "shortening_rate": null, "notes": "Dip based on focal mechanisms", "index_right": 47, "NAME_EN": "Russia" }, "geometry": { "type": "LineString", "coordinates": [ [ 167.269702019805692, 61.046890084357301, 0.0 ], [ 167.328958906234107, 61.072444746616611, 0.0 ], [ 167.347868484483087, 61.084366343273253, 0.0 ], [ 167.370305176546395, 61.106420507122088, 0.0 ], [ 167.410201283017898, 61.138289621685232, 0.0 ], [ 167.437480282112887, 61.152789315819433, 0.0 ], [ 167.452718693608887, 61.168739512036368, 0.0 ], [ 167.460470909633102, 61.181143229263462, 0.0 ], [ 167.462442760526386, 61.188615075181893, 0.0 ], [ 167.454157336930308, 61.195112253134873, 0.0 ], [ 167.4597702454341, 61.202290954912193, 0.0 ], [ 167.458466839656893, 61.20829650890208, 0.0 ], [ 167.460910348108712, 61.210044332031678, 0.0 ], [ 167.46100050834329, 61.215768037907793, 0.0 ], [ 167.471662803322687, 61.225991429084928, 0.0 ], [ 167.476509462190791, 61.228033059733839, 0.0 ], [ 167.495747510285611, 61.230844226563569, 0.0 ], [ 167.527612222831294, 61.24479516807358, 0.0 ], [ 167.558381966050007, 61.250264314775279, 0.0 ], [ 167.568869682241512, 61.253513757944468, 0.0 ], [ 167.582175871809, 61.25875074526396, 0.0 ], [ 167.59611666387201, 61.267168143888703, 0.0 ], [ 167.607533768437492, 61.274881773889767, 0.0 ], [ 167.613257903878491, 61.281169848354153, 0.0 ], [ 167.624263517457393, 61.28587574662626, 0.0 ], [ 167.647620685484696, 61.289386098906412, 0.0 ], [ 167.656860699256498, 61.296133386229037, 0.0 ], [ 167.684858850264902, 61.307041067617163, 0.0 ], [ 167.697976249449908, 61.309271159129892, 0.0 ], [ 167.750703526624307, 61.333774148174641, 0.0 ], [ 167.767942141911703, 61.335712514351961, 0.0 ], [ 167.792682311215714, 61.343909265220411, 0.0 ], [ 167.804710969902999, 61.34548185298145, 0.0 ], [ 167.820736104230093, 61.352502168444708, 0.0 ], [ 167.839341164796991, 61.357731466619697, 0.0 ], [ 167.863559197421012, 61.369848694660817, 0.0 ], [ 167.878269749200797, 61.371862820337142, 0.0 ], [ 167.90613589975419, 61.37872599550667, 0.0 ], [ 167.909815613037892, 61.38236674514939, 0.0 ], [ 167.921343832725, 61.385590056448429, 0.0 ], [ 167.926046657982113, 61.3888508099323, 0.0 ], [ 167.941462766194888, 61.394718507552938, 0.0 ], [ 167.9677115409267, 61.400613737046797, 0.0 ] ] } },
{ "type": "Feature", "properties": { "average_dip": "(30,15,40)", "average_rake": null, "catalog_id": "NEA_269", "catalog_name": "GEM_NE_Asia", "dip_dir": "E", "lower_seis_depth": null, "name": null, "net_slip_rate": null, "slip_type": "Reverse", "upper_seis_depth": null, "downthrown_side_id": null, "reference": "DEM; GCMT", "epistemic_quality": null, "accuracy": "60000", "activity_confidence": null, "fs_name": null, "last_movement": null, "downthrown_side_dir": "W", "vert_sep_rate": null, "strike_slip_rate": null, "exposure_quality": null, "shortening_rate": null, "notes": "Dip based on focal mechanisms", "index_right": 47, "NAME_EN": "Russia" }, "geometry": { "type": "LineString", "coordinates": [ [ 166.609230779243489, 60.656552520435142, 0.0 ], [ 166.709927556328608, 60.67652249469171, 0.0 ], [ 166.748234850638795, 60.686113371967359, 0.0 ], [ 166.760643400816491, 60.688117316123233, 0.0 ], [ 166.780807250806504, 60.688521662705448, 0.0 ], [ 166.804176183252309, 60.698947451663066, 0.0 ], [ 166.820292888831688, 60.704001095680631, 0.0 ], [ 166.839200383580192, 60.713109334899578, 0.0 ], [ 166.861522711780907, 60.72086578740798, 0.0 ], [ 166.885020429108806, 60.732428139510972, 0.0 ], [ 166.935589342431598, 60.745135668227753, 0.0 ], [ 166.970584465054003, 60.750345447578397, 0.0 ], [ 166.9952798637689, 60.751163824278137, 0.0 ], [ 167.015784132720995, 60.748527080039338, 0.0 ], [ 167.057093909077793, 60.74978932771527, 0.0 ], [ 167.094675214960802, 60.754767821254518, 0.0 ], [ 167.123360927806687, 60.763835368409772, 0.0 ], [ 167.151594800495104, 60.782062837565157, 0.0 ], [ 167.175305138413506, 60.809266494217262, 0.0 ], [ 167.209679811074494, 60.836599571639383, 0.0 ], [ 167.244286570909793, 60.85760208127256, 0.0 ], [ 167.275300867077192, 60.865799468824527, 0.0 ], [ 167.306006560993808, 60.876567141682408, 0.0 ], [ 167.338972826892302, 60.890551791346823, 0.0 ], [ 167.374335165318399, 60.90992716666527, 0.0 ], [ 167.407433103993213, 60.930111262439823, 0.0 ], [ 167.453142940139088, 60.964506453979432, 0.0 ], [ 167.483709738657808, 60.991108474241031, 0.0 ] ] } },
{ "type": "Feature", "properties": { "average_dip": "(30,15,40)", "average_rake": null, "catalog_id": "NEA_272", "catalog_name": "GEM_NE_Asia", "dip_dir": "E", "lower_seis_depth": null, "name": null, "net_slip_rate": null, "slip_type": "Reverse", "upper_seis_depth": null, "downthrown_side_id": null, "reference": "DEM; GCMT", "epistemic_quality": null, "accuracy": "60000", "activity_confidence": null, "fs_name": null, "last_movement": null, "downthrown_side_dir": "W", "vert_sep_rate": null, "strike_slip_rate": null, "exposure_quality": null, "shortening_rate": null, "notes": null, "index_right": 47, "NAME_EN": "Russia" }, "geometry": { "type": "LineString", "coordinates": [ [ 165.966075587904896, 60.487912294032277, 0.0 ], [ 166.032582284348507, 60.508702626752218, 0.0 ], [ 166.049103499879692, 60.517642156751059, 0.0 ], [ 166.076992809880295, 60.524858412770179, 0.0 ], [ 166.105672724325899, 60.535519421355893, 0.0 ], [ 166.139078352858888, 60.551550594417748, 0.0 ], [ 166.182814554660609, 60.565437371904054, 0.0 ], [ 166.229229160978491, 60.573552893600578, 0.0 ], [ 166.253304854160888, 60.581833126828592, 0.0 ], [ 166.265509634668007, 60.584346961188743, 0.0 ], [ 166.306356940478707, 60.589404526575073, 0.0 ], [ 166.368048752935607, 60.610466933107688, 0.0 ], [ 166.465988058079006, 60.62752821383522, 0.0 ], [ 166.488845187932412, 60.633653930459488, 0.0 ], [ 166.503947547574114, 60.64092725749174, 0.0 ], [ 166.5211311025611, 60.64667261799498, 0.0 ], [ 166.572139547744314, 60.659579971830887, 0.0 ] ] } },
{ "type": "Feature", "properties": { "average_dip": "(85,80,90)", "average_rake": null, "catalog_id": "NEA_271", "catalog_name": "GEM_NE_Asia", "dip_dir": "NE", "lower_seis_depth": null, "name": "Kheyton Fault", "net_slip_rate": null, "slip_type": "Dextral", "upper_seis_depth": null, "downthrown_side_id": null, "reference": "Rozhdestvenskiy, 1973", "epistemic_quality": "1", "accuracy": "50000", "activity_confidence": "1", "fs_name": null, "last_movement": null, "downthrown_side_dir": null, "vert_sep_rate": null, "strike_slip_rate": null, "exposure_quality": "1", "shortening_rate": null, "notes": null, "index_right": 47, "NAME_EN": "Russia" }, "geometry": { "type": "LineString", "coordinates": [ [ 142.802213952565808, 54.288193675251911, 0.0 ], [ 142.800919192269703, 54.261977590377157, 0.0 ], [ 142.782080940113815, 54.208848988868283, 0.0 ], [ 142.780139063927066, 54.198984457994939, 0.0 ], [ 142.78549191443912, 54.162951416792787, 0.0 ], [ 142.790728654674524, 54.153595808778086, 0.0 ], [ 142.797136489393637, 54.147142071525408, 0.0 ], [ 142.805807578261039, 54.117441041225781, 0.0 ], [ 142.836783465948514, 54.068983018292123, 0.0 ], [ 142.866185840951005, 54.016360665921617, 0.0 ], [ 142.89346298024455, 53.958610057337957, 0.0 ] ] } },
{ "type": "Feature", "properties": { "average_dip": "(85,80,90)", "average_rake": null, "catalog_id": "NEA_266", "catalog_name": "GEM_NE_Asia", "dip_dir": "NE", "lower_seis_depth": null, "name": "Longri Fault", "net_slip_rate": null, "slip_type": "Dextral", "upper_seis_depth": null, "downthrown_side_id": null, "reference": "Rozhdestvenskiy, 1973", "epistemic_quality": null, "accuracy": "50000", "activity_confidence": "1", "fs_name": null, "last_movement": null, "downthrown_side_dir": null, "vert_sep_rate": null, "strike_slip_rate": null, "exposure_quality": null, "shortening_rate": null, "notes": null, "index_right": 47, "NAME_EN": "Russia" }, "geometry": { "type": "LineString", "coordinates": [ [ 142.970700434665304, 54.029715363852588, 0.0 ], [ 142.958519328040865, 54.049613768134634, 0.0 ], [ 142.936878701989912, 54.097152289308674, 0.0 ], [ 142.910889935960711, 54.123286505623575, 0.0 ], [ 142.901207743468376, 54.145340564021062, 0.0 ], [ 142.898277404668193, 54.159527670562717, 0.0 ], [ 142.885479112751511, 54.178450010698725, 0.0 ], [ 142.860378031077431, 54.207755124700611, 0.0 ], [ 142.853604312227276, 54.221761925243868, 0.0 ], [ 142.838558914370623, 54.239828009006175, 0.0 ], [ 142.817393873187825, 54.276135299185178, 0.0 ] ] } },
{ "type": "Feature", "properties": { "average_dip": "(90,,)", "average_rake": null, "catalog_id": "NEA_265", "catalog_name": "GEM_NE_Asia", "dip_dir": null, "lower_seis_depth": null, "name": "Tuin Fault", "net_slip_rate": null, "slip_type": "Dextral", "upper_seis_depth": null, "downthrown_side_id": null, "reference": "Rozhdestvenskiy, 1973", "epistemic_quality": null, "accuracy": "80000", "activity_confidence": "1", "fs_name": null, "last_movement": null, "downthrown_side_dir": null, "vert_sep_rate": null, "strike_slip_rate": null, "exposure_quality": null, "shortening_rate": null, "notes": null, "index_right": 47, "NAME_EN": "Russia" }, "geometry": { "type": "LineString", "coordinates": [ [ 142.604061128168922, 54.32165972805408, 0.0 ], [ 142.632169037775583, 54.288014126568555, 0.0 ], [ 142.647343913443876, 54.273672573772153, 0.0 ], [ 142.656028486918018, 54.262005370479415, 0.0 ], [ 142.668755406010717, 54.227614744335852, 0.0 ], [ 142.672633682203582, 54.202660634307087, 0.0 ], [ 142.754026640537745, 54.081850533778194, 0.0 ], [ 142.77065479177017, 54.062976323296297, 0.0 ], [ 142.819649778021613, 54.026756848226576, 0.0 ], [ 142.846582626840359, 54.012904705626703, 0.0 ], [ 142.871479273908903, 54.003572570760959, 0.0 ] ] } },
{ "type": "Feature", "properties": { "average_dip": "(90,,)", "average_rake": null, "catalog_id": "NEA_268", "catalog_name": "GEM_NE_Asia", "dip_dir": null, "lower_seis_depth": null, "name": "Ekhabi-Pil'tun Fault", "net_slip_rate": null, "slip_type": "Dextral", "upper_seis_depth": null, "downthrown_side_id": null, "reference": "Tsutsumi et al., 2005; Rogozhin, 1996", "epistemic_quality": "1", "accuracy": "120000", "activity_confidence": "1", "fs_name": null, "last_movement": "<2950 BC", "downthrown_side_dir": null, "vert_sep_rate": null, "strike_slip_rate": null, "exposure_quality": "2", "shortening_rate": null, "notes": "May not be located exactly; allow a few km on either side.", "index_right": 47, "NAME_EN": "Russia" }, "geometry": { "type": "LineString", "coordinates": [ [ 142.972239192559414, 53.553876084410746, 0.0 ], [ 142.98549765400918, 53.548057179265882, 0.0 ], [ 142.994071268549135, 53.532642343090892, 0.0 ], [ 143.013649905950558, 53.524307166402068, 0.0 ], [ 143.025495551643132, 53.501014147702598, 0.0 ], [ 143.026015440183869, 53.466756720507973, 0.0 ], [ 143.050602772874072, 53.448152976142303, 0.0 ], [ 143.057593177673539, 53.437833932082142, 0.0 ], [ 143.064415314202591, 53.417400200233914, 0.0 ], [ 143.076240334320175, 53.346219918194819, 0.0 ], [ 143.076104310883153, 53.336492323035195, 0.0 ], [ 143.07797723214415, 53.327484855299076, 0.0 ], [ 143.068492128138331, 53.298563047523253, 0.0 ], [ 143.069068625732911, 53.289592429522379, 0.0 ], [ 143.059636517935729, 53.232877097867807, 0.0 ], [ 143.061001593198455, 53.209475788524287, 0.0 ], [ 143.060631772860631, 53.160422637453372, 0.0 ], [ 143.042391720606844, 53.102339353475109, 0.0 ], [ 143.035983383255399, 53.070587114823169, 0.0 ], [ 143.039177517027866, 53.005056060733224, 0.0 ], [ 143.035301759010622, 52.980626080529291, 0.0 ], [ 143.040198334062381, 52.961005812061657, 0.0 ], [ 143.050114673044789, 52.939680380299293, 0.0 ], [ 143.052026353152513, 52.91507920598508, 0.0 ], [ 143.06223888290657, 52.86734255929295, 0.0 ], [ 143.065929879645012, 52.857103377043529, 0.0 ], [ 143.075088955534454, 52.806564404672514, 0.0 ], [ 143.076483329197998, 52.779729535576791, 0.0 ], [ 143.08481378511101, 52.733200506047815, 0.0 ], [ 143.086613825859075, 52.671363084687869, 0.0 ], [ 143.095409456671689, 52.628999444277248, 0.0 ], [ 143.097456372327741, 52.606520904967304, 0.0 ], [ 143.096751883397843, 52.585682417775708, 0.0 ], [ 143.098230121646964, 52.552105800917225, 0.0 ], [ 143.103486080048128, 52.517829642391106, 0.0 ], [ 143.114321385614574, 52.477534495950813, 0.0 ], [ 143.122851748526642, 52.424627702144363, 0.0 ], [ 143.105691971921544, 52.357465614137347, 0.0 ], [ 143.107892531034139, 52.305126157302688, 0.0 ], [ 143.105107326497659, 52.254100981112259, 0.0 ] ] } },
{ "type": "Feature", "properties": { "average_dip": "(35,15,55)", "average_rake": null, "catalog_id": "NEA_267", "catalog_name": "GEM_NE_Asia", "dip_dir": "W", "lower_seis_depth": null, "name": "Tym-Poronaysk Fault", "net_slip_rate": null, "slip_type": "Reverse", "upper_seis_depth": null, "downthrown_side_id": null, "reference": "Tsutsumi et al., 2005; Kogan et al., 2003", "epistemic_quality": "1", "accuracy": "70000", "activity_confidence": "1", "fs_name": null, "last_movement": null, "downthrown_side_dir": "E", "vert_sep_rate": null, "strike_slip_rate": null, "exposure_quality": "1", "shortening_rate": "(3,,)", "notes": "Reverse slip, with some (distributed?) dextral slip in region", "index_right": 47, "NAME_EN": "Russia" }, "geometry": { "type": "LineString", "coordinates": [ [ 142.977527886235919, 48.984677829960823, 0.0 ], [ 142.959751457920078, 48.994241077658245, 0.0 ], [ 142.948728400783551, 49.006728800193777, 0.0 ], [ 142.945722937555473, 49.03150873986003, 0.0 ], [ 142.941520741308494, 49.039474940735857, 0.0 ], [ 142.938466804751414, 49.055242770207826, 0.0 ], [ 142.920017830510119, 49.089505077653897, 0.0 ], [ 142.922037507327019, 49.101198546619372, 0.0 ], [ 142.917465105502032, 49.112504950943752, 0.0 ], [ 142.925594598822016, 49.126167110357635, 0.0 ], [ 142.926203677298332, 49.134768640898791, 0.0 ], [ 142.918968875906899, 49.142237675185783, 0.0 ], [ 142.917054745888379, 49.148956767369782, 0.0 ], [ 142.900618062644128, 49.170025296750303, 0.0 ], [ 142.900301425512907, 49.178262711406873, 0.0 ], [ 142.895731152500673, 49.189762988433671, 0.0 ], [ 142.894026275954474, 49.208032771032677, 0.0 ], [ 142.907439804007311, 49.220164462970487, 0.0 ], [ 142.903083193952995, 49.230482701277623, 0.0 ], [ 142.894494238928871, 49.244454346351745, 0.0 ], [ 142.885869864561897, 49.253724893539228, 0.0 ], [ 142.87007414199519, 49.263209609824663, 0.0 ], [ 142.857611294631255, 49.264757440360668, 0.0 ], [ 142.848284422955999, 49.276983916771741, 0.0 ], [ 142.846940210906354, 49.300724663599546, 0.0 ], [ 142.854524990818135, 49.323611665083483, 0.0 ], [ 142.842984004986675, 49.338644712241077, 0.0 ], [ 142.829221414329794, 49.347670226365324, 0.0 ], [ 142.81686423610941, 49.364095148829115, 0.0 ], [ 142.823595000094031, 49.370360079046939, 0.0 ], [ 142.821387542136875, 49.377475951925256, 0.0 ], [ 142.822542391098978, 49.381163146451875, 0.0 ], [ 142.821313648138556, 49.389425190589129, 0.0 ], [ 142.824074176751964, 49.394631836004322, 0.0 ], [ 142.823921608844984, 49.401099417232864, 0.0 ], [ 142.821332227405748, 49.407051201477692, 0.0 ], [ 142.823454013949856, 49.41168906316026, 0.0 ], [ 142.829293073668964, 49.417979861582658, 0.0 ], [ 142.828963441780047, 49.426215160338117, 0.0 ], [ 142.825528530854086, 49.432975186336378, 0.0 ], [ 142.819411067731835, 49.435701282346848, 0.0 ], [ 142.813263168343667, 49.442344767906263, 0.0 ], [ 142.812236773052945, 49.449229318583811, 0.0 ], [ 142.808949595417545, 49.45383005060053, 0.0 ], [ 142.805425904010974, 49.463725174240935, 0.0 ], [ 142.81284351148426, 49.479762068077136, 0.0 ], [ 142.814024343473676, 49.488148249781503, 0.0 ], [ 142.811196885759927, 49.495085278981364, 0.0 ], [ 142.804100106296033, 49.501167985600155, 0.0 ], [ 142.801091676551692, 49.509872361224836, 0.0 ], [ 142.805650727874081, 49.523642688588993, 0.0 ], [ 142.803591379136776, 49.554838468598234, 0.0 ], [ 142.79474137880851, 49.570566114991479, 0.0 ], [ 142.796114132956006, 49.577379582615137, 0.0 ], [ 142.785279603895759, 49.590618272148262, 0.0 ], [ 142.788230608792134, 49.602868428429375, 0.0 ], [ 142.776051583201678, 49.614186747963196, 0.0 ], [ 142.769877441862036, 49.638448707248529, 0.0 ], [ 142.78021730617408, 49.648526854577824, 0.0 ], [ 142.78555685771093, 49.65600812680205, 0.0 ], [ 142.792227975934566, 49.660905134359425, 0.0 ], [ 142.793616307878693, 49.667913389526163, 0.0 ], [ 142.797278862406813, 49.672897520799403, 0.0 ], [ 142.801005854391008, 49.683166044163023, 0.0 ], [ 142.807201506938554, 49.68983819209447, 0.0 ], [ 142.808508199018149, 49.699981150299188, 0.0 ], [ 142.80764180338204, 49.704901123230385, 0.0 ], [ 142.810211614474611, 49.711482932214487, 0.0 ], [ 142.81131303179896, 49.723002136889995, 0.0 ], [ 142.810419391497618, 49.727531232887642, 0.0 ], [ 142.815592463585574, 49.736777812473179, 0.0 ], [ 142.814601194652852, 49.744246433695388, 0.0 ], [ 142.816475657103183, 49.749477754636288, 0.0 ], [ 142.825913509498776, 49.763493615249359, 0.0 ], [ 142.833287862789803, 49.769542395537385, 0.0 ], [ 142.838085562435253, 49.777624193668828, 0.0 ], [ 142.831828006600603, 49.791903474894447, 0.0 ], [ 142.831264118806814, 49.796814280958706, 0.0 ], [ 142.820090084310124, 49.810061829470087, 0.0 ], [ 142.817613113069285, 49.82227155773198, 0.0 ], [ 142.818986414009316, 49.846310126497748, 0.0 ], [ 142.813668018860511, 49.852533605308139, 0.0 ], [ 142.813224168454013, 49.859202229138354, 0.0 ], [ 142.802860785206377, 49.866942092477828, 0.0 ], [ 142.780019464707635, 49.873866778113367, 0.0 ], [ 142.776191547588581, 49.87984948424333, 0.0 ], [ 142.77262656562209, 49.90285407178316, 0.0 ], [ 142.767296557748693, 49.909075123122875, 0.0 ], [ 142.75844057998404, 49.925770823760047, 0.0 ], [ 142.751751232927205, 49.943186465422933, 0.0 ], [ 142.750020529419885, 49.948912007461445, 0.0 ], [ 142.763427228572993, 49.963012566686622, 0.0 ], [ 142.767680218550566, 49.971894087334867, 0.0 ], [ 142.762483086601378, 49.984569233441015, 0.0 ], [ 142.764448270166753, 49.995473324408096, 0.0 ], [ 142.757321909479032, 50.00663728307962, 0.0 ], [ 142.75657008683109, 50.026621531124277, 0.0 ], [ 142.746592485628526, 50.040605513740296, 0.0 ], [ 142.744693211161717, 50.052793265999767, 0.0 ], [ 142.741574831683408, 50.06051428542515, 0.0 ], [ 142.729622059593197, 50.07690043698755, 0.0 ], [ 142.728201153734688, 50.082811502157746, 0.0 ], [ 142.723480512749262, 50.089402792477415, 0.0 ], [ 142.717140963805093, 50.107976493629856, 0.0 ], [ 142.707676150031205, 50.116461574360642, 0.0 ], [ 142.701285902763686, 50.125446645134716, 0.0 ], [ 142.700204659923827, 50.136435067160356, 0.0 ], [ 142.695871873495634, 50.144383496492345, 0.0 ], [ 142.68651498267505, 50.159124798428259, 0.0 ], [ 142.669640116891031, 50.179943767797432, 0.0 ] ] } },
{ "type": "Feature", "properties": { "average_dip": "(30,15,45)", "average_rake": null, "catalog_id": "NEA_262", "catalog_name": "GEM_NE_Asia", "dip_dir": "W", "lower_seis_depth": null, "name": "South Tym-Poronaysk Fault", "net_slip_rate": null, "slip_type": "Reverse", "upper_seis_depth": null, "downthrown_side_id": null, "reference": "Fournier et al., 1994; Tsutsumi et al., 2005", "epistemic_quality": "1", "accuracy": "80000", "activity_confidence": "2", "fs_name": null, "last_movement": null, "downthrown_side_dir": "E", "vert_sep_rate": null, "strike_slip_rate": null, "exposure_quality": "1", "shortening_rate": "(1.5, 0, 2)", "notes": "May not be active.", "index_right": 47, "NAME_EN": "Russia" }, "geometry": { "type": "LineString", "coordinates": [ [ 142.630443259302609, 47.566446430383039, 0.0 ], [ 142.62899561929251, 47.557272686275489, 0.0 ], [ 142.63614074643462, 47.528242531742549, 0.0 ], [ 142.635443981518222, 47.521792091124674, 0.0 ], [ 142.64285311116501, 47.497067048075273, 0.0 ], [ 142.647139316348046, 47.491648233720852, 0.0 ], [ 142.657375491693415, 47.466055057533438, 0.0 ], [ 142.660015805273048, 47.457546229390466, 0.0 ], [ 142.659568340500329, 47.450500157544738, 0.0 ], [ 142.661342031854701, 47.442016537601134, 0.0 ], [ 142.677266630115867, 47.415273674667596, 0.0 ], [ 142.708895278263952, 47.40845695552764, 0.0 ], [ 142.719062934000419, 47.386976319111263, 0.0 ], [ 142.716059110349818, 47.367259714731681, 0.0 ], [ 142.71642920311686, 47.355090509973543, 0.0 ], [ 142.707538620989055, 47.315546341285888, 0.0 ], [ 142.707570918384931, 47.298092265297342, 0.0 ], [ 142.702815881006472, 47.291369878709737, 0.0 ], [ 142.691621255523899, 47.283073100322959, 0.0 ], [ 142.689958190805328, 47.275082101613194, 0.0 ], [ 142.684657248805337, 47.268767396458237, 0.0 ], [ 142.680174134986373, 47.243602485696499, 0.0 ], [ 142.684575181261039, 47.226803663076396, 0.0 ], [ 142.695043113513009, 47.210413056874117, 0.0 ], [ 142.701819071534715, 47.181383961020671, 0.0 ], [ 142.69676085526919, 47.151725603421667, 0.0 ], [ 142.6864329483208, 47.133989848341912, 0.0 ], [ 142.676358832720382, 47.12467850435133, 0.0 ], [ 142.670789346184392, 47.113860795184387, 0.0 ], [ 142.668849846969692, 47.101366982747344, 0.0 ], [ 142.67203124442554, 47.09264425655055, 0.0 ], [ 142.673959659481739, 47.06415112668838, 0.0 ], [ 142.670762480117332, 47.054439969546877, 0.0 ], [ 142.671077088050481, 47.045801721189221, 0.0 ], [ 142.663768219597358, 46.998165789094344, 0.0 ], [ 142.648605981097944, 46.980373620903883, 0.0 ], [ 142.645932796876622, 46.965155283546082, 0.0 ], [ 142.647615329978152, 46.960006895499866, 0.0 ], [ 142.644604640953219, 46.948524591481885, 0.0 ], [ 142.637181450736676, 46.939721095626027, 0.0 ], [ 142.639786896368378, 46.931015684202706, 0.0 ], [ 142.635754196579711, 46.926034930118405, 0.0 ], [ 142.618129625665517, 46.914194860719526, 0.0 ], [ 142.615899113162726, 46.910533720561624, 0.0 ], [ 142.617333624911709, 46.905981318293513, 0.0 ], [ 142.616221682150041, 46.901895350424198, 0.0 ], [ 142.607034115631535, 46.885198991264168, 0.0 ], [ 142.604719682930693, 46.873205312112205, 0.0 ], [ 142.592260192836875, 46.865918304350451, 0.0 ], [ 142.57144607846945, 46.848182719494993, 0.0 ], [ 142.566355610378793, 46.842053586363136, 0.0 ], [ 142.550235589593598, 46.828395883533716, 0.0 ], [ 142.541924232921787, 46.813827146418909, 0.0 ], [ 142.497392974286157, 46.776064546087504, 0.0 ], [ 142.478697232651655, 46.754429957656875, 0.0 ], [ 142.473281725238962, 46.740069890361433, 0.0 ], [ 142.469232352151977, 46.734300004178266, 0.0 ], [ 142.457061798799401, 46.726207051246249, 0.0 ], [ 142.452422820629408, 46.720060846573176, 0.0 ], [ 142.45119474552726, 46.704014593139739, 0.0 ], [ 142.448070392997181, 46.694492397421705, 0.0 ], [ 142.443045226533684, 46.68168914112124, 0.0 ], [ 142.430455417552025, 46.661250974115134, 0.0 ], [ 142.423151286194383, 46.643411344831151, 0.0 ], [ 142.406906295086969, 46.623463953313532, 0.0 ], [ 142.396909599953176, 46.608050029345939, 0.0 ], [ 142.379571342210909, 46.588521350808797, 0.0 ], [ 142.373825224461342, 46.57259767242757, 0.0 ], [ 142.387267697928138, 46.53928665530443, 0.0 ] ] } },
{ "type": "Feature", "properties": { "average_dip": "(15,10,20)", "average_rake": null, "catalog_id": "NEA_261", "catalog_name": "GEM_NE_Asia", "dip_dir": "SW", "lower_seis_depth": null, "name": null, "net_slip_rate": null, "slip_type": "Reverse", "upper_seis_depth": null, "downthrown_side_id": null, "reference": "Kozhurin, 2004", "epistemic_quality": "1", "accuracy": "250000", "activity_confidence": "1", "fs_name": null, "last_movement": null, "downthrown_side_dir": "NE", "vert_sep_rate": null, "strike_slip_rate": null, "exposure_quality": "2", "shortening_rate": null, "notes": null, "index_right": 47, "NAME_EN": "Russia" }, "geometry": { "type": "LineString", "coordinates": [ [ 146.152762637883455, 66.658590675203328, 0.0 ], [ 146.22418976483749, 66.644779959668753, 0.0 ], [ 146.258154852380414, 66.634275692021021, 0.0 ], [ 146.280091713660141, 66.631673649897962, 0.0 ], [ 146.312276686863839, 66.623593636607893, 0.0 ], [ 146.393782382330016, 66.612273164424536, 0.0 ], [ 146.423557336341133, 66.603893808936064, 0.0 ], [ 146.46711057625896, 66.59957114673287, 0.0 ], [ 146.512710846398193, 66.592241504156519, 0.0 ], [ 146.529825582033567, 66.586864250354992, 0.0 ], [ 146.549734094028736, 66.569875769587725, 0.0 ], [ 146.600729162483134, 66.562322171188114, 0.0 ], [ 146.652930626051358, 66.563842973305356, 0.0 ], [ 146.677559403858794, 66.570955972011461, 0.0 ], [ 146.720640393009262, 66.568783175931912, 0.0 ], [ 146.756998856786709, 66.561558089514122, 0.0 ], [ 146.780234379254182, 66.552789082967934, 0.0 ], [ 146.825315871500749, 66.54965913348174, 0.0 ], [ 146.894614312058479, 66.547548179639818, 0.0 ], [ 146.96234004196566, 66.536201328977413, 0.0 ], [ 146.996582935805719, 66.526428182663352, 0.0 ], [ 147.051587968526917, 66.520885638919324, 0.0 ], [ 147.118361842418466, 66.508953576007357, 0.0 ], [ 147.134894126937127, 66.510260162421972, 0.0 ], [ 147.162232158260935, 66.50691452750786, 0.0 ], [ 147.177498577682996, 66.503207787278953, 0.0 ], [ 147.217234417457121, 66.498791793374522, 0.0 ], [ 147.263873688841528, 66.48283732856882, 0.0 ], [ 147.295194728387713, 66.475933485020505, 0.0 ], [ 147.351235476772985, 66.469412839713215, 0.0 ], [ 147.408446928539433, 66.456636806184505, 0.0 ], [ 147.474959198548277, 66.463429344404659, 0.0 ], [ 147.525593736647522, 66.46327256950515, 0.0 ], [ 147.563362723594963, 66.459708084537013, 0.0 ], [ 147.624513880368312, 66.451481434573324, 0.0 ], [ 147.681203300762576, 66.429350632885743, 0.0 ], [ 147.732064839561502, 66.422371398212064, 0.0 ], [ 147.791788459506364, 66.427380968846023, 0.0 ], [ 147.863679146365428, 66.425362484714114, 0.0 ], [ 147.896582505117522, 66.419689920213671, 0.0 ], [ 147.958183500920143, 66.416117737354867, 0.0 ], [ 147.996469493006714, 66.419764317509561, 0.0 ], [ 148.038388265584331, 66.421269163807523, 0.0 ], [ 148.089920070183979, 66.411908809996262, 0.0 ], [ 148.185234033784013, 66.378558825582473, 0.0 ], [ 148.225520034589351, 66.37445960190415, 0.0 ], [ 148.270027734940953, 66.377767485699422, 0.0 ], [ 148.304008273791709, 66.383526243129651, 0.0 ], [ 148.324334344731142, 66.380893142187404, 0.0 ], [ 148.386464353440317, 66.362494243917695, 0.0 ], [ 148.41763279845236, 66.348909335170788, 0.0 ], [ 148.452069958218061, 66.339393218079351, 0.0 ], [ 148.527831395287933, 66.312957180942107, 0.0 ], [ 148.595884564634957, 66.303499644648127, 0.0 ], [ 148.705272410584712, 66.301045781184868, 0.0 ], [ 148.831661247676124, 66.310679245689059, 0.0 ], [ 148.87292594096607, 66.317114668505383, 0.0 ], [ 148.942913007965871, 66.320987066090808, 0.0 ], [ 148.97852852875269, 66.318083887527493, 0.0 ], [ 149.073923082307175, 66.29974483172974, 0.0 ], [ 149.128497280370084, 66.294724912758554, 0.0 ], [ 149.173367482061536, 66.285664026019475, 0.0 ], [ 149.219567922532917, 66.272002308322413, 0.0 ], [ 149.335236298494948, 66.256429927848387, 0.0 ], [ 149.419210007476693, 66.23848529277339, 0.0 ], [ 149.480215585094271, 66.236411927926326, 0.0 ], [ 149.566486297012887, 66.230150205096635, 0.0 ], [ 149.626753232327246, 66.217321050708392, 0.0 ], [ 149.756233843873304, 66.197900958986409, 0.0 ], [ 149.834720771441908, 66.168723199791401, 0.0 ], [ 149.880736833281503, 66.13902198155364, 0.0 ], [ 149.937705939787151, 66.117189042640533, 0.0 ], [ 149.956759052951071, 66.08667349250733, 0.0 ], [ 150.002437788015158, 66.064864347588028, 0.0 ], [ 150.029836393391264, 66.046895710677333, 0.0 ], [ 150.045081385860982, 66.03016796930757, 0.0 ], [ 150.061587264758089, 66.02130343431017, 0.0 ], [ 150.108095815037274, 65.977847967942338, 0.0 ], [ 150.139110646294569, 65.954532598575412, 0.0 ], [ 150.147383541948187, 65.921716603739156, 0.0 ], [ 150.136539223500733, 65.893952949921911, 0.0 ], [ 150.129606889111869, 65.865393257277901, 0.0 ], [ 150.133788428652906, 65.832786869490349, 0.0 ], [ 150.1453186090109, 65.801456048230676, 0.0 ], [ 150.138669883074783, 65.785928442151587, 0.0 ], [ 150.139790445224435, 65.768818586254739, 0.0 ] ] } },
{ "type": "Feature", "properties": { "average_dip": "(90,,)", "average_rake": null, "catalog_id": "NEA_264", "catalog_name": "GEM_NE_Asia", "dip_dir": null, "lower_seis_depth": null, "name": null, "net_slip_rate": null, "slip_type": "Sinistral", "upper_seis_depth": null, "downthrown_side_id": null, "reference": "De Grave et al, 2009", "epistemic_quality": "2", "accuracy": "80000", "activity_confidence": "2", "fs_name": "West Sayan Fault", "last_movement": null, "downthrown_side_dir": null, "vert_sep_rate": null, "strike_slip_rate": null, "exposure_quality": "2", "shortening_rate": null, "notes": "Looks most convincing in west; may be elsewhere to east", "index_right": 47, "NAME_EN": "Russia" }, "geometry": { "type": "LineString", "coordinates": [ [ 89.324808606669805, 52.167128291786689, 0.0 ], [ 89.378738987979759, 52.185872993839617, 0.0 ], [ 89.444283376877593, 52.212152296588719, 0.0 ], [ 89.482328095741423, 52.223963450201616, 0.0 ], [ 89.549507608186374, 52.23833037729095, 0.0 ], [ 89.668551758119605, 52.27377767904072, 0.0 ], [ 89.820961550401307, 52.323421632927001, 0.0 ], [ 89.855071165104889, 52.332347681837255, 0.0 ], [ 89.915524903499346, 52.353514516639528, 0.0 ], [ 89.948707358349125, 52.369133329439357, 0.0 ], [ 90.010127771460702, 52.390785376885205, 0.0 ], [ 90.05795844915761, 52.410659065083934, 0.0 ], [ 90.109663689422788, 52.432386749949565, 0.0 ], [ 90.145088420975753, 52.450833262652161, 0.0 ], [ 90.172353008110903, 52.469381360907214, 0.0 ], [ 90.208782112189709, 52.486995563847955, 0.0 ], [ 90.247513990903116, 52.512257865503187, 0.0 ], [ 90.287281673926557, 52.54330982267404, 0.0 ], [ 90.334846534316654, 52.574954743008199, 0.0 ], [ 90.353898313779979, 52.594061932660601, 0.0 ], [ 90.391049470373432, 52.615095646265232, 0.0 ] ] } },
{ "type": "Feature", "properties": { "average_dip": "(90,,)", "average_rake": null, "catalog_id": "NEA_263", "catalog_name": "GEM_NE_Asia", "dip_dir": null, "lower_seis_depth": null, "name": null, "net_slip_rate": null, "slip_type": "Sinistral", "upper_seis_depth": null, "downthrown_side_id": null, "reference": "Dehandschutter et al, 2002", "epistemic_quality": "1", "accuracy": "70000", "activity_confidence": "2", "fs_name": "West Sayan Fault", "last_movement": null, "downthrown_side_dir": null, "vert_sep_rate": null, "strike_slip_rate": null, "exposure_quality": "2", "shortening_rate": null, "notes": "decent expression in DEM", "index_right": 47, "NAME_EN": "Russia" }, "geometry": { "type": "LineString", "coordinates": [ [ 87.634697281704987, 51.771825982016971, 0.0 ], [ 87.717782715429479, 51.832405693301972, 0.0 ], [ 87.731482412789887, 51.840609732905698, 0.0 ], [ 87.750036564106523, 51.849482606478901, 0.0 ], [ 87.795425410160519, 51.865492090084359, 0.0 ], [ 87.81728510289264, 51.876813263595608, 0.0 ], [ 87.887296168731652, 51.914073107653358, 0.0 ], [ 87.958661016703076, 51.966642477209213, 0.0 ], [ 87.978795925370079, 51.973248311777084, 0.0 ], [ 88.035847125416538, 52.005187066493903, 0.0 ], [ 88.062247507318915, 52.015773049826343, 0.0 ] ] } },
{ "type": "Feature", "properties": { "average_dip": "(60,50,70)", "average_rake": null, "catalog_id": "NEA_258", "catalog_name": "GEM_NE_Asia", "dip_dir": "E", "lower_seis_depth": null, "name": "Teletsk Graben", "net_slip_rate": null, "slip_type": "Normal", "upper_seis_depth": null, "downthrown_side_id": null, "reference": "Dehandschutter et al, 2002", "epistemic_quality": "1", "accuracy": "80000", "activity_confidence": "1", "fs_name": null, "last_movement": null, "downthrown_side_dir": "E", "vert_sep_rate": null, "strike_slip_rate": null, "exposure_quality": "1", "shortening_rate": null, "notes": null, "index_right": 47, "NAME_EN": "Russia" }, "geometry": { "type": "LineString", "coordinates": [ [ 87.626255960748594, 51.735801704401673, 0.0 ], [ 87.633410297184852, 51.731350777144925, 0.0 ], [ 87.635628400033923, 51.72649767453705, 0.0 ], [ 87.632462098983623, 51.723761250744325, 0.0 ], [ 87.62960273961292, 51.717625676516612, 0.0 ], [ 87.631026201131903, 51.703483167072591, 0.0 ], [ 87.635494527182416, 51.697510105725762, 0.0 ], [ 87.641270249064476, 51.694300935319951, 0.0 ], [ 87.642966757826414, 51.684498855480257, 0.0 ], [ 87.633669068420673, 51.638739027978254, 0.0 ], [ 87.635749743437628, 51.63042420289193, 0.0 ], [ 87.633906312849049, 51.602340092924628, 0.0 ], [ 87.635448420730299, 51.594236474216942, 0.0 ], [ 87.634458236729031, 51.585491439825482, 0.0 ], [ 87.656759073978179, 51.547875167615459, 0.0 ], [ 87.661639665311696, 51.54454165250467, 0.0 ], [ 87.681177558915138, 51.523463033750431, 0.0 ], [ 87.686940949610502, 51.498449718952898, 0.0 ], [ 87.6922726118691, 51.487432990640173, 0.0 ], [ 87.701833010561074, 51.476146642640167, 0.0 ], [ 87.725410601246409, 51.429523920279991, 0.0 ], [ 87.733464338236587, 51.408272090809469, 0.0 ], [ 87.744015820392406, 51.368434008645593, 0.0 ], [ 87.745142654737634, 51.361419034545932, 0.0 ], [ 87.728714269874615, 51.352235848627245, 0.0 ], [ 87.718576548891377, 51.32929705528823, 0.0 ], [ 87.717869480046275, 51.319729031702074, 0.0 ], [ 87.712785364406741, 51.317294876949425, 0.0 ], [ 87.710042991196772, 51.308301941801659, 0.0 ], [ 87.702878155843408, 51.305288370647894, 0.0 ] ] } },
{ "type": "Feature", "properties": { "average_dip": "(80,60,90)", "average_rake": null, "catalog_id": "NEA_292", "catalog_name": "GEM_NE_Asia", "dip_dir": "E", "lower_seis_depth": null, "name": null, "net_slip_rate": null, "slip_type": null, "upper_seis_depth": null, "downthrown_side_id": null, "reference": "DEM", "epistemic_quality": "1", "accuracy": "45000", "activity_confidence": "2", "fs_name": null, "last_movement": null, "downthrown_side_dir": "E", "vert_sep_rate": null, "strike_slip_rate": null, "exposure_quality": "1", "shortening_rate": null, "notes": "Enigmatic but well-expressed structure in topo data.", "index_right": 47, "NAME_EN": "Russia" }, "geometry": { "type": "LineString", "coordinates": [ [ 89.066377869472333, 50.879081209285346, 0.0 ], [ 89.002601858404987, 50.924842160159294, 0.0 ], [ 88.956389714764754, 50.969161117760528, 0.0 ], [ 88.943207751722085, 50.988610061171315, 0.0 ], [ 88.927726087382865, 51.002607053125537, 0.0 ], [ 88.908758438231942, 51.038178553094177, 0.0 ], [ 88.887759121158695, 51.130706097670533, 0.0 ], [ 88.859907158116073, 51.188714779864874, 0.0 ], [ 88.848608104369902, 51.217275351772422, 0.0 ], [ 88.840743212722003, 51.249861203150985, 0.0 ], [ 88.827917657133213, 51.289091791509364, 0.0 ], [ 88.824847915109558, 51.312005065067858, 0.0 ], [ 88.825055674682787, 51.325763528462154, 0.0 ], [ 88.820071759162062, 51.353717499824036, 0.0 ], [ 88.8173930606754, 51.36037543615538, 0.0 ], [ 88.816078886330217, 51.388951462496777, 0.0 ], [ 88.80904323663249, 51.412058947649648, 0.0 ], [ 88.797433098659695, 51.435139981306435, 0.0 ], [ 88.790484075529847, 51.457256911548974, 0.0 ], [ 88.785433655645278, 51.466178461801405, 0.0 ], [ 88.780125025353044, 51.480643697155237, 0.0 ], [ 88.779674366818313, 51.48744937603135, 0.0 ], [ 88.78296395824529, 51.500178293297651, 0.0 ], [ 88.781689301922, 51.518316470696853, 0.0 ], [ 88.777202946238333, 51.545329676505673, 0.0 ], [ 88.772046512227064, 51.560671961303591, 0.0 ] ] } },
{ "type": "Feature", "properties": { "average_dip": "(50,35,70)", "average_rake": null, "catalog_id": "NEA_255", "catalog_name": "GEM_NE_Asia", "dip_dir": "S", "lower_seis_depth": null, "name": null, "net_slip_rate": null, "slip_type": "Sinistral-Reverse", "upper_seis_depth": null, "downthrown_side_id": null, "reference": "DEM", "epistemic_quality": "1", "accuracy": "50000", "activity_confidence": "1", "fs_name": null, "last_movement": null, "downthrown_side_dir": "N", "vert_sep_rate": null, "strike_slip_rate": null, "exposure_quality": "2", "shortening_rate": null, "notes": null, "index_right": 47, "NAME_EN": "Russia" }, "geometry": { "type": "LineString", "coordinates": [ [ 97.479381151362375, 52.542783740331096, 0.0 ], [ 97.503214371079309, 52.553440911419706, 0.0 ], [ 97.586639871004124, 52.566716647322153, 0.0 ], [ 97.61148359189103, 52.569304845323678, 0.0 ], [ 97.639741349634434, 52.579691717707313, 0.0 ], [ 97.659203365204121, 52.583781229363282, 0.0 ], [ 97.69134582842112, 52.588423409337118, 0.0 ], [ 97.718510349330217, 52.590129516273642, 0.0 ], [ 97.737899448371039, 52.589406602819508, 0.0 ], [ 97.748623257790754, 52.5885233067849, 0.0 ], [ 97.802322033832525, 52.576326267686987, 0.0 ], [ 97.822887903152875, 52.567719540025863, 0.0 ], [ 97.856754876660204, 52.557203899311759, 0.0 ], [ 97.876006252065707, 52.555461253638462, 0.0 ], [ 97.922441573306841, 52.538680604208658, 0.0 ], [ 97.958106462943391, 52.532207442876313, 0.0 ], [ 97.967523954231879, 52.521645028917149, 0.0 ] ] } },
{ "type": "Feature", "properties": { "average_dip": "(90,50,90)", "average_rake": null, "catalog_id": "NEA_254", "catalog_name": "GEM_NE_Asia", "dip_dir": "S", "lower_seis_depth": null, "name": null, "net_slip_rate": null, "slip_type": "Sinistral", "upper_seis_depth": null, "downthrown_side_id": null, "reference": "DEM", "epistemic_quality": "1", "accuracy": "100000", "activity_confidence": "1", "fs_name": null, "last_movement": null, "downthrown_side_dir": null, "vert_sep_rate": null, "strike_slip_rate": null, "exposure_quality": "2", "shortening_rate": null, "notes": "Sinistral(?) section in between two inferred sinistral-oblique segments. Inferred to be more SS because of the lack of relief across the fault.", "index_right": 47, "NAME_EN": "Russia" }, "geometry": { "type": "LineString", "coordinates": [ [ 96.958443126058881, 52.436704708537725, 0.0 ], [ 97.044008910234723, 52.449994284899674, 0.0 ], [ 97.115770883591921, 52.468334734113114, 0.0 ], [ 97.190623172301684, 52.491288197465181, 0.0 ], [ 97.227253217950008, 52.499471042267317, 0.0 ], [ 97.27195386226073, 52.508128824701878, 0.0 ], [ 97.313057648314583, 52.512252126325919, 0.0 ], [ 97.357248263325289, 52.520847892943799, 0.0 ], [ 97.419991562195705, 52.528869336632859, 0.0 ], [ 97.454745904104598, 52.535548541262507, 0.0 ], [ 97.478062628593051, 52.542541102994456, 0.0 ] ] } },
{ "type": "Feature", "properties": { "average_dip": "(50,35,90)", "average_rake": null, "catalog_id": "NEA_257", "catalog_name": "GEM_NE_Asia", "dip_dir": "S", "lower_seis_depth": null, "name": null, "net_slip_rate": null, "slip_type": "Sinistral-Reverse", "upper_seis_depth": null, "downthrown_side_id": null, "reference": "DEM", "epistemic_quality": "1", "accuracy": "50000", "activity_confidence": "1", "fs_name": null, "last_movement": null, "downthrown_side_dir": "N", "vert_sep_rate": null, "strike_slip_rate": null, "exposure_quality": "2", "shortening_rate": null, "notes": "Reverse-SS focal mechanism at E end of fault consistent with sinistral-reverse slip, as is relief across segment.", "index_right": 47, "NAME_EN": "Russia" }, "geometry": { "type": "LineString", "coordinates": [ [ 96.958470665513516, 52.436540856096656, 0.0 ], [ 96.923081283227532, 52.429512008986769, 0.0 ], [ 96.891518283126217, 52.425530234096016, 0.0 ], [ 96.843943384973812, 52.423336737369894, 0.0 ], [ 96.736597106504064, 52.414299677704662, 0.0 ], [ 96.644236425553927, 52.398694758138838, 0.0 ], [ 96.602993433431962, 52.389864544903979, 0.0 ], [ 96.582127503723527, 52.380706008265875, 0.0 ], [ 96.543746043102658, 52.368066372443657, 0.0 ], [ 96.525805903004738, 52.363895818684, 0.0 ], [ 96.513054810801208, 52.35642163987572, 0.0 ], [ 96.462925841193254, 52.337007787584113, 0.0 ], [ 96.441198982571095, 52.331410641235443, 0.0 ] ] } },
{ "type": "Feature", "properties": { "average_dip": "(55,45,65)", "average_rake": null, "catalog_id": "NEA_256", "catalog_name": "GEM_NE_Asia", "dip_dir": "NW", "lower_seis_depth": null, "name": null, "net_slip_rate": null, "slip_type": "Normal", "upper_seis_depth": null, "downthrown_side_id": null, "reference": "Jolivet et al 2013", "epistemic_quality": "1", "accuracy": "50000", "activity_confidence": "1", "fs_name": null, "last_movement": null, "downthrown_side_dir": "NW", "vert_sep_rate": null, "strike_slip_rate": null, "exposure_quality": "2", "shortening_rate": null, "notes": null, "index_right": 47, "NAME_EN": "Russia" }, "geometry": { "type": "LineString", "coordinates": [ [ 113.619350810118078, 55.205769182539477, 0.0 ], [ 113.634375574049528, 55.215026014997626, 0.0 ], [ 113.64423008339628, 55.218353883956773, 0.0 ], [ 113.674626053207177, 55.223672461792745, 0.0 ], [ 113.710057673585581, 55.237058476785599, 0.0 ], [ 113.735695090857448, 55.237071001973717, 0.0 ], [ 113.786141081364789, 55.248986341823652, 0.0 ], [ 113.801765959457342, 55.250781238743471, 0.0 ], [ 113.862916731814579, 55.27432745884596, 0.0 ], [ 113.878343938463445, 55.286661871755918, 0.0 ], [ 113.887067239598707, 55.291363885099592, 0.0 ], [ 113.894697959884326, 55.292021192807859, 0.0 ], [ 113.899585145973376, 55.294831493728061, 0.0 ], [ 113.901606224775065, 55.300626008109155, 0.0 ], [ 113.912224050750098, 55.303228329951523, 0.0 ], [ 113.922673060991869, 55.303536403989426, 0.0 ], [ 113.935310743849669, 55.310449976447273, 0.0 ], [ 113.949006339486843, 55.335564170057985, 0.0 ], [ 113.984336664728801, 55.346094486946264, 0.0 ], [ 113.992260121756516, 55.351007422564557, 0.0 ], [ 114.024552740742635, 55.380655941208673, 0.0 ], [ 114.031575441926989, 55.382498712201773, 0.0 ], [ 114.040048201769935, 55.387208422139025, 0.0 ], [ 114.047329234894278, 55.397427619735481, 0.0 ], [ 114.096772410082465, 55.434159526527871, 0.0 ], [ 114.101243374730842, 55.440447057619579, 0.0 ], [ 114.116041746100095, 55.450494218028915, 0.0 ], [ 114.123255296160636, 55.457422206534012, 0.0 ], [ 114.127241874157093, 55.465551277246099, 0.0 ], [ 114.136527158745011, 55.472670316179318, 0.0 ], [ 114.179946292576361, 55.485088005289121, 0.0 ], [ 114.216961720381605, 55.491667714603921, 0.0 ], [ 114.28623718057537, 55.508247097687722, 0.0 ], [ 114.300168521024062, 55.508295008873638, 0.0 ], [ 114.334151481378768, 55.518177416809806, 0.0 ], [ 114.345247337228074, 55.519894439721341, 0.0 ], [ 114.398262044778022, 55.512667487127722, 0.0 ], [ 114.519975365416855, 55.539050038296899, 0.0 ], [ 114.54157997760926, 55.550398145427231, 0.0 ], [ 114.555175219768273, 55.563615375502557, 0.0 ], [ 114.580953064823845, 55.565943206084704, 0.0 ], [ 114.604896080952315, 55.571851641993298, 0.0 ], [ 114.617812684390358, 55.571116409554165, 0.0 ], [ 114.659122340541543, 55.588646819878718, 0.0 ], [ 114.683407246841881, 55.596000772077794, 0.0 ], [ 114.701179632464644, 55.606772309830099, 0.0 ], [ 114.718677124637978, 55.614926808209745, 0.0 ], [ 114.741726474093824, 55.632402067407426, 0.0 ], [ 114.760209311846339, 55.63834204636612, 0.0 ], [ 114.864162410233874, 55.664551347305554, 0.0 ], [ 114.898932296173001, 55.663712742709066, 0.0 ], [ 114.909201969548832, 55.669234501642364, 0.0 ], [ 114.933234403323908, 55.672450220556179, 0.0 ], [ 114.947316888312258, 55.679342282717037, 0.0 ], [ 115.00757907728368, 55.6893220823668, 0.0 ], [ 115.05789900235726, 55.705435426508316, 0.0 ], [ 115.13916604783654, 55.726515830104198, 0.0 ], [ 115.178718609382074, 55.733495722396405, 0.0 ], [ 115.19351954704706, 55.734383306139009, 0.0 ], [ 115.22461246885625, 55.741314774943241, 0.0 ], [ 115.244292261702157, 55.748096253768495, 0.0 ], [ 115.270778814298026, 55.752723449684233, 0.0 ], [ 115.30255639898833, 55.763706401924786, 0.0 ], [ 115.329846684941259, 55.776664755843008, 0.0 ], [ 115.393464902225361, 55.792335651144967, 0.0 ], [ 115.400149590234747, 55.792163779579113, 0.0 ], [ 115.44982805302341, 55.808032780235571, 0.0 ], [ 115.486919527305304, 55.81758912312312, 0.0 ], [ 115.511527058059954, 55.826270700197483, 0.0 ], [ 115.522667112083283, 55.827567976506081, 0.0 ], [ 115.555051057157911, 55.847844613148283, 0.0 ] ] } },
{ "type": "Feature", "properties": { "average_dip": "(55,45,65)", "average_rake": null, "catalog_id": "NEA_251", "catalog_name": "GEM_NE_Asia", "dip_dir": "NW", "lower_seis_depth": null, "name": null, "net_slip_rate": null, "slip_type": "Normal", "upper_seis_depth": null, "downthrown_side_id": null, "reference": "Jolivet et al, 2013", "epistemic_quality": "1", "accuracy": "50000", "activity_confidence": "1", "fs_name": null, "last_movement": null, "downthrown_side_dir": "NW", "vert_sep_rate": null, "strike_slip_rate": null, "exposure_quality": "2", "shortening_rate": null, "notes": null, "index_right": 47, "NAME_EN": "Russia" }, "geometry": { "type": "LineString", "coordinates": [ [ 115.872091331762505, 55.481095716968795, 0.0 ], [ 115.891303210986067, 55.495418257808055, 0.0 ], [ 115.9151152635622, 55.504752526792878, 0.0 ], [ 115.920384934967942, 55.509615325616927, 0.0 ], [ 115.947303504290574, 55.519688321695405, 0.0 ], [ 115.972365592096509, 55.538651768862444, 0.0 ], [ 115.983514501251207, 55.543703837882767, 0.0 ], [ 115.987903858848497, 55.547314395596402, 0.0 ], [ 116.000081672526221, 55.550632821244676, 0.0 ], [ 116.006101711740286, 55.554937779505529, 0.0 ], [ 116.017365763323141, 55.579122087244073, 0.0 ], [ 116.026520923554884, 55.587796253515677, 0.0 ], [ 116.038173210662706, 55.594784670910784, 0.0 ], [ 116.057180071712295, 55.599697229430973, 0.0 ], [ 116.096915829431381, 55.613997691800478, 0.0 ], [ 116.156731882481722, 55.640693787654023, 0.0 ], [ 116.189019789414502, 55.657553972562035, 0.0 ], [ 116.196950628799911, 55.660046553982681, 0.0 ], [ 116.202229893095719, 55.665889696491206, 0.0 ], [ 116.236833520217957, 55.677931299821132, 0.0 ], [ 116.243017459077976, 55.682709300495354, 0.0 ], [ 116.275692997878679, 55.698530462845106, 0.0 ], [ 116.303457208584916, 55.719037955519937, 0.0 ], [ 116.324611422927362, 55.72852936582948, 0.0 ], [ 116.335691401605814, 55.73521332686898, 0.0 ], [ 116.339107318984574, 55.73938938696606, 0.0 ] ] } },
{ "type": "Feature", "properties": { "average_dip": "(55,45,65)", "average_rake": null, "catalog_id": "NEA_250", "catalog_name": "GEM_NE_Asia", "dip_dir": "NW", "lower_seis_depth": null, "name": null, "net_slip_rate": null, "slip_type": "Normal", "upper_seis_depth": null, "downthrown_side_id": null, "reference": "Jolivet et al, 2013", "epistemic_quality": "1", "accuracy": "50000", "activity_confidence": "1", "fs_name": null, "last_movement": null, "downthrown_side_dir": "NW", "vert_sep_rate": null, "strike_slip_rate": null, "exposure_quality": "2", "shortening_rate": null, "notes": null, "index_right": 47, "NAME_EN": "Russia" }, "geometry": { "type": "LineString", "coordinates": [ [ 116.190805311462668, 55.686454789958205, 0.0 ], [ 116.194990367327236, 55.699482431778065, 0.0 ], [ 116.200152132915292, 55.705994874319622, 0.0 ], [ 116.215875751536515, 55.714950747606558, 0.0 ], [ 116.218513032644935, 55.72645276016236, 0.0 ], [ 116.237330860415298, 55.741755906192296, 0.0 ], [ 116.257574817931584, 55.748855318569838, 0.0 ], [ 116.263570054953689, 55.755132773534157, 0.0 ], [ 116.282670598778978, 55.760011965890904, 0.0 ], [ 116.297607554029312, 55.768034041746141, 0.0 ], [ 116.300373882630865, 55.774243696284707, 0.0 ], [ 116.320604754682861, 55.792557065271275, 0.0 ], [ 116.333705549318921, 55.808151229444121, 0.0 ], [ 116.333545713184819, 55.818889365416496, 0.0 ], [ 116.335000347619683, 55.823390307110671, 0.0 ], [ 116.342091668241906, 55.831554905774027, 0.0 ], [ 116.355758743661482, 55.841325596177235, 0.0 ], [ 116.365249367831382, 55.851932452891681, 0.0 ], [ 116.393193477259885, 55.872573576527088, 0.0 ], [ 116.403708119189517, 55.887053601288748, 0.0 ], [ 116.41018477306153, 55.891635836362703, 0.0 ], [ 116.412946504895245, 55.899987846093644, 0.0 ], [ 116.416747112048625, 55.903304936197927, 0.0 ], [ 116.434996802375679, 55.910217317357869, 0.0 ], [ 116.449579526420166, 55.921059521517449, 0.0 ], [ 116.452672470525314, 55.928393566275375, 0.0 ], [ 116.484598896534777, 55.973930714764904, 0.0 ], [ 116.505885828531788, 55.989987643201047, 0.0 ], [ 116.521795769302926, 55.996754371809203, 0.0 ], [ 116.533770384726125, 56.00978422454979, 0.0 ], [ 116.540511037981489, 56.021927285884892, 0.0 ], [ 116.582565228151807, 56.049448140560742, 0.0 ], [ 116.587551845672095, 56.061569770749628, 0.0 ], [ 116.603617055607117, 56.06765612494101, 0.0 ], [ 116.608133629103563, 56.073548162245871, 0.0 ], [ 116.630647991167336, 56.083878331424295, 0.0 ], [ 116.668870423615544, 56.098830680538697, 0.0 ], [ 116.6764279254309, 56.109415070638661, 0.0 ], [ 116.68901345768964, 56.1222171792217, 0.0 ], [ 116.708782953039659, 56.12765324065726, 0.0 ] ] } },
{ "type": "Feature", "properties": { "average_dip": "(20,10,35)", "average_rake": null, "catalog_id": "NEA_253", "catalog_name": "GEM_NE_Asia", "dip_dir": "W", "lower_seis_depth": null, "name": null, "net_slip_rate": null, "slip_type": "Reverse", "upper_seis_depth": null, "downthrown_side_id": null, "reference": "Khozurin, 2004", "epistemic_quality": "1", "accuracy": "50000", "activity_confidence": "1", "fs_name": null, "last_movement": null, "downthrown_side_dir": "E", "vert_sep_rate": null, "strike_slip_rate": null, "exposure_quality": "2", "shortening_rate": null, "notes": null, "index_right": 47, "NAME_EN": "Russia" }, "geometry": { "type": "LineString", "coordinates": [ [ 142.898874704972116, 49.1012082536515, 0.0 ], [ 142.899520230704866, 49.092493496297017, 0.0 ], [ 142.904008006463613, 49.078816835484389, 0.0 ], [ 142.898014210889698, 49.059714102755564, 0.0 ], [ 142.89344700745221, 49.053467049315707, 0.0 ], [ 142.893871101679196, 49.042671372426099, 0.0 ], [ 142.891918588899927, 49.036872762038747, 0.0 ], [ 142.882275367033202, 49.029138317305978, 0.0 ], [ 142.87544688861712, 49.020300520438397, 0.0 ], [ 142.874997617545631, 49.015872181081697, 0.0 ], [ 142.876173666647787, 49.008592827502611, 0.0 ], [ 142.874749544501185, 48.995468822822552, 0.0 ], [ 142.885672192811228, 48.982674862869722, 0.0 ], [ 142.887384148294387, 48.968604070101968, 0.0 ], [ 142.883519203695499, 48.952411138662448, 0.0 ], [ 142.879912112035726, 48.945296620387559, 0.0 ], [ 142.879662748509759, 48.939316319422637, 0.0 ], [ 142.890182227356632, 48.927060344963195, 0.0 ], [ 142.893854120249216, 48.919322104197846, 0.0 ], [ 142.894651165411233, 48.910283594236482, 0.0 ], [ 142.892497608043385, 48.902937577983984, 0.0 ], [ 142.88858780795772, 48.893636368658505, 0.0 ], [ 142.876670068586947, 48.876045131965398, 0.0 ], [ 142.867370351630029, 48.870762233256372, 0.0 ], [ 142.85900067627739, 48.860979625303472, 0.0 ], [ 142.837127542345229, 48.85167803847078, 0.0 ], [ 142.82908322237779, 48.844614165209244, 0.0 ], [ 142.810992300648337, 48.818914452215367, 0.0 ], [ 142.801703823634625, 48.816457897472787, 0.0 ], [ 142.796214771214466, 48.810804635072635, 0.0 ], [ 142.787425000298413, 48.777994104330404, 0.0 ], [ 142.799152603403456, 48.765997737855734, 0.0 ], [ 142.806245024767179, 48.756137828753026, 0.0 ], [ 142.811683735440766, 48.744960966068632, 0.0 ], [ 142.81161040575671, 48.739191337435116, 0.0 ], [ 142.815171264778229, 48.724349321332802, 0.0 ], [ 142.819778533910608, 48.715479058336953, 0.0 ], [ 142.823644597024582, 48.712120767554069, 0.0 ], [ 142.826435018795593, 48.704821081465539, 0.0 ], [ 142.820529687469303, 48.689341907674212, 0.0 ], [ 142.805779282322391, 48.665736961297334, 0.0 ], [ 142.794419268346218, 48.641770165155322, 0.0 ], [ 142.782846970591208, 48.612354030151359, 0.0 ], [ 142.760524114749074, 48.577767959477519, 0.0 ], [ 142.742186054473677, 48.540460948740638, 0.0 ], [ 142.716516049028968, 48.47228952598897, 0.0 ], [ 142.711566281499131, 48.454067093808831, 0.0 ], [ 142.711263539315581, 48.441779062821176, 0.0 ], [ 142.694255828514571, 48.402951143744204, 0.0 ], [ 142.669618101045188, 48.362597633504464, 0.0 ], [ 142.666043323391591, 48.347136783632031, 0.0 ], [ 142.659786560148234, 48.333414070149921, 0.0 ], [ 142.660881937333755, 48.325492836975059, 0.0 ], [ 142.657412888084622, 48.314305879377429, 0.0 ], [ 142.648171153522924, 48.309699188734179, 0.0 ], [ 142.638051901422273, 48.287891525286135, 0.0 ], [ 142.630282424361496, 48.277389218301202, 0.0 ], [ 142.621972723380054, 48.250109778514805, 0.0 ], [ 142.615066547057552, 48.242002612575156, 0.0 ], [ 142.612516842950441, 48.228346030904184, 0.0 ], [ 142.608214737295668, 48.222029244250592, 0.0 ], [ 142.607115924799245, 48.21231289653943, 0.0 ], [ 142.595822972199244, 48.193612465175313, 0.0 ], [ 142.597941202614777, 48.18466548060757, 0.0 ], [ 142.595975790021555, 48.17538508734588, 0.0 ], [ 142.591004147252733, 48.167417305192217, 0.0 ], [ 142.58548069474196, 48.148871829844886, 0.0 ], [ 142.580477884029222, 48.139300343408344, 0.0 ], [ 142.555156252053735, 48.1055530914823, 0.0 ], [ 142.555266263694278, 48.095824051009266, 0.0 ], [ 142.544898553246099, 48.073581179308547, 0.0 ], [ 142.544053990148029, 48.056377904192473, 0.0 ], [ 142.548071043341366, 48.04286955780745, 0.0 ], [ 142.549577619242399, 48.031309400115397, 0.0 ], [ 142.548529918624837, 48.019559893999933, 0.0 ], [ 142.543625557107646, 48.013727088236934, 0.0 ], [ 142.538462477788954, 48.01067608685284, 0.0 ], [ 142.534898890432572, 48.00034006992307, 0.0 ], [ 142.530663950738955, 47.995890121342669, 0.0 ], [ 142.527977276172976, 47.98928728278964, 0.0 ], [ 142.528634810334637, 47.975062408050114, 0.0 ], [ 142.530831873336098, 47.965954461568977, 0.0 ], [ 142.529083595780179, 47.958487404177497, 0.0 ], [ 142.529554489807367, 47.942981138852304, 0.0 ], [ 142.521289113629678, 47.928091646433906, 0.0 ], [ 142.524544277394227, 47.923998446383166, 0.0 ], [ 142.518332836593402, 47.915931575923125, 0.0 ], [ 142.512666666960712, 47.903369009075334, 0.0 ], [ 142.509060476568294, 47.890359344209891, 0.0 ], [ 142.510528834311287, 47.884465524152183, 0.0 ], [ 142.517729816093009, 47.871461851789022, 0.0 ], [ 142.529759244299612, 47.861619392131942, 0.0 ], [ 142.50733211955216, 47.82932775571566, 0.0 ], [ 142.507884883198386, 47.817561921461731, 0.0 ], [ 142.512120258745085, 47.799667461079167, 0.0 ] ] } },
{ "type": "Feature", "properties": { "average_dip": "(90,,)", "average_rake": null, "catalog_id": "NEA_252", "catalog_name": "GEM_NE_Asia", "dip_dir": null, "lower_seis_depth": null, "name": "Upper Pil'tun North", "net_slip_rate": null, "slip_type": "Dextral", "upper_seis_depth": null, "downthrown_side_id": null, "reference": "Arefiev et al., 2000 GJI", "epistemic_quality": "1", "accuracy": "50000", "activity_confidence": "1", "fs_name": null, "last_movement": "1995", "downthrown_side_dir": null, "vert_sep_rate": null, "strike_slip_rate": null, "exposure_quality": "2", "shortening_rate": null, "notes": "Rupture trace of the 1995 Neftegorsk (Ms 7.6) earthquake. Trace is very unclear in the central and northern part, so the wrong scarps may be mapped. However, the trace is here somewhere.", "index_right": 47, "NAME_EN": "Russia" }, "geometry": { "type": "LineString", "coordinates": [ [ 142.82547166258226, 52.721738626625843, 0.0 ], [ 142.827610242173677, 52.7260190599537, 0.0 ], [ 142.83625381097886, 52.732725713477187, 0.0 ], [ 142.846522790561096, 52.745417475808587, 0.0 ], [ 142.848623395133075, 52.756372921129163, 0.0 ], [ 142.851167696840747, 52.760640833429719, 0.0 ], [ 142.851006745029594, 52.785292341695452, 0.0 ], [ 142.855756122207055, 52.797376838424448, 0.0 ], [ 142.862052805052627, 52.808455079207427, 0.0 ], [ 142.869963711230952, 52.815151191588427, 0.0 ], [ 142.877725712185679, 52.826109700958867, 0.0 ], [ 142.884151363544817, 52.830094215220868, 0.0 ], [ 142.887557334052161, 52.83469202287489, 0.0 ], [ 142.887246213188178, 52.842876952678047, 0.0 ], [ 142.890324089326555, 52.84775098599944, 0.0 ], [ 142.892454638312529, 52.862043901388546, 0.0 ], [ 142.894451156783362, 52.864680122901149, 0.0 ], [ 142.892834677488082, 52.870697774103427, 0.0 ], [ 142.894745509714795, 52.877834353314753, 0.0 ], [ 142.900684745304574, 52.887651925843272, 0.0 ], [ 142.927149311223559, 52.908344822586905, 0.0 ], [ 142.946402593644819, 52.928571009898825, 0.0 ], [ 142.962940448841437, 52.951552362953677, 0.0 ], [ 142.992101615413389, 52.980172750293704, 0.0 ], [ 143.013064953719351, 53.005886686550056, 0.0 ] ] } },
{ "type": "Feature", "properties": { "average_dip": "(50,20,80)", "average_rake": null, "catalog_id": "NEA_247", "catalog_name": "GEM_NE_Asia", "dip_dir": "E", "lower_seis_depth": null, "name": "Upper Pil'Tun Fault", "net_slip_rate": null, "slip_type": "Dextral-Reverse", "upper_seis_depth": null, "downthrown_side_id": null, "reference": "DEM; Khozurin, 2004; Tsutsumi et al., 2005", "epistemic_quality": "1", "accuracy": "50000", "activity_confidence": "1", "fs_name": null, "last_movement": null, "downthrown_side_dir": "W", "vert_sep_rate": null, "strike_slip_rate": null, "exposure_quality": "1", "shortening_rate": null, "notes": null, "index_right": 47, "NAME_EN": "Russia" }, "geometry": { "type": "LineString", "coordinates": [ [ 142.824093070745306, 52.720976206435672, 0.0 ], [ 142.822932918599719, 52.712055218165979, 0.0 ], [ 142.820411941323698, 52.706490394339767, 0.0 ], [ 142.823074298958403, 52.69773240156875, 0.0 ], [ 142.811273030009659, 52.685652074436192, 0.0 ], [ 142.806113494638424, 52.678000793846238, 0.0 ], [ 142.798274277832064, 52.662943757626472, 0.0 ], [ 142.796280216819667, 52.656008290857166, 0.0 ], [ 142.800720241067751, 52.642729452675042, 0.0 ], [ 142.806976816210096, 52.634205088715767, 0.0 ], [ 142.8116834307815, 52.62255936440453, 0.0 ], [ 142.795057005455817, 52.613392509156967, 0.0 ], [ 142.789694588943092, 52.602194772831275, 0.0 ], [ 142.789335351132536, 52.593535768348112, 0.0 ], [ 142.802719317615129, 52.583775425524024, 0.0 ], [ 142.80691401246483, 52.577795915701429, 0.0 ], [ 142.813814814591979, 52.553232194959953, 0.0 ], [ 142.81064784555457, 52.548218186774591, 0.0 ], [ 142.793371181849437, 52.534963834787121, 0.0 ], [ 142.79127609884668, 52.524275468403964, 0.0 ], [ 142.791897694032514, 52.50687213988747, 0.0 ], [ 142.793341716670028, 52.502626901268513, 0.0 ], [ 142.802374920887104, 52.494070585238674, 0.0 ], [ 142.815721666145123, 52.487923031457221, 0.0 ], [ 142.821717654563002, 52.482741009082062, 0.0 ], [ 142.823214300352674, 52.476584234998803, 0.0 ], [ 142.831371827417712, 52.468990064784457, 0.0 ], [ 142.837107433686356, 52.458897335686075, 0.0 ], [ 142.845154172743406, 52.451507880876541, 0.0 ], [ 142.854365517135733, 52.445810658480021, 0.0 ] ] } },
{ "type": "Feature", "properties": { "average_dip": "(50,30,70)", "average_rake": null, "catalog_id": "NEA_246", "catalog_name": "GEM_NE_Asia", "dip_dir": "W", "lower_seis_depth": null, "name": null, "net_slip_rate": null, "slip_type": "Dextral-Reverse", "upper_seis_depth": null, "downthrown_side_id": null, "reference": "DEM; Khozurin, 2004", "epistemic_quality": "1", "accuracy": "50000", "activity_confidence": "1", "fs_name": null, "last_movement": null, "downthrown_side_dir": "E", "vert_sep_rate": null, "strike_slip_rate": null, "exposure_quality": "1", "shortening_rate": null, "notes": "Pretty great Q offsets", "index_right": 47, "NAME_EN": "Russia" }, "geometry": { "type": "LineString", "coordinates": [ [ 142.819219138905225, 52.320019714981868, 0.0 ], [ 142.818919129335001, 52.30005970438183, 0.0 ], [ 142.81449728564445, 52.27608259493848, 0.0 ], [ 142.810327279657145, 52.227835264321733, 0.0 ], [ 142.808375189701508, 52.223726591697591, 0.0 ], [ 142.806135367799214, 52.201804241903552, 0.0 ], [ 142.802166143717301, 52.191197737832219, 0.0 ], [ 142.788436959973581, 52.159361659329178, 0.0 ], [ 142.763615998403708, 52.130916410747922, 0.0 ], [ 142.755529235849053, 52.117243877167326, 0.0 ], [ 142.736807939385898, 52.091493010463573, 0.0 ], [ 142.7285038441415, 52.0753962249849, 0.0 ], [ 142.728461924290968, 52.069729423127171, 0.0 ], [ 142.72148886658357, 52.05966090265354, 0.0 ], [ 142.71907342974265, 52.048043372910413, 0.0 ], [ 142.718854703996669, 52.035720401785632, 0.0 ], [ 142.712462705696225, 52.024347487470799, 0.0 ], [ 142.694797555127991, 52.000761160560423, 0.0 ], [ 142.690544526937032, 51.990423627610326, 0.0 ], [ 142.686339111747458, 51.986094869493456, 0.0 ], [ 142.686266660239141, 51.979061657311497, 0.0 ], [ 142.689677248414, 51.972027885362102, 0.0 ], [ 142.68550261422493, 51.962440122160068, 0.0 ], [ 142.684494515777573, 51.94916695736319, 0.0 ], [ 142.686461405760781, 51.916433285609337, 0.0 ], [ 142.694649391961804, 51.895895739931419, 0.0 ], [ 142.697519975034368, 51.883265215091235, 0.0 ], [ 142.694074185281892, 51.865438233715416, 0.0 ], [ 142.691381567904699, 51.863723376909739, 0.0 ], [ 142.687750280003229, 51.855597063069141, 0.0 ], [ 142.688274074379336, 51.839676260712537, 0.0 ], [ 142.689150919739092, 51.833109889539116, 0.0 ], [ 142.694626903695479, 51.823252688813334, 0.0 ], [ 142.699697387458883, 51.81903481297639, 0.0 ], [ 142.701451082269472, 51.812356799951843, 0.0 ] ] } },
{ "type": "Feature", "properties": { "average_dip": "(90,,)", "average_rake": null, "catalog_id": "NEA_249", "catalog_name": "GEM_NE_Asia", "dip_dir": null, "lower_seis_depth": null, "name": null, "net_slip_rate": null, "slip_type": "Dextral", "upper_seis_depth": null, "downthrown_side_id": null, "reference": "DEM; Khozurin, 2004", "epistemic_quality": "1", "accuracy": "100000", "activity_confidence": "2", "fs_name": null, "last_movement": null, "downthrown_side_dir": null, "vert_sep_rate": null, "strike_slip_rate": null, "exposure_quality": "1", "shortening_rate": null, "notes": "Fault of unknown age and activity, but best option for SIberian/Okhotsk plate boundary at this latitude", "index_right": 47, "NAME_EN": "Russia" }, "geometry": { "type": "LineString", "coordinates": [ [ 135.515089629336586, 55.624462728379868, 0.0 ], [ 135.569100451041294, 55.637167791167279, 0.0 ], [ 135.587168223049048, 55.643378582895409, 0.0 ], [ 135.655819169209053, 55.652401070790738, 0.0 ], [ 135.675317428471999, 55.658011506935253, 0.0 ], [ 135.744676569696395, 55.672950373093506, 0.0 ], [ 135.786187122969864, 55.684998066962791, 0.0 ], [ 135.806951490599573, 55.689129563902313, 0.0 ], [ 135.881537923874532, 55.696548903224667, 0.0 ], [ 135.927190582761597, 55.707206640389892, 0.0 ], [ 136.0282987597773, 55.725403956389307, 0.0 ], [ 136.081679373457149, 55.739811287543397, 0.0 ], [ 136.229001177519336, 55.763557203741321, 0.0 ], [ 136.254471352744957, 55.773829778940453, 0.0 ], [ 136.272737808167477, 55.785285640196115, 0.0 ], [ 136.294421291796766, 55.792930325065583, 0.0 ], [ 136.345722657797154, 55.807635506714369, 0.0 ], [ 136.378957774770583, 55.814877950466055, 0.0 ], [ 136.414357407527376, 55.825907392333292, 0.0 ], [ 136.424834151931947, 55.830593792677433, 0.0 ] ] } },
{ "type": "Feature", "properties": { "average_dip": "(50,30,80)", "average_rake": null, "catalog_id": "NEA_248", "catalog_name": "GEM_NE_Asia", "dip_dir": "E", "lower_seis_depth": null, "name": null, "net_slip_rate": null, "slip_type": "Dextral-Reverse", "upper_seis_depth": null, "downthrown_side_id": null, "reference": "DEM; Khozurin, 2004", "epistemic_quality": "1", "accuracy": "100000", "activity_confidence": "2", "fs_name": null, "last_movement": null, "downthrown_side_dir": "W", "vert_sep_rate": null, "strike_slip_rate": null, "exposure_quality": "1", "shortening_rate": null, "notes": "Interpreted transpressional stepover on coastal Dzhugdzhur Range fault", "index_right": 47, "NAME_EN": "Russia" }, "geometry": { "type": "LineString", "coordinates": [ [ 136.427398583992385, 55.832463685310287, 0.0 ], [ 136.443682868799897, 55.844252461354337, 0.0 ], [ 136.455764367069378, 55.849208788125921, 0.0 ], [ 136.464458354076442, 55.857060281030755, 0.0 ], [ 136.504637258339358, 55.883261816681824, 0.0 ], [ 136.532460323679317, 55.893342359699126, 0.0 ], [ 136.558428875529245, 55.890802587420623, 0.0 ], [ 136.564797240088069, 55.892155448912078, 0.0 ], [ 136.571382654979118, 55.90024799631248, 0.0 ], [ 136.604191803457695, 55.919318158343685, 0.0 ], [ 136.634347588094897, 55.933925727324542, 0.0 ], [ 136.685161387734581, 55.980563620114552, 0.0 ], [ 136.721983959762866, 56.004416890542693, 0.0 ], [ 136.776706626244049, 56.032081719436839, 0.0 ], [ 136.81925896478802, 56.049848746249673, 0.0 ], [ 136.835160063664404, 56.05413754200859, 0.0 ] ] } },
{ "type": "Feature", "properties": { "average_dip": "(90,,)", "average_rake": null, "catalog_id": "NEA_243", "catalog_name": "GEM_NE_Asia", "dip_dir": null, "lower_seis_depth": null, "name": null, "net_slip_rate": null, "slip_type": "Dextral", "upper_seis_depth": null, "downthrown_side_id": null, "reference": "DEM; Khozurin, 2004", "epistemic_quality": "1", "accuracy": "70000", "activity_confidence": "2", "fs_name": null, "last_movement": null, "downthrown_side_dir": null, "vert_sep_rate": null, "strike_slip_rate": null, "exposure_quality": "1", "shortening_rate": null, "notes": "Best candidate for Siberian-Okhostk plate boundary at this latitude. Khozurin infers dextral slip.", "index_right": 47, "NAME_EN": "Russia" }, "geometry": { "type": "LineString", "coordinates": [ [ 136.840066050642321, 56.055051486947633, 0.0 ], [ 136.887116102800604, 56.069309327449361, 0.0 ], [ 136.907823814770126, 56.072829662739977, 0.0 ], [ 136.944601587884591, 56.082026696404277, 0.0 ], [ 136.955238046157092, 56.082473405998527, 0.0 ], [ 136.977529815920377, 56.091360495165809, 0.0 ], [ 136.990099165726519, 56.09460989276203, 0.0 ], [ 137.032004171669456, 56.111584213738041, 0.0 ], [ 137.045682191041976, 56.114432358261631, 0.0 ], [ 137.087324090390894, 56.132509367435183, 0.0 ], [ 137.120044095135114, 56.142660389306918, 0.0 ], [ 137.146764044068959, 56.153212321188263, 0.0 ], [ 137.230112893069361, 56.199664289086535, 0.0 ], [ 137.256583316553247, 56.218519454082575, 0.0 ], [ 137.303196737017686, 56.244141717669542, 0.0 ], [ 137.335982968032482, 56.258054153052719, 0.0 ], [ 137.412831238981312, 56.297408539705209, 0.0 ] ] } },
{ "type": "Feature", "properties": { "average_dip": "(90,,)", "average_rake": null, "catalog_id": "NEA_242", "catalog_name": "GEM_NE_Asia", "dip_dir": null, "lower_seis_depth": null, "name": null, "net_slip_rate": null, "slip_type": "Dextral", "upper_seis_depth": null, "downthrown_side_id": null, "reference": "DEM; Khozurin, 2004", "epistemic_quality": "2", "accuracy": "100000", "activity_confidence": "2", "fs_name": null, "last_movement": null, "downthrown_side_dir": null, "vert_sep_rate": null, "strike_slip_rate": null, "exposure_quality": "1", "shortening_rate": null, "notes": "some structure here, who knows how old", "index_right": 47, "NAME_EN": "Russia" }, "geometry": { "type": "LineString", "coordinates": [ [ 137.155386963847121, 56.200215155220619, 0.0 ], [ 137.179604471345641, 56.214123529888283, 0.0 ], [ 137.207181429550246, 56.22538464073498, 0.0 ], [ 137.234806131728789, 56.234274897950108, 0.0 ], [ 137.268312694575968, 56.249462483504409, 0.0 ], [ 137.34765303815928, 56.301723564102453, 0.0 ], [ 137.370315488113249, 56.320061418662078, 0.0 ], [ 137.421314299167364, 56.350378738603531, 0.0 ], [ 137.492977771819369, 56.378937485702629, 0.0 ], [ 137.507307023586549, 56.38868510365478, 0.0 ], [ 137.52960356942711, 56.400423388799197, 0.0 ], [ 137.540123554420688, 56.404151277460173, 0.0 ], [ 137.547767679371674, 56.410808503233795, 0.0 ], [ 137.627507180412096, 56.452187181875644, 0.0 ], [ 137.66506709424371, 56.475534234571853, 0.0 ], [ 137.689913352106856, 56.482313770407785, 0.0 ], [ 137.687035575516433, 56.486427550983386, 0.0 ], [ 137.707412078853508, 56.502431122553567, 0.0 ], [ 137.76069117019, 56.53163455144788, 0.0 ], [ 137.777817382483647, 56.542922423856886, 0.0 ], [ 137.794158410349809, 56.554402297129229, 0.0 ], [ 137.8272605276631, 56.58198233304838, 0.0 ], [ 137.845260576496997, 56.601978380102594, 0.0 ], [ 137.854885092187772, 56.610380030617719, 0.0 ], [ 137.866106146746461, 56.63020081706194, 0.0 ], [ 137.876583632079303, 56.644955065165071, 0.0 ] ] } },
{ "type": "Feature", "properties": { "average_dip": "(45,25,65)", "average_rake": null, "catalog_id": "NEA_245", "catalog_name": "GEM_NE_Asia", "dip_dir": "E", "lower_seis_depth": null, "name": null, "net_slip_rate": null, "slip_type": "Reverse", "upper_seis_depth": null, "downthrown_side_id": null, "reference": "DEM", "epistemic_quality": "1", "accuracy": "70000", "activity_confidence": "2", "fs_name": null, "last_movement": null, "downthrown_side_dir": "W", "vert_sep_rate": null, "strike_slip_rate": null, "exposure_quality": "2", "shortening_rate": null, "notes": "Interpreted as an east-dipping reverse fault, given the general plate kinematics at this part of the globe. However, it could be an inactive west-dipping normal fault.", "index_right": 47, "NAME_EN": "Russia" }, "geometry": { "type": "LineString", "coordinates": [ [ 137.932589185015559, 56.490587096112449, 0.0 ], [ 137.908502839506127, 56.491925821610856, 0.0 ], [ 137.899649039122465, 56.489772873161691, 0.0 ], [ 137.881038857616062, 56.481092465379355, 0.0 ], [ 137.863735228891954, 56.475503358207199, 0.0 ], [ 137.84749326731739, 56.465319619380629, 0.0 ], [ 137.829061981601455, 56.450028900524728, 0.0 ], [ 137.815805154385885, 56.441473654623692, 0.0 ], [ 137.80814725771117, 56.425109425834592, 0.0 ], [ 137.786177717397919, 56.401500133003573, 0.0 ], [ 137.779373023025727, 56.378625600597282, 0.0 ], [ 137.770122068530583, 56.370005142956742, 0.0 ], [ 137.762884069841277, 56.36627173641638, 0.0 ], [ 137.754327790171203, 56.354067555180706, 0.0 ], [ 137.741587254112346, 56.341054701996867, 0.0 ], [ 137.736196468095415, 56.338442242613482, 0.0 ], [ 137.730618875159934, 56.332331655505065, 0.0 ], [ 137.711513493224317, 56.318127131919226, 0.0 ], [ 137.679132443544802, 56.304427489195973, 0.0 ], [ 137.63738578888811, 56.278589453268346, 0.0 ], [ 137.614500508727104, 56.258487559677867, 0.0 ], [ 137.597024103698232, 56.249063790967348, 0.0 ], [ 137.585806039797433, 56.244861327859134, 0.0 ], [ 137.541568800930179, 56.240155512754662, 0.0 ], [ 137.533072634660499, 56.237448183203668, 0.0 ], [ 137.510888837061543, 56.223204713375729, 0.0 ], [ 137.495185451861204, 56.220751456696831, 0.0 ], [ 137.481162132621051, 56.221623228787884, 0.0 ], [ 137.452953190535027, 56.218223181527115, 0.0 ], [ 137.43930658925828, 56.212837254357254, 0.0 ], [ 137.433473374115579, 56.20855864785684, 0.0 ], [ 137.425046127495875, 56.206814009889605, 0.0 ], [ 137.419473810387558, 56.20181615134927, 0.0 ], [ 137.412579639660009, 56.185998410831182, 0.0 ], [ 137.399761490135091, 56.168611774024342, 0.0 ], [ 137.379560631837592, 56.151978632979329, 0.0 ], [ 137.357484202840652, 56.142225424867284, 0.0 ], [ 137.333867923500208, 56.12688310105829, 0.0 ], [ 137.319914144539922, 56.110823017379595, 0.0 ], [ 137.310522940989387, 56.104200674901527, 0.0 ], [ 137.298972998446658, 56.101118376365712, 0.0 ], [ 137.279652238827339, 56.091673062923469, 0.0 ], [ 137.265553132776233, 56.087113685073739, 0.0 ], [ 137.257229695554145, 56.081540707530223, 0.0 ], [ 137.249929971066507, 56.079386993038007, 0.0 ], [ 137.236953079231085, 56.079269464636198, 0.0 ] ] } },
{ "type": "Feature", "properties": { "average_dip": "(90,,)", "average_rake": null, "catalog_id": "NEA_244", "catalog_name": "GEM_NE_Asia", "dip_dir": null, "lower_seis_depth": null, "name": null, "net_slip_rate": null, "slip_type": "Dextral", "upper_seis_depth": null, "downthrown_side_id": null, "reference": "DEM; Kozhurin 2004", "epistemic_quality": "1", "accuracy": "150000", "activity_confidence": "2", "fs_name": null, "last_movement": null, "downthrown_side_dir": null, "vert_sep_rate": null, "strike_slip_rate": null, "exposure_quality": "2", "shortening_rate": null, "notes": "Long lineament in imagery, google earth. Some seismicity in region, minor velocity gradient.", "index_right": 47, "NAME_EN": "Russia" }, "geometry": { "type": "LineString", "coordinates": [ [ 162.387751207836487, 62.97790971055295, 0.0 ], [ 163.11768157693561, 63.16218427444413, 0.0 ], [ 163.510423104677898, 63.279111617944032, 0.0 ], [ 163.687378231031886, 63.373394819831738, 0.0 ], [ 163.833961292246499, 63.406818042678033, 0.0 ], [ 164.065734733669387, 63.456800326917332, 0.0 ], [ 164.26840295045551, 63.497429665069028, 0.0 ], [ 164.478582458504491, 63.546313470609327, 0.0 ], [ 164.652950403736298, 63.613599527058561, 0.0 ], [ 164.855077953793597, 63.730790679423578, 0.0 ], [ 165.094157890592186, 63.811244283884257, 0.0 ], [ 165.402254216284689, 63.906890046945037, 0.0 ], [ 165.608110225446609, 63.967349945339613, 0.0 ], [ 165.813410337665687, 64.043160694992864, 0.0 ], [ 165.972715439179694, 64.092617384015057, 0.0 ], [ 166.185750158741314, 64.141015127490064, 0.0 ], [ 166.459961435283986, 64.195790089044692, 0.0 ], [ 166.612660215462711, 64.239925428159708, 0.0 ], [ 166.876026489726002, 64.34624911915121, 0.0 ], [ 167.127066640980587, 64.456484966689871, 0.0 ], [ 167.495520951692413, 64.60360236030256, 0.0 ], [ 167.868643259685513, 64.745868948043537, 0.0 ], [ 168.101461659934898, 64.808168168291857, 0.0 ], [ 168.649200914768613, 65.042821849515647, 0.0 ], [ 169.063755451521899, 65.17094802807847, 0.0 ], [ 169.695427694383795, 65.425806615742616, 0.0 ], [ 170.073371933416496, 65.629985711384307, 0.0 ], [ 170.469809540766192, 65.800344064970417, 0.0 ], [ 170.835711628678695, 65.942174752820605, 0.0 ], [ 170.994880052755491, 66.000871913900781, 0.0 ], [ 171.431691127260592, 66.14672451422895, 0.0 ], [ 171.724382054945011, 66.258513525501527, 0.0 ], [ 172.355909988911094, 66.420230159681537, 0.0 ], [ 172.778892218406696, 66.587070638015831, 0.0 ], [ 172.970448499216388, 66.681973958269197, 0.0 ] ] } },
{ "type": "Feature", "properties": { "average_dip": "(90,,)", "average_rake": null, "catalog_id": "NEA_239", "catalog_name": "GEM_NE_Asia", "dip_dir": null, "lower_seis_depth": null, "name": null, "net_slip_rate": null, "slip_type": "Dextral", "upper_seis_depth": null, "downthrown_side_id": null, "reference": "DEM; Khozurin, 2004", "epistemic_quality": "1", "accuracy": "150000", "activity_confidence": "2", "fs_name": null, "last_movement": null, "downthrown_side_dir": null, "vert_sep_rate": null, "strike_slip_rate": null, "exposure_quality": "2", "shortening_rate": null, "notes": "Old fault / lineament. Some regional seismicity, velocity gradient.", "index_right": 47, "NAME_EN": "Russia" }, "geometry": { "type": "LineString", "coordinates": [ [ 157.520485916213403, 61.791011467997201, 0.0 ], [ 157.671283769403914, 61.823427938253403, 0.0 ], [ 157.816411891915095, 61.843613051784708, 0.0 ], [ 158.016180264218491, 61.881836943026663, 0.0 ], [ 158.302489802605095, 61.9292849236313, 0.0 ], [ 158.504316844950409, 62.002216013569907, 0.0 ], [ 158.638989874205208, 62.053179255217557, 0.0 ], [ 158.686592465981306, 62.081052553180783, 0.0 ], [ 158.780533116869009, 62.127667614357861, 0.0 ], [ 158.861317319268011, 62.153090490535057, 0.0 ], [ 158.956522501896899, 62.187607237898149, 0.0 ], [ 159.119887076279099, 62.250678687789758, 0.0 ], [ 159.316372251101598, 62.323890038178902, 0.0 ], [ 159.341080505779388, 62.331496183005441, 0.0 ], [ 159.471307090963109, 62.364658734228129, 0.0 ], [ 159.5392763991116, 62.39228811507536, 0.0 ], [ 159.757194062945189, 62.561875060240709, 0.0 ], [ 159.979066682552798, 62.647900047332513, 0.0 ], [ 160.127121648485399, 62.687969990384389, 0.0 ], [ 160.186271271531893, 62.700582528589962, 0.0 ], [ 160.288684276366013, 62.72979303556879, 0.0 ], [ 160.382870637037087, 62.750623197146467, 0.0 ], [ 160.513734937701514, 62.794772232708347, 0.0 ], [ 160.624804476224313, 62.827995971510653, 0.0 ], [ 160.701645164472609, 62.857723959462668, 0.0 ], [ 160.968018348905701, 62.930451274260477, 0.0 ], [ 161.152545203591103, 62.965468139601967, 0.0 ], [ 161.406783828506406, 63.027762407445628, 0.0 ], [ 161.607182196451589, 63.095613474417362, 0.0 ] ] } },
{ "type": "Feature", "properties": { "average_dip": "(90,,)", "average_rake": null, "catalog_id": "NEA_238", "catalog_name": "GEM_NE_Asia", "dip_dir": null, "lower_seis_depth": null, "name": null, "net_slip_rate": null, "slip_type": "Dextral", "upper_seis_depth": null, "downthrown_side_id": null, "reference": "DEM; Khozurin, 2004", "epistemic_quality": "1", "accuracy": "150000", "activity_confidence": "2", "fs_name": null, "last_movement": null, "downthrown_side_dir": null, "vert_sep_rate": null, "strike_slip_rate": null, "exposure_quality": "2", "shortening_rate": null, "notes": "Old bedrock fault. May be active. Some regional seismicity, GPS velocity gradient.", "index_right": 47, "NAME_EN": "Russia" }, "geometry": { "type": "LineString", "coordinates": [ [ 155.634807016667708, 61.025770636645511, 0.0 ], [ 155.656841109532593, 61.039913485072987, 0.0 ], [ 155.687712264171893, 61.063342192496613, 0.0 ], [ 155.787498904404288, 61.127361795259787, 0.0 ], [ 155.854267193156403, 61.163562902345717, 0.0 ], [ 156.032706936238498, 61.300089944128374, 0.0 ], [ 156.069957084743294, 61.326005471659528, 0.0 ], [ 156.128769794752913, 61.357434108447713, 0.0 ], [ 156.24347645943601, 61.414052466324733, 0.0 ], [ 156.366044964805297, 61.46493732286784, 0.0 ], [ 156.428165104220994, 61.484939370824883, 0.0 ], [ 156.517195727586596, 61.528211686986033, 0.0 ], [ 156.581215161397694, 61.572473732472751, 0.0 ], [ 156.694937642349686, 61.635681594077788, 0.0 ], [ 156.912365996457794, 61.766662173749012, 0.0 ], [ 156.993111338549511, 61.819143932128412, 0.0 ], [ 157.012992670082014, 61.839784690517021, 0.0 ], [ 157.089920129774896, 61.895987763268472, 0.0 ], [ 157.271158239507798, 61.995764793178743, 0.0 ], [ 157.337404155145691, 62.02617942283144, 0.0 ], [ 157.468579506284811, 62.076669018780031, 0.0 ], [ 157.537818118514309, 62.10211710714821, 0.0 ], [ 157.659265187374501, 62.141906370100131, 0.0 ], [ 157.765579958136613, 62.179112574251782, 0.0 ], [ 157.791724961906112, 62.185590942380372, 0.0 ], [ 157.944335065837805, 62.247216136095943, 0.0 ], [ 158.060121226799396, 62.29126203550527, 0.0 ], [ 158.123875151186809, 62.317189429554077, 0.0 ], [ 158.2117471636125, 62.363088937446307, 0.0 ], [ 158.270974115356609, 62.402798384433041, 0.0 ], [ 158.36991430415361, 62.475295583952857, 0.0 ] ] } },
{ "type": "Feature", "properties": { "average_dip": "(90,,)", "average_rake": null, "catalog_id": "NEA_241", "catalog_name": "GEM_NE_Asia", "dip_dir": null, "lower_seis_depth": null, "name": "Ketanda Fault", "net_slip_rate": null, "slip_type": "Dextral", "upper_seis_depth": null, "downthrown_side_id": null, "reference": "Khozurin, 2004", "epistemic_quality": "1", "accuracy": "150000", "activity_confidence": "1", "fs_name": null, "last_movement": null, "downthrown_side_dir": null, "vert_sep_rate": null, "strike_slip_rate": "(0.5, 0., 5.)", "exposure_quality": "1", "shortening_rate": null, "notes": "Huge apparent slip rate gradient across fault (long distance though, maybe data problems).", "index_right": 47, "NAME_EN": "Russia" }, "geometry": { "type": "LineString", "coordinates": [ [ 141.499482461599598, 60.601399072360003, 0.0 ], [ 141.502170684351, 60.63017905118344, 0.0 ], [ 141.496829744807002, 60.683145408307958, 0.0 ], [ 141.48528137291521, 60.716850759499273, 0.0 ], [ 141.487843663197395, 60.75109943994628, 0.0 ], [ 141.468746649131106, 60.815354959841052, 0.0 ], [ 141.454591536545792, 60.870695841421792, 0.0 ], [ 141.456588029350598, 60.932614021759413, 0.0 ], [ 141.440077104000295, 60.99991581420479, 0.0 ], [ 141.431954331839307, 61.054705419153287, 0.0 ], [ 141.436355314237886, 61.092607453389853, 0.0 ], [ 141.434846416053688, 61.148449451824511, 0.0 ], [ 141.437733431646393, 61.165414954500378, 0.0 ], [ 141.431248206951409, 61.20084447894326, 0.0 ], [ 141.439084600279301, 61.24420459474279, 0.0 ], [ 141.435203267176206, 61.278735087044943, 0.0 ], [ 141.439736938905412, 61.299857105109481, 0.0 ], [ 141.440256536410288, 61.309552023162667, 0.0 ], [ 141.437479094922708, 61.324630426619343, 0.0 ], [ 141.441156405716299, 61.35312897328717, 0.0 ], [ 141.449965797810194, 61.383240611475699, 0.0 ], [ 141.479786631126188, 61.437568794542791, 0.0 ], [ 141.483451334792903, 61.485426253465107, 0.0 ], [ 141.56146367674549, 61.618205995785203, 0.0 ], [ 141.650721521375601, 61.746295696259651, 0.0 ], [ 141.676703722601701, 61.794597982521843, 0.0 ], [ 141.684528706874289, 61.81978664321673, 0.0 ], [ 141.737112364366311, 61.91507590046885, 0.0 ], [ 141.75326417262491, 61.934034430792423, 0.0 ], [ 141.755241213455292, 61.974239655180142, 0.0 ], [ 141.785909121987402, 62.003234805483629, 0.0 ], [ 141.832023326900099, 62.059410793729441, 0.0 ], [ 141.859785614134012, 62.117086251126302, 0.0 ], [ 141.920766184482886, 62.223367706619662, 0.0 ], [ 141.958077403859903, 62.269296925481747, 0.0 ], [ 142.054533996644011, 62.371481964176539, 0.0 ], [ 142.076950881246688, 62.391746341320037, 0.0 ], [ 142.105779216217286, 62.422603534381707, 0.0 ], [ 142.15606674266121, 62.45656763410598, 0.0 ], [ 142.207450146943387, 62.494006249713017, 0.0 ], [ 142.279369745427203, 62.53710460589334, 0.0 ], [ 142.389460651607891, 62.622694025504707, 0.0 ], [ 142.740364836245703, 62.878589224514769, 0.0 ], [ 142.887138939909192, 62.940711151316769, 0.0 ] ] } },
{ "type": "Feature", "properties": { "average_dip": "(55,45,65)", "average_rake": null, "catalog_id": "NEA_240", "catalog_name": "GEM_NE_Asia", "dip_dir": "S", "lower_seis_depth": null, "name": null, "net_slip_rate": null, "slip_type": "Normal", "upper_seis_depth": null, "downthrown_side_id": null, "reference": "DEM", "epistemic_quality": "1", "accuracy": "50000", "activity_confidence": "1", "fs_name": null, "last_movement": null, "downthrown_side_dir": "S", "vert_sep_rate": null, "strike_slip_rate": null, "exposure_quality": "1", "shortening_rate": null, "notes": null, "index_right": 47, "NAME_EN": "Russia" }, "geometry": { "type": "LineString", "coordinates": [ [ 109.89151543217703, 51.001954473661606, 0.0 ], [ 109.904598817219167, 51.000921574842486, 0.0 ], [ 109.958998155025924, 51.020546652405692, 0.0 ], [ 109.990329419205779, 51.035007235873309, 0.0 ], [ 110.021660683385619, 51.054976613042882, 0.0 ], [ 110.064353834575755, 51.056353811468369, 0.0 ], [ 110.072617025128679, 51.059108208319344, 0.0 ], [ 110.08225741410709, 51.055320912649258, 0.0 ], [ 110.094307900330108, 51.053255115011027, 0.0 ], [ 110.109801382616851, 51.052910815404651, 0.0 ], [ 110.119097471988894, 51.05394371422377, 0.0 ], [ 110.124434115887638, 51.057042410681113, 0.0 ], [ 110.152666683610136, 51.059108208319344, 0.0 ], [ 110.169881663928734, 51.062206904776694, 0.0 ], [ 110.180554951726265, 51.061862605170319, 0.0 ], [ 110.187440943853701, 51.065649900840413, 0.0 ], [ 110.21636211078895, 51.066338500053156, 0.0 ] ] } },
{ "type": "Feature", "properties": { "average_dip": "(55,45,65)", "average_rake": null, "catalog_id": "NEA_235", "catalog_name": "GEM_NE_Asia", "dip_dir": "S", "lower_seis_depth": null, "name": "Chita Fault, western segment", "net_slip_rate": null, "slip_type": "Normal", "upper_seis_depth": null, "downthrown_side_id": null, "reference": "DEM, Lunina Faults", "epistemic_quality": "1", "accuracy": "40000", "activity_confidence": "1", "fs_name": null, "last_movement": null, "downthrown_side_dir": "S", "vert_sep_rate": null, "strike_slip_rate": null, "exposure_quality": "1", "shortening_rate": null, "notes": null, "index_right": 47, "NAME_EN": "Russia" }, "geometry": { "type": "LineString", "coordinates": [ [ 110.674969186476403, 51.043614726032608, 0.0 ], [ 110.707849798884936, 51.049639969144117, 0.0 ], [ 110.730573572905485, 51.047402021702695, 0.0 ], [ 110.755363144564271, 51.049467819340926, 0.0 ], [ 110.771545226063751, 51.046713422489951, 0.0 ], [ 110.795129749100226, 51.045336224064464, 0.0 ], [ 110.80442583847227, 51.041204628788002, 0.0 ], [ 110.87363005935299, 51.030187041384103, 0.0 ], [ 110.89979682943725, 51.022612450043916, 0.0 ], [ 110.913740963495329, 51.021751701027988, 0.0 ], [ 110.929406595585249, 51.01779225555471, 0.0 ], [ 110.954540466850403, 51.017964405357894, 0.0 ], [ 110.986560330242995, 51.007807566969923, 0.0 ], [ 111.001881662726575, 51.00488102031575, 0.0 ], [ 111.028048432810834, 51.006430368544422, 0.0 ], [ 111.071602333016898, 51.015382158310096, 0.0 ], [ 111.098802001920276, 51.017447955948327, 0.0 ], [ 111.140978703700824, 51.033974337054168, 0.0 ], [ 111.155783586774817, 51.03810593233063, 0.0 ], [ 111.174375765518903, 51.040516029575237, 0.0 ], [ 111.198821037571307, 51.048434920521792, 0.0 ], [ 111.233939597421255, 51.056698111074716, 0.0 ], [ 111.242374937777385, 51.063067653792594, 0.0 ], [ 111.249605229511189, 51.066166350249937, 0.0 ], [ 111.264582262388373, 51.068404297691359, 0.0 ], [ 111.283518740738828, 51.075634589425171, 0.0 ], [ 111.301766619876545, 51.076151038834723, 0.0 ], [ 111.325006843306653, 51.082864881158983, 0.0 ], [ 111.343254722444371, 51.084930678797214, 0.0 ], [ 111.356682407092876, 51.083381330568535, 0.0 ], [ 111.3649455976458, 51.084414229387654, 0.0 ], [ 111.398859108873438, 51.08165983253668, 0.0 ], [ 111.416246238995228, 51.077528237260218, 0.0 ], [ 111.468579779163775, 51.082176281946232, 0.0 ], [ 111.478392317945378, 51.083897779978095, 0.0 ], [ 111.491303553184324, 51.088717974467301, 0.0 ], [ 111.500599642556367, 51.087857225451373, 0.0 ], [ 111.50438693822646, 51.090439472499163, 0.0 ], [ 111.538128299650907, 51.089923023089604, 0.0 ], [ 111.55190028390578, 51.087685075648182, 0.0 ], [ 111.568426665011643, 51.087857225451373, 0.0 ], [ 111.612497014627252, 51.079938334504817, 0.0 ], [ 111.625408249866197, 51.079766184701626, 0.0 ], [ 111.634360039631872, 51.076839638047467, 0.0 ] ] } },
{ "type": "Feature", "properties": { "average_dip": "(55,45,65)", "average_rake": null, "catalog_id": "NEA_234", "catalog_name": "GEM_NE_Asia", "dip_dir": "S", "lower_seis_depth": null, "name": "Chita Fault", "net_slip_rate": null, "slip_type": "Normal", "upper_seis_depth": null, "downthrown_side_id": null, "reference": "DEM", "epistemic_quality": "1", "accuracy": "50000", "activity_confidence": "1", "fs_name": null, "last_movement": null, "downthrown_side_dir": "S", "vert_sep_rate": null, "strike_slip_rate": null, "exposure_quality": "1", "shortening_rate": null, "notes": null, "index_right": 47, "NAME_EN": "Russia" }, "geometry": { "type": "LineString", "coordinates": [ [ 111.604922423286993, 51.087512925844976, 0.0 ], [ 111.631089193371253, 51.099219112461626, 0.0 ], [ 111.638319485105072, 51.104727906163575, 0.0 ], [ 111.643828278807021, 51.112646797110131, 0.0 ], [ 111.6772253406251, 51.133993372705191, 0.0 ], [ 111.680668336688825, 51.142945162470866, 0.0 ], [ 111.684799931965287, 51.148453956172816, 0.0 ], [ 111.709589503624059, 51.15981584318309, 0.0 ], [ 111.728525981974528, 51.17358782743797, 0.0 ], [ 111.761923043792606, 51.182883916810013, 0.0 ], [ 111.769153335526411, 51.188048410905594, 0.0 ], [ 111.790844210727855, 51.19596730185215, 0.0 ], [ 111.816322381599377, 51.208706387287911, 0.0 ], [ 111.835258859949832, 51.211116484532518, 0.0 ], [ 111.849375143811088, 51.215936679021723, 0.0 ], [ 111.882083606416415, 51.222478371542792, 0.0 ], [ 111.924088158393815, 51.24640719418565, 0.0 ], [ 111.931146300324443, 51.254584309836986, 0.0 ], [ 111.939323415975778, 51.257769081195924, 0.0 ], [ 111.945865108496847, 51.26568797214248, 0.0 ], [ 111.966867384485539, 51.277135934054357, 0.0 ], [ 111.988386109883777, 51.295900262601634, 0.0 ], [ 112.003707442367343, 51.306057100989605, 0.0 ], [ 112.017479426622216, 51.311738044494739, 0.0 ], [ 112.022471770914606, 51.317246838196695, 0.0 ], [ 112.02677551599426, 51.31948478563811, 0.0 ], [ 112.03744880379179, 51.319140486031742, 0.0 ], [ 112.062754824860136, 51.32258348209546, 0.0 ], [ 112.093569639630431, 51.33119097225476, 0.0 ], [ 112.104415077231138, 51.332568170680247, 0.0 ], [ 112.129548948496293, 51.342725009068225, 0.0 ], [ 112.148485426846747, 51.359767839583633, 0.0 ], [ 112.184981185122197, 51.403321739789682, 0.0 ], [ 112.194621574100623, 51.412617829161725, 0.0 ], [ 112.198064570164334, 51.424324015778367, 0.0 ], [ 112.201163266621691, 51.42914421026758, 0.0 ], [ 112.238691923716232, 51.446359190586172, 0.0 ], [ 112.291369763491119, 51.464434919920677, 0.0 ], [ 112.311339140660692, 51.475280357521399, 0.0 ], [ 112.322012428458237, 51.478379053978742, 0.0 ], [ 112.332513566452576, 51.47734615515963, 0.0 ], [ 112.34198180562781, 51.479239802994677, 0.0 ], [ 112.365566328664286, 51.486642244531673, 0.0 ], [ 112.393626746583593, 51.489740940989023, 0.0 ], [ 112.420826415486971, 51.487330843744417, 0.0 ], [ 112.430811104071765, 51.48492074649981, 0.0 ], [ 112.451813380060457, 51.48492074649981, 0.0 ], [ 112.463519566677107, 51.489052341776279, 0.0 ], [ 112.47729155093198, 51.489396641382648, 0.0 ], [ 112.484521842665785, 51.49352823665911, 0.0 ], [ 112.504835519441741, 51.495249734690972, 0.0 ], [ 112.524460597004946, 51.494216835871853, 0.0 ], [ 112.555103261972008, 51.499897779376994, 0.0 ], [ 112.591426870444252, 51.498864880557882, 0.0 ], [ 112.622413835017724, 51.504029374653463, 0.0 ], [ 112.66390193758555, 51.517629209105152, 0.0 ], [ 112.670960079516178, 51.526925298477195, 0.0 ], [ 112.696954699797246, 51.53277839178552, 0.0 ], [ 112.725875866732494, 51.542590930567123, 0.0 ], [ 112.739647850987382, 51.550854121120047, 0.0 ], [ 112.778381556704218, 51.561010959508025, 0.0 ], [ 112.799728132299279, 51.572544996321483, 0.0 ], [ 112.806441974623539, 51.578053790023432, 0.0 ], [ 112.812122918128679, 51.586144830773179, 0.0 ], [ 112.839322587032044, 51.614721698102031, 0.0 ], [ 112.851545223058253, 51.619714042394428, 0.0 ], [ 112.866350106132245, 51.630731629798333, 0.0 ], [ 112.900780066769443, 51.641749217202232, 0.0 ], [ 112.906288860471392, 51.648979508936044, 0.0 ], [ 112.916617848662554, 51.656209800669856, 0.0 ], [ 112.930906282326987, 51.671014683743849, 0.0 ], [ 112.94020237169903, 51.676523477445805, 0.0 ], [ 112.947949112842394, 51.684786667998729, 0.0 ] ] } },
{ "type": "Feature", "properties": { "average_dip": "(55,45,65)", "average_rake": null, "catalog_id": "NEA_237", "catalog_name": "GEM_NE_Asia", "dip_dir": "S", "lower_seis_depth": null, "name": "Ulaan Ude Fault", "net_slip_rate": null, "slip_type": "Normal", "upper_seis_depth": null, "downthrown_side_id": null, "reference": "DEM; Lunina Faults", "epistemic_quality": "1", "accuracy": "50000", "activity_confidence": "1", "fs_name": null, "last_movement": null, "downthrown_side_dir": "S", "vert_sep_rate": null, "strike_slip_rate": null, "exposure_quality": "1", "shortening_rate": null, "notes": null, "index_right": 47, "NAME_EN": "Russia" }, "geometry": { "type": "LineString", "coordinates": [ [ 107.079534472034055, 51.760274356695788, 0.0 ], [ 107.109488537788422, 51.774390640557037, 0.0 ], [ 107.12153902401144, 51.790572722056524, 0.0 ], [ 107.130835113383498, 51.798319463199903, 0.0 ], [ 107.163715725792017, 51.812091447454783, 0.0 ], [ 107.183857252764781, 51.814845844305765, 0.0 ], [ 107.216737865173315, 51.809681350210184, 0.0 ], [ 107.255299421086988, 51.808648451391065, 0.0 ], [ 107.264767660262223, 51.80641050394965, 0.0 ], [ 107.285942086054092, 51.807959852178321, 0.0 ], [ 107.290934430346496, 51.811574998045231, 0.0 ], [ 107.300574819324908, 51.811230698438855, 0.0 ], [ 107.313486054563825, 51.805377605130531, 0.0 ], [ 107.332078233307911, 51.813124346273902, 0.0 ], [ 107.347227415988272, 51.81708379174718, 0.0 ], [ 107.37063978922157, 51.83137222541162, 0.0 ], [ 107.378042230758581, 51.833093723443483, 0.0 ], [ 107.392847113832573, 51.83447092186897, 0.0 ], [ 107.4109228431671, 51.839291116358183, 0.0 ], [ 107.424522677618796, 51.839118966554992, 0.0 ], [ 107.447762901048918, 51.833438023049858, 0.0 ], [ 107.479266315031964, 51.832405124230739, 0.0 ], [ 107.486324456962578, 51.836020270097649, 0.0 ], [ 107.495620546334635, 51.845144209666479, 0.0 ], [ 107.555528677843384, 51.851685902187555, 0.0 ], [ 107.579973949895802, 51.846865707698342, 0.0 ], [ 107.627142995968768, 51.844799910060111, 0.0 ], [ 107.678099337711828, 51.840324015177274, 0.0 ], [ 107.70133956114195, 51.850136553958876, 0.0 ], [ 107.716144444215971, 51.867265459375872, 0.0 ], [ 107.723030436343407, 51.872085653865085, 0.0 ], [ 107.746098509970338, 51.878627346386153, 0.0 ], [ 107.759181895012475, 51.877594447567034, 0.0 ], [ 107.776396875331073, 51.880348844418016, 0.0 ], [ 107.806006641479073, 51.893432229460153, 0.0 ], [ 107.832862010776097, 51.902728318832196, 0.0 ] ] } },
{ "type": "Feature", "properties": { "average_dip": "(55,45,65)", "average_rake": null, "catalog_id": "NEA_236", "catalog_name": "GEM_NE_Asia", "dip_dir": "S", "lower_seis_depth": null, "name": null, "net_slip_rate": null, "slip_type": "Normal", "upper_seis_depth": null, "downthrown_side_id": null, "reference": "DEM; Lunina Faults", "epistemic_quality": "1", "accuracy": "50000", "activity_confidence": "1", "fs_name": null, "last_movement": null, "downthrown_side_dir": "S", "vert_sep_rate": null, "strike_slip_rate": null, "exposure_quality": "1", "shortening_rate": null, "notes": null, "index_right": 47, "NAME_EN": "Russia" }, "geometry": { "type": "LineString", "coordinates": [ [ 107.69789656507821, 51.909614310959626, 0.0 ], [ 107.710979950120347, 51.912024408204232, 0.0 ], [ 107.721997537524274, 51.91598385367751, 0.0 ], [ 107.77536397651194, 51.920976197969907, 0.0 ], [ 107.798776349745239, 51.931821635570621, 0.0 ], [ 107.800325697973918, 51.936986129666202, 0.0 ], [ 107.818573577111607, 51.948864466086043, 0.0 ], [ 107.830624063334625, 51.951274563330649, 0.0 ], [ 107.838887253887563, 51.955234008803927, 0.0 ], [ 107.85644653381253, 51.960226353096324, 0.0 ], [ 107.877448809801223, 51.96194785112818, 0.0 ], [ 107.90791932496515, 51.968145244042873, 0.0 ], [ 107.91859261276268, 51.967112345223761, 0.0 ], [ 107.943037884815098, 51.974170487154382, 0.0 ], [ 107.953539022809451, 51.972793288728894, 0.0 ], [ 107.967827456473884, 51.973309738138454, 0.0 ], [ 107.97746784545231, 51.97571983538306, 0.0 ], [ 107.985042436792497, 51.980540029872266, 0.0 ], [ 108.008626959828973, 51.980195730265898, 0.0 ], [ 108.075593233268364, 51.995344912946273, 0.0 ], [ 108.102448602565389, 51.997755010190872, 0.0 ], [ 108.13102546989424, 52.008944747397969, 0.0 ], [ 108.14342025572364, 52.023405330865593, 0.0 ], [ 108.145141753755496, 52.029430573977102, 0.0 ], [ 108.185941257110585, 52.049744250753051, 0.0 ], [ 108.210042229556635, 52.049572100949867, 0.0 ], [ 108.220199067944606, 52.050949299375354, 0.0 ], [ 108.228117958891161, 52.057490991896422, 0.0 ], [ 108.236897598853645, 52.061794736976076, 0.0 ], [ 108.255489777597731, 52.06713138087482, 0.0 ], [ 108.308856216585411, 52.069541478119433, 0.0 ], [ 108.358091060296601, 52.086928608241223, 0.0 ], [ 108.37685538884385, 52.089683005092198, 0.0 ], [ 108.405087956566362, 52.098634794857873, 0.0 ], [ 108.420064989443546, 52.098979094464248, 0.0 ], [ 108.430738277241076, 52.101733491315223, 0.0 ], [ 108.436074921139848, 52.107586584623547, 0.0 ], [ 108.438140718778072, 52.113956127341432, 0.0 ], [ 108.453462051261624, 52.121875018287987, 0.0 ], [ 108.479112371936353, 52.129621759431359, 0.0 ], [ 108.50286904477602, 52.141155796244824, 0.0 ], [ 108.51354233257355, 52.142532994670312, 0.0 ] ] } }
]
}
