{
"type": "FeatureCollection",
"name": "faults_philippines",
"crs": { "type": "name", "properties": { "name": "urn:ogc:def:crs:OGC:1.3:CRS84" } },
"features": [
{ "type": "Feature", "properties": { "average_dip": null, "average_rake": null, "catalog_id": "PHL_0", "catalog_name": "philippines", "dip_dir": null, "lower_seis_depth": null, "name": "Colosas Fault", "net_slip_rate": null, "slip_type": "Sinistral", "upper_seis_depth": null, "downthrown_side_id": null, "reference": null, "epistemic_quality": null, "accuracy": null, "activity_confidence": null, "fs_name": null, "last_movement": null, "downthrown_side_dir": null, "vert_sep_rate": null, "strike_slip_rate": "None", "exposure_quality": null, "shortening_rate": null, "notes": null, "index_right": 182, "NAME_EN": "Philippines" }, "geometry": { "type": "LineString", "coordinates": [ [ 125.5705326, 7.427848845 ], [ 125.5140309, 7.526893026 ] ] } },
{ "type": "Feature", "properties": { "average_dip": null, "average_rake": null, "catalog_id": "PHL_1", "catalog_name": "philippines", "dip_dir": null, "lower_seis_depth": null, "name": "Colosas Fault", "net_slip_rate": null, "slip_type": null, "upper_seis_depth": null, "downthrown_side_id": null, "reference": null, "epistemic_quality": null, "accuracy": null, "activity_confidence": null, "fs_name": null, "last_movement": null, "downthrown_side_dir": null, "vert_sep_rate": null, "strike_slip_rate": null, "exposure_quality": null, "shortening_rate": null, "notes": null, "index_right": 182, "NAME_EN": "Philippines" }, "geometry": { "type": "LineString", "coordinates": [ [ 125.5705326, 7.427848845 ], [ 125.5140309, 7.526893026 ] ] } },
{ "type": "Feature", "properties": { "average_dip": null, "average_rake": null, "catalog_id": "PHL_2", "catalog_name": "philippines", "dip_dir": null, "lower_seis_depth": null, "name": "Dacudao Fault", "net_slip_rate": null, "slip_type": "Sinistral", "upper_seis_depth": null, "downthrown_side_id": null, "reference": null, "epistemic_quality": null, "accuracy": null, "activity_confidence": null, "fs_name": null, "last_movement": null, "downthrown_side_dir": null, "vert_sep_rate": null, "strike_slip_rate": "None", "exposure_quality": null, "shortening_rate": null, "notes": null, "index_right": 182, "NAME_EN": "Philippines" }, "geometry": { "type": "LineString", "coordinates": [ [ 125.4346111, 7.247510692 ], [ 125.4347477, 7.242887102 ], [ 125.4396083, 7.234822369 ], [ 125.4409751, 7.226297153 ], [ 125.4475387, 7.224760043 ], [ 125.4707937, 7.201214233 ], [ 125.474939, 7.136832761 ], [ 125.50406, 7.090832742 ], [ 125.537961, 7.068232056 ], [ 125.5439435, 7.057596439 ] ] } },
{ "type": "Feature", "properties": { "average_dip": "(35,,)", "average_rake": null, "catalog_id": "PHL_3", "catalog_name": "philippines", "dip_dir": "W", "lower_seis_depth": null, "name": "Central Cebu Fault", "net_slip_rate": "(2.0, 1.0, 3.0)", "slip_type": "Reverse", "upper_seis_depth": null, "downthrown_side_id": null, "reference": null, "epistemic_quality": null, "accuracy": null, "activity_confidence": null, "fs_name": null, "last_movement": null, "downthrown_side_dir": "E", "vert_sep_rate": null, "strike_slip_rate": null, "exposure_quality": null, "shortening_rate": null, "notes": null, "index_right": 182, "NAME_EN": "Philippines" }, "geometry": { "type": "LineString", "coordinates": [ [ 123.9538214, 10.52186341 ], [ 123.9204175, 10.46320593 ], [ 123.9122555, 10.42663445 ], [ 123.9069973, 10.41703474 ], [ 123.8946724, 10.37703553 ], [ 123.8687737, 10.3337389 ], [ 123.8459484, 10.31514654 ], [ 123.8327475, 10.30770477 ], [ 123.8164247, 10.30351788 ], [ 123.7988658, 10.29284611 ], [ 123.7338847, 10.26732575 ], [ 123.7059489, 10.24612259 ] ] } },
{ "type": "Feature", "properties": { "average_dip": "(35,,)", "average_rake": null, "catalog_id": "PHL_4", "catalog_name": "philippines", "dip_dir": "W", "lower_seis_depth": null, "name": "East Negros Fault North", "net_slip_rate": "(2.0, 1.0, 3.0)", "slip_type": "Reverse", "upper_seis_depth": null, "downthrown_side_id": null, "reference": null, "epistemic_quality": null, "accuracy": null, "activity_confidence": null, "fs_name": null, "last_movement": null, "downthrown_side_dir": "E", "vert_sep_rate": null, "strike_slip_rate": null, "exposure_quality": null, "shortening_rate": null, "notes": null, "index_right": 182, "NAME_EN": "Philippines" }, "geometry": { "type": "LineString", "coordinates": [ [ 123.4963992, 10.72408127 ], [ 123.4944432, 10.72040821 ], [ 123.4977422, 10.70809666 ], [ 123.4957704, 10.69054498 ], [ 123.4889766, 10.67057489 ], [ 123.4890958, 10.63437504 ], [ 123.4845165, 10.62558828 ], [ 123.4736627, 10.61361223 ], [ 123.4597172, 10.60446441 ], [ 123.3919662, 10.58538597 ], [ 123.3933943, 10.56833781 ], [ 123.3985207, 10.5545662 ], [ 123.397149, 10.54489682 ], [ 123.3918406, 10.53063514 ], [ 123.3909849, 10.51309646 ], [ 123.3833641, 10.48982263 ], [ 123.3762222, 10.47915466 ], [ 123.3609721, 10.46421255 ], [ 123.3438927, 10.41139562 ], [ 123.3375635, 10.40583145 ], [ 123.329012, 10.39140648 ], [ 123.3258913, 10.38868164 ], [ 123.3235608, 10.38184953 ], [ 123.3199683, 10.3801239 ], [ 123.3165134, 10.37345375 ], [ 123.3133015, 10.37123881 ], [ 123.306013, 10.36105958 ], [ 123.2984653, 10.34543578 ], [ 123.2798658, 10.32204845 ], [ 123.2736152, 10.30554564 ], [ 123.2659926, 10.29215123 ], [ 123.2624068, 10.29142719 ], [ 123.2568192, 10.28389369 ] ] } },
{ "type": "Feature", "properties": { "average_dip": "(65,,)", "average_rake": null, "catalog_id": "PHL_5", "catalog_name": "philippines", "dip_dir": "E", "lower_seis_depth": null, "name": "General Nakar West", "net_slip_rate": "(4.0, 2.0, 6.0)", "slip_type": "Dextral-Normal", "upper_seis_depth": null, "downthrown_side_id": null, "reference": null, "epistemic_quality": null, "accuracy": null, "activity_confidence": null, "fs_name": null, "last_movement": null, "downthrown_side_dir": "E", "vert_sep_rate": null, "strike_slip_rate": null, "exposure_quality": null, "shortening_rate": null, "notes": null, "index_right": 182, "NAME_EN": "Philippines" }, "geometry": { "type": "LineString", "coordinates": [ [ 121.3812777, 15.37055059 ], [ 121.3498097, 15.11428453 ], [ 121.3541006, 14.94280196 ], [ 121.3901832, 14.84887321 ], [ 121.3884215, 14.7641036 ], [ 121.4004752, 14.7050343 ] ] } },
{ "type": "Feature", "properties": { "average_dip": null, "average_rake": null, "catalog_id": "PHL_6", "catalog_name": "philippines", "dip_dir": null, "lower_seis_depth": null, "name": "Guinayangan Fault East", "net_slip_rate": null, "slip_type": "Sinistral", "upper_seis_depth": null, "downthrown_side_id": null, "reference": null, "epistemic_quality": null, "accuracy": null, "activity_confidence": null, "fs_name": null, "last_movement": null, "downthrown_side_dir": null, "vert_sep_rate": null, "strike_slip_rate": "None", "exposure_quality": null, "shortening_rate": null, "notes": null, "index_right": 182, "NAME_EN": "Philippines" }, "geometry": { "type": "LineString", "coordinates": [ [ 122.2534346, 14.02671962 ], [ 122.3408903, 13.93873069 ], [ 122.5136685, 13.793149 ] ] } },
{ "type": "Feature", "properties": { "average_dip": "(35.,,)", "average_rake": null, "catalog_id": "PHL_7", "catalog_name": "philippines", "dip_dir": "S", "lower_seis_depth": null, "name": "East Bohol Fault", "net_slip_rate": "(1.0, 0.5, 1.5)", "slip_type": "Reverse", "upper_seis_depth": null, "downthrown_side_id": null, "reference": null, "epistemic_quality": null, "accuracy": null, "activity_confidence": null, "fs_name": null, "last_movement": null, "downthrown_side_dir": "N", "vert_sep_rate": null, "strike_slip_rate": null, "exposure_quality": null, "shortening_rate": null, "notes": null, "index_right": 182, "NAME_EN": "Philippines" }, "geometry": { "type": "LineString", "coordinates": [ [ 124.3758057, 9.852339374 ], [ 124.3626838, 9.842642604 ], [ 124.3397032, 9.819305289 ], [ 124.3226832, 9.805028163 ], [ 124.3045915, 9.795465914 ], [ 124.2733904, 9.774210667 ], [ 124.2481444, 9.748501543 ], [ 124.2410772, 9.735054325 ], [ 124.2269212, 9.715773285 ], [ 124.1974551, 9.69324016 ], [ 124.1876195, 9.681898323 ], [ 124.1427891, 9.652065688 ], [ 124.0913764, 9.623857652 ], [ 124.0627952, 9.604486896 ], [ 124.0365893, 9.593325878 ] ] } },
{ "type": "Feature", "properties": { "average_dip": null, "average_rake": null, "catalog_id": "PHL_8", "catalog_name": "philippines", "dip_dir": null, "lower_seis_depth": null, "name": "General Nakar East", "net_slip_rate": null, "slip_type": "Sinistral", "upper_seis_depth": null, "downthrown_side_id": null, "reference": null, "epistemic_quality": null, "accuracy": null, "activity_confidence": null, "fs_name": null, "last_movement": null, "downthrown_side_dir": null, "vert_sep_rate": null, "strike_slip_rate": "None", "exposure_quality": null, "shortening_rate": null, "notes": null, "index_right": 182, "NAME_EN": "Philippines" }, "geometry": { "type": "LineString", "coordinates": [ [ 121.3668803, 15.19094803 ], [ 121.3997957, 15.14207365 ], [ 121.4516624, 15.0912044 ], [ 121.4915598, 15.02836591 ], [ 121.4925085, 14.87368786 ], [ 121.4980449, 14.82605271 ], [ 121.534609, 14.74705793 ], [ 121.5374419, 14.67028625 ] ] } },
{ "type": "Feature", "properties": { "average_dip": "(65,,)", "average_rake": null, "catalog_id": "PHL_9", "catalog_name": "philippines", "dip_dir": "E", "lower_seis_depth": null, "name": "New Carmen Fault", "net_slip_rate": "(2.0, 1.0, 3.0)", "slip_type": "Sinistral-Reverse", "upper_seis_depth": null, "downthrown_side_id": null, "reference": null, "epistemic_quality": null, "accuracy": null, "activity_confidence": null, "fs_name": null, "last_movement": null, "downthrown_side_dir": "W", "vert_sep_rate": null, "strike_slip_rate": null, "exposure_quality": null, "shortening_rate": null, "notes": null, "index_right": 182, "NAME_EN": "Philippines" }, "geometry": { "type": "LineString", "coordinates": [ [ 125.5280501, 7.203515314 ], [ 125.5377141, 7.186352408 ], [ 125.5449221, 7.159770342 ], [ 125.5449505, 7.138209224 ], [ 125.5479919, 7.112537825 ], [ 125.5539144, 7.100803632 ] ] } },
{ "type": "Feature", "properties": { "average_dip": "(65,,)", "average_rake": null, "catalog_id": "PHL_10", "catalog_name": "philippines", "dip_dir": "E", "lower_seis_depth": null, "name": "Pangyan Biao Escuela Fault", "net_slip_rate": "(2.0, 1.0, 3.0)", "slip_type": "Sinistral-Reverse", "upper_seis_depth": null, "downthrown_side_id": null, "reference": null, "epistemic_quality": null, "accuracy": null, "activity_confidence": null, "fs_name": null, "last_movement": null, "downthrown_side_dir": "W", "vert_sep_rate": null, "strike_slip_rate": null, "exposure_quality": null, "shortening_rate": null, "notes": null, "index_right": 182, "NAME_EN": "Philippines" }, "geometry": { "type": "LineString", "coordinates": [ [ 125.533024, 7.122171819 ], [ 125.5247389, 7.130616431 ], [ 125.5098648, 7.151548882 ], [ 125.50492, 7.172536456 ], [ 125.5000684, 7.183700644 ], [ 125.5013481, 7.194269135 ], [ 125.4922846, 7.205243015 ], [ 125.4850369, 7.226753171 ], [ 125.4849685, 7.234824811 ], [ 125.4795321, 7.248215874 ], [ 125.4774709, 7.280279664 ], [ 125.4788004, 7.350075898 ], [ 125.4714884, 7.403918708 ] ] } },
{ "type": "Feature", "properties": { "average_dip": null, "average_rake": null, "catalog_id": "PHL_11", "catalog_name": "philippines", "dip_dir": null, "lower_seis_depth": null, "name": "Guinayangan Fault West", "net_slip_rate": null, "slip_type": "Sinistral", "upper_seis_depth": null, "downthrown_side_id": null, "reference": null, "epistemic_quality": null, "accuracy": null, "activity_confidence": null, "fs_name": null, "last_movement": null, "downthrown_side_dir": null, "vert_sep_rate": null, "strike_slip_rate": "None", "exposure_quality": null, "shortening_rate": null, "notes": null, "index_right": 182, "NAME_EN": "Philippines" }, "geometry": { "type": "LineString", "coordinates": [ [ 122.2104005, 13.88539536 ], [ 122.2541716, 13.84218787 ], [ 122.3291584, 13.78941614 ], [ 122.3876199, 13.7274876 ], [ 122.4609513, 13.66917092 ] ] } },
{ "type": "Feature", "properties": { "average_dip": null, "average_rake": null, "catalog_id": "PHL_12", "catalog_name": "philippines", "dip_dir": null, "lower_seis_depth": null, "name": "Lacson Fault", "net_slip_rate": "(1.0, 0.5, 1.5)", "slip_type": "Sinistral", "upper_seis_depth": null, "downthrown_side_id": null, "reference": null, "epistemic_quality": null, "accuracy": null, "activity_confidence": null, "fs_name": null, "last_movement": null, "downthrown_side_dir": null, "vert_sep_rate": null, "strike_slip_rate": null, "exposure_quality": null, "shortening_rate": null, "notes": null, "index_right": 182, "NAME_EN": "Philippines" }, "geometry": { "type": "LineString", "coordinates": [ [ 125.4412618, 7.224733538 ], [ 125.4450569, 7.217994977 ], [ 125.447061, 7.209483966 ], [ 125.4476817, 7.188420523 ], [ 125.4617344, 7.163548749 ], [ 125.4652038, 7.142779069 ], [ 125.4814593, 7.104127262 ], [ 125.4900143, 7.075851399 ], [ 125.4892499, 7.060256042 ], [ 125.4910978, 7.044301919 ], [ 125.4863426, 7.004950352 ], [ 125.474266, 6.956750124 ], [ 125.4708237, 6.935951574 ] ] } },
{ "type": "Feature", "properties": { "average_dip": "(35.,,)", "average_rake": null, "catalog_id": "PHL_13", "catalog_name": "philippines", "dip_dir": "W", "lower_seis_depth": null, "name": "Southern Negros Fault Sytem West", "net_slip_rate": "(2.0, 1.0, 3.0)", "slip_type": "Reverse", "upper_seis_depth": null, "downthrown_side_id": null, "reference": null, "epistemic_quality": null, "accuracy": null, "activity_confidence": null, "fs_name": null, "last_movement": null, "downthrown_side_dir": "E", "vert_sep_rate": null, "strike_slip_rate": null, "exposure_quality": null, "shortening_rate": null, "notes": null, "index_right": 182, "NAME_EN": "Philippines" }, "geometry": { "type": "LineString", "coordinates": [ [ 123.0075868, 9.107955141 ], [ 123.0098456, 9.134931362 ], [ 123.0134927, 9.13907518 ], [ 123.0132093, 9.142087886 ], [ 123.0152156, 9.14309687 ], [ 123.018701, 9.152915855 ], [ 123.0174038, 9.171687256 ], [ 123.0137692, 9.179795135 ], [ 123.0187053, 9.194100253 ], [ 123.0190544, 9.206472091 ], [ 123.0170613, 9.217720627 ], [ 123.0100507, 9.230183101 ], [ 123.0073841, 9.238742693 ], [ 123.0019428, 9.282720975 ] ] } },
{ "type": "Feature", "properties": { "average_dip": "(55,,)", "average_rake": null, "catalog_id": "PHL_14", "catalog_name": "philippines", "dip_dir": "S", "lower_seis_depth": null, "name": "Tabuan River Fault", "net_slip_rate": "(2.0, 1.0, 3.0)", "slip_type": "Normal", "upper_seis_depth": null, "downthrown_side_id": null, "reference": null, "epistemic_quality": null, "accuracy": null, "activity_confidence": null, "fs_name": null, "last_movement": null, "downthrown_side_dir": "S", "vert_sep_rate": null, "strike_slip_rate": null, "exposure_quality": null, "shortening_rate": null, "notes": null, "index_right": 182, "NAME_EN": "Philippines" }, "geometry": { "type": "LineString", "coordinates": [ [ 121.6328434, 17.96520604 ], [ 121.6692273, 17.98351671 ], [ 121.7260036, 17.9910999 ], [ 121.8141008, 18.04004318 ], [ 121.9326243, 18.04479739 ], [ 122.0277108, 18.06568843 ], [ 122.0993614, 18.09750405 ], [ 122.1818973, 18.11930252 ] ] } },
{ "type": "Feature", "properties": { "average_dip": "(35.,,)", "average_rake": null, "catalog_id": "PHL_15", "catalog_name": "philippines", "dip_dir": "E", "lower_seis_depth": null, "name": "South Cebu Fault", "net_slip_rate": "(1.0, 0.5, 1.5)", "slip_type": "Reverse", "upper_seis_depth": null, "downthrown_side_id": null, "reference": null, "epistemic_quality": null, "accuracy": null, "activity_confidence": null, "fs_name": null, "last_movement": null, "downthrown_side_dir": "W", "vert_sep_rate": null, "strike_slip_rate": null, "exposure_quality": null, "shortening_rate": null, "notes": null, "index_right": 182, "NAME_EN": "Philippines" }, "geometry": { "type": "LineString", "coordinates": [ [ 123.6056134, 10.13504305 ], [ 123.5986696, 10.12563034 ], [ 123.5947094, 10.11326969 ], [ 123.5927897, 10.09861248 ], [ 123.5877077, 10.09138039 ], [ 123.5835481, 10.08868304 ], [ 123.575019, 10.06794077 ], [ 123.5608515, 10.041199 ], [ 123.5577997, 10.03824531 ], [ 123.5552542, 10.02475968 ], [ 123.5558004, 10.00922491 ], [ 123.5429415, 9.991372545 ], [ 123.5164417, 9.970554481 ], [ 123.5023925, 9.956069129 ], [ 123.4932618, 9.934589177 ], [ 123.4893877, 9.915318796 ], [ 123.4799939, 9.903376585 ], [ 123.4586576, 9.862140186 ], [ 123.456755, 9.847029916 ], [ 123.4563172, 9.783959264 ], [ 123.4467158, 9.755438922 ], [ 123.4380403, 9.722830349 ], [ 123.4386088, 9.716385562 ], [ 123.4282098, 9.697800319 ], [ 123.4237998, 9.669305061 ] ] } },
{ "type": "Feature", "properties": { "average_dip": null, "average_rake": null, "catalog_id": "PHL_16", "catalog_name": "philippines", "dip_dir": null, "lower_seis_depth": null, "name": "Southern Negros Fault System East", "net_slip_rate": null, "slip_type": null, "upper_seis_depth": null, "downthrown_side_id": null, "reference": null, "epistemic_quality": null, "accuracy": null, "activity_confidence": null, "fs_name": null, "last_movement": null, "downthrown_side_dir": null, "vert_sep_rate": null, "strike_slip_rate": null, "exposure_quality": null, "shortening_rate": null, "notes": null, "index_right": 182, "NAME_EN": "Philippines" }, "geometry": { "type": "LineString", "coordinates": [ [ 123.1612077, 9.135530946 ], [ 123.1444162, 9.123601455 ], [ 123.1373781, 9.106613148 ], [ 123.133293, 9.103024464 ], [ 123.1106352, 9.094558714 ] ] } },
{ "type": "Feature", "properties": { "average_dip": "(35,,)", "average_rake": null, "catalog_id": "PHL_17", "catalog_name": "philippines", "dip_dir": "E", "lower_seis_depth": null, "name": "Dilasag-Casiguran", "net_slip_rate": "(2.0, 1.0, 3.0)", "slip_type": "Reverse", "upper_seis_depth": null, "downthrown_side_id": null, "reference": null, "epistemic_quality": null, "accuracy": null, "activity_confidence": null, "fs_name": null, "last_movement": null, "downthrown_side_dir": "W", "vert_sep_rate": null, "strike_slip_rate": null, "exposure_quality": null, "shortening_rate": null, "notes": null, "index_right": 182, "NAME_EN": "Philippines" }, "geometry": { "type": "LineString", "coordinates": [ [ 122.2141235, 16.40513829 ], [ 122.2033565, 16.39525232 ], [ 122.1764143, 16.3618728 ], [ 122.1529157, 16.31359473 ], [ 122.1414008, 16.29735154 ], [ 122.1251428, 16.2792689 ] ] } },
{ "type": "Feature", "properties": { "average_dip": "(35.,,)", "average_rake": null, "catalog_id": "PHL_19", "catalog_name": "philippines", "dip_dir": "W", "lower_seis_depth": null, "name": "Palanan-Dinapigue", "net_slip_rate": "(2.0, 1.0, 3.0)", "slip_type": "Reverse", "upper_seis_depth": null, "downthrown_side_id": null, "reference": null, "epistemic_quality": null, "accuracy": null, "activity_confidence": null, "fs_name": null, "last_movement": null, "downthrown_side_dir": "E", "vert_sep_rate": null, "strike_slip_rate": null, "exposure_quality": null, "shortening_rate": null, "notes": null, "index_right": 182, "NAME_EN": "Philippines" }, "geometry": { "type": "LineString", "coordinates": [ [ 122.5669363, 17.22387563 ], [ 122.5319888, 17.1135854 ], [ 122.5139031, 17.02965903 ], [ 122.4731595, 16.91314516 ], [ 122.4210808, 16.79611929 ], [ 122.3846344, 16.72511633 ], [ 122.2787013, 16.52881852 ] ] } },
{ "type": "Feature", "properties": { "average_dip": "(55,,)", "average_rake": null, "catalog_id": "PHL_20", "catalog_name": "philippines", "dip_dir": "E", "lower_seis_depth": null, "name": "Dinapigue North", "net_slip_rate": "(2.0, 1.0, 3.0)", "slip_type": "Reverse", "upper_seis_depth": null, "downthrown_side_id": null, "reference": null, "epistemic_quality": null, "accuracy": null, "activity_confidence": null, "fs_name": null, "last_movement": null, "downthrown_side_dir": "W", "vert_sep_rate": null, "strike_slip_rate": null, "exposure_quality": null, "shortening_rate": null, "notes": null, "index_right": 182, "NAME_EN": "Philippines" }, "geometry": { "type": "LineString", "coordinates": [ [ 122.2769701, 16.80061709 ], [ 122.2859885, 16.7684087 ], [ 122.288201, 16.74784202 ], [ 122.2851833, 16.72802743 ], [ 122.2862138, 16.7115432 ], [ 122.284092, 16.67955486 ], [ 122.2847497, 16.66676716 ], [ 122.275663, 16.52414181 ] ] } },
{ "type": "Feature", "properties": { "average_dip": null, "average_rake": null, "catalog_id": "PHL_21", "catalog_name": "philippines", "dip_dir": null, "lower_seis_depth": null, "name": "West Compostela Valley Fault", "net_slip_rate": null, "slip_type": "Sinistral", "upper_seis_depth": null, "downthrown_side_id": null, "reference": null, "epistemic_quality": null, "accuracy": null, "activity_confidence": null, "fs_name": null, "last_movement": null, "downthrown_side_dir": null, "vert_sep_rate": null, "strike_slip_rate": "None", "exposure_quality": null, "shortening_rate": null, "notes": null, "index_right": 182, "NAME_EN": "Philippines" }, "geometry": { "type": "LineString", "coordinates": [ [ 125.9178519, 7.990871803 ], [ 125.9045574, 7.687756728 ], [ 125.9138636, 7.502962888 ] ] } },
{ "type": "Feature", "properties": { "average_dip": "(65,,)", "average_rake": null, "catalog_id": "PHL_22", "catalog_name": "philippines", "dip_dir": "S", "lower_seis_depth": null, "name": "Tangbulan Fault", "net_slip_rate": "(2.0, 1.0, 3.0)", "slip_type": "Sinistral-Reverse", "upper_seis_depth": null, "downthrown_side_id": null, "reference": null, "epistemic_quality": null, "accuracy": null, "activity_confidence": null, "fs_name": null, "last_movement": null, "downthrown_side_dir": "N", "vert_sep_rate": null, "strike_slip_rate": null, "exposure_quality": null, "shortening_rate": null, "notes": null, "index_right": 182, "NAME_EN": "Philippines" }, "geometry": { "type": "LineString", "coordinates": [ [ 125.3015969, 6.618256262 ], [ 125.3743496, 6.568484751 ], [ 125.4283804, 6.527367653 ], [ 125.4933442, 6.500327482 ], [ 125.54946, 6.486276373 ], [ 125.5814299, 6.463553975 ], [ 125.6255097, 6.436505867 ] ] } },
{ "type": "Feature", "properties": { "average_dip": "(55,35,70)", "average_rake": null, "catalog_id": "PHL_23", "catalog_name": "philippines", "dip_dir": "E", "lower_seis_depth": null, "name": "Tubao Fault", "net_slip_rate": null, "slip_type": "Reverse-Dextral", "upper_seis_depth": null, "downthrown_side_id": null, "reference": null, "epistemic_quality": null, "accuracy": null, "activity_confidence": null, "fs_name": null, "last_movement": null, "downthrown_side_dir": "W", "vert_sep_rate": null, "strike_slip_rate": "(6.85, 3.425, 10.275)", "exposure_quality": null, "shortening_rate": "(12.7, 6.35, 19.049999999999997)", "notes": null, "index_right": 182, "NAME_EN": "Philippines" }, "geometry": { "type": "LineString", "coordinates": [ [ 120.5398859, 16.95204358 ], [ 120.5319092, 16.46014631 ] ] } },
{ "type": "Feature", "properties": { "average_dip": null, "average_rake": null, "catalog_id": "PHL_24", "catalog_name": "philippines", "dip_dir": null, "lower_seis_depth": null, "name": "West Ilocos Fault System FW", "net_slip_rate": null, "slip_type": null, "upper_seis_depth": null, "downthrown_side_id": null, "reference": null, "epistemic_quality": null, "accuracy": null, "activity_confidence": null, "fs_name": null, "last_movement": null, "downthrown_side_dir": null, "vert_sep_rate": null, "strike_slip_rate": null, "exposure_quality": null, "shortening_rate": null, "notes": null, "index_right": 182, "NAME_EN": "Philippines" }, "geometry": { "type": "LineString", "coordinates": [ [ 120.7084476, 18.52724798 ], [ 120.6650067, 18.46732405 ], [ 120.6171822, 18.37763253 ] ] } },
{ "type": "Feature", "properties": { "average_dip": "(65,,)", "average_rake": null, "catalog_id": "PHL_25", "catalog_name": "philippines", "dip_dir": "W", "lower_seis_depth": null, "name": "West Panay Fault", "net_slip_rate": "(5.0, 2.5, 7.5)", "slip_type": "Sinistral-Reverse", "upper_seis_depth": null, "downthrown_side_id": null, "reference": null, "epistemic_quality": null, "accuracy": null, "activity_confidence": null, "fs_name": null, "last_movement": null, "downthrown_side_dir": "E", "vert_sep_rate": null, "strike_slip_rate": null, "exposure_quality": null, "shortening_rate": null, "notes": null, "index_right": 182, "NAME_EN": "Philippines" }, "geometry": { "type": "LineString", "coordinates": [ [ 122.1301833, 11.81469504 ], [ 122.1349772, 11.80111394 ], [ 122.1449631, 11.78154121 ], [ 122.1720554, 11.71037103 ], [ 122.2020564, 11.64361729 ], [ 122.2194949, 11.55094251 ], [ 122.2307476, 11.50423064 ], [ 122.2626937, 11.32181793 ], [ 122.293999, 11.18817593 ], [ 122.3048347, 11.12316134 ], [ 122.358902, 11.0279567 ], [ 122.346633, 10.96356324 ], [ 122.3312986, 10.90912994 ], [ 122.2998634, 10.85393087 ], [ 122.1541895, 10.66610345 ], [ 122.1150845, 10.61933389 ] ] } },
{ "type": "Feature", "properties": { "average_dip": "(45,,)", "average_rake": null, "catalog_id": "PHL_26", "catalog_name": "philippines", "dip_dir": "E", "lower_seis_depth": null, "name": "West Ilocos Fault System E", "net_slip_rate": null, "slip_type": "Sinistral-Reverse", "upper_seis_depth": null, "downthrown_side_id": null, "reference": null, "epistemic_quality": null, "accuracy": null, "activity_confidence": null, "fs_name": null, "last_movement": null, "downthrown_side_dir": "W", "vert_sep_rate": null, "strike_slip_rate": "None", "exposure_quality": null, "shortening_rate": "(3.2,-3.3,9.3)", "notes": null, "index_right": 182, "NAME_EN": "Philippines" }, "geometry": { "type": "LineString", "coordinates": [ [ 120.8110566, 18.44714477 ], [ 120.8091887, 18.41752998 ], [ 120.7902193, 18.34205126 ], [ 120.7955148, 18.26771504 ], [ 120.7884058, 18.21116946 ], [ 120.8101317, 18.14067791 ], [ 120.8069581, 18.07758553 ], [ 120.7942271, 18.03857671 ], [ 120.763089, 18.02424989 ], [ 120.7409883, 17.98052061 ], [ 120.7166266, 17.94722967 ], [ 120.7130529, 17.9290703 ], [ 120.6949731, 17.91086856 ], [ 120.6356348, 17.88789127 ] ] } },
{ "type": "Feature", "properties": { "average_dip": "(35,,)", "average_rake": null, "catalog_id": "PHL_27", "catalog_name": "philippines", "dip_dir": "E", "lower_seis_depth": null, "name": "West Ilocos Fault System W", "net_slip_rate": "(16.4, 8.2, 24.599999999999998)", "slip_type": "Reverse", "upper_seis_depth": null, "downthrown_side_id": null, "reference": null, "epistemic_quality": null, "accuracy": null, "activity_confidence": null, "fs_name": null, "last_movement": null, "downthrown_side_dir": "W", "vert_sep_rate": null, "strike_slip_rate": null, "exposure_quality": null, "shortening_rate": "(1.,,)", "notes": null, "index_right": 182, "NAME_EN": "Philippines" }, "geometry": { "type": "LineString", "coordinates": [ [ 120.7150405, 18.49490163 ], [ 120.7202814, 18.47463698 ], [ 120.7255348, 18.4651924 ], [ 120.7253773, 18.44404663 ], [ 120.7278984, 18.43405873 ], [ 120.7291819, 18.41423221 ], [ 120.7265704, 18.40755351 ], [ 120.7157385, 18.39846946 ], [ 120.7147237, 18.37372313 ], [ 120.6983009, 18.29608655 ], [ 120.6845105, 18.27793945 ], [ 120.6805245, 18.24325064 ], [ 120.6753982, 18.22675841 ], [ 120.6724295, 18.18226718 ], [ 120.6683979, 18.17356883 ], [ 120.663274, 18.13964405 ], [ 120.6317006, 18.0814863 ], [ 120.6207542, 18.0428719 ], [ 120.61462, 18.03006012 ], [ 120.599524, 18.01604761 ], [ 120.5880139, 17.99582805 ], [ 120.5745958, 17.97641091 ], [ 120.5671818, 17.97101095 ], [ 120.5529163, 17.94500915 ], [ 120.5450908, 17.93791023 ], [ 120.5356595, 17.91707439 ], [ 120.52411, 17.91048397 ], [ 120.5196346, 17.89813175 ], [ 120.512939, 17.8715167 ], [ 120.5065557, 17.78445016 ], [ 120.4965835, 17.68996216 ], [ 120.4915138, 17.67506739 ], [ 120.487686, 17.65485704 ], [ 120.4761474, 17.62211119 ], [ 120.4695929, 17.58758213 ], [ 120.4633605, 17.56424081 ], [ 120.4576465, 17.55195835 ], [ 120.4570315, 17.54027224 ], [ 120.4489284, 17.49775129 ], [ 120.4410358, 17.47002187 ], [ 120.4337633, 17.45080748 ] ] } },
{ "type": "Feature", "properties": { "average_dip": null, "average_rake": null, "catalog_id": "PHL_28", "catalog_name": "philippines", "dip_dir": null, "lower_seis_depth": null, "name": "Zamboanga Fault System", "net_slip_rate": null, "slip_type": "Dextral", "upper_seis_depth": null, "downthrown_side_id": null, "reference": null, "epistemic_quality": null, "accuracy": null, "activity_confidence": null, "fs_name": null, "last_movement": null, "downthrown_side_dir": null, "vert_sep_rate": null, "strike_slip_rate": "(1.0, 0.5, 1.5)", "exposure_quality": null, "shortening_rate": null, "notes": null, "index_right": 182, "NAME_EN": "Philippines" }, "geometry": { "type": "LineString", "coordinates": [ [ 122.5558315, 7.948780543 ], [ 122.4966325, 7.911948389 ], [ 122.3136392, 7.777632653 ], [ 122.2796522, 7.757049245 ] ] } },
{ "type": "Feature", "properties": { "average_dip": "(35.,,)", "average_rake": null, "catalog_id": "PHL_29", "catalog_name": "philippines", "dip_dir": "W", "lower_seis_depth": null, "name": "East Negros Fault South", "net_slip_rate": "(2.0, 1.0, 3.0)", "slip_type": "Reverse", "upper_seis_depth": null, "downthrown_side_id": null, "reference": null, "epistemic_quality": null, "accuracy": null, "activity_confidence": null, "fs_name": null, "last_movement": null, "downthrown_side_dir": "E", "vert_sep_rate": null, "strike_slip_rate": null, "exposure_quality": null, "shortening_rate": null, "notes": null, "index_right": 182, "NAME_EN": "Philippines" }, "geometry": { "type": "LineString", "coordinates": [ [ 123.212218, 10.14605251 ], [ 123.2124257, 10.1382522 ], [ 123.2084039, 10.12265261 ], [ 123.2025581, 10.10881168 ], [ 123.1986994, 10.08650047 ], [ 123.1988362, 10.08075079 ], [ 123.203179, 10.07819289 ], [ 123.1892703, 10.05592628 ], [ 123.1796329, 10.01979303 ], [ 123.1755367, 10.01032348 ], [ 123.174046, 9.999324914 ], [ 123.1749836, 9.969270747 ], [ 123.1702858, 9.94412124 ], [ 123.1676837, 9.935534636 ], [ 123.1488515, 9.925396341 ], [ 123.1493489, 9.909258157 ], [ 123.1360054, 9.885542522 ], [ 123.1317398, 9.864406334 ] ] } },
{ "type": "Feature", "properties": { "average_dip": null, "average_rake": null, "catalog_id": "PHL_30", "catalog_name": "philippines", "dip_dir": null, "lower_seis_depth": null, "name": "West Mindanao Extension Mindanao Fault", "net_slip_rate": null, "slip_type": "Sinistral", "upper_seis_depth": null, "downthrown_side_id": null, "reference": null, "epistemic_quality": null, "accuracy": null, "activity_confidence": null, "fs_name": null, "last_movement": null, "downthrown_side_dir": null, "vert_sep_rate": null, "strike_slip_rate": "None", "exposure_quality": null, "shortening_rate": null, "notes": null, "index_right": 182, "NAME_EN": "Philippines" }, "geometry": { "type": "LineString", "coordinates": [ [ 122.6759127, 8.76639456 ], [ 122.7986523, 8.493163858 ], [ 122.9588083, 8.308365339 ], [ 123.0260421, 8.264005289 ], [ 123.1031418, 8.226144741 ], [ 123.2552103, 8.134182833 ], [ 123.76547, 7.862838544 ], [ 123.8585361, 7.819206936 ], [ 124.0710862, 7.766159615 ], [ 124.2261209, 7.765488417 ], [ 124.4627158, 7.772900127 ], [ 124.7104118, 7.772055311 ] ] } },
{ "type": "Feature", "properties": { "average_dip": "(75,,)", "average_rake": null, "catalog_id": "PHL_31", "catalog_name": "philippines", "dip_dir": "E", "lower_seis_depth": null, "name": "West Valley Fault", "net_slip_rate": null, "slip_type": "Dextral-Normal", "upper_seis_depth": null, "downthrown_side_id": null, "reference": "Rimando and Kneupfer, 2006", "epistemic_quality": null, "accuracy": null, "activity_confidence": null, "fs_name": null, "last_movement": null, "downthrown_side_dir": "E", "vert_sep_rate": "(1.0, 0.5, 1.5)", "strike_slip_rate": "(6.,5.,7.)", "exposure_quality": null, "shortening_rate": null, "notes": null, "index_right": 182, "NAME_EN": "Philippines" }, "geometry": { "type": "LineString", "coordinates": [ [ 121.2054698, 15.0220732 ], [ 121.1950527, 14.96690238 ], [ 121.1742217, 14.88897924 ], [ 121.1682806, 14.88238328 ], [ 121.1553322, 14.85167182 ], [ 121.1478879, 14.82916142 ], [ 121.1416072, 14.79579494 ], [ 121.137962, 14.75923738 ], [ 121.0806225, 14.63223971 ], [ 121.0669692, 14.56441418 ], [ 121.0600314, 14.54614509 ], [ 121.054528, 14.51656442 ], [ 121.048134, 14.43325907 ], [ 121.0477169, 14.40472032 ], [ 121.0400329, 14.36344424 ], [ 121.0377619, 14.35909033 ], [ 121.0368013, 14.30238984 ], [ 121.0409529, 14.27608745 ], [ 121.0396281, 14.26233886 ], [ 121.0358072, 14.25031412 ], [ 121.0471798, 14.22551708 ], [ 121.0438077, 14.2051729 ], [ 121.0401132, 14.19306725 ], [ 121.0404325, 14.18696096 ], [ 121.0542749, 14.16701417 ] ] } },
{ "type": "Feature", "properties": { "average_dip": null, "average_rake": null, "catalog_id": "PHL_32", "catalog_name": "philippines", "dip_dir": "E", "lower_seis_depth": null, "name": "Virac", "net_slip_rate": null, "slip_type": "Reverse", "upper_seis_depth": null, "downthrown_side_id": null, "reference": null, "epistemic_quality": null, "accuracy": null, "activity_confidence": null, "fs_name": null, "last_movement": null, "downthrown_side_dir": "W", "vert_sep_rate": null, "strike_slip_rate": null, "exposure_quality": null, "shortening_rate": "(2.0, 1.0, 3.0)", "notes": null, "index_right": 182, "NAME_EN": "Philippines" }, "geometry": { "type": "LineString", "coordinates": [ [ 124.2791431, 13.95672487 ], [ 124.2614881, 13.93812202 ], [ 124.2527783, 13.93010411 ], [ 124.2469835, 13.92707257 ], [ 124.2352174, 13.91393048 ], [ 124.2166541, 13.89899331 ], [ 124.1967011, 13.89145481 ], [ 124.1816158, 13.88962435 ], [ 124.1681182, 13.88394662 ], [ 124.1364214, 13.85411955 ], [ 124.1405359, 13.82660384 ], [ 124.1370816, 13.81000858 ], [ 124.1385288, 13.79956968 ], [ 124.1377072, 13.78700179 ], [ 124.142171, 13.77449491 ], [ 124.1469601, 13.76853184 ], [ 124.1532658, 13.75449424 ], [ 124.1570809, 13.74987075 ], [ 124.1707517, 13.72104123 ], [ 124.1307238, 13.60391462 ] ] } },
{ "type": "Feature", "properties": { "average_dip": null, "average_rake": null, "catalog_id": "PHL_33", "catalog_name": "philippines", "dip_dir": null, "lower_seis_depth": null, "name": "Central Cebu Fault NorthWest", "net_slip_rate": null, "slip_type": null, "upper_seis_depth": null, "downthrown_side_id": null, "reference": null, "epistemic_quality": null, "accuracy": null, "activity_confidence": null, "fs_name": null, "last_movement": null, "downthrown_side_dir": null, "vert_sep_rate": null, "strike_slip_rate": null, "exposure_quality": null, "shortening_rate": null, "notes": null, "index_right": 182, "NAME_EN": "Philippines" }, "geometry": { "type": "LineString", "coordinates": [ [ 123.8655303, 10.49561182 ], [ 123.8598631, 10.49018733 ], [ 123.8392321, 10.46274011 ], [ 123.8044001, 10.43634625 ], [ 123.7882575, 10.41759358 ], [ 123.7715021, 10.40519417 ], [ 123.7573769, 10.39939336 ], [ 123.7357787, 10.38420129 ] ] } },
{ "type": "Feature", "properties": { "average_dip": null, "average_rake": null, "catalog_id": "PHL_34", "catalog_name": "philippines", "dip_dir": null, "lower_seis_depth": null, "name": "Malaybalay-Maramag", "net_slip_rate": null, "slip_type": "Dextral", "upper_seis_depth": null, "downthrown_side_id": null, "reference": null, "epistemic_quality": null, "accuracy": null, "activity_confidence": null, "fs_name": null, "last_movement": null, "downthrown_side_dir": null, "vert_sep_rate": null, "strike_slip_rate": "None", "exposure_quality": null, "shortening_rate": null, "notes": null, "index_right": 182, "NAME_EN": "Philippines" }, "geometry": { "type": "LineString", "coordinates": [ [ 125.1195737, 8.168295877 ], [ 125.0720641, 7.90393932 ], [ 125.0236895, 7.818339822 ], [ 124.9867647, 7.765865579 ], [ 124.9614869, 7.736273488 ] ] } },
{ "type": "Feature", "properties": { "average_dip": "(35,,)", "average_rake": null, "catalog_id": "PHL_35", "catalog_name": "philippines", "dip_dir": "E", "lower_seis_depth": null, "name": "Guimaras", "net_slip_rate": "(1.0, 0.5, 1.5)", "slip_type": "Reverse", "upper_seis_depth": null, "downthrown_side_id": null, "reference": null, "epistemic_quality": null, "accuracy": null, "activity_confidence": null, "fs_name": null, "last_movement": null, "downthrown_side_dir": "W", "vert_sep_rate": null, "strike_slip_rate": null, "exposure_quality": null, "shortening_rate": null, "notes": null, "index_right": 182, "NAME_EN": "Philippines" }, "geometry": { "type": "LineString", "coordinates": [ [ 122.6149367, 10.64811725 ], [ 122.6043306, 10.63725341 ], [ 122.5905955, 10.61953223 ], [ 122.5830494, 10.61655132 ], [ 122.5757847, 10.59221792 ], [ 122.5671233, 10.57822733 ], [ 122.551078, 10.56203464 ], [ 122.5466618, 10.54814778 ], [ 122.5448635, 10.53421689 ], [ 122.5435116, 10.50140964 ] ] } },
{ "type": "Feature", "properties": { "average_dip": null, "average_rake": null, "catalog_id": "PHL_36", "catalog_name": "philippines", "dip_dir": null, "lower_seis_depth": null, "name": "Central Cebu Fault SouthWest", "net_slip_rate": null, "slip_type": null, "upper_seis_depth": null, "downthrown_side_id": null, "reference": null, "epistemic_quality": null, "accuracy": null, "activity_confidence": null, "fs_name": null, "last_movement": null, "downthrown_side_dir": null, "vert_sep_rate": null, "strike_slip_rate": null, "exposure_quality": null, "shortening_rate": null, "notes": null, "index_right": 182, "NAME_EN": "Philippines" }, "geometry": { "type": "LineString", "coordinates": [ [ 123.7707234, 10.32477346 ], [ 123.7616593, 10.31707691 ], [ 123.7375884, 10.30287821 ], [ 123.7116226, 10.28056717 ], [ 123.6878317, 10.27329611 ], [ 123.6840567, 10.27057606 ] ] } },
{ "type": "Feature", "properties": { "average_dip": "(35.,,)", "average_rake": null, "catalog_id": "PHL_37", "catalog_name": "philippines", "dip_dir": "E", "lower_seis_depth": null, "name": "Zamboanga Fault System West", "net_slip_rate": "(1.0, 0.5, 1.5)", "slip_type": "Reverse", "upper_seis_depth": null, "downthrown_side_id": null, "reference": null, "epistemic_quality": null, "accuracy": null, "activity_confidence": null, "fs_name": null, "last_movement": null, "downthrown_side_dir": "W", "vert_sep_rate": null, "strike_slip_rate": null, "exposure_quality": null, "shortening_rate": null, "notes": null, "index_right": 182, "NAME_EN": "Philippines" }, "geometry": { "type": "LineString", "coordinates": [ [ 122.1418884, 7.596218222 ], [ 122.1556819, 7.53158982 ], [ 122.0711507, 7.148684858 ], [ 122.0214698, 7.074515889 ] ] } },
{ "type": "Feature", "properties": { "average_dip": "(65,,)", "average_rake": null, "catalog_id": "PHL_38", "catalog_name": "philippines", "dip_dir": "E", "lower_seis_depth": null, "name": "East Valley Fault", "net_slip_rate": "(1.0, 0.5, 1.5)", "slip_type": "Normal", "upper_seis_depth": null, "downthrown_side_id": null, "reference": null, "epistemic_quality": null, "accuracy": null, "activity_confidence": null, "fs_name": null, "last_movement": null, "downthrown_side_dir": "E", "vert_sep_rate": null, "strike_slip_rate": null, "exposure_quality": null, "shortening_rate": null, "notes": null, "index_right": 182, "NAME_EN": "Philippines" }, "geometry": { "type": "LineString", "coordinates": [ [ 121.2048416, 14.79022348 ], [ 121.1770739, 14.75377521 ], [ 121.1713486, 14.74212537 ], [ 121.1486171, 14.71063827 ], [ 121.1423479, 14.69359816 ], [ 121.1297462, 14.68397804 ] ] } },
{ "type": "Feature", "properties": { "average_dip": null, "average_rake": null, "catalog_id": "PHL_39", "catalog_name": "philippines", "dip_dir": null, "lower_seis_depth": null, "name": "Tamugan Fault", "net_slip_rate": null, "slip_type": "Sinistral", "upper_seis_depth": null, "downthrown_side_id": null, "reference": null, "epistemic_quality": null, "accuracy": null, "activity_confidence": null, "fs_name": null, "last_movement": null, "downthrown_side_dir": null, "vert_sep_rate": null, "strike_slip_rate": "None", "exposure_quality": null, "shortening_rate": null, "notes": null, "index_right": 182, "NAME_EN": "Philippines" }, "geometry": { "type": "LineString", "coordinates": [ [ 125.3866274, 7.258650608 ], [ 125.3932377, 7.249926166 ], [ 125.4010893, 7.208940369 ], [ 125.4120404, 7.184716053 ], [ 125.4279004, 7.121784004 ], [ 125.4367166, 7.103105687 ], [ 125.4431066, 7.094367252 ], [ 125.4499643, 7.080628309 ], [ 125.456798, 7.069892718 ], [ 125.4635796, 7.063414033 ], [ 125.4699385, 7.052084723 ] ] } },
{ "type": "Feature", "properties": { "average_dip": "(35.,,)", "average_rake": null, "catalog_id": "PHL_40", "catalog_name": "philippines", "dip_dir": "W", "lower_seis_depth": null, "name": "Zamboanga Fault System East", "net_slip_rate": "(1.0, 0.5, 1.5)", "slip_type": "Reverse", "upper_seis_depth": null, "downthrown_side_id": null, "reference": null, "epistemic_quality": null, "accuracy": null, "activity_confidence": null, "fs_name": null, "last_movement": null, "downthrown_side_dir": "E", "vert_sep_rate": null, "strike_slip_rate": null, "exposure_quality": null, "shortening_rate": null, "notes": null, "index_right": 182, "NAME_EN": "Philippines" }, "geometry": { "type": "LineString", "coordinates": [ [ 122.3917339, 7.513695028 ], [ 122.3248211, 7.469132037 ], [ 122.263809, 7.294150015 ], [ 122.1775884, 7.035820753 ], [ 122.1758514, 7.019263593 ], [ 122.1725083, 7.013746973 ], [ 122.1593843, 7.005265071 ] ] } },
{ "type": "Feature", "properties": { "average_dip": null, "average_rake": null, "catalog_id": "PHL_41", "catalog_name": "philippines", "dip_dir": null, "lower_seis_depth": null, "name": "Palayan-Gen. Tinio", "net_slip_rate": null, "slip_type": "Sinistral", "upper_seis_depth": null, "downthrown_side_id": null, "reference": null, "epistemic_quality": null, "accuracy": null, "activity_confidence": null, "fs_name": null, "last_movement": null, "downthrown_side_dir": null, "vert_sep_rate": null, "strike_slip_rate": "None", "exposure_quality": null, "shortening_rate": null, "notes": null, "index_right": 182, "NAME_EN": "Philippines" }, "geometry": { "type": "LineString", "coordinates": [ [ 121.1200148, 15.46923278 ], [ 121.1559225, 15.4288366 ], [ 121.1963187, 15.36350452 ], [ 121.2412033, 15.27622884 ], [ 121.250679, 15.24331344 ] ] } },
{ "type": "Feature", "properties": { "average_dip": "(60,45,80)", "average_rake": null, "catalog_id": "PHL_42", "catalog_name": "philippines", "dip_dir": "E", "lower_seis_depth": null, "name": "Bangui Fault", "net_slip_rate": null, "slip_type": "Sinistral-Reverse", "upper_seis_depth": null, "downthrown_side_id": null, "reference": "Hsu et al., 2018", "epistemic_quality": null, "accuracy": null, "activity_confidence": null, "fs_name": null, "last_movement": null, "downthrown_side_dir": "W", "vert_sep_rate": null, "strike_slip_rate": "None", "exposure_quality": null, "shortening_rate": "(2.3,0,4.6)", "notes": null, "index_right": 182, "NAME_EN": "Philippines" }, "geometry": { "type": "LineString", "coordinates": [ [ 120.9220273, 18.56058156 ], [ 120.8985882, 18.45794246 ], [ 120.9345214, 18.39259561 ], [ 120.9790798, 18.35406991 ], [ 121.06982, 18.2863329 ], [ 121.0816869, 18.25924903 ], [ 121.0975477, 18.23737775 ], [ 121.1177497, 18.17018161 ], [ 121.1599339, 18.0956034 ], [ 121.2163552, 17.95991614 ], [ 121.2161537, 17.92758244 ], [ 121.2466327, 17.83100532 ], [ 121.3217307, 17.7474856 ], [ 121.3183031, 17.59220476 ] ] } },
{ "type": "Feature", "properties": { "average_dip": null, "average_rake": null, "catalog_id": "PHL_43", "catalog_name": "philippines", "dip_dir": null, "lower_seis_depth": null, "name": "Bayog-Diplahan", "net_slip_rate": null, "slip_type": "Dextral", "upper_seis_depth": null, "downthrown_side_id": null, "reference": null, "epistemic_quality": null, "accuracy": null, "activity_confidence": null, "fs_name": null, "last_movement": null, "downthrown_side_dir": null, "vert_sep_rate": null, "strike_slip_rate": "(1.0, -0.5, 1.5)", "exposure_quality": null, "shortening_rate": null, "notes": null, "index_right": 182, "NAME_EN": "Philippines" }, "geometry": { "type": "LineString", "coordinates": [ [ 123.0991384, 7.839343724 ], [ 122.9522851, 7.761660445 ] ] } },
{ "type": "Feature", "properties": { "average_dip": null, "average_rake": null, "catalog_id": "PHL_44", "catalog_name": "philippines", "dip_dir": null, "lower_seis_depth": null, "name": "Mauban-Atimonan", "net_slip_rate": null, "slip_type": "Sinistral", "upper_seis_depth": null, "downthrown_side_id": null, "reference": null, "epistemic_quality": null, "accuracy": null, "activity_confidence": null, "fs_name": null, "last_movement": null, "downthrown_side_dir": null, "vert_sep_rate": null, "strike_slip_rate": "None", "exposure_quality": null, "shortening_rate": null, "notes": null, "index_right": 182, "NAME_EN": "Philippines" }, "geometry": { "type": "LineString", "coordinates": [ [ 121.9026817, 13.98075994 ], [ 121.8838663, 13.99571861 ], [ 121.731991, 14.08537953 ], [ 121.7029693, 14.12134698 ] ] } },
{ "type": "Feature", "properties": { "average_dip": null, "average_rake": null, "catalog_id": "PHL_45", "catalog_name": "philippines", "dip_dir": null, "lower_seis_depth": null, "name": "Davao River Fault", "net_slip_rate": null, "slip_type": "Sinistral", "upper_seis_depth": null, "downthrown_side_id": null, "reference": null, "epistemic_quality": null, "accuracy": null, "activity_confidence": null, "fs_name": null, "last_movement": null, "downthrown_side_dir": null, "vert_sep_rate": null, "strike_slip_rate": "None", "exposure_quality": null, "shortening_rate": null, "notes": null, "index_right": 182, "NAME_EN": "Philippines" }, "geometry": { "type": "LineString", "coordinates": [ [ 125.3985506, 7.871953648 ], [ 125.4087663, 7.795093239 ], [ 125.404765, 7.700904151 ], [ 125.3907128, 7.644603324 ], [ 125.3832237, 7.595882922 ], [ 125.3779775, 7.536337309 ], [ 125.3477931, 7.395586744 ] ] } },
{ "type": "Feature", "properties": { "average_dip": "(55,,)", "average_rake": null, "catalog_id": "PHL_46", "catalog_name": "philippines", "dip_dir": "W", "lower_seis_depth": null, "name": "Magsaysay-Malalag", "net_slip_rate": "(1.0, 0.5, 1.5)", "slip_type": "Reverse", "upper_seis_depth": null, "downthrown_side_id": null, "reference": null, "epistemic_quality": null, "accuracy": null, "activity_confidence": null, "fs_name": null, "last_movement": null, "downthrown_side_dir": "E", "vert_sep_rate": null, "strike_slip_rate": null, "exposure_quality": null, "shortening_rate": null, "notes": null, "index_right": 182, "NAME_EN": "Philippines" }, "geometry": { "type": "LineString", "coordinates": [ [ 125.1120045, 6.785925858 ], [ 125.2391776, 6.568484732 ], [ 125.2865558, 6.446298778 ] ] } },
{ "type": "Feature", "properties": { "average_dip": "(65.,,)", "average_rake": null, "catalog_id": "PHL_47", "catalog_name": "philippines", "dip_dir": "E", "lower_seis_depth": null, "name": "Abra River Fault", "net_slip_rate": null, "slip_type": "Sinistral-Reverse", "upper_seis_depth": null, "downthrown_side_id": null, "reference": null, "epistemic_quality": null, "accuracy": null, "activity_confidence": null, "fs_name": null, "last_movement": null, "downthrown_side_dir": "W", "vert_sep_rate": null, "strike_slip_rate": "None", "exposure_quality": null, "shortening_rate": "(1.,0.5,1.5)", "notes": null, "index_right": 182, "NAME_EN": "Philippines" }, "geometry": { "type": "LineString", "coordinates": [ [ 120.7492697, 17.84014814 ], [ 120.7363128, 17.7887577 ], [ 120.7281444, 17.57004154 ], [ 120.6811162, 17.22619133 ], [ 120.6739116, 17.15680838 ], [ 120.6791103, 17.00528237 ], [ 120.6892661, 16.98279548 ], [ 120.7090183, 16.95946281 ] ] } },
{ "type": "Feature", "properties": { "average_dip": "(60,40,70)", "average_rake": null, "catalog_id": "PHL_48", "catalog_name": "philippines", "dip_dir": "W", "lower_seis_depth": null, "name": "Hapap Fault", "net_slip_rate": null, "slip_type": "Sinistral-Reverse", "upper_seis_depth": null, "downthrown_side_id": null, "reference": null, "epistemic_quality": null, "accuracy": null, "activity_confidence": null, "fs_name": null, "last_movement": null, "downthrown_side_dir": "E", "vert_sep_rate": null, "strike_slip_rate": "None", "exposure_quality": null, "shortening_rate": "(8.3,4.8,12.3)", "notes": null, "index_right": 182, "NAME_EN": "Philippines" }, "geometry": { "type": "LineString", "coordinates": [ [ 120.9493571, 16.21020932 ], [ 120.9546749, 16.27668193 ], [ 120.9174503, 16.42558056 ], [ 120.9493571, 16.50800659 ], [ 121.0503955, 16.99990386 ], [ 121.1009147, 17.03181071 ], [ 121.2152475, 17.16741482 ], [ 121.2631078, 17.38810387 ] ] } },
{ "type": "Feature", "properties": { "average_dip": "(55,,)", "average_rake": null, "catalog_id": "PHL_49", "catalog_name": "philippines", "dip_dir": "S", "lower_seis_depth": null, "name": "Candoni Fault", "net_slip_rate": "(1.0, 0.5, 1.5)", "slip_type": "Normal", "upper_seis_depth": null, "downthrown_side_id": null, "reference": null, "epistemic_quality": null, "accuracy": null, "activity_confidence": null, "fs_name": null, "last_movement": null, "downthrown_side_dir": "S", "vert_sep_rate": null, "strike_slip_rate": null, "exposure_quality": null, "shortening_rate": null, "notes": null, "index_right": 182, "NAME_EN": "Philippines" }, "geometry": { "type": "LineString", "coordinates": [ [ 122.5577175, 9.829095602 ], [ 122.5591687, 9.833171586 ], [ 122.564049, 9.832952513 ], [ 122.5735016, 9.840271067 ], [ 122.5776713, 9.845804984 ], [ 122.5875504, 9.853112869 ], [ 122.5926087, 9.860316064 ], [ 122.5990493, 9.862138895 ], [ 122.6246507, 9.855178964 ], [ 122.6402207, 9.846655852 ], [ 122.6490774, 9.843805218 ], [ 122.6685125, 9.841433051 ], [ 122.6872166, 9.835934608 ], [ 122.69472, 9.832424169 ], [ 122.7039837, 9.814053765 ], [ 122.7136918, 9.811247262 ], [ 122.7179918, 9.81227532 ], [ 122.7282039, 9.809731719 ], [ 122.7322388, 9.811008386 ], [ 122.7394208, 9.8078277 ], [ 122.7487869, 9.807964261 ], [ 122.778053, 9.797225046 ] ] } },
{ "type": "Feature", "properties": { "average_dip": "(45,,)", "average_rake": null, "catalog_id": "PHL_50", "catalog_name": "philippines", "dip_dir": "E", "lower_seis_depth": null, "name": "West Negros Fault", "net_slip_rate": "(1.0, 0.5, 1.5)", "slip_type": "Reverse", "upper_seis_depth": null, "downthrown_side_id": null, "reference": null, "epistemic_quality": null, "accuracy": null, "activity_confidence": null, "fs_name": null, "last_movement": null, "downthrown_side_dir": "W", "vert_sep_rate": null, "strike_slip_rate": null, "exposure_quality": null, "shortening_rate": null, "notes": null, "index_right": 182, "NAME_EN": "Philippines" }, "geometry": { "type": "LineString", "coordinates": [ [ 122.8363313, 10.026877 ], [ 122.8421077, 10.03848601 ], [ 122.8428759, 10.04714914 ], [ 122.8925884, 10.09983313 ], [ 122.8982088, 10.11828513 ], [ 122.8955066, 10.1278622 ], [ 122.8984465, 10.15309471 ], [ 122.8984089, 10.18560621 ], [ 122.9369532, 10.23989213 ], [ 122.9416616, 10.24851189 ], [ 122.9509366, 10.2719858 ], [ 122.9542348, 10.28813967 ], [ 122.9618823, 10.30287628 ], [ 122.9685554, 10.30746007 ], [ 122.981891, 10.33049043 ], [ 122.9887968, 10.33594647 ], [ 122.9941014, 10.3427637 ] ] } },
{ "type": "Feature", "properties": { "average_dip": null, "average_rake": null, "catalog_id": "PHL_51", "catalog_name": "philippines", "dip_dir": null, "lower_seis_depth": null, "name": "Columbio", "net_slip_rate": null, "slip_type": "Sinistral", "upper_seis_depth": null, "downthrown_side_id": null, "reference": null, "epistemic_quality": null, "accuracy": null, "activity_confidence": null, "fs_name": null, "last_movement": null, "downthrown_side_dir": null, "vert_sep_rate": null, "strike_slip_rate": "None", "exposure_quality": null, "shortening_rate": null, "notes": null, "index_right": 182, "NAME_EN": "Philippines" }, "geometry": { "type": "LineString", "coordinates": [ [ 124.9738595, 6.70613095 ], [ 125.0815827, 6.644289895 ], [ 125.1683596, 6.619353986 ] ] } },
{ "type": "Feature", "properties": { "average_dip": null, "average_rake": null, "catalog_id": "PHL_52", "catalog_name": "philippines", "dip_dir": null, "lower_seis_depth": null, "name": "Leyte Fault Southermost Segment", "net_slip_rate": null, "slip_type": "Sinistral", "upper_seis_depth": null, "downthrown_side_id": null, "reference": null, "epistemic_quality": null, "accuracy": null, "activity_confidence": null, "fs_name": null, "last_movement": null, "downthrown_side_dir": null, "vert_sep_rate": null, "strike_slip_rate": "None", "exposure_quality": null, "shortening_rate": null, "notes": null, "index_right": 182, "NAME_EN": "Philippines" }, "geometry": { "type": "LineString", "coordinates": [ [ 125.2138155, 10.13062493 ], [ 125.2822883, 9.99346796 ], [ 125.3186188, 9.908177819 ] ] } },
{ "type": "Feature", "properties": { "average_dip": "(35.,,)", "average_rake": null, "catalog_id": "PHL_53", "catalog_name": "philippines", "dip_dir": "W", "lower_seis_depth": null, "name": "East Cordillera Fault", "net_slip_rate": "(2.0, 1.0, 3.0)", "slip_type": "Reverse", "upper_seis_depth": null, "downthrown_side_id": null, "reference": null, "epistemic_quality": null, "accuracy": null, "activity_confidence": null, "fs_name": null, "last_movement": null, "downthrown_side_dir": "E", "vert_sep_rate": null, "strike_slip_rate": null, "exposure_quality": null, "shortening_rate": null, "notes": null, "index_right": 182, "NAME_EN": "Philippines" }, "geometry": { "type": "LineString", "coordinates": [ [ 121.5398044, 17.34710258 ], [ 121.5411532, 17.3341261 ], [ 121.5384286, 17.30809586 ], [ 121.5401914, 17.27046797 ], [ 121.5384675, 17.26919686 ], [ 121.5443523, 17.22027903 ], [ 121.5434023, 17.20534594 ], [ 121.5511802, 17.15992011 ], [ 121.5553762, 17.15116504 ], [ 121.5618864, 17.07032888 ], [ 121.5634364, 17.0152247 ], [ 121.5649202, 17.00992501 ], [ 121.5624061, 16.94212789 ], [ 121.5567667, 16.92337718 ], [ 121.5334526, 16.87567925 ], [ 121.4882602, 16.80828909 ], [ 121.4597273, 16.75967999 ], [ 121.4427429, 16.72735944 ], [ 121.4093044, 16.67886825 ] ] } },
{ "type": "Feature", "properties": { "average_dip": "(65,,)", "average_rake": null, "catalog_id": "PHL_54", "catalog_name": "philippines", "dip_dir": "W", "lower_seis_depth": null, "name": "East Zambales Fault", "net_slip_rate": "(2.0, 1.0, 3.0)", "slip_type": "Reverse-Sinistral", "upper_seis_depth": null, "downthrown_side_id": null, "reference": null, "epistemic_quality": null, "accuracy": null, "activity_confidence": null, "fs_name": null, "last_movement": null, "downthrown_side_dir": "E", "vert_sep_rate": null, "strike_slip_rate": null, "exposure_quality": null, "shortening_rate": null, "notes": null, "index_right": 182, "NAME_EN": "Philippines" }, "geometry": { "type": "LineString", "coordinates": [ [ 120.1607349, 16.01773813 ], [ 120.1804966, 15.97077488 ], [ 120.1977623, 15.9358539 ], [ 120.2506908, 15.85277165 ], [ 120.3469087, 15.6517065 ], [ 120.3580781, 15.61313973 ], [ 120.3938175, 15.53656424 ], [ 120.4255159, 15.45302822 ], [ 120.4497176, 15.39854945 ], [ 120.4627164, 15.37675872 ] ] } },
{ "type": "Feature", "properties": { "average_dip": "(55,,)", "average_rake": null, "catalog_id": "PHL_55", "catalog_name": "philippines", "dip_dir": "W", "lower_seis_depth": null, "name": "Daguma Extension Mindanao Fault", "net_slip_rate": "(2.0, 1.0, 3.0)", "slip_type": "Reverse", "upper_seis_depth": null, "downthrown_side_id": null, "reference": null, "epistemic_quality": null, "accuracy": null, "activity_confidence": null, "fs_name": null, "last_movement": null, "downthrown_side_dir": "E", "vert_sep_rate": null, "strike_slip_rate": null, "exposure_quality": null, "shortening_rate": null, "notes": null, "index_right": 182, "NAME_EN": "Philippines" }, "geometry": { "type": "LineString", "coordinates": [ [ 124.1836983, 7.026228396 ], [ 124.267416, 6.982957324 ], [ 124.3379978, 6.926689249 ], [ 124.3873632, 6.905712478 ], [ 124.4085975, 6.866091499 ], [ 124.4086884, 6.844439091 ], [ 124.4840668, 6.692904035 ], [ 124.6479237, 6.411490365 ], [ 124.7496272, 6.272957353 ], [ 124.7940478, 6.164714266 ], [ 124.8516214, 6.065136514 ], [ 124.8914092, 6.013187275 ], [ 124.9751079, 5.974246961 ], [ 125.1158536, 5.961311571 ] ] } },
{ "type": "Feature", "properties": { "average_dip": "(90,,)", "average_rake": null, "catalog_id": "PHL_56", "catalog_name": "philippines", "dip_dir": null, "lower_seis_depth": null, "name": "Digdig Fault", "net_slip_rate": null, "slip_type": "Sinistral", "upper_seis_depth": null, "downthrown_side_id": null, "reference": null, "epistemic_quality": null, "accuracy": null, "activity_confidence": null, "fs_name": null, "last_movement": null, "downthrown_side_dir": null, "vert_sep_rate": null, "strike_slip_rate": "None", "exposure_quality": null, "shortening_rate": null, "notes": "Ignoring tensile slip from Hsu's inversion; hard to square with fault geometry", "index_right": 182, "NAME_EN": "Philippines" }, "geometry": { "type": "LineString", "coordinates": [ [ 121.3583976, 15.41864528 ], [ 121.3229164, 15.44778425 ], [ 121.3153522, 15.47552524 ], [ 121.1832398, 15.60630606 ], [ 121.1407982, 15.66646342 ], [ 121.0997348, 15.71486238 ], [ 121.0703373, 15.75952506 ], [ 121.0158297, 15.87385794 ], [ 120.9702888, 15.95647657 ], [ 120.9479926, 16.05412128 ], [ 120.9147914, 16.11714768 ], [ 120.8815551, 16.24610453 ], [ 120.896179, 16.30194151 ] ] } },
{ "type": "Feature", "properties": { "average_dip": "(65,,)", "average_rake": null, "catalog_id": "PHL_57", "catalog_name": "philippines", "dip_dir": "E", "lower_seis_depth": null, "name": "Iba Fault", "net_slip_rate": "(2.0, 1.0, 3.0)", "slip_type": "Reverse-Sinistral", "upper_seis_depth": null, "downthrown_side_id": null, "reference": null, "epistemic_quality": null, "accuracy": null, "activity_confidence": null, "fs_name": null, "last_movement": null, "downthrown_side_dir": "W", "vert_sep_rate": null, "strike_slip_rate": null, "exposure_quality": null, "shortening_rate": null, "notes": null, "index_right": 182, "NAME_EN": "Philippines" }, "geometry": { "type": "LineString", "coordinates": [ [ 119.9106453, 15.89794812 ], [ 119.9547361, 15.85768998 ], [ 119.9414124, 15.84614548 ], [ 119.9683494, 15.71292445 ], [ 119.9825136, 15.65038688 ], [ 119.9636246, 15.6439837 ], [ 120.0376473, 15.37785863 ], [ 120.0594468, 15.33384216 ], [ 120.1240388, 15.24513217 ], [ 120.2003225, 15.20936362 ], [ 120.2222315, 15.18862482 ] ] } },
{ "type": "Feature", "properties": { "average_dip": "(35.,,)", "average_rake": null, "catalog_id": "PHL_58", "catalog_name": "philippines", "dip_dir": "E", "lower_seis_depth": null, "name": "Ilagan-San Pablo", "net_slip_rate": "(2.0, 1.0, 3.0)", "slip_type": "Reverse", "upper_seis_depth": null, "downthrown_side_id": null, "reference": null, "epistemic_quality": null, "accuracy": null, "activity_confidence": null, "fs_name": null, "last_movement": null, "downthrown_side_dir": "W", "vert_sep_rate": null, "strike_slip_rate": null, "exposure_quality": null, "shortening_rate": null, "notes": null, "index_right": 182, "NAME_EN": "Philippines" }, "geometry": { "type": "LineString", "coordinates": [ [ 121.8964129, 17.44708939 ], [ 121.900679, 17.32123855 ], [ 121.9454734, 17.2636458 ], [ 122.016931, 17.08766793 ] ] } },
{ "type": "Feature", "properties": { "average_dip": null, "average_rake": null, "catalog_id": "PHL_59", "catalog_name": "philippines", "dip_dir": null, "lower_seis_depth": null, "name": "Esperanza Fault", "net_slip_rate": null, "slip_type": "Sinistral", "upper_seis_depth": null, "downthrown_side_id": null, "reference": null, "epistemic_quality": null, "accuracy": null, "activity_confidence": null, "fs_name": null, "last_movement": null, "downthrown_side_dir": null, "vert_sep_rate": null, "strike_slip_rate": "None", "exposure_quality": null, "shortening_rate": null, "notes": null, "index_right": 182, "NAME_EN": "Philippines" }, "geometry": { "type": "LineString", "coordinates": [ [ 125.6406612, 8.916835181 ], [ 125.6552851, 8.870969084 ], [ 125.6552851, 8.80782011 ], [ 125.6778858, 8.724064628 ], [ 125.7184341, 8.622361544 ], [ 125.7264108, 8.518664281 ] ] } },
{ "type": "Feature", "properties": { "average_dip": null, "average_rake": null, "catalog_id": "PHL_61", "catalog_name": "philippines", "dip_dir": null, "lower_seis_depth": null, "name": "Lamon Bay", "net_slip_rate": null, "slip_type": "Sinistral", "upper_seis_depth": null, "downthrown_side_id": null, "reference": null, "epistemic_quality": null, "accuracy": null, "activity_confidence": null, "fs_name": null, "last_movement": null, "downthrown_side_dir": null, "vert_sep_rate": null, "strike_slip_rate": "None", "exposure_quality": null, "shortening_rate": null, "notes": null, "index_right": 182, "NAME_EN": "Philippines" }, "geometry": { "type": "LineString", "coordinates": [ [ 121.7340028, 14.30066784 ], [ 121.8755447, 14.16079898 ], [ 122.2103838, 13.88942796 ] ] } },
{ "type": "Feature", "properties": { "average_dip": "(55.,,)", "average_rake": null, "catalog_id": "PHL_62", "catalog_name": "philippines", "dip_dir": "N", "lower_seis_depth": null, "name": "Lanao Fault System", "net_slip_rate": null, "slip_type": "Normal", "upper_seis_depth": null, "downthrown_side_id": null, "reference": null, "epistemic_quality": null, "accuracy": null, "activity_confidence": null, "fs_name": null, "last_movement": null, "downthrown_side_dir": "N", "vert_sep_rate": null, "strike_slip_rate": null, "exposure_quality": null, "shortening_rate": "(3.0, 1.5, 4.5)", "notes": null, "index_right": 182, "NAME_EN": "Philippines" }, "geometry": { "type": "LineString", "coordinates": [ [ 124.371782, 8.127415424 ], [ 124.1952358, 7.974308943 ], [ 124.000237, 7.827187079 ] ] } },
{ "type": "Feature", "properties": { "average_dip": null, "average_rake": null, "catalog_id": "PHL_63", "catalog_name": "philippines", "dip_dir": null, "lower_seis_depth": null, "name": "Infanta Fault", "net_slip_rate": null, "slip_type": "Sinistral", "upper_seis_depth": null, "downthrown_side_id": null, "reference": null, "epistemic_quality": null, "accuracy": null, "activity_confidence": null, "fs_name": null, "last_movement": null, "downthrown_side_dir": null, "vert_sep_rate": null, "strike_slip_rate": "None", "exposure_quality": null, "shortening_rate": null, "notes": null, "index_right": 182, "NAME_EN": "Philippines" }, "geometry": { "type": "LineString", "coordinates": [ [ 121.478777, 15.18695144 ], [ 121.5177616, 15.06082843 ], [ 121.543432, 15.02416895 ], [ 121.5780631, 14.94963904 ], [ 121.6094301, 14.60755483 ], [ 121.6349839, 14.49458693 ], [ 121.6583809, 14.4161628 ], [ 121.6768714, 14.37221099 ], [ 121.7349386, 14.3045098 ] ] } },
{ "type": "Feature", "properties": { "average_dip": "(55,,)", "average_rake": null, "catalog_id": "PHL_64", "catalog_name": "philippines", "dip_dir": "S", "lower_seis_depth": null, "name": "Kabugao-Lassam", "net_slip_rate": "(2.0, 1.0, 3.0)", "slip_type": "Normal", "upper_seis_depth": null, "downthrown_side_id": null, "reference": null, "epistemic_quality": null, "accuracy": null, "activity_confidence": null, "fs_name": null, "last_movement": null, "downthrown_side_dir": "S", "vert_sep_rate": null, "strike_slip_rate": null, "exposure_quality": null, "shortening_rate": null, "notes": null, "index_right": 182, "NAME_EN": "Philippines" }, "geometry": { "type": "LineString", "coordinates": [ [ 121.5814309, 18.07865499 ], [ 121.5015288, 18.05908053 ], [ 121.4359127, 18.03242969 ], [ 121.3700536, 17.99754756 ], [ 121.291311, 17.96004219 ], [ 121.2653287, 17.96456202 ], [ 121.2198166, 17.93491483 ], [ 121.1978341, 17.93076188 ] ] } },
{ "type": "Feature", "properties": { "average_dip": null, "average_rake": null, "catalog_id": "PHL_65", "catalog_name": "philippines", "dip_dir": null, "lower_seis_depth": null, "name": "Leyte Fault North1", "net_slip_rate": null, "slip_type": "Sinistral", "upper_seis_depth": null, "downthrown_side_id": null, "reference": null, "epistemic_quality": null, "accuracy": null, "activity_confidence": null, "fs_name": null, "last_movement": null, "downthrown_side_dir": null, "vert_sep_rate": null, "strike_slip_rate": "None", "exposure_quality": null, "shortening_rate": null, "notes": null, "index_right": 182, "NAME_EN": "Philippines" }, "geometry": { "type": "LineString", "coordinates": [ [ 124.4725739, 11.39493039 ], [ 124.5589804, 11.26649827 ], [ 124.6295082, 11.13992634 ], [ 124.6662067, 11.08996011 ], [ 124.6903977, 11.07084605 ] ] } },
{ "type": "Feature", "properties": { "average_dip": null, "average_rake": null, "catalog_id": "PHL_66", "catalog_name": "philippines", "dip_dir": null, "lower_seis_depth": null, "name": "Leyte Fault South2", "net_slip_rate": null, "slip_type": "Sinistral", "upper_seis_depth": null, "downthrown_side_id": null, "reference": null, "epistemic_quality": null, "accuracy": null, "activity_confidence": null, "fs_name": null, "last_movement": null, "downthrown_side_dir": null, "vert_sep_rate": null, "strike_slip_rate": "None", "exposure_quality": null, "shortening_rate": null, "notes": null, "index_right": 182, "NAME_EN": "Philippines" }, "geometry": { "type": "LineString", "coordinates": [ [ 125.1583655, 10.13970022 ], [ 125.1255664, 10.25977895 ], [ 125.1007825, 10.33622129 ], [ 125.0839267, 10.3760546 ], [ 125.0457619, 10.50754954 ], [ 125.0386598, 10.54373571 ], [ 125.0352942, 10.55233816 ] ] } },
{ "type": "Feature", "properties": { "average_dip": null, "average_rake": null, "catalog_id": "PHL_67", "catalog_name": "philippines", "dip_dir": null, "lower_seis_depth": null, "name": "Legaspi Lineament", "net_slip_rate": "(15.0, 7.5, 22.5)", "slip_type": "Sinistral", "upper_seis_depth": null, "downthrown_side_id": null, "reference": null, "epistemic_quality": null, "accuracy": null, "activity_confidence": null, "fs_name": null, "last_movement": null, "downthrown_side_dir": null, "vert_sep_rate": null, "strike_slip_rate": null, "exposure_quality": null, "shortening_rate": null, "notes": null, "index_right": 182, "NAME_EN": "Philippines" }, "geometry": { "type": "LineString", "coordinates": [ [ 122.8253482, 13.64538057 ], [ 123.2119511, 13.39635858 ], [ 123.2260694, 13.38478513 ], [ 123.2606332, 13.3645116 ], [ 123.2961639, 13.34094924 ], [ 123.3211389, 13.31812064 ], [ 123.3413986, 13.30434545 ], [ 123.3810383, 13.28568465 ], [ 123.3956023, 13.27682482 ], [ 123.427522, 13.26276207 ], [ 123.4951952, 13.22604905 ], [ 123.5126554, 13.21408804 ], [ 123.5246005, 13.20782536 ], [ 123.5511317, 13.19768968 ], [ 123.600619, 13.16964265 ], [ 123.662178, 13.14382963 ], [ 123.7019671, 13.13185598 ], [ 123.7406047, 13.12558553 ], [ 123.784135, 13.12089205 ] ] } },
{ "type": "Feature", "properties": { "average_dip": null, "average_rake": null, "catalog_id": "PHL_68", "catalog_name": "philippines", "dip_dir": null, "lower_seis_depth": null, "name": "Leyte Fault Central", "net_slip_rate": null, "slip_type": "Sinistral", "upper_seis_depth": null, "downthrown_side_id": null, "reference": null, "epistemic_quality": null, "accuracy": null, "activity_confidence": null, "fs_name": null, "last_movement": null, "downthrown_side_dir": null, "vert_sep_rate": null, "strike_slip_rate": "None", "exposure_quality": null, "shortening_rate": null, "notes": null, "index_right": 182, "NAME_EN": "Philippines" }, "geometry": { "type": "LineString", "coordinates": [ [ 124.6874242, 11.09218206 ], [ 124.7325014, 11.01443704 ], [ 124.817398, 10.93161982 ], [ 124.8612699, 10.84653488 ], [ 124.9224247, 10.7601205 ], [ 125.0261219, 10.56070268 ], [ 125.0407459, 10.51239461 ] ] } },
{ "type": "Feature", "properties": { "average_dip": "(60,,)", "average_rake": null, "catalog_id": "PHL_69", "catalog_name": "philippines", "dip_dir": "E", "lower_seis_depth": null, "name": "Ambuklao Fault", "net_slip_rate": null, "slip_type": "Sinistral-Reverse", "upper_seis_depth": null, "downthrown_side_id": null, "reference": null, "epistemic_quality": null, "accuracy": null, "activity_confidence": null, "fs_name": null, "last_movement": null, "downthrown_side_dir": "W", "vert_sep_rate": null, "strike_slip_rate": "None", "exposure_quality": null, "shortening_rate": "(1,,)", "notes": null, "index_right": 182, "NAME_EN": "Philippines" }, "geometry": { "type": "LineString", "coordinates": [ [ 120.7166777, 16.97726494 ], [ 120.7559057, 16.88447577 ], [ 120.7586718, 16.85027705 ], [ 120.7894757, 16.74491482 ], [ 120.8136465, 16.70932254 ], [ 120.8138675, 16.67827761 ], [ 120.8503294, 16.53821374 ], [ 120.8483177, 16.50401502 ], [ 120.8661781, 16.42216883 ], [ 120.8986099, 16.3189396 ] ] } },
{ "type": "Feature", "properties": { "average_dip": "(90,,)", "average_rake": null, "catalog_id": "PHL_70", "catalog_name": "philippines", "dip_dir": null, "lower_seis_depth": null, "name": "Bambang-Ma. Aurora", "net_slip_rate": null, "slip_type": "Sinistral", "upper_seis_depth": null, "downthrown_side_id": null, "reference": null, "epistemic_quality": null, "accuracy": null, "activity_confidence": null, "fs_name": null, "last_movement": null, "downthrown_side_dir": null, "vert_sep_rate": null, "strike_slip_rate": "None", "exposure_quality": null, "shortening_rate": null, "notes": null, "index_right": 182, "NAME_EN": "Philippines" }, "geometry": { "type": "LineString", "coordinates": [ [ 121.1329815, 16.37689987 ], [ 121.1556732, 16.3133133 ], [ 121.2127764, 16.24174724 ], [ 121.2495223, 16.20380037 ], [ 121.2781085, 16.16294977 ], [ 121.3294764, 16.04924202 ], [ 121.3464329, 15.99238815 ], [ 121.3883252, 15.90561118 ], [ 121.4391944, 15.8128496 ] ] } },
{ "type": "Feature", "properties": { "average_dip": null, "average_rake": null, "catalog_id": "PHL_71", "catalog_name": "philippines", "dip_dir": null, "lower_seis_depth": null, "name": "Aglubang River Fault", "net_slip_rate": null, "slip_type": "Sinistral", "upper_seis_depth": null, "downthrown_side_id": null, "reference": null, "epistemic_quality": null, "accuracy": null, "activity_confidence": null, "fs_name": null, "last_movement": null, "downthrown_side_dir": null, "vert_sep_rate": null, "strike_slip_rate": "None", "exposure_quality": null, "shortening_rate": null, "notes": null, "index_right": 182, "NAME_EN": "Philippines" }, "geometry": { "type": "LineString", "coordinates": [ [ 121.1199096, 13.41024287 ], [ 121.1278617, 13.39985888 ], [ 121.1340677, 13.3868786 ], [ 121.1367667, 13.37216302 ], [ 121.1528155, 13.31677681 ], [ 121.1738351, 13.30158088 ], [ 121.1846401, 13.27178201 ], [ 121.1918946, 13.21812232 ], [ 121.1901665, 13.21119698 ], [ 121.1920943, 13.17051753 ], [ 121.1912963, 13.15147546 ], [ 121.1930792, 13.14541716 ], [ 121.195995, 13.07877266 ], [ 121.1995779, 13.06319345 ], [ 121.1978938, 13.04501807 ], [ 121.2015984, 13.00001165 ] ] } },
{ "type": "Feature", "properties": { "average_dip": null, "average_rake": null, "catalog_id": "PHL_72", "catalog_name": "philippines", "dip_dir": null, "lower_seis_depth": null, "name": "Agusan Marsh Fault", "net_slip_rate": null, "slip_type": "Sinistral", "upper_seis_depth": null, "downthrown_side_id": null, "reference": null, "epistemic_quality": null, "accuracy": null, "activity_confidence": null, "fs_name": null, "last_movement": null, "downthrown_side_dir": null, "vert_sep_rate": null, "strike_slip_rate": "None", "exposure_quality": null, "shortening_rate": null, "notes": null, "index_right": 182, "NAME_EN": "Philippines" }, "geometry": { "type": "LineString", "coordinates": [ [ 125.7583177, 8.518664281 ], [ 125.832767, 8.308610852 ], [ 125.9125341, 8.00150742 ] ] } },
{ "type": "Feature", "properties": { "average_dip": null, "average_rake": null, "catalog_id": "PHL_73", "catalog_name": "philippines", "dip_dir": null, "lower_seis_depth": null, "name": "Caraga River Fault", "net_slip_rate": null, "slip_type": "Sinistral", "upper_seis_depth": null, "downthrown_side_id": null, "reference": null, "epistemic_quality": null, "accuracy": null, "activity_confidence": null, "fs_name": null, "last_movement": null, "downthrown_side_dir": null, "vert_sep_rate": null, "strike_slip_rate": "None", "exposure_quality": null, "shortening_rate": null, "notes": null, "index_right": 182, "NAME_EN": "Philippines" }, "geometry": { "type": "LineString", "coordinates": [ [ 126.1250525, 7.538276371 ], [ 126.1542865, 7.506443458 ], [ 126.1791444, 7.467095584 ], [ 126.1900994, 7.446120597 ], [ 126.1965982, 7.426771259 ], [ 126.2055403, 7.416556536 ], [ 126.2143023, 7.399780388 ], [ 126.2186101, 7.381674511 ], [ 126.2307676, 7.356393874 ], [ 126.237369, 7.328834745 ], [ 126.2437121, 7.314368529 ], [ 126.2431204, 7.301556085 ], [ 126.2450136, 7.296693444 ] ] } },
{ "type": "Feature", "properties": { "average_dip": "(35.,,)", "average_rake": null, "catalog_id": "PHL_74", "catalog_name": "philippines", "dip_dir": "W", "lower_seis_depth": null, "name": "Casiguran Fault", "net_slip_rate": "(2.0, 1.0, 3.0)", "slip_type": "Reverse", "upper_seis_depth": null, "downthrown_side_id": null, "reference": null, "epistemic_quality": null, "accuracy": null, "activity_confidence": null, "fs_name": null, "last_movement": null, "downthrown_side_dir": "E", "vert_sep_rate": null, "strike_slip_rate": null, "exposure_quality": null, "shortening_rate": null, "notes": null, "index_right": 182, "NAME_EN": "Philippines" }, "geometry": { "type": "LineString", "coordinates": [ [ 122.2453918, 16.50846731 ], [ 122.2293414, 16.4962892 ], [ 122.2199032, 16.48483348 ], [ 122.2092057, 16.4667123 ], [ 122.1880479, 16.44185439 ], [ 122.1753531, 16.42226972 ], [ 122.1370702, 16.3768547 ], [ 122.1321917, 16.36583926 ], [ 122.108106, 16.33643738 ], [ 122.1019189, 16.32429124 ], [ 122.0970983, 16.30661405 ], [ 122.0962645, 16.29142085 ], [ 122.0941537, 16.28328661 ], [ 122.0698426, 16.2322828 ], [ 122.0607814, 16.22295125 ], [ 122.03152, 16.20206357 ], [ 122.0021426, 16.16973933 ] ] } },
{ "type": "Feature", "properties": { "average_dip": null, "average_rake": null, "catalog_id": "PHL_75", "catalog_name": "philippines", "dip_dir": null, "lower_seis_depth": null, "name": "Bayog-Dimalinao", "net_slip_rate": null, "slip_type": "Sinistral", "upper_seis_depth": null, "downthrown_side_id": null, "reference": null, "epistemic_quality": null, "accuracy": null, "activity_confidence": null, "fs_name": null, "last_movement": null, "downthrown_side_dir": null, "vert_sep_rate": null, "strike_slip_rate": "None", "exposure_quality": null, "shortening_rate": null, "notes": null, "index_right": 182, "NAME_EN": "Philippines" }, "geometry": { "type": "LineString", "coordinates": [ [ 123.1017988, 7.976087579 ], [ 123.1805462, 7.892019373 ], [ 123.433815, 7.749422668 ] ] } },
{ "type": "Feature", "properties": { "average_dip": null, "average_rake": null, "catalog_id": "PHL_76", "catalog_name": "philippines", "dip_dir": null, "lower_seis_depth": null, "name": "Buenavista", "net_slip_rate": null, "slip_type": "Sinistral", "upper_seis_depth": null, "downthrown_side_id": null, "reference": null, "epistemic_quality": null, "accuracy": null, "activity_confidence": null, "fs_name": null, "last_movement": null, "downthrown_side_dir": null, "vert_sep_rate": null, "strike_slip_rate": "None", "exposure_quality": null, "shortening_rate": null, "notes": null, "index_right": 182, "NAME_EN": "Philippines" }, "geometry": { "type": "LineString", "coordinates": [ [ 125.394653, 8.954290167 ], [ 125.4535018, 8.838088831 ], [ 125.4799338, 8.812654204 ] ] } },
{ "type": "Feature", "properties": { "average_dip": null, "average_rake": null, "catalog_id": "PHL_77", "catalog_name": "philippines", "dip_dir": null, "lower_seis_depth": null, "name": "Central Mindanao Fault", "net_slip_rate": null, "slip_type": "Sinistral", "upper_seis_depth": null, "downthrown_side_id": null, "reference": null, "epistemic_quality": null, "accuracy": null, "activity_confidence": null, "fs_name": null, "last_movement": null, "downthrown_side_dir": null, "vert_sep_rate": null, "strike_slip_rate": "None", "exposure_quality": null, "shortening_rate": null, "notes": null, "index_right": 182, "NAME_EN": "Philippines" }, "geometry": { "type": "LineString", "coordinates": [ [ 125.0950716, 8.815057186 ], [ 125.1663446, 8.594232895 ], [ 125.2330758, 8.408050148 ], [ 125.2598913, 8.304130603 ], [ 125.317265, 8.252188182 ], [ 125.4542142, 8.096347068 ], [ 125.5295385, 7.957802934 ], [ 125.6445767, 7.784630234 ], [ 125.6934302, 7.667728653 ] ] } },
{ "type": "Feature", "properties": { "average_dip": "(65,,)", "average_rake": null, "catalog_id": "PHL_78", "catalog_name": "philippines", "dip_dir": "E", "lower_seis_depth": null, "name": "Central Mindoro Fault", "net_slip_rate": null, "slip_type": "Sinistral-Normal", "upper_seis_depth": null, "downthrown_side_id": null, "reference": null, "epistemic_quality": null, "accuracy": null, "activity_confidence": null, "fs_name": null, "last_movement": null, "downthrown_side_dir": "E", "vert_sep_rate": "(1.0, 0.5, 1.5)", "strike_slip_rate": "None", "exposure_quality": null, "shortening_rate": null, "notes": null, "index_right": 182, "NAME_EN": "Philippines" }, "geometry": { "type": "LineString", "coordinates": [ [ 121.004217, 13.44635053 ], [ 121.0251386, 13.37817986 ], [ 121.0428774, 13.33923831 ], [ 121.0711501, 13.30289653 ], [ 121.078282, 13.27866507 ], [ 121.1138274, 13.18433506 ], [ 121.119232, 13.15232524 ], [ 121.1351541, 13.12808463 ], [ 121.1467089, 13.09692961 ], [ 121.1502489, 13.09087199 ], [ 121.1582997, 13.05711917 ], [ 121.1715676, 13.03635146 ], [ 121.1821565, 13.02597009 ], [ 121.2001273, 12.99549727 ], [ 121.2017594, 12.97676072 ], [ 121.2079537, 12.96236911 ], [ 121.2143599, 12.93287371 ], [ 121.2139212, 12.92885486 ], [ 121.2371386, 12.88452317 ], [ 121.24674, 12.87146166 ], [ 121.2556946, 12.82036129 ], [ 121.2896715, 12.75245201 ], [ 121.3010652, 12.73405479 ], [ 121.3155121, 12.72803795 ], [ 121.3243346, 12.71146406 ], [ 121.3442079, 12.6849767 ], [ 121.3815149, 12.69057589 ], [ 121.3940441, 12.67292644 ], [ 121.4019239, 12.65979728 ], [ 121.4183934, 12.62245122 ], [ 121.4272767, 12.59125246 ], [ 121.4479784, 12.54198881 ], [ 121.4564412, 12.51221604 ] ] } },
{ "type": "Feature", "properties": { "average_dip": null, "average_rake": null, "catalog_id": "PHL_79", "catalog_name": "philippines", "dip_dir": null, "lower_seis_depth": null, "name": "Central Compostela Valley Fault", "net_slip_rate": null, "slip_type": "Sinistral", "upper_seis_depth": null, "downthrown_side_id": null, "reference": null, "epistemic_quality": null, "accuracy": null, "activity_confidence": null, "fs_name": null, "last_movement": null, "downthrown_side_dir": null, "vert_sep_rate": null, "strike_slip_rate": "None", "exposure_quality": null, "shortening_rate": null, "notes": null, "index_right": 182, "NAME_EN": "Philippines" }, "geometry": { "type": "LineString", "coordinates": [ [ 125.956406, 7.998848516 ], [ 126.0095841, 7.940352624 ], [ 126.0308554, 7.885845089 ], [ 126.0441499, 7.791453991 ], [ 126.0707389, 7.530881382 ] ] } },
{ "type": "Feature", "properties": { "average_dip": null, "average_rake": null, "catalog_id": "PHL_80", "catalog_name": "philippines", "dip_dir": null, "lower_seis_depth": null, "name": "Central Marinduque Fault", "net_slip_rate": null, "slip_type": "Sinistral", "upper_seis_depth": null, "downthrown_side_id": null, "reference": null, "epistemic_quality": null, "accuracy": null, "activity_confidence": null, "fs_name": null, "last_movement": null, "downthrown_side_dir": null, "vert_sep_rate": null, "strike_slip_rate": "None", "exposure_quality": null, "shortening_rate": null, "notes": null, "index_right": 182, "NAME_EN": "Philippines" }, "geometry": { "type": "LineString", "coordinates": [ [ 121.8714825, 13.44820752 ], [ 121.8993443, 13.41635546 ], [ 121.9272693, 13.36932383 ], [ 121.9582257, 13.3344454 ], [ 122.0401433, 13.26923534 ] ] } },
{ "type": "Feature", "properties": { "average_dip": "(60,40,75)", "average_rake": null, "catalog_id": "PHL_81", "catalog_name": "philippines", "dip_dir": "S", "lower_seis_depth": null, "name": "Chico Fault West", "net_slip_rate": "(1.0, 0.5, 1.5)", "slip_type": "Reverse-Dextral", "upper_seis_depth": null, "downthrown_side_id": null, "reference": null, "epistemic_quality": null, "accuracy": null, "activity_confidence": null, "fs_name": null, "last_movement": null, "downthrown_side_dir": "N", "vert_sep_rate": null, "strike_slip_rate": null, "exposure_quality": null, "shortening_rate": null, "notes": null, "index_right": 182, "NAME_EN": "Philippines" }, "geometry": { "type": "LineString", "coordinates": [ [ 121.2251197, 17.39964617 ], [ 121.1772427, 17.38717822 ], [ 121.0266298, 17.32483845 ], [ 120.9363618, 17.24604097 ] ] } },
{ "type": "Feature", "properties": { "average_dip": "(45.,,)", "average_rake": null, "catalog_id": "PHL_82", "catalog_name": "philippines", "dip_dir": "W", "lower_seis_depth": null, "name": "Columbio-Datu Paglas", "net_slip_rate": "(1.0, 0.5, 1.5)", "slip_type": "Reverse", "upper_seis_depth": null, "downthrown_side_id": null, "reference": null, "epistemic_quality": null, "accuracy": null, "activity_confidence": null, "fs_name": null, "last_movement": null, "downthrown_side_dir": "E", "vert_sep_rate": null, "strike_slip_rate": null, "exposure_quality": null, "shortening_rate": null, "notes": null, "index_right": 182, "NAME_EN": "Philippines" }, "geometry": { "type": "LineString", "coordinates": [ [ 124.877981, 6.73898401 ], [ 124.9348348, 6.690109628 ], [ 125.0275964, 6.54149161 ] ] } },
{ "type": "Feature", "properties": { "average_dip": "(65,,)", "average_rake": null, "catalog_id": "PHL_83", "catalog_name": "philippines", "dip_dir": "E", "lower_seis_depth": null, "name": "Central Negros Fault South", "net_slip_rate": "(2.0, 1.0, 3.0)", "slip_type": "Sinistral-Normal", "upper_seis_depth": null, "downthrown_side_id": null, "reference": null, "epistemic_quality": null, "accuracy": null, "activity_confidence": null, "fs_name": null, "last_movement": null, "downthrown_side_dir": "W", "vert_sep_rate": null, "strike_slip_rate": null, "exposure_quality": null, "shortening_rate": null, "notes": null, "index_right": 182, "NAME_EN": "Philippines" }, "geometry": { "type": "LineString", "coordinates": [ [ 122.8505285, 9.924078509 ], [ 122.8568704, 9.916622917 ], [ 122.8646927, 9.899818246 ], [ 122.8656691, 9.890603272 ], [ 122.8845112, 9.86559162 ], [ 122.8931057, 9.857202285 ], [ 122.9030299, 9.854237029 ], [ 122.9124808, 9.841622569 ], [ 122.9329841, 9.821834654 ], [ 122.9487633, 9.800325502 ], [ 122.9607919, 9.788832513 ], [ 122.9668841, 9.78016293 ], [ 122.9802117, 9.733472458 ], [ 122.985241, 9.696606823 ], [ 122.9961337, 9.682323719 ] ] } },
{ "type": "Feature", "properties": { "average_dip": null, "average_rake": null, "catalog_id": "PHL_85", "catalog_name": "philippines", "dip_dir": null, "lower_seis_depth": null, "name": "Offshore Pagudpud", "net_slip_rate": null, "slip_type": null, "upper_seis_depth": null, "downthrown_side_id": null, "reference": null, "epistemic_quality": null, "accuracy": null, "activity_confidence": null, "fs_name": null, "last_movement": null, "downthrown_side_dir": null, "vert_sep_rate": null, "strike_slip_rate": null, "exposure_quality": null, "shortening_rate": null, "notes": null, "index_right": 182, "NAME_EN": "Philippines" }, "geometry": { "type": "LineString", "coordinates": [ [ 120.8276413, 18.82049427 ], [ 120.7717848, 18.54919158 ] ] } },
{ "type": "Feature", "properties": { "average_dip": "(65,45,75)", "average_rake": null, "catalog_id": "PHL_89", "catalog_name": "philippines", "dip_dir": "E", "lower_seis_depth": null, "name": "Pugo Fault", "net_slip_rate": null, "slip_type": "Sinistral-Reverse", "upper_seis_depth": null, "downthrown_side_id": null, "reference": null, "epistemic_quality": null, "accuracy": null, "activity_confidence": null, "fs_name": null, "last_movement": null, "downthrown_side_dir": "W", "vert_sep_rate": null, "strike_slip_rate": "None", "exposure_quality": null, "shortening_rate": "None", "notes": null, "index_right": 182, "NAME_EN": "Philippines" }, "geometry": { "type": "LineString", "coordinates": [ [ 120.4202352, 16.40297987 ], [ 120.5119674, 16.23281001 ] ] } },
{ "type": "Feature", "properties": { "average_dip": null, "average_rake": null, "catalog_id": "PHL_92", "catalog_name": "philippines", "dip_dir": null, "lower_seis_depth": null, "name": "San Narciso-Uson", "net_slip_rate": null, "slip_type": "Sinistral", "upper_seis_depth": null, "downthrown_side_id": null, "reference": null, "epistemic_quality": null, "accuracy": null, "activity_confidence": null, "fs_name": null, "last_movement": null, "downthrown_side_dir": null, "vert_sep_rate": null, "strike_slip_rate": "None", "exposure_quality": null, "shortening_rate": null, "notes": null, "index_right": 182, "NAME_EN": "Philippines" }, "geometry": { "type": "LineString", "coordinates": [ [ 122.612429, 13.48021999 ], [ 122.9475676, 13.02738389 ], [ 123.1530395, 12.81991712 ], [ 123.3245985, 12.68027603 ], [ 123.5959012, 12.42892207 ], [ 123.7370385, 12.25935789 ] ] } },
{ "type": "Feature", "properties": { "average_dip": null, "average_rake": null, "catalog_id": "PHL_93", "catalog_name": "philippines", "dip_dir": null, "lower_seis_depth": null, "name": "Sibuyan Sea Fault", "net_slip_rate": null, "slip_type": "Sinistral", "upper_seis_depth": null, "downthrown_side_id": null, "reference": null, "epistemic_quality": null, "accuracy": null, "activity_confidence": null, "fs_name": null, "last_movement": null, "downthrown_side_dir": null, "vert_sep_rate": null, "strike_slip_rate": "None", "exposure_quality": null, "shortening_rate": null, "notes": null, "index_right": 182, "NAME_EN": "Philippines" }, "geometry": { "type": "LineString", "coordinates": [ [ 121.9489514, 13.61195937 ], [ 122.0635909, 13.53405581 ], [ 122.2269368, 13.37389341 ], [ 122.2931763, 13.30463158 ], [ 122.7299659, 12.94104421 ], [ 123.1135598, 12.68136757 ], [ 123.1185916, 12.67437042 ], [ 123.3741228, 12.55078297 ], [ 123.5918608, 12.42927403 ] ] } },
{ "type": "Feature", "properties": { "average_dip": "(55,40,75)", "average_rake": null, "catalog_id": "PHL_94", "catalog_name": "philippines", "dip_dir": "S", "lower_seis_depth": null, "name": "San Jose Fault", "net_slip_rate": null, "slip_type": "Reverse-Sinistral", "upper_seis_depth": null, "downthrown_side_id": null, "reference": null, "epistemic_quality": null, "accuracy": null, "activity_confidence": null, "fs_name": null, "last_movement": null, "downthrown_side_dir": "S", "vert_sep_rate": null, "strike_slip_rate": "None", "exposure_quality": null, "shortening_rate": "(6.2,2.4,11.3)", "notes": null, "index_right": 182, "NAME_EN": "Philippines" }, "geometry": { "type": "LineString", "coordinates": [ [ 120.7977996, 16.09853535 ], [ 120.8412779, 15.99691982 ], [ 120.923844, 15.8714526 ], [ 121.0025352, 15.7807963 ], [ 121.0756551, 15.70501753 ] ] } },
{ "type": "Feature", "properties": { "average_dip": "(65,45,75)", "average_rake": null, "catalog_id": "PHL_95", "catalog_name": "philippines", "dip_dir": "N", "lower_seis_depth": null, "name": "San Manuel Fault", "net_slip_rate": null, "slip_type": "Reverse-Sinistral", "upper_seis_depth": null, "downthrown_side_id": null, "reference": null, "epistemic_quality": null, "accuracy": null, "activity_confidence": null, "fs_name": null, "last_movement": null, "downthrown_side_dir": "S", "vert_sep_rate": null, "strike_slip_rate": "None", "exposure_quality": null, "shortening_rate": "(6.2,2.4,11.3)", "notes": null, "index_right": 182, "NAME_EN": "Philippines" }, "geometry": { "type": "LineString", "coordinates": [ [ 120.5106379, 16.20755042 ], [ 120.648901, 16.07992302 ], [ 120.8071057, 16.01876822 ] ] } },
{ "type": "Feature", "properties": { "average_dip": null, "average_rake": null, "catalog_id": "PHL_96", "catalog_name": "philippines", "dip_dir": null, "lower_seis_depth": null, "name": "Surigao Fault", "net_slip_rate": "(25.0, 12.5, 37.5)", "slip_type": "Sinistral", "upper_seis_depth": null, "downthrown_side_id": null, "reference": null, "epistemic_quality": null, "accuracy": null, "activity_confidence": null, "fs_name": null, "last_movement": null, "downthrown_side_dir": null, "vert_sep_rate": null, "strike_slip_rate": null, "exposure_quality": null, "shortening_rate": null, "notes": null, "index_right": 182, "NAME_EN": "Philippines" }, "geometry": { "type": "LineString", "coordinates": [ [ 125.4267335, 9.786345154 ], [ 125.427931, 9.769934526 ], [ 125.4329859, 9.751908811 ], [ 125.4365001, 9.721814442 ], [ 125.4546276, 9.654633853 ], [ 125.4703258, 9.53640526 ], [ 125.5300878, 9.332021903 ], [ 125.5354427, 9.319313146 ], [ 125.5536931, 9.256684792 ], [ 125.5605439, 9.25526401 ], [ 125.5870988, 9.167007963 ], [ 125.6092868, 9.118114142 ], [ 125.6132848, 9.086704207 ], [ 125.6184226, 9.071034117 ], [ 125.6197663, 9.060731858 ], [ 125.6177886, 9.040020322 ], [ 125.620307, 9.017844816 ], [ 125.6239921, 8.995768474 ], [ 125.6313738, 8.979360539 ], [ 125.6328678, 8.952691157 ], [ 125.6486684, 8.913319954 ], [ 125.6621212, 8.900492825 ], [ 125.6594502, 8.896226958 ], [ 125.6649499, 8.886098555 ], [ 125.6711852, 8.880174334 ], [ 125.6776674, 8.868571565 ], [ 125.6911587, 8.851754162 ], [ 125.696258, 8.831789894 ] ] } },
{ "type": "Feature", "properties": { "average_dip": "(35,,)", "average_rake": null, "catalog_id": "PHL_97", "catalog_name": "philippines", "dip_dir": "W", "lower_seis_depth": null, "name": "Tablas Fault", "net_slip_rate": "(5.0, 2.5, 7.5)", "slip_type": "Reverse", "upper_seis_depth": null, "downthrown_side_id": null, "reference": null, "epistemic_quality": null, "accuracy": null, "activity_confidence": null, "fs_name": null, "last_movement": null, "downthrown_side_dir": "E", "vert_sep_rate": null, "strike_slip_rate": null, "exposure_quality": null, "shortening_rate": null, "notes": null, "index_right": 182, "NAME_EN": "Philippines" }, "geometry": { "type": "LineString", "coordinates": [ [ 122.1950177, 12.8369971 ], [ 122.1641761, 12.72463074 ], [ 122.1247762, 12.51973551 ], [ 122.0808101, 12.3368661 ], [ 122.0189422, 12.15619455 ], [ 121.9280532, 11.9622921 ], [ 121.8414984, 11.80143847 ], [ 121.8304443, 11.77059151 ] ] } },
{ "type": "Feature", "properties": { "average_dip": "(55,,)", "average_rake": null, "catalog_id": "PHL_98", "catalog_name": "philippines", "dip_dir": "E", "lower_seis_depth": null, "name": "Southern Mindoro Fault", "net_slip_rate": "(1.0, 0.5, 1.5)", "slip_type": "Reverse", "upper_seis_depth": null, "downthrown_side_id": null, "reference": null, "epistemic_quality": null, "accuracy": null, "activity_confidence": null, "fs_name": null, "last_movement": null, "downthrown_side_dir": "W", "vert_sep_rate": null, "strike_slip_rate": null, "exposure_quality": null, "shortening_rate": null, "notes": null, "index_right": 182, "NAME_EN": "Philippines" }, "geometry": { "type": "LineString", "coordinates": [ [ 121.409166, 12.5885729 ], [ 121.3361401, 12.48647847 ], [ 121.1936333, 12.4006908 ], [ 121.2071041, 12.24471321 ], [ 121.2000142, 12.23691433 ] ] } },
{ "type": "Feature", "properties": { "average_dip": "(35,,)", "average_rake": null, "catalog_id": "PHL_99", "catalog_name": "philippines", "dip_dir": "W", "lower_seis_depth": null, "name": "Southern Negros FS North", "net_slip_rate": "(2.0, 1.0, 3.0)", "slip_type": "Reverse", "upper_seis_depth": null, "downthrown_side_id": null, "reference": null, "epistemic_quality": null, "accuracy": null, "activity_confidence": null, "fs_name": null, "last_movement": null, "downthrown_side_dir": "E", "vert_sep_rate": null, "strike_slip_rate": null, "exposure_quality": null, "shortening_rate": null, "notes": null, "index_right": 182, "NAME_EN": "Philippines" }, "geometry": { "type": "LineString", "coordinates": [ [ 123.1371174, 9.67319433 ], [ 123.1329927, 9.665959914 ], [ 123.1281434, 9.661151556 ], [ 123.1097604, 9.651485697 ], [ 123.0913992, 9.635303806 ], [ 123.0868885, 9.626048439 ], [ 123.0870707, 9.621159828 ], [ 123.0852118, 9.619097409 ], [ 123.0839557, 9.608821818 ], [ 123.0813716, 9.60244144 ], [ 123.0811549, 9.591446754 ], [ 123.0883098, 9.535902805 ], [ 123.0866909, 9.52641421 ], [ 123.0870408, 9.516002961 ], [ 123.0847976, 9.507200415 ], [ 123.085323, 9.50069119 ], [ 123.0799995, 9.489642462 ], [ 123.0786246, 9.467503272 ], [ 123.0589907, 9.451080983 ], [ 123.0583537, 9.420479301 ] ] } },
{ "type": "Feature", "properties": { "average_dip": null, "average_rake": null, "catalog_id": "PHL_100", "catalog_name": "philippines", "dip_dir": null, "lower_seis_depth": null, "name": "Masbate Fault East", "net_slip_rate": "(10.0, 5.0, 15.0)", "slip_type": "Sinistral", "upper_seis_depth": null, "downthrown_side_id": null, "reference": null, "epistemic_quality": null, "accuracy": null, "activity_confidence": null, "fs_name": null, "last_movement": null, "downthrown_side_dir": null, "vert_sep_rate": null, "strike_slip_rate": null, "exposure_quality": null, "shortening_rate": null, "notes": null, "index_right": 182, "NAME_EN": "Philippines" }, "geometry": { "type": "LineString", "coordinates": [ [ 123.8669195, 12.19832408 ], [ 123.8772197, 12.18169431 ], [ 123.9072019, 12.14463837 ], [ 123.9605458, 12.06782064 ], [ 123.9843459, 12.03652972 ], [ 124.0202917, 11.99896745 ], [ 124.0299516, 11.97437678 ] ] } },
{ "type": "Feature", "properties": { "average_dip": null, "average_rake": null, "catalog_id": "PHL_101", "catalog_name": "philippines", "dip_dir": null, "lower_seis_depth": null, "name": "Masbate Fault West", "net_slip_rate": "(15.0, 7.5, 22.5)", "slip_type": "Sinistral", "upper_seis_depth": null, "downthrown_side_id": null, "reference": null, "epistemic_quality": null, "accuracy": null, "activity_confidence": null, "fs_name": null, "last_movement": null, "downthrown_side_dir": null, "vert_sep_rate": null, "strike_slip_rate": null, "exposure_quality": null, "shortening_rate": null, "notes": null, "index_right": 182, "NAME_EN": "Philippines" }, "geometry": { "type": "LineString", "coordinates": [ [ 123.7495064, 12.24140403 ], [ 123.7983808, 12.16759374 ], [ 123.9051065, 12.0429142 ], [ 124.0065671, 11.95147892 ], [ 124.07492, 11.84941154 ] ] } },
{ "type": "Feature", "properties": { "average_dip": null, "average_rake": null, "catalog_id": "PHL_102", "catalog_name": "philippines", "dip_dir": null, "lower_seis_depth": null, "name": "Lianga Fault", "net_slip_rate": null, "slip_type": "Sinistral", "upper_seis_depth": null, "downthrown_side_id": null, "reference": null, "epistemic_quality": null, "accuracy": null, "activity_confidence": null, "fs_name": null, "last_movement": null, "downthrown_side_dir": null, "vert_sep_rate": null, "strike_slip_rate": "None", "exposure_quality": null, "shortening_rate": null, "notes": null, "index_right": 182, "NAME_EN": "Philippines" }, "geometry": { "type": "LineString", "coordinates": [ [ 125.7612901, 8.767386898 ], [ 125.8126696, 8.718717516 ], [ 125.8545643, 8.688420562 ], [ 125.8865082, 8.672194624 ], [ 126.0129076, 8.61951933 ], [ 126.0211073, 8.607325873 ], [ 126.0287507, 8.600009543 ], [ 126.0447895, 8.593461779 ], [ 126.0562151, 8.58624336 ], [ 126.0842608, 8.576152121 ], [ 126.0923823, 8.568615139 ], [ 126.0959496, 8.567135746 ], [ 126.1007243, 8.560988671 ], [ 126.1109024, 8.556182447 ], [ 126.1301862, 8.540335087 ], [ 126.1448979, 8.531889765 ], [ 126.2383944, 8.52488091 ], [ 126.2481398, 8.519460267 ], [ 126.2629097, 8.514844225 ], [ 126.2990342, 8.49958996 ], [ 126.3259746, 8.491791894 ], [ 126.3373634, 8.48053666 ], [ 126.3515188, 8.472586542 ], [ 126.4242941, 8.46914648 ], [ 126.5343906, 8.425885252 ], [ 126.5696365, 8.408577394 ], [ 126.684147, 8.360988475 ], [ 126.6885799, 8.352329094 ], [ 126.7414297, 8.330697494 ] ] } },
{ "type": "Feature", "properties": { "average_dip": "(65,,)", "average_rake": null, "catalog_id": "PHL_104", "catalog_name": "philippines", "dip_dir": "E", "lower_seis_depth": null, "name": "Nabunturan Fault", "net_slip_rate": "(5.0, 2.5, 7.5)", "slip_type": "Sinistral-Normal", "upper_seis_depth": null, "downthrown_side_id": null, "reference": null, "epistemic_quality": null, "accuracy": null, "activity_confidence": null, "fs_name": null, "last_movement": null, "downthrown_side_dir": "E", "vert_sep_rate": null, "strike_slip_rate": null, "exposure_quality": null, "shortening_rate": null, "notes": null, "index_right": 182, "NAME_EN": "Philippines" }, "geometry": { "type": "LineString", "coordinates": [ [ 126.0346331, 7.803310946 ], [ 125.9922421, 7.737978865 ], [ 125.9867562, 7.67613781 ], [ 125.9797741, 7.642224974 ], [ 125.9538408, 7.599335211 ] ] } },
{ "type": "Feature", "properties": { "average_dip": null, "average_rake": null, "catalog_id": "PHL_105", "catalog_name": "philippines", "dip_dir": null, "lower_seis_depth": null, "name": "Mati Fault", "net_slip_rate": "(20.0, 10.0, 30.0)", "slip_type": "Sinistral", "upper_seis_depth": null, "downthrown_side_id": null, "reference": null, "epistemic_quality": null, "accuracy": null, "activity_confidence": null, "fs_name": null, "last_movement": null, "downthrown_side_dir": null, "vert_sep_rate": null, "strike_slip_rate": null, "exposure_quality": null, "shortening_rate": null, "notes": null, "index_right": 182, "NAME_EN": "Philippines" }, "geometry": { "type": "LineString", "coordinates": [ [ 126.1794614, 7.462652798 ], [ 126.1786949, 7.450278275 ], [ 126.1726303, 7.419648025 ], [ 126.1777672, 7.399647661 ], [ 126.1758442, 7.357494254 ], [ 126.160916, 7.265579128 ], [ 126.1647669, 7.235605571 ], [ 126.1595518, 7.196536446 ], [ 126.1644353, 7.165289034 ], [ 126.1710238, 7.156397705 ], [ 126.1785435, 7.104020748 ], [ 126.2023266, 7.027383938 ], [ 126.2083037, 7.001696672 ], [ 126.1996958, 6.969852602 ] ] } },
{ "type": "Feature", "properties": { "average_dip": "(35.,,)", "average_rake": null, "catalog_id": "PHL_106", "catalog_name": "philippines", "dip_dir": "N", "lower_seis_depth": null, "name": "Mindanao Fault-Upi", "net_slip_rate": "(1.0, 0.5, 1.5)", "slip_type": "Reverse", "upper_seis_depth": null, "downthrown_side_id": null, "reference": null, "epistemic_quality": null, "accuracy": null, "activity_confidence": null, "fs_name": null, "last_movement": null, "downthrown_side_dir": "S", "vert_sep_rate": null, "strike_slip_rate": null, "exposure_quality": null, "shortening_rate": null, "notes": null, "index_right": 182, "NAME_EN": "Philippines" }, "geometry": { "type": "LineString", "coordinates": [ [ 124.0122062, 7.035721327 ], [ 124.0442439, 6.996280361 ], [ 124.1259378, 6.936888853 ], [ 124.1432153, 6.891937259 ], [ 124.2251589, 6.847205855 ] ] } },
{ "type": "Feature", "properties": { "average_dip": "(35.,,)", "average_rake": null, "catalog_id": "PHL_107", "catalog_name": "philippines", "dip_dir": "S", "lower_seis_depth": null, "name": "North Bohol Fault", "net_slip_rate": "(2.0, 1.0, 3.0)", "slip_type": "Reverse", "upper_seis_depth": null, "downthrown_side_id": null, "reference": null, "epistemic_quality": null, "accuracy": null, "activity_confidence": null, "fs_name": null, "last_movement": null, "downthrown_side_dir": "N", "vert_sep_rate": null, "strike_slip_rate": null, "exposure_quality": null, "shortening_rate": null, "notes": null, "index_right": 182, "NAME_EN": "Philippines" }, "geometry": { "type": "LineString", "coordinates": [ [ 123.7973404, 9.818679765 ], [ 123.8789271, 9.853369669 ], [ 123.89408, 9.857647204 ], [ 123.9278224, 9.876250258 ], [ 123.9796563, 9.898286729 ], [ 123.9967594, 9.909386407 ], [ 124.04464, 9.934010252 ], [ 124.0817681, 9.962721499 ], [ 124.104063, 9.987459437 ], [ 124.1331229, 10.01277668 ], [ 124.1398661, 10.02016188 ], [ 124.141329, 10.02499428 ] ] } },
{ "type": "Feature", "properties": { "average_dip": null, "average_rake": null, "catalog_id": "PHL_108", "catalog_name": "philippines", "dip_dir": null, "lower_seis_depth": null, "name": "Northern Samar Lineament", "net_slip_rate": null, "slip_type": "Sinistral", "upper_seis_depth": null, "downthrown_side_id": null, "reference": null, "epistemic_quality": null, "accuracy": null, "activity_confidence": null, "fs_name": null, "last_movement": null, "downthrown_side_dir": null, "vert_sep_rate": null, "strike_slip_rate": "None", "exposure_quality": null, "shortening_rate": null, "notes": null, "index_right": 182, "NAME_EN": "Philippines" }, "geometry": { "type": "LineString", "coordinates": [ [ 124.2869285, 12.50219962 ], [ 124.2941518, 12.48979252 ], [ 124.3816433, 12.39064861 ], [ 124.4035878, 12.35933329 ], [ 124.4550851, 12.27554418 ], [ 124.491445, 12.22408877 ], [ 124.4927216, 12.21603598 ], [ 124.503612, 12.1989021 ], [ 124.52096, 12.1753858 ], [ 124.5255706, 12.16452677 ], [ 124.5276897, 12.13795222 ] ] } },
{ "type": "Feature", "properties": { "average_dip": null, "average_rake": null, "catalog_id": "PHL_110", "catalog_name": "philippines", "dip_dir": null, "lower_seis_depth": null, "name": "Norala-Koronadal", "net_slip_rate": null, "slip_type": null, "upper_seis_depth": null, "downthrown_side_id": null, "reference": null, "epistemic_quality": null, "accuracy": null, "activity_confidence": null, "fs_name": null, "last_movement": null, "downthrown_side_dir": null, "vert_sep_rate": null, "strike_slip_rate": null, "exposure_quality": null, "shortening_rate": null, "notes": null, "index_right": 182, "NAME_EN": "Philippines" }, "geometry": { "type": "LineString", "coordinates": [ [ 124.700936, 6.585877528 ], [ 124.7533014, 6.494612101 ], [ 124.8031732, 6.478154401 ], [ 124.8216258, 6.467182601 ], [ 124.8839656, 6.345495365 ] ] } },
{ "type": "Feature", "properties": { "average_dip": "(65,45,80)", "average_rake": null, "catalog_id": "PHL_115", "catalog_name": "philippines", "dip_dir": "N", "lower_seis_depth": null, "name": "Chico Fault", "net_slip_rate": "(2.0, 1.0, 3.0)", "slip_type": "Reverse-Dextral", "upper_seis_depth": null, "downthrown_side_id": null, "reference": null, "epistemic_quality": null, "accuracy": null, "activity_confidence": null, "fs_name": null, "last_movement": null, "downthrown_side_dir": "S", "vert_sep_rate": null, "strike_slip_rate": null, "exposure_quality": null, "shortening_rate": null, "notes": null, "index_right": 182, "NAME_EN": "Philippines" }, "geometry": { "type": "LineString", "coordinates": [ [ 121.4359366, 17.68590114 ], [ 121.2663271, 17.48527275 ], [ 121.245818, 17.41400665 ], [ 121.216909, 17.38111904 ], [ 121.1524702, 17.26311592 ], [ 121.0919933, 17.20462559 ] ] } },
{ "type": "Feature", "properties": { "average_dip": "(90.0,,)", "average_rake": "(180.0,,)", "catalog_id": "EOS_AF1702", "catalog_name": "EOS_SE_Asia", "dip_dir": null, "lower_seis_depth": "(25.0,,)", "name": null, "net_slip_rate": null, "slip_type": "Dextral", "upper_seis_depth": "(1.0,,)", "downthrown_side_id": null, "reference": null, "epistemic_quality": null, "accuracy": null, "activity_confidence": null, "fs_name": null, "last_movement": null, "downthrown_side_dir": null, "vert_sep_rate": null, "strike_slip_rate": null, "exposure_quality": null, "shortening_rate": null, "notes": null, "index_right": 182, "NAME_EN": "Philippines" }, "geometry": { "type": "LineString", "coordinates": [ [ 120.567, 17.918 ], [ 120.607, 17.977 ], [ 120.626, 18.009 ], [ 120.645, 18.056 ], [ 120.669, 18.122 ] ] } },
{ "type": "Feature", "properties": { "average_dip": "(90.0,,)", "average_rake": "(180.0,,)", "catalog_id": "EOS_AF1752", "catalog_name": "EOS_SE_Asia", "dip_dir": null, "lower_seis_depth": "(25.0,,)", "name": null, "net_slip_rate": null, "slip_type": "Dextral", "upper_seis_depth": "(1.0,,)", "downthrown_side_id": null, "reference": null, "epistemic_quality": null, "accuracy": null, "activity_confidence": null, "fs_name": null, "last_movement": null, "downthrown_side_dir": null, "vert_sep_rate": null, "strike_slip_rate": null, "exposure_quality": null, "shortening_rate": null, "notes": null, "index_right": 182, "NAME_EN": "Philippines" }, "geometry": { "type": "LineString", "coordinates": [ [ 121.412, 17.625 ], [ 121.29, 17.503 ], [ 121.276, 17.484 ], [ 121.256, 17.428 ], [ 121.269, 17.382 ], [ 121.235, 17.244 ], [ 121.222, 17.174 ] ] } },
{ "type": "Feature", "properties": { "average_dip": "(90.0,,)", "average_rake": "(180.0,,)", "catalog_id": "EOS_AF1792", "catalog_name": "EOS_SE_Asia", "dip_dir": null, "lower_seis_depth": "(25.0,,)", "name": null, "net_slip_rate": null, "slip_type": "Dextral", "upper_seis_depth": "(1.0,,)", "downthrown_side_id": null, "reference": null, "epistemic_quality": null, "accuracy": null, "activity_confidence": null, "fs_name": null, "last_movement": null, "downthrown_side_dir": null, "vert_sep_rate": null, "strike_slip_rate": null, "exposure_quality": null, "shortening_rate": null, "notes": null, "index_right": 182, "NAME_EN": "Philippines" }, "geometry": { "type": "LineString", "coordinates": [ [ 120.506, 16.422 ], [ 120.513, 16.38 ], [ 120.516, 16.343 ], [ 120.53, 16.301 ], [ 120.535, 16.27 ], [ 120.555, 16.238 ], [ 120.549, 16.226 ], [ 120.571, 16.188 ], [ 120.58, 16.179 ], [ 120.582, 16.179 ], [ 120.61, 16.136 ], [ 120.636, 16.113 ], [ 120.675, 16.083 ], [ 120.715, 16.068 ], [ 120.747, 16.053 ], [ 120.782, 16.039 ], [ 120.827, 16.023 ] ] } },
{ "type": "Feature", "properties": { "average_dip": "(90.0,,)", "average_rake": "(180.0,,)", "catalog_id": "EOS_AF1793", "catalog_name": "EOS_SE_Asia", "dip_dir": null, "lower_seis_depth": "(25.0,,)", "name": null, "net_slip_rate": null, "slip_type": "Dextral", "upper_seis_depth": "(1.0,,)", "downthrown_side_id": null, "reference": null, "epistemic_quality": null, "accuracy": null, "activity_confidence": null, "fs_name": null, "last_movement": null, "downthrown_side_dir": null, "vert_sep_rate": null, "strike_slip_rate": null, "exposure_quality": null, "shortening_rate": null, "notes": null, "index_right": 182, "NAME_EN": "Philippines" }, "geometry": { "type": "LineString", "coordinates": [ [ 120.704, 16.352 ], [ 120.706, 16.349 ], [ 120.746, 16.321 ], [ 120.765, 16.292 ], [ 120.795, 16.214 ], [ 120.803, 16.162 ], [ 120.817, 16.101 ], [ 120.83, 16.062 ], [ 120.84, 16.042 ], [ 120.849, 16.033 ], [ 120.872, 15.995 ], [ 120.887, 15.996 ], [ 120.902, 15.953 ], [ 120.927, 15.928 ], [ 120.951, 15.901 ], [ 120.998, 15.806 ] ] } }
]
}
