{
"type": "FeatureCollection",
"name": "faults_turkey",
"crs": { "type": "name", "properties": { "name": "urn:ogc:def:crs:OGC:1.3:CRS84" } },
"features": [
{ "type": "Feature", "properties": { "average_dip": "(62.5,50.0,75.0)", "average_rake": "(-80,-90.0,-70.0)", "catalog_id": "ME_BGCS007", "catalog_name": "EMME", "dip_dir": null, "lower_seis_depth": "(15.0,,)", "name": null, "net_slip_rate": "(0.2,0.1,0.4)", "slip_type": "Normal", "upper_seis_depth": "(1.0,,)", "downthrown_side_id": null, "reference": null, "epistemic_quality": "1", "accuracy": null, "activity_confidence": null, "fs_name": null, "last_movement": null, "downthrown_side_dir": null, "vert_sep_rate": null, "strike_slip_rate": null, "exposure_quality": null, "shortening_rate": null, "notes": null, "index_right": 65, "NAME_EN": "Turkey" }, "geometry": { "type": "LineString", "coordinates": [ [ 26.591698, 41.834274 ], [ 26.514608, 41.907569 ], [ 26.481271, 41.945765 ], [ 26.444463, 41.996348 ], [ 26.352698, 42.098976 ], [ 26.309034, 42.134164 ], [ 26.27061, 42.160391 ] ] } },
{ "type": "Feature", "properties": { "average_dip": "(62.5,45.0,80.0)", "average_rake": "(-105,-120.0,-90.0)", "catalog_id": "ME_GRCS170", "catalog_name": "EMME", "dip_dir": null, "lower_seis_depth": "(14.0,,)", "name": null, "net_slip_rate": "(0.3,0.3,0.3)", "slip_type": "Normal", "upper_seis_depth": "(0.0,,)", "downthrown_side_id": null, "reference": null, "epistemic_quality": "1", "accuracy": null, "activity_confidence": null, "fs_name": null, "last_movement": null, "downthrown_side_dir": null, "vert_sep_rate": null, "strike_slip_rate": null, "exposure_quality": null, "shortening_rate": null, "notes": null, "index_right": 65, "NAME_EN": "Turkey" }, "geometry": { "type": "LineString", "coordinates": [ [ 26.121717, 41.542607 ], [ 26.238586, 41.566811 ], [ 26.574329, 41.619393 ] ] } },
{ "type": "Feature", "properties": { "average_dip": "(85.0,85.0,85.0)", "average_rake": "(167,167.0,167.0)", "catalog_id": "ME_TRCS001", "catalog_name": "EMME", "dip_dir": null, "lower_seis_depth": "(18.0,,)", "name": null, "net_slip_rate": "(13.5,1.0,25.9613)", "slip_type": "Dextral", "upper_seis_depth": "(2.0,,)", "downthrown_side_id": null, "reference": null, "epistemic_quality": "1", "accuracy": null, "activity_confidence": null, "fs_name": null, "last_movement": null, "downthrown_side_dir": null, "vert_sep_rate": null, "strike_slip_rate": null, "exposure_quality": null, "shortening_rate": null, "notes": null, "index_right": 65, "NAME_EN": "Turkey" }, "geometry": { "type": "LineString", "coordinates": [ [ 40.548075, 39.414054 ], [ 40.666439, 39.377363 ], [ 40.793456, 39.385999 ], [ 40.920834, 39.381564 ], [ 41.130119, 39.317799 ] ] } },
{ "type": "Feature", "properties": { "average_dip": "(87.0,84.0,90.0)", "average_rake": "(167,167.0,167.0)", "catalog_id": "ME_TRCS002", "catalog_name": "EMME", "dip_dir": null, "lower_seis_depth": "(18.0,,)", "name": null, "net_slip_rate": "None", "slip_type": "Dextral", "upper_seis_depth": "(2.0,,)", "downthrown_side_id": null, "reference": null, "epistemic_quality": "1", "accuracy": null, "activity_confidence": null, "fs_name": null, "last_movement": null, "downthrown_side_dir": null, "vert_sep_rate": null, "strike_slip_rate": null, "exposure_quality": null, "shortening_rate": null, "notes": null, "index_right": 65, "NAME_EN": "Turkey" }, "geometry": { "type": "LineString", "coordinates": [ [ 39.722414, 39.673095 ], [ 39.751902, 39.63995 ], [ 39.816805, 39.610606 ], [ 39.9315, 39.58908 ], [ 39.988792, 39.574436 ], [ 40.101897, 39.542017 ], [ 40.333532, 39.490158 ], [ 40.548554, 39.422673 ] ] } },
{ "type": "Feature", "properties": { "average_dip": "(87.5,85.0,90.0)", "average_rake": "(-178,-179.0,-178.0)", "catalog_id": "ME_TRCS003", "catalog_name": "EMME", "dip_dir": null, "lower_seis_depth": "(15.0,,)", "name": null, "net_slip_rate": "(22.4,19.0,25.7031)", "slip_type": "Dextral", "upper_seis_depth": "(0.0,,)", "downthrown_side_id": null, "reference": null, "epistemic_quality": "1", "accuracy": null, "activity_confidence": null, "fs_name": null, "last_movement": null, "downthrown_side_dir": null, "vert_sep_rate": null, "strike_slip_rate": null, "exposure_quality": null, "shortening_rate": null, "notes": null, "index_right": 65, "NAME_EN": "Turkey" }, "geometry": { "type": "LineString", "coordinates": [ [ 36.383168, 40.5492 ], [ 36.501654, 40.539536 ], [ 36.619704, 40.551919 ], [ 36.733923, 40.526127 ], [ 36.852773, 40.519924 ], [ 36.970443, 40.505879 ], [ 37.063686, 40.449582 ], [ 37.858031, 40.261471 ], [ 38.192278, 40.168431 ], [ 38.300621, 40.131792 ], [ 38.513259, 40.05217 ], [ 38.967121, 39.95056 ], [ 39.190097, 39.890921 ], [ 39.305347, 39.861744 ], [ 39.401788, 39.824181 ], [ 39.498067, 39.779541 ], [ 39.70868, 39.698482 ] ] } },
{ "type": "Feature", "properties": { "average_dip": "(85.0,85.0,85.0)", "average_rake": "(-178,-178.0,-178.0)", "catalog_id": "ME_TRCS004", "catalog_name": "EMME", "dip_dir": null, "lower_seis_depth": "(15.0,,)", "name": null, "net_slip_rate": "(2.0,1.0013,3.0004)", "slip_type": "Dextral", "upper_seis_depth": "(0.0,,)", "downthrown_side_id": null, "reference": null, "epistemic_quality": "1", "accuracy": null, "activity_confidence": null, "fs_name": null, "last_movement": null, "downthrown_side_dir": null, "vert_sep_rate": null, "strike_slip_rate": null, "exposure_quality": null, "shortening_rate": null, "notes": null, "index_right": 65, "NAME_EN": "Turkey" }, "geometry": { "type": "LineString", "coordinates": [ [ 34.093737, 39.927279 ], [ 34.702239, 40.193987 ], [ 34.80903, 40.230732 ], [ 35.675664, 40.506551 ], [ 35.808357, 40.5505 ], [ 35.952481, 40.574541 ], [ 36.160471, 40.57198 ], [ 36.349519, 40.551773 ] ] } },
{ "type": "Feature", "properties": { "average_dip": "(71.0,71.0,71.0)", "average_rake": "(180,180.0,180.0)", "catalog_id": "ME_TRCS005", "catalog_name": "EMME", "dip_dir": null, "lower_seis_depth": "(18.0,,)", "name": null, "net_slip_rate": "None", "slip_type": "Dextral", "upper_seis_depth": "(0.0,,)", "downthrown_side_id": null, "reference": null, "epistemic_quality": "1", "accuracy": null, "activity_confidence": null, "fs_name": null, "last_movement": null, "downthrown_side_dir": null, "vert_sep_rate": null, "strike_slip_rate": null, "exposure_quality": null, "shortening_rate": null, "notes": null, "index_right": 65, "NAME_EN": "Turkey" }, "geometry": { "type": "LineString", "coordinates": [ [ 36.658349, 40.712533 ], [ 36.880976, 40.618566 ], [ 36.999465, 40.583316 ], [ 37.125419, 40.569737 ], [ 37.250035, 40.550427 ], [ 37.356271, 40.50771 ] ] } },
{ "type": "Feature", "properties": { "average_dip": "(73.0,73.0,73.0)", "average_rake": "(180,180.0,180.0)", "catalog_id": "ME_TRCS006", "catalog_name": "EMME", "dip_dir": null, "lower_seis_depth": "(18.0,,)", "name": null, "net_slip_rate": "(25.0,24.2,25.8008)", "slip_type": "Dextral", "upper_seis_depth": "(0.0,,)", "downthrown_side_id": null, "reference": null, "epistemic_quality": "1", "accuracy": null, "activity_confidence": null, "fs_name": null, "last_movement": null, "downthrown_side_dir": null, "vert_sep_rate": null, "strike_slip_rate": null, "exposure_quality": null, "shortening_rate": null, "notes": null, "index_right": 65, "NAME_EN": "Turkey" }, "geometry": { "type": "LineString", "coordinates": [ [ 33.197441, 40.91307 ], [ 33.305157, 40.921891 ], [ 33.390931, 40.961141 ], [ 33.524344, 40.992093 ], [ 33.75464, 41.02912 ], [ 33.870245, 41.046116 ], [ 34.337251, 41.094232 ], [ 34.448466, 41.123731 ], [ 34.5663, 41.120169 ], [ 34.682705, 41.106 ], [ 34.799328, 41.119099 ], [ 35.034143, 41.102731 ], [ 35.151799, 41.097154 ], [ 35.387511, 41.093448 ], [ 35.499727, 41.066298 ], [ 35.605887, 41.027802 ], [ 35.71664, 40.997666 ], [ 35.824856, 40.962766 ], [ 35.927033, 40.918779 ], [ 36.042527, 40.902231 ], [ 36.152647, 40.871229 ], [ 36.258325, 40.832465 ], [ 36.367177, 40.799211 ], [ 36.650778, 40.725816 ] ] } },
{ "type": "Feature", "properties": { "average_dip": "(70.0,70.0,70.0)", "average_rake": "(-177,-177.0,-177.0)", "catalog_id": "ME_TRCS007", "catalog_name": "EMME", "dip_dir": null, "lower_seis_depth": "(16.0,,)", "name": null, "net_slip_rate": "None", "slip_type": "Dextral", "upper_seis_depth": "(0.0,,)", "downthrown_side_id": null, "reference": null, "epistemic_quality": "1", "accuracy": null, "activity_confidence": null, "fs_name": null, "last_movement": null, "downthrown_side_dir": null, "vert_sep_rate": null, "strike_slip_rate": null, "exposure_quality": null, "shortening_rate": null, "notes": null, "index_right": 65, "NAME_EN": "Turkey" }, "geometry": { "type": "LineString", "coordinates": [ [ 31.541616, 40.684775 ], [ 31.589189, 40.685763 ], [ 31.684143, 40.697325 ], [ 31.791679, 40.731199 ], [ 31.906345, 40.746794 ], [ 32.131657, 40.792008 ], [ 32.24592, 40.80961 ], [ 32.361163, 40.823206 ], [ 32.475774, 40.839675 ], [ 32.589225, 40.860331 ], [ 32.704469, 40.874345 ], [ 32.817286, 40.897083 ], [ 32.932094, 40.913271 ], [ 33.047776, 40.925548 ], [ 33.161175, 40.946835 ], [ 33.386673, 41.011299 ], [ 33.483599, 41.01925 ] ] } },
{ "type": "Feature", "properties": { "average_dip": "(78.0,78.0,78.0)", "average_rake": "(180,180.0,180.0)", "catalog_id": "ME_TRCS008", "catalog_name": "EMME", "dip_dir": null, "lower_seis_depth": "(18.0,,)", "name": null, "net_slip_rate": "(12.0,12.0,12.0)", "slip_type": "Dextral", "upper_seis_depth": "(0.0,,)", "downthrown_side_id": null, "reference": null, "epistemic_quality": "1", "accuracy": null, "activity_confidence": null, "fs_name": null, "last_movement": null, "downthrown_side_dir": null, "vert_sep_rate": null, "strike_slip_rate": null, "exposure_quality": null, "shortening_rate": null, "notes": null, "index_right": 65, "NAME_EN": "Turkey" }, "geometry": { "type": "LineString", "coordinates": [ [ 31.150511, 40.594456 ], [ 31.175449, 40.594729 ], [ 31.31976, 40.627628 ], [ 31.509552, 40.694574 ] ] } },
{ "type": "Feature", "properties": { "average_dip": "(89.0,89.0,89.0)", "average_rake": "(8,180.0,-163.0)", "catalog_id": "ME_TRCS009", "catalog_name": "EMME", "dip_dir": null, "lower_seis_depth": "(18.0,,)", "name": null, "net_slip_rate": "(12.6,12.0,13.1899)", "slip_type": "Dextral", "upper_seis_depth": "(0.0,,)", "downthrown_side_id": null, "reference": null, "epistemic_quality": "1", "accuracy": null, "activity_confidence": null, "fs_name": null, "last_movement": null, "downthrown_side_dir": null, "vert_sep_rate": null, "strike_slip_rate": null, "exposure_quality": null, "shortening_rate": null, "notes": null, "index_right": 65, "NAME_EN": "Turkey" }, "geometry": { "type": "LineString", "coordinates": [ [ 30.417031, 40.645341 ], [ 30.772579, 40.577053 ], [ 30.894545, 40.571544 ], [ 31.016651, 40.57484 ], [ 31.134696, 40.595308 ] ] } },
{ "type": "Feature", "properties": { "average_dip": "(64.0,64.0,64.0)", "average_rake": "(-142,-171.0,-114.0)", "catalog_id": "ME_TRCS010", "catalog_name": "EMME", "dip_dir": null, "lower_seis_depth": "(18.0,,)", "name": null, "net_slip_rate": "(19.3,12.1979,26.4108)", "slip_type": "Dextral-Normal", "upper_seis_depth": "(0.0,,)", "downthrown_side_id": null, "reference": null, "epistemic_quality": "1", "accuracy": null, "activity_confidence": null, "fs_name": null, "last_movement": null, "downthrown_side_dir": null, "vert_sep_rate": null, "strike_slip_rate": null, "exposure_quality": null, "shortening_rate": null, "notes": null, "index_right": 65, "NAME_EN": "Turkey" }, "geometry": { "type": "LineString", "coordinates": [ [ 30.943611, 40.7546 ], [ 31.061257, 40.753943 ], [ 31.176091, 40.773377 ], [ 31.293759, 40.775016 ], [ 31.408655, 40.75578 ], [ 31.487129, 40.7325 ] ] } },
{ "type": "Feature", "properties": { "average_dip": "(84.0,83.0,85.0)", "average_rake": "(26,180.0,-127.0)", "catalog_id": "ME_TRCS012", "catalog_name": "EMME", "dip_dir": null, "lower_seis_depth": "(18.0,,)", "name": null, "net_slip_rate": "(10.7,1.4195,20.0489)", "slip_type": "Dextral-Normal", "upper_seis_depth": "(0.0,,)", "downthrown_side_id": null, "reference": null, "epistemic_quality": "1", "accuracy": null, "activity_confidence": null, "fs_name": null, "last_movement": null, "downthrown_side_dir": null, "vert_sep_rate": null, "strike_slip_rate": null, "exposure_quality": null, "shortening_rate": null, "notes": null, "index_right": 65, "NAME_EN": "Turkey" }, "geometry": { "type": "LineString", "coordinates": [ [ 29.3275, 40.7259 ], [ 29.563603, 40.72884 ], [ 29.681251, 40.736457 ], [ 29.791993, 40.705459 ], [ 29.909753, 40.71155 ], [ 30.026666, 40.723943 ], [ 30.262779, 40.725372 ], [ 30.379942, 40.714397 ], [ 30.497906, 40.711151 ], [ 30.611161, 40.685999 ], [ 30.728272, 40.696986 ], [ 30.836032, 40.733514 ], [ 30.923536, 40.755293 ] ] } },
{ "type": "Feature", "properties": { "average_dip": "(62.0,58.0,66.0)", "average_rake": "(-156,-171.0,-142.0)", "catalog_id": "ME_TRCS014", "catalog_name": "EMME", "dip_dir": null, "lower_seis_depth": "(18.0,,)", "name": null, "net_slip_rate": "(0.8,0.7,1.0)", "slip_type": "Dextral-Normal", "upper_seis_depth": "(0.0,,)", "downthrown_side_id": null, "reference": null, "epistemic_quality": "1", "accuracy": null, "activity_confidence": null, "fs_name": null, "last_movement": null, "downthrown_side_dir": null, "vert_sep_rate": null, "strike_slip_rate": null, "exposure_quality": null, "shortening_rate": null, "notes": null, "index_right": 65, "NAME_EN": "Turkey" }, "geometry": { "type": "LineString", "coordinates": [ [ 28.7511, 40.7298 ], [ 28.861882, 40.710007 ], [ 28.934885, 40.643852 ], [ 29.04734, 40.656579 ], [ 29.271229, 40.687084 ], [ 29.4575, 40.7157 ] ] } },
{ "type": "Feature", "properties": { "average_dip": "(85.0,80.0,90.0)", "average_rake": "(-146,-166.0,-126.0)", "catalog_id": "ME_TRCS015", "catalog_name": "EMME", "dip_dir": null, "lower_seis_depth": "(18.0,,)", "name": null, "net_slip_rate": "(0.8,0.7,1.0)", "slip_type": "Dextral-Normal", "upper_seis_depth": "(0.0,,)", "downthrown_side_id": null, "reference": null, "epistemic_quality": "1", "accuracy": null, "activity_confidence": null, "fs_name": null, "last_movement": null, "downthrown_side_dir": null, "vert_sep_rate": null, "strike_slip_rate": null, "exposure_quality": null, "shortening_rate": null, "notes": null, "index_right": 65, "NAME_EN": "Turkey" }, "geometry": { "type": "LineString", "coordinates": [ [ 28.2957, 40.7189 ], [ 28.595546, 40.556254 ], [ 28.713889, 40.531665 ], [ 29.0356, 40.6454 ] ] } },
{ "type": "Feature", "properties": { "average_dip": "(75.0,65.0,85.0)", "average_rake": "(17,180.0,-145.0)", "catalog_id": "ME_TRCS022", "catalog_name": "EMME", "dip_dir": null, "lower_seis_depth": "(18.0,,)", "name": null, "net_slip_rate": "(6.4,4.8589,8.0)", "slip_type": "Dextral", "upper_seis_depth": "(0.0,,)", "downthrown_side_id": null, "reference": null, "epistemic_quality": "1", "accuracy": null, "activity_confidence": null, "fs_name": null, "last_movement": null, "downthrown_side_dir": null, "vert_sep_rate": null, "strike_slip_rate": null, "exposure_quality": null, "shortening_rate": null, "notes": null, "index_right": 65, "NAME_EN": "Turkey" }, "geometry": { "type": "LineString", "coordinates": [ [ 29.050486, 40.424473 ], [ 29.288836, 40.414705 ], [ 29.523769, 40.382936 ], [ 29.642851, 40.388236 ], [ 29.878859, 40.415078 ], [ 30.114548, 40.443985 ], [ 30.226439, 40.475729 ], [ 30.574613, 40.540718 ], [ 30.61799, 40.556235 ], [ 30.680509, 40.570695 ] ] } },
{ "type": "Feature", "properties": { "average_dip": "(85.0,85.0,85.0)", "average_rake": "(17,180.0,-146.0)", "catalog_id": "ME_TRCS023", "catalog_name": "EMME", "dip_dir": null, "lower_seis_depth": "(18.0,,)", "name": null, "net_slip_rate": "(5.3,5.3,5.388)", "slip_type": "Dextral", "upper_seis_depth": "(0.0,,)", "downthrown_side_id": null, "reference": null, "epistemic_quality": "1", "accuracy": null, "activity_confidence": null, "fs_name": null, "last_movement": null, "downthrown_side_dir": null, "vert_sep_rate": null, "strike_slip_rate": null, "exposure_quality": null, "shortening_rate": null, "notes": null, "index_right": 65, "NAME_EN": "Turkey" }, "geometry": { "type": "LineString", "coordinates": [ [ 27.957, 40.4104 ], [ 28.406589, 40.474277 ], [ 28.520673, 40.467921 ], [ 28.74839, 40.451512 ], [ 28.860915, 40.436058 ], [ 28.967527, 40.404676 ], [ 29.0782, 40.3946 ] ] } },
{ "type": "Feature", "properties": { "average_dip": "(67.0,49.0,85.0)", "average_rake": "(180,180.0,180.0)", "catalog_id": "ME_TRCS024", "catalog_name": "EMME", "dip_dir": null, "lower_seis_depth": "(18.0,,)", "name": null, "net_slip_rate": "(3.0,3.0,3.0)", "slip_type": "Dextral", "upper_seis_depth": "(0.0,,)", "downthrown_side_id": null, "reference": null, "epistemic_quality": "1", "accuracy": null, "activity_confidence": null, "fs_name": null, "last_movement": null, "downthrown_side_dir": null, "vert_sep_rate": null, "strike_slip_rate": null, "exposure_quality": null, "shortening_rate": null, "notes": null, "index_right": 65, "NAME_EN": "Turkey" }, "geometry": { "type": "LineString", "coordinates": [ [ 27.466, 40.2715 ], [ 27.584919, 40.269237 ], [ 27.696729, 40.300284 ], [ 27.9101, 40.3779 ] ] } },
{ "type": "Feature", "properties": { "average_dip": "(85.0,85.0,85.0)", "average_rake": "(180,180.0,180.0)", "catalog_id": "ME_TRCS025", "catalog_name": "EMME", "dip_dir": null, "lower_seis_depth": "(18.0,,)", "name": null, "net_slip_rate": "(3.0,3.0,3.0)", "slip_type": "Dextral", "upper_seis_depth": "(0.0,,)", "downthrown_side_id": null, "reference": null, "epistemic_quality": "1", "accuracy": null, "activity_confidence": null, "fs_name": null, "last_movement": null, "downthrown_side_dir": null, "vert_sep_rate": null, "strike_slip_rate": null, "exposure_quality": null, "shortening_rate": null, "notes": null, "index_right": 65, "NAME_EN": "Turkey" }, "geometry": { "type": "LineString", "coordinates": [ [ 27.2535, 40.0667 ], [ 27.472408, 40.174731 ], [ 27.7157, 40.2452 ] ] } },
{ "type": "Feature", "properties": { "average_dip": "(85.0,85.0,85.0)", "average_rake": "(7,180.0,-166.0)", "catalog_id": "ME_TRCS027", "catalog_name": "EMME", "dip_dir": null, "lower_seis_depth": "(18.0,,)", "name": null, "net_slip_rate": "(3.6,3.0,4.124)", "slip_type": "Dextral", "upper_seis_depth": "(0.0,,)", "downthrown_side_id": null, "reference": null, "epistemic_quality": "1", "accuracy": null, "activity_confidence": null, "fs_name": null, "last_movement": null, "downthrown_side_dir": null, "vert_sep_rate": null, "strike_slip_rate": null, "exposure_quality": null, "shortening_rate": null, "notes": null, "index_right": 65, "NAME_EN": "Turkey" }, "geometry": { "type": "LineString", "coordinates": [ [ 26.139, 39.7089 ], [ 26.584852, 39.820438 ], [ 26.668225, 39.883852 ], [ 26.769303, 39.929745 ], [ 26.87507, 39.969038 ], [ 26.985564, 39.999874 ], [ 27.1755, 40.072 ] ] } },
{ "type": "Feature", "properties": { "average_dip": "(85.0,85.0,85.0)", "average_rake": "(180,180.0,180.0)", "catalog_id": "ME_TRCS028", "catalog_name": "EMME", "dip_dir": null, "lower_seis_depth": "(18.0,,)", "name": null, "net_slip_rate": "(3.4,3.4,3.4)", "slip_type": "Dextral", "upper_seis_depth": "(0.0,,)", "downthrown_side_id": null, "reference": null, "epistemic_quality": "1", "accuracy": null, "activity_confidence": null, "fs_name": null, "last_movement": null, "downthrown_side_dir": null, "vert_sep_rate": null, "strike_slip_rate": null, "exposure_quality": null, "shortening_rate": null, "notes": null, "index_right": 65, "NAME_EN": "Turkey" }, "geometry": { "type": "LineString", "coordinates": [ [ 29.447457, 40.160877 ], [ 29.559351, 40.197298 ], [ 29.669849, 40.236226 ], [ 29.880464, 40.329635 ], [ 29.968954, 40.374307 ] ] } },
{ "type": "Feature", "properties": { "average_dip": "(50.0,50.0,50.0)", "average_rake": "(-104,-104.0,-104.0)", "catalog_id": "ME_TRCS029", "catalog_name": "EMME", "dip_dir": null, "lower_seis_depth": "(18.0,,)", "name": null, "net_slip_rate": "None", "slip_type": "Normal", "upper_seis_depth": "(0.0,,)", "downthrown_side_id": null, "reference": null, "epistemic_quality": "1", "accuracy": null, "activity_confidence": null, "fs_name": null, "last_movement": null, "downthrown_side_dir": null, "vert_sep_rate": null, "strike_slip_rate": null, "exposure_quality": null, "shortening_rate": null, "notes": null, "index_right": 65, "NAME_EN": "Turkey" }, "geometry": { "type": "LineString", "coordinates": [ [ 29.21268, 40.170228 ], [ 28.812789, 40.170987 ] ] } },
{ "type": "Feature", "properties": { "average_dip": "(40.0,40.0,40.0)", "average_rake": "(-108,-108.0,-108.0)", "catalog_id": "ME_TRCS030", "catalog_name": "EMME", "dip_dir": null, "lower_seis_depth": "(18.0,,)", "name": null, "net_slip_rate": "None", "slip_type": "Normal", "upper_seis_depth": "(1.0,,)", "downthrown_side_id": null, "reference": null, "epistemic_quality": "1", "accuracy": null, "activity_confidence": null, "fs_name": null, "last_movement": null, "downthrown_side_dir": null, "vert_sep_rate": null, "strike_slip_rate": null, "exposure_quality": null, "shortening_rate": null, "notes": null, "index_right": 65, "NAME_EN": "Turkey" }, "geometry": { "type": "LineString", "coordinates": [ [ 27.790159, 40.115418 ], [ 27.986661, 40.086886 ], [ 28.097923, 40.07235 ], [ 28.4286, 40.0182 ] ] } },
{ "type": "Feature", "properties": { "average_dip": "(68.0,60.0,76.0)", "average_rake": "(19,180.0,-142.0)", "catalog_id": "ME_TRCS031", "catalog_name": "EMME", "dip_dir": null, "lower_seis_depth": "(18.0,,)", "name": null, "net_slip_rate": "(3.6,3.0,4.1306)", "slip_type": "Dextral", "upper_seis_depth": "(1.0,,)", "downthrown_side_id": null, "reference": null, "epistemic_quality": "1", "accuracy": null, "activity_confidence": null, "fs_name": null, "last_movement": null, "downthrown_side_dir": null, "vert_sep_rate": null, "strike_slip_rate": null, "exposure_quality": null, "shortening_rate": null, "notes": null, "index_right": 65, "NAME_EN": "Turkey" }, "geometry": { "type": "LineString", "coordinates": [ [ 27.04728, 39.87995 ], [ 27.163195, 39.901436 ], [ 27.281866, 39.910654 ], [ 27.486356, 40.005097 ], [ 27.574162, 40.067163 ], [ 27.738078, 40.101176 ], [ 27.763786, 40.113361 ], [ 27.780415, 40.117302 ] ] } },
{ "type": "Feature", "properties": { "average_dip": "(80.0,80.0,80.0)", "average_rake": "(180,180.0,180.0)", "catalog_id": "ME_TRCS032", "catalog_name": "EMME", "dip_dir": null, "lower_seis_depth": "(18.0,,)", "name": null, "net_slip_rate": "(2.0,2.0,2.0)", "slip_type": "Dextral", "upper_seis_depth": "(1.0,,)", "downthrown_side_id": null, "reference": null, "epistemic_quality": "1", "accuracy": null, "activity_confidence": null, "fs_name": null, "last_movement": null, "downthrown_side_dir": null, "vert_sep_rate": null, "strike_slip_rate": null, "exposure_quality": null, "shortening_rate": null, "notes": null, "index_right": 65, "NAME_EN": "Turkey" }, "geometry": { "type": "LineString", "coordinates": [ [ 27.4576, 39.8971 ], [ 27.039319, 39.686512 ], [ 26.848457, 39.573586 ] ] } },
{ "type": "Feature", "properties": { "average_dip": "(60.0,60.0,60.0)", "average_rake": "(-134,-164.0,-105.0)", "catalog_id": "ME_TRCS033", "catalog_name": "EMME", "dip_dir": null, "lower_seis_depth": "(18.0,,)", "name": null, "net_slip_rate": "(3.9,3.6638,4.1633)", "slip_type": "Dextral-Normal", "upper_seis_depth": "(1.0,,)", "downthrown_side_id": null, "reference": null, "epistemic_quality": "1", "accuracy": null, "activity_confidence": null, "fs_name": null, "last_movement": null, "downthrown_side_dir": null, "vert_sep_rate": null, "strike_slip_rate": null, "exposure_quality": null, "shortening_rate": null, "notes": null, "index_right": 65, "NAME_EN": "Turkey" }, "geometry": { "type": "LineString", "coordinates": [ [ 25.4386, 39.2214 ], [ 25.649615, 39.303083 ], [ 25.873721, 39.360678 ], [ 26.084466, 39.443416 ], [ 26.201428, 39.457006 ], [ 26.312081, 39.489347 ], [ 26.426623, 39.512373 ], [ 26.650786, 39.571408 ], [ 26.872464, 39.63618 ] ] } },
{ "type": "Feature", "properties": { "average_dip": "(85.0,85.0,85.0)", "average_rake": "(180,180.0,180.0)", "catalog_id": "ME_TRCS038", "catalog_name": "EMME", "dip_dir": null, "lower_seis_depth": "(18.0,,)", "name": null, "net_slip_rate": "(5.3,5.3,5.3)", "slip_type": "Dextral", "upper_seis_depth": "(0.0,,)", "downthrown_side_id": null, "reference": null, "epistemic_quality": "1", "accuracy": null, "activity_confidence": null, "fs_name": null, "last_movement": null, "downthrown_side_dir": null, "vert_sep_rate": null, "strike_slip_rate": null, "exposure_quality": null, "shortening_rate": null, "notes": null, "index_right": 65, "NAME_EN": "Turkey" }, "geometry": { "type": "LineString", "coordinates": [ [ 29.215426, 40.403475 ], [ 28.911, 40.349927 ] ] } },
{ "type": "Feature", "properties": { "average_dip": "(85.0,85.0,85.0)", "average_rake": "(180,180.0,180.0)", "catalog_id": "ME_TRCS039", "catalog_name": "EMME", "dip_dir": null, "lower_seis_depth": "(18.0,,)", "name": null, "net_slip_rate": "(3.4,3.4,3.4)", "slip_type": "Dextral", "upper_seis_depth": "(0.0,,)", "downthrown_side_id": null, "reference": null, "epistemic_quality": "1", "accuracy": null, "activity_confidence": null, "fs_name": null, "last_movement": null, "downthrown_side_dir": null, "vert_sep_rate": null, "strike_slip_rate": null, "exposure_quality": null, "shortening_rate": null, "notes": null, "index_right": 65, "NAME_EN": "Turkey" }, "geometry": { "type": "LineString", "coordinates": [ [ 29.586795, 40.314221 ], [ 29.386841, 40.219232 ] ] } },
{ "type": "Feature", "properties": { "average_dip": "(85.0,85.0,85.0)", "average_rake": "(180,180.0,180.0)", "catalog_id": "ME_TRCS040", "catalog_name": "EMME", "dip_dir": null, "lower_seis_depth": "(18.0,,)", "name": null, "net_slip_rate": "(3.4,3.4,3.4)", "slip_type": "Dextral", "upper_seis_depth": "(0.0,,)", "downthrown_side_id": null, "reference": null, "epistemic_quality": "1", "accuracy": null, "activity_confidence": null, "fs_name": null, "last_movement": null, "downthrown_side_dir": null, "vert_sep_rate": null, "strike_slip_rate": null, "exposure_quality": null, "shortening_rate": null, "notes": null, "index_right": 65, "NAME_EN": "Turkey" }, "geometry": { "type": "LineString", "coordinates": [ [ 28.803114, 40.190994 ], [ 28.462543, 40.021253 ] ] } },
{ "type": "Feature", "properties": { "average_dip": "(50.0,50.0,50.0)", "average_rake": "(-111,-111.0,-111.0)", "catalog_id": "ME_TRCS041", "catalog_name": "EMME", "dip_dir": null, "lower_seis_depth": "(18.0,,)", "name": null, "net_slip_rate": "None", "slip_type": "Normal", "upper_seis_depth": "(0.0,,)", "downthrown_side_id": null, "reference": null, "epistemic_quality": "1", "accuracy": null, "activity_confidence": null, "fs_name": null, "last_movement": null, "downthrown_side_dir": null, "vert_sep_rate": null, "strike_slip_rate": null, "exposure_quality": null, "shortening_rate": null, "notes": null, "index_right": 65, "NAME_EN": "Turkey" }, "geometry": { "type": "LineString", "coordinates": [ [ 29.431945, 40.192324 ], [ 29.226585, 40.211794 ] ] } },
{ "type": "Feature", "properties": { "average_dip": "(50.0,50.0,50.0)", "average_rake": "(-111,-111.0,-111.0)", "catalog_id": "ME_TRCS042", "catalog_name": "EMME", "dip_dir": null, "lower_seis_depth": "(18.0,,)", "name": null, "net_slip_rate": "None", "slip_type": "Normal", "upper_seis_depth": "(0.0,,)", "downthrown_side_id": null, "reference": null, "epistemic_quality": "1", "accuracy": null, "activity_confidence": null, "fs_name": null, "last_movement": null, "downthrown_side_dir": null, "vert_sep_rate": null, "strike_slip_rate": null, "exposure_quality": null, "shortening_rate": null, "notes": null, "index_right": 65, "NAME_EN": "Turkey" }, "geometry": { "type": "LineString", "coordinates": [ [ 29.348241, 40.221132 ], [ 29.157808, 40.268295 ] ] } },
{ "type": "Feature", "properties": { "average_dip": "(80.0,80.0,80.0)", "average_rake": "(-161,-161.0,-161.0)", "catalog_id": "ME_TRCS044", "catalog_name": "EMME", "dip_dir": null, "lower_seis_depth": "(18.0,,)", "name": null, "net_slip_rate": "None", "slip_type": "Dextral", "upper_seis_depth": "(0.0,,)", "downthrown_side_id": null, "reference": null, "epistemic_quality": "1", "accuracy": null, "activity_confidence": null, "fs_name": null, "last_movement": null, "downthrown_side_dir": null, "vert_sep_rate": null, "strike_slip_rate": null, "exposure_quality": null, "shortening_rate": null, "notes": null, "index_right": 65, "NAME_EN": "Turkey" }, "geometry": { "type": "LineString", "coordinates": [ [ 29.573587, 40.122883 ], [ 29.239443, 40.177823 ] ] } },
{ "type": "Feature", "properties": { "average_dip": "(86.0,86.0,86.0)", "average_rake": "(0,0.0,0.0)", "catalog_id": "ME_TRCS045", "catalog_name": "EMME", "dip_dir": null, "lower_seis_depth": "(20.0,,)", "name": null, "net_slip_rate": "(8.1,8.1,8.1)", "slip_type": "Sinistral", "upper_seis_depth": "(2.0,,)", "downthrown_side_id": null, "reference": null, "epistemic_quality": "1", "accuracy": null, "activity_confidence": null, "fs_name": null, "last_movement": null, "downthrown_side_dir": null, "vert_sep_rate": null, "strike_slip_rate": null, "exposure_quality": null, "shortening_rate": null, "notes": null, "index_right": 65, "NAME_EN": "Turkey" }, "geometry": { "type": "LineString", "coordinates": [ [ 40.89713, 39.160715 ], [ 41.130119, 39.317799 ] ] } },
{ "type": "Feature", "properties": { "average_dip": "(86.0,86.0,86.0)", "average_rake": "(0,0.0,0.0)", "catalog_id": "ME_TRCS046", "catalog_name": "EMME", "dip_dir": null, "lower_seis_depth": "(20.0,,)", "name": null, "net_slip_rate": "(8.1,8.1,8.1)", "slip_type": "Sinistral", "upper_seis_depth": "(2.0,,)", "downthrown_side_id": null, "reference": null, "epistemic_quality": "1", "accuracy": null, "activity_confidence": null, "fs_name": null, "last_movement": null, "downthrown_side_dir": null, "vert_sep_rate": null, "strike_slip_rate": null, "exposure_quality": null, "shortening_rate": null, "notes": null, "index_right": 65, "NAME_EN": "Turkey" }, "geometry": { "type": "LineString", "coordinates": [ [ 40.531954, 38.853486 ], [ 40.613094, 38.910476 ], [ 40.683273, 38.975729 ], [ 40.773314, 39.024108 ], [ 40.828705, 39.097505 ], [ 40.899976, 39.150928 ] ] } },
{ "type": "Feature", "properties": { "average_dip": "(69.5,53.0,86.0)", "average_rake": "(26,0.0,53.0)", "catalog_id": "ME_TRCS047", "catalog_name": "EMME", "dip_dir": null, "lower_seis_depth": "(20.0,,)", "name": null, "net_slip_rate": "(4.1,0.1,8.1)", "slip_type": "Sinistral-Reverse", "upper_seis_depth": "(0.0,,)", "downthrown_side_id": null, "reference": null, "epistemic_quality": "1", "accuracy": null, "activity_confidence": null, "fs_name": null, "last_movement": null, "downthrown_side_dir": null, "vert_sep_rate": null, "strike_slip_rate": null, "exposure_quality": null, "shortening_rate": null, "notes": null, "index_right": 65, "NAME_EN": "Turkey" }, "geometry": { "type": "LineString", "coordinates": [ [ 40.063362, 38.737644 ], [ 40.302554, 38.715165 ], [ 40.422739, 38.709118 ], [ 40.536584, 38.739829 ], [ 40.719843, 38.826068 ] ] } },
{ "type": "Feature", "properties": { "average_dip": "(80.0,80.0,80.0)", "average_rake": "(0,0.0,0.0)", "catalog_id": "ME_TRCS049", "catalog_name": "EMME", "dip_dir": null, "lower_seis_depth": "(20.0,,)", "name": null, "net_slip_rate": "(10.0,10.0,10.0)", "slip_type": "Sinistral", "upper_seis_depth": "(0.0,,)", "downthrown_side_id": null, "reference": null, "epistemic_quality": "1", "accuracy": null, "activity_confidence": null, "fs_name": null, "last_movement": null, "downthrown_side_dir": null, "vert_sep_rate": null, "strike_slip_rate": null, "exposure_quality": null, "shortening_rate": null, "notes": null, "index_right": 65, "NAME_EN": "Turkey" }, "geometry": { "type": "LineString", "coordinates": [ [ 39.591964, 38.557105 ], [ 39.716837, 38.583499 ], [ 39.830768, 38.631476 ], [ 40.04984, 38.732789 ] ] } },
{ "type": "Feature", "properties": { "average_dip": "(83.0,83.0,83.0)", "average_rake": "(0,0.0,0.0)", "catalog_id": "ME_TRCS051", "catalog_name": "EMME", "dip_dir": null, "lower_seis_depth": "(20.0,,)", "name": null, "net_slip_rate": "(10.0,10.0,10.0)", "slip_type": "Sinistral", "upper_seis_depth": "(0.0,,)", "downthrown_side_id": null, "reference": null, "epistemic_quality": "1", "accuracy": null, "activity_confidence": null, "fs_name": null, "last_movement": null, "downthrown_side_dir": null, "vert_sep_rate": null, "strike_slip_rate": null, "exposure_quality": null, "shortening_rate": null, "notes": null, "index_right": 65, "NAME_EN": "Turkey" }, "geometry": { "type": "LineString", "coordinates": [ [ 39.180743, 38.38943 ], [ 39.601845, 38.544303 ] ] } },
{ "type": "Feature", "properties": { "average_dip": "(85.0,80.0,90.0)", "average_rake": "(0,0.0,0.0)", "catalog_id": "ME_TRCS052", "catalog_name": "EMME", "dip_dir": null, "lower_seis_depth": "(20.0,,)", "name": null, "net_slip_rate": "(5.5,1.0,10.0)", "slip_type": "Sinistral", "upper_seis_depth": "(0.0,,)", "downthrown_side_id": null, "reference": null, "epistemic_quality": "1", "accuracy": null, "activity_confidence": null, "fs_name": null, "last_movement": null, "downthrown_side_dir": null, "vert_sep_rate": null, "strike_slip_rate": null, "exposure_quality": null, "shortening_rate": null, "notes": null, "index_right": 65, "NAME_EN": "Turkey" }, "geometry": { "type": "LineString", "coordinates": [ [ 38.522641, 38.08495 ], [ 38.766909, 38.198474 ], [ 38.83093, 38.238567 ], [ 38.928945, 38.296784 ], [ 39.040032, 38.338189 ], [ 39.151101, 38.356411 ] ] } },
{ "type": "Feature", "properties": { "average_dip": "(85.0,80.0,90.0)", "average_rake": "(0,0.0,0.0)", "catalog_id": "ME_TRCS054", "catalog_name": "EMME", "dip_dir": null, "lower_seis_depth": "(20.0,,)", "name": null, "net_slip_rate": "(5.5,1.0,9.9)", "slip_type": "Sinistral", "upper_seis_depth": "(0.0,,)", "downthrown_side_id": null, "reference": null, "epistemic_quality": "1", "accuracy": null, "activity_confidence": null, "fs_name": null, "last_movement": null, "downthrown_side_dir": null, "vert_sep_rate": null, "strike_slip_rate": null, "exposure_quality": null, "shortening_rate": null, "notes": null, "index_right": 65, "NAME_EN": "Turkey" }, "geometry": { "type": "LineString", "coordinates": [ [ 37.866327, 37.883326 ], [ 37.909675, 37.880462 ], [ 37.967995, 37.893588 ], [ 38.016651, 37.929307 ], [ 38.095176, 37.952655 ], [ 38.156933, 37.947853 ], [ 38.192477, 37.961915 ] ] } },
{ "type": "Feature", "properties": { "average_dip": "(80.0,80.0,80.0)", "average_rake": "(0,0.0,0.0)", "catalog_id": "ME_TRCS055", "catalog_name": "EMME", "dip_dir": null, "lower_seis_depth": "(20.0,,)", "name": null, "net_slip_rate": "(9.9,9.9,9.9)", "slip_type": "Sinistral", "upper_seis_depth": "(0.0,,)", "downthrown_side_id": null, "reference": null, "epistemic_quality": "1", "accuracy": null, "activity_confidence": null, "fs_name": null, "last_movement": null, "downthrown_side_dir": null, "vert_sep_rate": null, "strike_slip_rate": null, "exposure_quality": null, "shortening_rate": null, "notes": null, "index_right": 65, "NAME_EN": "Turkey" }, "geometry": { "type": "LineString", "coordinates": [ [ 36.982937, 37.465012 ], [ 37.205671, 37.532758 ], [ 37.311934, 37.57585 ], [ 37.412532, 37.62685 ], [ 37.586561, 37.754935 ] ] } },
{ "type": "Feature", "properties": { "average_dip": "(80.0,80.0,80.0)", "average_rake": "(-40,-40.0,-40.0)", "catalog_id": "ME_TRCS056", "catalog_name": "EMME", "dip_dir": null, "lower_seis_depth": "(18.0,,)", "name": null, "net_slip_rate": "(6.8,6.5,7.1)", "slip_type": "Sinistral-Normal", "upper_seis_depth": "(0.0,,)", "downthrown_side_id": null, "reference": null, "epistemic_quality": "1", "accuracy": null, "activity_confidence": null, "fs_name": null, "last_movement": null, "downthrown_side_dir": null, "vert_sep_rate": null, "strike_slip_rate": null, "exposure_quality": null, "shortening_rate": null, "notes": null, "index_right": 65, "NAME_EN": "Turkey" }, "geometry": { "type": "LineString", "coordinates": [ [ 36.358333, 36.570569 ], [ 36.418277, 36.644569 ], [ 36.473138, 36.721091 ], [ 36.515785, 36.802477 ], [ 36.560409, 36.883198 ], [ 36.596277, 36.966679 ], [ 36.627468, 37.051358 ], [ 36.674217, 37.131363 ], [ 36.741986, 37.20118 ], [ 36.89442, 37.461859 ] ] } },
{ "type": "Feature", "properties": { "average_dip": "(40.5,38.0,43.0)", "average_rake": "(-50,-52.0,-49.0)", "catalog_id": "ME_TRCS057", "catalog_name": "EMME", "dip_dir": null, "lower_seis_depth": "(17.5,,)", "name": null, "net_slip_rate": "(2.7,1.0,4.4219)", "slip_type": "Sinistral-Normal", "upper_seis_depth": "(0.0,,)", "downthrown_side_id": null, "reference": null, "epistemic_quality": "1", "accuracy": null, "activity_confidence": null, "fs_name": null, "last_movement": null, "downthrown_side_dir": null, "vert_sep_rate": null, "strike_slip_rate": null, "exposure_quality": null, "shortening_rate": null, "notes": null, "index_right": 65, "NAME_EN": "Turkey" }, "geometry": { "type": "LineString", "coordinates": [ [ 35.902475, 35.942201 ], [ 35.968932, 36.003969 ], [ 36.040177, 36.062177 ], [ 36.113794, 36.118467 ], [ 36.205103, 36.247098 ] ] } },
{ "type": "Feature", "properties": { "average_dip": "(80.0,80.0,80.0)", "average_rake": "(180,180.0,180.0)", "catalog_id": "ME_TRCS060", "catalog_name": "EMME", "dip_dir": null, "lower_seis_depth": "(18.0,,)", "name": null, "net_slip_rate": "(1.0,0.5,1.5)", "slip_type": "Dextral", "upper_seis_depth": "(0.0,,)", "downthrown_side_id": null, "reference": null, "epistemic_quality": "1", "accuracy": null, "activity_confidence": null, "fs_name": null, "last_movement": null, "downthrown_side_dir": null, "vert_sep_rate": null, "strike_slip_rate": null, "exposure_quality": null, "shortening_rate": null, "notes": null, "index_right": 65, "NAME_EN": "Turkey" }, "geometry": { "type": "LineString", "coordinates": [ [ 36.7555, 36.2157 ], [ 36.5296, 36.2515 ] ] } },
{ "type": "Feature", "properties": { "average_dip": "(85.0,80.0,90.0)", "average_rake": "(0,0.0,0.0)", "catalog_id": "ME_TRCS062", "catalog_name": "EMME", "dip_dir": null, "lower_seis_depth": "(20.0,,)", "name": null, "net_slip_rate": "(5.5,1.0,9.9)", "slip_type": "Sinistral", "upper_seis_depth": "(0.0,,)", "downthrown_side_id": null, "reference": null, "epistemic_quality": "1", "accuracy": null, "activity_confidence": null, "fs_name": null, "last_movement": null, "downthrown_side_dir": null, "vert_sep_rate": null, "strike_slip_rate": null, "exposure_quality": null, "shortening_rate": null, "notes": null, "index_right": 65, "NAME_EN": "Turkey" }, "geometry": { "type": "LineString", "coordinates": [ [ 37.644122, 37.806106 ], [ 37.733171, 37.848057 ], [ 37.808764, 37.904154 ], [ 37.903612, 37.937458 ], [ 37.981024, 37.959706 ] ] } },
{ "type": "Feature", "properties": { "average_dip": "(80.0,80.0,80.0)", "average_rake": "(-40,-40.0,-40.0)", "catalog_id": "ME_TRCS064", "catalog_name": "EMME", "dip_dir": null, "lower_seis_depth": "(18.0,,)", "name": null, "net_slip_rate": "(6.8,6.5,7.1)", "slip_type": "Sinistral-Normal", "upper_seis_depth": "(0.0,,)", "downthrown_side_id": null, "reference": null, "epistemic_quality": "1", "accuracy": null, "activity_confidence": null, "fs_name": null, "last_movement": null, "downthrown_side_dir": null, "vert_sep_rate": null, "strike_slip_rate": null, "exposure_quality": null, "shortening_rate": null, "notes": null, "index_right": 65, "NAME_EN": "Turkey" }, "geometry": { "type": "LineString", "coordinates": [ [ 35.90824, 36.072221 ], [ 36.263508, 36.40234 ], [ 36.295054, 36.486003 ], [ 36.367872, 36.550956 ] ] } },
{ "type": "Feature", "properties": { "average_dip": "(58.0,58.0,58.0)", "average_rake": "(-29,-29.0,-29.0)", "catalog_id": "ME_TRCS065", "catalog_name": "EMME", "dip_dir": null, "lower_seis_depth": "(18.0,,)", "name": null, "net_slip_rate": "(3.0,1.0,4.9043)", "slip_type": "Sinistral-Normal", "upper_seis_depth": "(0.0,,)", "downthrown_side_id": null, "reference": null, "epistemic_quality": "1", "accuracy": null, "activity_confidence": null, "fs_name": null, "last_movement": null, "downthrown_side_dir": null, "vert_sep_rate": null, "strike_slip_rate": null, "exposure_quality": null, "shortening_rate": null, "notes": null, "index_right": 65, "NAME_EN": "Turkey" }, "geometry": { "type": "LineString", "coordinates": [ [ 37.061982, 37.050842 ], [ 36.63743, 36.921763 ] ] } },
{ "type": "Feature", "properties": { "average_dip": "(58.0,58.0,58.0)", "average_rake": "(-29,-29.0,-29.0)", "catalog_id": "ME_TRCS066", "catalog_name": "EMME", "dip_dir": null, "lower_seis_depth": "(18.0,,)", "name": null, "net_slip_rate": "(3.0,1.0,4.9043)", "slip_type": "Sinistral-Normal", "upper_seis_depth": "(0.0,,)", "downthrown_side_id": null, "reference": null, "epistemic_quality": "1", "accuracy": null, "activity_confidence": null, "fs_name": null, "last_movement": null, "downthrown_side_dir": null, "vert_sep_rate": null, "strike_slip_rate": null, "exposure_quality": null, "shortening_rate": null, "notes": null, "index_right": 65, "NAME_EN": "Turkey" }, "geometry": { "type": "LineString", "coordinates": [ [ 37.025482, 36.854785 ], [ 36.835157, 36.799518 ] ] } },
{ "type": "Feature", "properties": { "average_dip": "(80.0,80.0,80.0)", "average_rake": "(168,157.0,180.0)", "catalog_id": "ME_TRCS068", "catalog_name": "EMME", "dip_dir": null, "lower_seis_depth": "(20.0,,)", "name": null, "net_slip_rate": "(1.8,0.5,3.0)", "slip_type": "Dextral", "upper_seis_depth": "(0.0,,)", "downthrown_side_id": null, "reference": null, "epistemic_quality": "1", "accuracy": null, "activity_confidence": null, "fs_name": null, "last_movement": null, "downthrown_side_dir": null, "vert_sep_rate": null, "strike_slip_rate": null, "exposure_quality": null, "shortening_rate": null, "notes": null, "index_right": 65, "NAME_EN": "Turkey" }, "geometry": { "type": "LineString", "coordinates": [ [ 42.215052, 39.782894 ], [ 42.331384, 39.750429 ], [ 42.448576, 39.719974 ], [ 42.569207, 39.699058 ], [ 42.683264, 39.662397 ], [ 42.734037, 39.635315 ], [ 42.791856, 39.61366 ], [ 42.898658, 39.554953 ], [ 42.979608, 39.484319 ], [ 43.013885, 39.447499 ] ] } },
{ "type": "Feature", "properties": { "average_dip": "(80.0,80.0,80.0)", "average_rake": "(157,157.0,157.0)", "catalog_id": "ME_TRCS070", "catalog_name": "EMME", "dip_dir": null, "lower_seis_depth": "(20.0,,)", "name": null, "net_slip_rate": "(1.8,0.5,3.0)", "slip_type": "Dextral-Reverse", "upper_seis_depth": "(0.0,,)", "downthrown_side_id": null, "reference": null, "epistemic_quality": "1", "accuracy": null, "activity_confidence": null, "fs_name": null, "last_movement": null, "downthrown_side_dir": null, "vert_sep_rate": null, "strike_slip_rate": null, "exposure_quality": null, "shortening_rate": null, "notes": null, "index_right": 65, "NAME_EN": "Turkey" }, "geometry": { "type": "LineString", "coordinates": [ [ 43.051907, 39.392888 ], [ 43.060511, 39.351844 ], [ 43.108033, 39.31352 ], [ 43.184719, 39.264733 ], [ 43.262239, 39.229286 ] ] } },
{ "type": "Feature", "properties": { "average_dip": "(55.0,55.0,55.0)", "average_rake": "(31,18.0,45.0)", "catalog_id": "ME_TRCS071", "catalog_name": "EMME", "dip_dir": null, "lower_seis_depth": "(18.0,,)", "name": null, "net_slip_rate": "(3.4,3.0,3.868)", "slip_type": "Sinistral-Reverse", "upper_seis_depth": "(0.0,,)", "downthrown_side_id": null, "reference": null, "epistemic_quality": "1", "accuracy": null, "activity_confidence": null, "fs_name": null, "last_movement": null, "downthrown_side_dir": null, "vert_sep_rate": null, "strike_slip_rate": null, "exposure_quality": null, "shortening_rate": null, "notes": null, "index_right": 65, "NAME_EN": "Turkey" }, "geometry": { "type": "LineString", "coordinates": [ [ 36.8201, 37.5968 ], [ 37.033416, 37.611481 ], [ 37.139889, 37.620471 ], [ 37.2271, 37.6612 ] ] } },
{ "type": "Feature", "properties": { "average_dip": "(49.0,49.0,49.0)", "average_rake": "(33,19.0,47.0)", "catalog_id": "ME_TRCS073", "catalog_name": "EMME", "dip_dir": null, "lower_seis_depth": "(20.0,,)", "name": null, "net_slip_rate": "(2.5,1.0,4.0028)", "slip_type": "Sinistral-Reverse", "upper_seis_depth": "(0.0,,)", "downthrown_side_id": null, "reference": null, "epistemic_quality": "1", "accuracy": null, "activity_confidence": null, "fs_name": null, "last_movement": null, "downthrown_side_dir": null, "vert_sep_rate": null, "strike_slip_rate": null, "exposure_quality": null, "shortening_rate": null, "notes": null, "index_right": 65, "NAME_EN": "Turkey" }, "geometry": { "type": "LineString", "coordinates": [ [ 37.478246, 37.967678 ], [ 37.5316, 37.964803 ], [ 37.583633, 37.970606 ], [ 37.629773, 37.984945 ], [ 37.674591, 38.007963 ], [ 37.780719, 38.01886 ], [ 37.887651, 38.022583 ], [ 37.993323, 38.009189 ], [ 38.04447, 37.999436 ], [ 38.098257, 37.993847 ], [ 38.147005, 37.993845 ], [ 38.190469, 37.998007 ] ] } },
{ "type": "Feature", "properties": { "average_dip": "(78.0,78.0,78.0)", "average_rake": "(180,180.0,180.0)", "catalog_id": "ME_TRCS074", "catalog_name": "EMME", "dip_dir": null, "lower_seis_depth": "(20.0,,)", "name": null, "net_slip_rate": "(1.8,0.5,3.0)", "slip_type": "Dextral", "upper_seis_depth": "(0.0,,)", "downthrown_side_id": null, "reference": null, "epistemic_quality": "1", "accuracy": null, "activity_confidence": null, "fs_name": null, "last_movement": null, "downthrown_side_dir": null, "vert_sep_rate": null, "strike_slip_rate": null, "exposure_quality": null, "shortening_rate": null, "notes": null, "index_right": 65, "NAME_EN": "Turkey" }, "geometry": { "type": "LineString", "coordinates": [ [ 41.505929, 39.865817 ], [ 41.658725, 39.879436 ], [ 41.755104, 39.84376 ], [ 41.866826, 39.820191 ], [ 42.010192, 39.773647 ], [ 42.05206, 39.712038 ], [ 42.155943, 39.668413 ], [ 42.27403, 39.662905 ], [ 42.385469, 39.6324 ], [ 42.488991, 39.592961 ], [ 42.534089, 39.550585 ] ] } },
{ "type": "Feature", "properties": { "average_dip": "(85.0,85.0,85.0)", "average_rake": "(0,0.0,0.0)", "catalog_id": "ME_TRCS075", "catalog_name": "EMME", "dip_dir": null, "lower_seis_depth": "(20.0,,)", "name": null, "net_slip_rate": "(1.0,0.5,1.5)", "slip_type": "Sinistral", "upper_seis_depth": "(0.0,,)", "downthrown_side_id": null, "reference": null, "epistemic_quality": "1", "accuracy": null, "activity_confidence": null, "fs_name": null, "last_movement": null, "downthrown_side_dir": null, "vert_sep_rate": null, "strike_slip_rate": null, "exposure_quality": null, "shortening_rate": null, "notes": null, "index_right": 65, "NAME_EN": "Turkey" }, "geometry": { "type": "LineString", "coordinates": [ [ 41.8572, 39.9352 ], [ 42.7717, 40.1732 ] ] } },
{ "type": "Feature", "properties": { "average_dip": "(85.0,85.0,85.0)", "average_rake": "(0,0.0,0.0)", "catalog_id": "ME_TRCS076", "catalog_name": "EMME", "dip_dir": null, "lower_seis_depth": "(20.0,,)", "name": null, "net_slip_rate": "(1.0,0.5,1.5)", "slip_type": "Sinistral", "upper_seis_depth": "(2.0,,)", "downthrown_side_id": null, "reference": null, "epistemic_quality": "1", "accuracy": null, "activity_confidence": null, "fs_name": null, "last_movement": null, "downthrown_side_dir": null, "vert_sep_rate": null, "strike_slip_rate": null, "exposure_quality": null, "shortening_rate": null, "notes": null, "index_right": 65, "NAME_EN": "Turkey" }, "geometry": { "type": "LineString", "coordinates": [ [ 42.905, 40.2602 ], [ 42.67906, 40.201716 ], [ 42.568741, 40.167212 ], [ 42.454252, 40.141974 ], [ 42.346089, 40.103854 ], [ 42.1265, 40.0399 ] ] } },
{ "type": "Feature", "properties": { "average_dip": "(90.0,90.0,90.0)", "average_rake": "(0,0.0,0.0)", "catalog_id": "ME_TRCS077", "catalog_name": "EMME", "dip_dir": null, "lower_seis_depth": "(15.0,,)", "name": null, "net_slip_rate": "(2.5,2.0,3.0)", "slip_type": "Sinistral", "upper_seis_depth": "(0.0,,)", "downthrown_side_id": null, "reference": null, "epistemic_quality": "1", "accuracy": null, "activity_confidence": null, "fs_name": null, "last_movement": null, "downthrown_side_dir": null, "vert_sep_rate": null, "strike_slip_rate": null, "exposure_quality": null, "shortening_rate": null, "notes": null, "index_right": 65, "NAME_EN": "Turkey" }, "geometry": { "type": "LineString", "coordinates": [ [ 43.14452, 40.197469 ], [ 42.925632, 40.108833 ], [ 42.817357, 40.063016 ], [ 42.479456, 39.946156 ], [ 42.380739, 39.889332 ], [ 42.155721, 39.826644 ] ] } },
{ "type": "Feature", "properties": { "average_dip": "(87.5,85.0,90.0)", "average_rake": "(0,0.0,0.0)", "catalog_id": "ME_TRCS078", "catalog_name": "EMME", "dip_dir": null, "lower_seis_depth": "(15.0,,)", "name": null, "net_slip_rate": "(2.0,1.0,3.0)", "slip_type": "Sinistral", "upper_seis_depth": "(1.0,,)", "downthrown_side_id": null, "reference": null, "epistemic_quality": "1", "accuracy": null, "activity_confidence": null, "fs_name": null, "last_movement": null, "downthrown_side_dir": null, "vert_sep_rate": null, "strike_slip_rate": null, "exposure_quality": null, "shortening_rate": null, "notes": null, "index_right": 65, "NAME_EN": "Turkey" }, "geometry": { "type": "LineString", "coordinates": [ [ 43.859425, 40.848413 ], [ 43.6954, 40.614056 ], [ 43.634104, 40.538881 ], [ 43.559414, 40.493465 ], [ 43.381898, 40.36241 ], [ 43.34269, 40.349727 ], [ 43.250985, 40.305122 ], [ 43.188265, 40.241081 ] ] } },
{ "type": "Feature", "properties": { "average_dip": "(85.0,85.0,85.0)", "average_rake": "(0,0.0,0.0)", "catalog_id": "ME_TRCS079", "catalog_name": "EMME", "dip_dir": null, "lower_seis_depth": "(15.0,,)", "name": null, "net_slip_rate": "(2.5,2.0,3.0)", "slip_type": "Sinistral", "upper_seis_depth": "(1.0,,)", "downthrown_side_id": null, "reference": null, "epistemic_quality": "1", "accuracy": null, "activity_confidence": null, "fs_name": null, "last_movement": null, "downthrown_side_dir": null, "vert_sep_rate": null, "strike_slip_rate": null, "exposure_quality": null, "shortening_rate": null, "notes": null, "index_right": 65, "NAME_EN": "Turkey" }, "geometry": { "type": "LineString", "coordinates": [ [ 43.098806, 40.161968 ], [ 43.156808, 40.161698 ], [ 43.224338, 40.15182 ], [ 43.301256, 40.122773 ], [ 43.450746, 40.098169 ], [ 43.60493, 40.06398 ], [ 43.686333, 40.011005 ] ] } },
{ "type": "Feature", "properties": { "average_dip": "(85.0,85.0,85.0)", "average_rake": "(0,0.0,0.0)", "catalog_id": "ME_TRCS080", "catalog_name": "EMME", "dip_dir": null, "lower_seis_depth": "(20.0,,)", "name": null, "net_slip_rate": "(0.8,0.5,1.0)", "slip_type": "Sinistral", "upper_seis_depth": "(2.0,,)", "downthrown_side_id": null, "reference": null, "epistemic_quality": "1", "accuracy": null, "activity_confidence": null, "fs_name": null, "last_movement": null, "downthrown_side_dir": null, "vert_sep_rate": null, "strike_slip_rate": null, "exposure_quality": null, "shortening_rate": null, "notes": null, "index_right": 65, "NAME_EN": "Turkey" }, "geometry": { "type": "LineString", "coordinates": [ [ 42.611344, 39.19202 ], [ 42.604566, 39.088415 ], [ 42.547202, 38.99756 ] ] } },
{ "type": "Feature", "properties": { "average_dip": "(87.5,85.0,90.0)", "average_rake": "(0,0.0,0.0)", "catalog_id": "ME_TRCS081", "catalog_name": "EMME", "dip_dir": null, "lower_seis_depth": "(20.0,,)", "name": null, "net_slip_rate": "(1.8,0.5,3.0)", "slip_type": "Sinistral", "upper_seis_depth": "(1.0,,)", "downthrown_side_id": null, "reference": null, "epistemic_quality": "1", "accuracy": null, "activity_confidence": null, "fs_name": null, "last_movement": null, "downthrown_side_dir": null, "vert_sep_rate": null, "strike_slip_rate": null, "exposure_quality": null, "shortening_rate": null, "notes": null, "index_right": 65, "NAME_EN": "Turkey" }, "geometry": { "type": "LineString", "coordinates": [ [ 42.34124, 39.456558 ], [ 42.287886, 39.378115 ], [ 42.182049, 39.344113 ], [ 41.955538, 39.317433 ], [ 41.843584, 39.298763 ], [ 41.754913, 39.242726 ], [ 41.66139, 39.191712 ], [ 41.557797, 39.180279 ] ] } },
{ "type": "Feature", "properties": { "average_dip": "(81.0,81.0,81.0)", "average_rake": "(8,8.0,8.0)", "catalog_id": "ME_TRCS082", "catalog_name": "EMME", "dip_dir": null, "lower_seis_depth": "(20.0,,)", "name": null, "net_slip_rate": "(0.8,0.5,1.0)", "slip_type": "Sinistral", "upper_seis_depth": "(0.0,,)", "downthrown_side_id": null, "reference": null, "epistemic_quality": "1", "accuracy": null, "activity_confidence": null, "fs_name": null, "last_movement": null, "downthrown_side_dir": null, "vert_sep_rate": null, "strike_slip_rate": null, "exposure_quality": null, "shortening_rate": null, "notes": null, "index_right": 65, "NAME_EN": "Turkey" }, "geometry": { "type": "LineString", "coordinates": [ [ 42.128922, 40.189764 ], [ 42.163642, 40.225995 ], [ 42.318459, 40.361328 ], [ 42.485116, 40.488452 ], [ 42.587565, 40.533149 ], [ 42.832871, 40.645227 ] ] } },
{ "type": "Feature", "properties": { "average_dip": "(81.0,81.0,81.0)", "average_rake": "(8,8.0,8.0)", "catalog_id": "ME_TRCS083", "catalog_name": "EMME", "dip_dir": null, "lower_seis_depth": "(20.0,,)", "name": null, "net_slip_rate": "(1.5,1.0,2.0)", "slip_type": "Sinistral", "upper_seis_depth": "(2.0,,)", "downthrown_side_id": null, "reference": null, "epistemic_quality": "1", "accuracy": null, "activity_confidence": null, "fs_name": null, "last_movement": null, "downthrown_side_dir": null, "vert_sep_rate": null, "strike_slip_rate": null, "exposure_quality": null, "shortening_rate": null, "notes": null, "index_right": 65, "NAME_EN": "Turkey" }, "geometry": { "type": "LineString", "coordinates": [ [ 41.744862, 39.974508 ], [ 41.812105, 39.990997 ], [ 41.919156, 40.075724 ], [ 42.004726, 40.131542 ], [ 42.08315, 40.189052 ] ] } },
{ "type": "Feature", "properties": { "average_dip": "(80.0,70.0,90.0)", "average_rake": "(0,0.0,0.0)", "catalog_id": "ME_TRCS084", "catalog_name": "EMME", "dip_dir": null, "lower_seis_depth": "(20.0,,)", "name": null, "net_slip_rate": "(2.5,2.0,3.0)", "slip_type": "Sinistral", "upper_seis_depth": "(2.0,,)", "downthrown_side_id": null, "reference": null, "epistemic_quality": "1", "accuracy": null, "activity_confidence": null, "fs_name": null, "last_movement": null, "downthrown_side_dir": null, "vert_sep_rate": null, "strike_slip_rate": null, "exposure_quality": null, "shortening_rate": null, "notes": null, "index_right": 65, "NAME_EN": "Turkey" }, "geometry": { "type": "LineString", "coordinates": [ [ 41.0576, 39.758 ], [ 41.433978, 39.966256 ], [ 41.496766, 40.041182 ], [ 41.603991, 40.199249 ], [ 41.718584, 40.354379 ], [ 41.781837, 40.429255 ], [ 41.865807, 40.491268 ], [ 41.944475, 40.557234 ], [ 42.032744, 40.608489 ], [ 42.084585, 40.654084 ] ] } },
{ "type": "Feature", "properties": { "average_dip": "(81.0,81.0,81.0)", "average_rake": "(0,0.0,0.0)", "catalog_id": "ME_TRCS085", "catalog_name": "EMME", "dip_dir": null, "lower_seis_depth": "(20.0,,)", "name": null, "net_slip_rate": "(1.0,0.5,1.5)", "slip_type": "Sinistral", "upper_seis_depth": "(0.0,,)", "downthrown_side_id": null, "reference": null, "epistemic_quality": "1", "accuracy": null, "activity_confidence": null, "fs_name": null, "last_movement": null, "downthrown_side_dir": null, "vert_sep_rate": null, "strike_slip_rate": null, "exposure_quality": null, "shortening_rate": null, "notes": null, "index_right": 65, "NAME_EN": "Turkey" }, "geometry": { "type": "LineString", "coordinates": [ [ 41.928086, 40.486685 ], [ 42.03443, 40.540048 ], [ 42.113332, 40.616159 ], [ 42.182807, 40.697441 ], [ 42.434823, 40.888943 ] ] } },
{ "type": "Feature", "properties": { "average_dip": "(81.0,81.0,81.0)", "average_rake": "(0,0.0,0.0)", "catalog_id": "ME_TRCS086", "catalog_name": "EMME", "dip_dir": null, "lower_seis_depth": "(20.0,,)", "name": null, "net_slip_rate": "(0.6,0.25,1.0)", "slip_type": "Sinistral", "upper_seis_depth": "(2.0,,)", "downthrown_side_id": null, "reference": null, "epistemic_quality": "1", "accuracy": null, "activity_confidence": null, "fs_name": null, "last_movement": null, "downthrown_side_dir": null, "vert_sep_rate": null, "strike_slip_rate": null, "exposure_quality": null, "shortening_rate": null, "notes": null, "index_right": 65, "NAME_EN": "Turkey" }, "geometry": { "type": "LineString", "coordinates": [ [ 41.785071, 40.195347 ], [ 41.857593, 40.257597 ], [ 41.913711, 40.329075 ], [ 41.94813, 40.408152 ], [ 41.968153, 40.445309 ], [ 41.994339, 40.479785 ], [ 42.026847, 40.511597 ] ] } },
{ "type": "Feature", "properties": { "average_dip": "(81.0,81.0,81.0)", "average_rake": "(0,0.0,0.0)", "catalog_id": "ME_TRCS087", "catalog_name": "EMME", "dip_dir": null, "lower_seis_depth": "(20.0,,)", "name": null, "net_slip_rate": "(0.5,0.25,0.75)", "slip_type": "Sinistral", "upper_seis_depth": "(2.0,,)", "downthrown_side_id": null, "reference": null, "epistemic_quality": "1", "accuracy": null, "activity_confidence": null, "fs_name": null, "last_movement": null, "downthrown_side_dir": null, "vert_sep_rate": null, "strike_slip_rate": null, "exposure_quality": null, "shortening_rate": null, "notes": null, "index_right": 65, "NAME_EN": "Turkey" }, "geometry": { "type": "LineString", "coordinates": [ [ 41.889979, 40.370997 ], [ 41.724132, 40.282337 ] ] } },
{ "type": "Feature", "properties": { "average_dip": "(90.0,90.0,90.0)", "average_rake": "(180,180.0,180.0)", "catalog_id": "ME_TRCS088", "catalog_name": "EMME", "dip_dir": null, "lower_seis_depth": "(20.0,,)", "name": null, "net_slip_rate": "(1.8,0.5,3.0)", "slip_type": "Dextral", "upper_seis_depth": "(1.0,,)", "downthrown_side_id": null, "reference": null, "epistemic_quality": "1", "accuracy": null, "activity_confidence": null, "fs_name": null, "last_movement": null, "downthrown_side_dir": null, "vert_sep_rate": null, "strike_slip_rate": null, "exposure_quality": null, "shortening_rate": null, "notes": null, "index_right": 65, "NAME_EN": "Turkey" }, "geometry": { "type": "LineString", "coordinates": [ [ 41.862477, 39.160525 ], [ 42.080792, 39.1756 ], [ 42.1869, 39.154378 ], [ 42.296271, 39.149367 ], [ 42.513453, 39.152767 ] ] } },
{ "type": "Feature", "properties": { "average_dip": "(83.5,77.0,90.0)", "average_rake": "(1,0.0,3.0)", "catalog_id": "ME_TRCS089", "catalog_name": "EMME", "dip_dir": null, "lower_seis_depth": "(20.0,,)", "name": null, "net_slip_rate": "(1.5,1.0,2.0)", "slip_type": "Sinistral", "upper_seis_depth": "(0.0,,)", "downthrown_side_id": null, "reference": null, "epistemic_quality": "1", "accuracy": null, "activity_confidence": null, "fs_name": null, "last_movement": null, "downthrown_side_dir": null, "vert_sep_rate": null, "strike_slip_rate": null, "exposure_quality": null, "shortening_rate": null, "notes": null, "index_right": 65, "NAME_EN": "Turkey" }, "geometry": { "type": "LineString", "coordinates": [ [ 43.028981, 40.859036 ], [ 43.070794, 40.955455 ], [ 43.135121, 41.04455 ], [ 43.250148, 41.086974 ] ] } },
{ "type": "Feature", "properties": { "average_dip": "(85.0,85.0,85.0)", "average_rake": "(180,180.0,180.0)", "catalog_id": "ME_TRCS090", "catalog_name": "EMME", "dip_dir": null, "lower_seis_depth": "(20.0,,)", "name": null, "net_slip_rate": "(1.0,0.7,1.3)", "slip_type": "Dextral", "upper_seis_depth": "(1.0,,)", "downthrown_side_id": null, "reference": null, "epistemic_quality": "1", "accuracy": null, "activity_confidence": null, "fs_name": null, "last_movement": null, "downthrown_side_dir": null, "vert_sep_rate": null, "strike_slip_rate": null, "exposure_quality": null, "shortening_rate": null, "notes": null, "index_right": 65, "NAME_EN": "Turkey" }, "geometry": { "type": "LineString", "coordinates": [ [ 44.090583, 39.405821 ], [ 43.9772, 39.477785 ], [ 43.834125, 39.584655 ], [ 43.721402, 39.619911 ], [ 43.633499, 39.684762 ], [ 43.533749, 39.738596 ], [ 43.421349, 39.722113 ], [ 43.325297, 39.825494 ], [ 43.251959, 39.925552 ], [ 43.149731, 40.051479 ] ] } },
{ "type": "Feature", "properties": { "average_dip": "(85.0,85.0,85.0)", "average_rake": "(180,180.0,180.0)", "catalog_id": "ME_TRCS091", "catalog_name": "EMME", "dip_dir": null, "lower_seis_depth": "(20.0,,)", "name": null, "net_slip_rate": "(0.8,0.7,1.0)", "slip_type": "Dextral", "upper_seis_depth": "(2.0,,)", "downthrown_side_id": null, "reference": null, "epistemic_quality": "1", "accuracy": null, "activity_confidence": null, "fs_name": null, "last_movement": null, "downthrown_side_dir": null, "vert_sep_rate": null, "strike_slip_rate": null, "exposure_quality": null, "shortening_rate": null, "notes": null, "index_right": 65, "NAME_EN": "Turkey" }, "geometry": { "type": "LineString", "coordinates": [ [ 43.399131, 39.982765 ], [ 43.494049, 39.839764 ], [ 43.54406, 39.781745 ], [ 43.607074, 39.746979 ] ] } },
{ "type": "Feature", "properties": { "average_dip": "(85.0,85.0,85.0)", "average_rake": "(180,180.0,180.0)", "catalog_id": "ME_TRCS092", "catalog_name": "EMME", "dip_dir": null, "lower_seis_depth": "(20.0,,)", "name": null, "net_slip_rate": "(0.8,0.7,1.0)", "slip_type": "Dextral", "upper_seis_depth": "(2.0,,)", "downthrown_side_id": null, "reference": null, "epistemic_quality": "1", "accuracy": null, "activity_confidence": null, "fs_name": null, "last_movement": null, "downthrown_side_dir": null, "vert_sep_rate": null, "strike_slip_rate": null, "exposure_quality": null, "shortening_rate": null, "notes": null, "index_right": 65, "NAME_EN": "Turkey" }, "geometry": { "type": "LineString", "coordinates": [ [ 43.777118, 39.706469 ], [ 43.590598, 39.734727 ] ] } },
{ "type": "Feature", "properties": { "average_dip": "(50.0,50.0,50.0)", "average_rake": "(158,158.0,158.0)", "catalog_id": "ME_TRCS093", "catalog_name": "EMME", "dip_dir": null, "lower_seis_depth": "(20.0,,)", "name": null, "net_slip_rate": "(0.8,0.7,1.0)", "slip_type": "Dextral", "upper_seis_depth": "(1.0,,)", "downthrown_side_id": null, "reference": null, "epistemic_quality": "1", "accuracy": null, "activity_confidence": null, "fs_name": null, "last_movement": null, "downthrown_side_dir": null, "vert_sep_rate": null, "strike_slip_rate": null, "exposure_quality": null, "shortening_rate": null, "notes": null, "index_right": 65, "NAME_EN": "Turkey" }, "geometry": { "type": "LineString", "coordinates": [ [ 44.641608, 39.158904 ], [ 44.212172, 39.450333 ], [ 44.138415, 39.51831 ], [ 44.050705, 39.575639 ], [ 43.951291, 39.620282 ], [ 43.780435, 39.719276 ] ] } },
{ "type": "Feature", "properties": { "average_dip": "(85.0,85.0,85.0)", "average_rake": "(180,180.0,180.0)", "catalog_id": "ME_TRCS094", "catalog_name": "EMME", "dip_dir": null, "lower_seis_depth": "(20.0,,)", "name": null, "net_slip_rate": "(0.8,0.7,1.0)", "slip_type": "Dextral", "upper_seis_depth": "(1.0,,)", "downthrown_side_id": null, "reference": null, "epistemic_quality": "1", "accuracy": null, "activity_confidence": null, "fs_name": null, "last_movement": null, "downthrown_side_dir": null, "vert_sep_rate": null, "strike_slip_rate": null, "exposure_quality": null, "shortening_rate": null, "notes": null, "index_right": 65, "NAME_EN": "Turkey" }, "geometry": { "type": "LineString", "coordinates": [ [ 44.0482, 39.8254 ], [ 43.990063, 39.900075 ], [ 43.920857, 39.969007 ], [ 43.798126, 40.113797 ] ] } },
{ "type": "Feature", "properties": { "average_dip": "(85.0,85.0,85.0)", "average_rake": "(180,180.0,180.0)", "catalog_id": "ME_TRCS095", "catalog_name": "EMME", "dip_dir": null, "lower_seis_depth": "(20.0,,)", "name": null, "net_slip_rate": "(0.8,0.7,1.0)", "slip_type": "Dextral", "upper_seis_depth": "(2.0,,)", "downthrown_side_id": null, "reference": null, "epistemic_quality": "1", "accuracy": null, "activity_confidence": null, "fs_name": null, "last_movement": null, "downthrown_side_dir": null, "vert_sep_rate": null, "strike_slip_rate": null, "exposure_quality": null, "shortening_rate": null, "notes": null, "index_right": 65, "NAME_EN": "Turkey" }, "geometry": { "type": "LineString", "coordinates": [ [ 43.9461, 39.8452 ], [ 44.08407, 39.739605 ] ] } },
{ "type": "Feature", "properties": { "average_dip": "(85.0,85.0,85.0)", "average_rake": "(180,180.0,180.0)", "catalog_id": "ME_TRCS096", "catalog_name": "EMME", "dip_dir": null, "lower_seis_depth": "(20.0,,)", "name": null, "net_slip_rate": "(0.8,0.7,1.0)", "slip_type": "Dextral", "upper_seis_depth": "(1.0,,)", "downthrown_side_id": null, "reference": null, "epistemic_quality": "1", "accuracy": null, "activity_confidence": null, "fs_name": null, "last_movement": null, "downthrown_side_dir": null, "vert_sep_rate": null, "strike_slip_rate": null, "exposure_quality": null, "shortening_rate": null, "notes": null, "index_right": 65, "NAME_EN": "Turkey" }, "geometry": { "type": "LineString", "coordinates": [ [ 44.559329, 39.295667 ], [ 44.456499, 39.383625 ], [ 44.334421, 39.474379 ], [ 44.14, 39.689 ] ] } },
{ "type": "Feature", "properties": { "average_dip": "(85.0,85.0,85.0)", "average_rake": "(180,180.0,180.0)", "catalog_id": "ME_TRCS097", "catalog_name": "EMME", "dip_dir": null, "lower_seis_depth": "(20.0,,)", "name": null, "net_slip_rate": "(1.8,0.5,3.0)", "slip_type": "Dextral", "upper_seis_depth": "(2.0,,)", "downthrown_side_id": null, "reference": null, "epistemic_quality": "1", "accuracy": null, "activity_confidence": null, "fs_name": null, "last_movement": null, "downthrown_side_dir": null, "vert_sep_rate": null, "strike_slip_rate": null, "exposure_quality": null, "shortening_rate": null, "notes": null, "index_right": 65, "NAME_EN": "Turkey" }, "geometry": { "type": "LineString", "coordinates": [ [ 43.324218, 39.214764 ], [ 43.499207, 39.021202 ], [ 43.550944, 38.986132 ] ] } },
{ "type": "Feature", "properties": { "average_dip": "(85.0,85.0,85.0)", "average_rake": "(180,180.0,180.0)", "catalog_id": "ME_TRCS098", "catalog_name": "EMME", "dip_dir": null, "lower_seis_depth": "(20.0,,)", "name": null, "net_slip_rate": "(1.8,0.5,3.0)", "slip_type": "Dextral", "upper_seis_depth": "(2.0,,)", "downthrown_side_id": null, "reference": null, "epistemic_quality": "1", "accuracy": null, "activity_confidence": null, "fs_name": null, "last_movement": null, "downthrown_side_dir": null, "vert_sep_rate": null, "strike_slip_rate": null, "exposure_quality": null, "shortening_rate": null, "notes": null, "index_right": 65, "NAME_EN": "Turkey" }, "geometry": { "type": "LineString", "coordinates": [ [ 43.90756, 38.690629 ], [ 43.739198, 38.871915 ], [ 43.670681, 38.950906 ], [ 43.642545, 38.973944 ], [ 43.603117, 38.982865 ] ] } },
{ "type": "Feature", "properties": { "average_dip": "(85.0,85.0,85.0)", "average_rake": "(180,180.0,180.0)", "catalog_id": "ME_TRCS099", "catalog_name": "EMME", "dip_dir": null, "lower_seis_depth": "(20.0,,)", "name": null, "net_slip_rate": "(0.8,0.7,1.0)", "slip_type": "Dextral", "upper_seis_depth": "(2.0,,)", "downthrown_side_id": null, "reference": null, "epistemic_quality": "1", "accuracy": null, "activity_confidence": null, "fs_name": null, "last_movement": null, "downthrown_side_dir": null, "vert_sep_rate": null, "strike_slip_rate": null, "exposure_quality": null, "shortening_rate": null, "notes": null, "index_right": 65, "NAME_EN": "Turkey" }, "geometry": { "type": "LineString", "coordinates": [ [ 44.284536, 38.73073 ], [ 44.231435, 38.800926 ], [ 44.15537, 38.856876 ], [ 44.091214, 38.921282 ], [ 43.960707, 38.992412 ] ] } },
{ "type": "Feature", "properties": { "average_dip": "(85.0,85.0,85.0)", "average_rake": "(0,0.0,0.0)", "catalog_id": "ME_TRCS100", "catalog_name": "EMME", "dip_dir": null, "lower_seis_depth": "(20.0,,)", "name": null, "net_slip_rate": "(1.0,0.5,1.5)", "slip_type": "Sinistral", "upper_seis_depth": "(2.0,,)", "downthrown_side_id": null, "reference": null, "epistemic_quality": "1", "accuracy": null, "activity_confidence": null, "fs_name": null, "last_movement": null, "downthrown_side_dir": null, "vert_sep_rate": null, "strike_slip_rate": null, "exposure_quality": null, "shortening_rate": null, "notes": null, "index_right": 65, "NAME_EN": "Turkey" }, "geometry": { "type": "LineString", "coordinates": [ [ 42.73366, 38.798674 ], [ 42.81225, 38.85769 ], [ 42.993287, 38.947651 ] ] } },
{ "type": "Feature", "properties": { "average_dip": "(85.0,85.0,85.0)", "average_rake": "(0,0.0,0.0)", "catalog_id": "ME_TRCS101", "catalog_name": "EMME", "dip_dir": null, "lower_seis_depth": "(20.0,,)", "name": null, "net_slip_rate": "(1.0,0.5,1.5)", "slip_type": "Sinistral", "upper_seis_depth": "(2.0,,)", "downthrown_side_id": null, "reference": null, "epistemic_quality": "1", "accuracy": null, "activity_confidence": null, "fs_name": null, "last_movement": null, "downthrown_side_dir": null, "vert_sep_rate": null, "strike_slip_rate": null, "exposure_quality": null, "shortening_rate": null, "notes": null, "index_right": 65, "NAME_EN": "Turkey" }, "geometry": { "type": "LineString", "coordinates": [ [ 43.153987, 39.128802 ], [ 43.126223, 39.088865 ], [ 43.070169, 39.061144 ], [ 42.971977, 38.987346 ] ] } },
{ "type": "Feature", "properties": { "average_dip": "(87.5,85.0,90.0)", "average_rake": "(180,180.0,180.0)", "catalog_id": "ME_TRCS103", "catalog_name": "EMME", "dip_dir": null, "lower_seis_depth": "(20.0,,)", "name": null, "net_slip_rate": "(2.0,1.0,3.0)", "slip_type": "Dextral", "upper_seis_depth": "(0.0,,)", "downthrown_side_id": null, "reference": null, "epistemic_quality": "1", "accuracy": null, "activity_confidence": null, "fs_name": null, "last_movement": null, "downthrown_side_dir": null, "vert_sep_rate": null, "strike_slip_rate": null, "exposure_quality": null, "shortening_rate": null, "notes": null, "index_right": 65, "NAME_EN": "Turkey" }, "geometry": { "type": "LineString", "coordinates": [ [ 44.033494, 37.633959 ], [ 44.167026, 37.527588 ], [ 44.357548, 37.442961 ], [ 44.44919, 37.39598 ], [ 44.531666, 37.339341 ], [ 44.692161, 37.222254 ], [ 44.75994, 37.154514 ], [ 44.840436, 37.09633 ], [ 44.924766, 37.041766 ], [ 45.038494, 36.912597 ], [ 45.082007, 36.811299 ], [ 45.090558, 36.693894 ] ] } },
{ "type": "Feature", "properties": { "average_dip": "(85.0,85.0,85.0)", "average_rake": "(180,180.0,180.0)", "catalog_id": "ME_TRCS104", "catalog_name": "EMME", "dip_dir": null, "lower_seis_depth": "(10.0,,)", "name": null, "net_slip_rate": "(0.6,0.25,1.0)", "slip_type": "Dextral", "upper_seis_depth": "(3.0,,)", "downthrown_side_id": null, "reference": null, "epistemic_quality": "1", "accuracy": null, "activity_confidence": null, "fs_name": null, "last_movement": null, "downthrown_side_dir": null, "vert_sep_rate": null, "strike_slip_rate": null, "exposure_quality": null, "shortening_rate": null, "notes": null, "index_right": 65, "NAME_EN": "Turkey" }, "geometry": { "type": "LineString", "coordinates": [ [ 44.682895, 37.444019 ], [ 44.575603, 37.459065 ], [ 44.518961, 37.47084 ], [ 44.474109, 37.47662 ], [ 44.410309, 37.498937 ], [ 44.323163, 37.549899 ] ] } },
{ "type": "Feature", "properties": { "average_dip": "(85.0,85.0,85.0)", "average_rake": "(180,180.0,180.0)", "catalog_id": "ME_TRCS105", "catalog_name": "EMME", "dip_dir": null, "lower_seis_depth": "(20.0,,)", "name": null, "net_slip_rate": "(0.6,0.25,1.0)", "slip_type": "Dextral", "upper_seis_depth": "(3.0,,)", "downthrown_side_id": null, "reference": null, "epistemic_quality": "1", "accuracy": null, "activity_confidence": null, "fs_name": null, "last_movement": null, "downthrown_side_dir": null, "vert_sep_rate": null, "strike_slip_rate": null, "exposure_quality": null, "shortening_rate": null, "notes": null, "index_right": 65, "NAME_EN": "Turkey" }, "geometry": { "type": "LineString", "coordinates": [ [ 44.002809, 37.693977 ], [ 43.950089, 37.702742 ], [ 43.895608, 37.691995 ], [ 43.841996, 37.706339 ], [ 43.791906, 37.729039 ], [ 43.686413, 37.746576 ] ] } },
{ "type": "Feature", "properties": { "average_dip": "(70.0,70.0,70.0)", "average_rake": "(-8,-16.0,0.0)", "catalog_id": "ME_TRCS106", "catalog_name": "EMME", "dip_dir": null, "lower_seis_depth": "(20.0,,)", "name": null, "net_slip_rate": "(2.1,1.0,3.1832)", "slip_type": "Dextral", "upper_seis_depth": "(0.0,,)", "downthrown_side_id": null, "reference": null, "epistemic_quality": "1", "accuracy": null, "activity_confidence": null, "fs_name": null, "last_movement": null, "downthrown_side_dir": null, "vert_sep_rate": null, "strike_slip_rate": null, "exposure_quality": null, "shortening_rate": null, "notes": null, "index_right": 65, "NAME_EN": "Turkey" }, "geometry": { "type": "LineString", "coordinates": [ [ 43.871616, 37.797949 ], [ 44.036548, 38.079161 ], [ 44.112395, 38.144548 ], [ 44.192158, 38.207041 ], [ 44.344789, 38.337382 ], [ 44.423748, 38.400662 ], [ 44.49186, 38.465155 ] ] } },
{ "type": "Feature", "properties": { "average_dip": "(70.0,70.0,70.0)", "average_rake": "(111,111.0,111.0)", "catalog_id": "ME_TRCS107", "catalog_name": "EMME", "dip_dir": null, "lower_seis_depth": "(20.0,,)", "name": null, "net_slip_rate": "(2.1,1.0642,3.0542)", "slip_type": "Reverse", "upper_seis_depth": "(1.0,,)", "downthrown_side_id": null, "reference": null, "epistemic_quality": "1", "accuracy": null, "activity_confidence": null, "fs_name": null, "last_movement": null, "downthrown_side_dir": null, "vert_sep_rate": null, "strike_slip_rate": null, "exposure_quality": null, "shortening_rate": null, "notes": null, "index_right": 65, "NAME_EN": "Turkey" }, "geometry": { "type": "LineString", "coordinates": [ [ 42.426813, 38.525881 ], [ 42.64286, 38.487974 ], [ 42.753502, 38.485868 ], [ 42.85906, 38.511947 ], [ 42.936427, 38.450005 ], [ 42.921037, 38.364214 ], [ 43.011243, 38.266689 ], [ 43.1208, 38.277045 ] ] } },
{ "type": "Feature", "properties": { "average_dip": "(68.0,68.0,68.0)", "average_rake": "(156,156.0,156.0)", "catalog_id": "ME_TRCS108", "catalog_name": "EMME", "dip_dir": null, "lower_seis_depth": "(20.0,,)", "name": null, "net_slip_rate": "(1.8,1.0,2.5724)", "slip_type": "Dextral-Reverse", "upper_seis_depth": "(2.0,,)", "downthrown_side_id": null, "reference": null, "epistemic_quality": "1", "accuracy": null, "activity_confidence": null, "fs_name": null, "last_movement": null, "downthrown_side_dir": null, "vert_sep_rate": null, "strike_slip_rate": null, "exposure_quality": null, "shortening_rate": null, "notes": null, "index_right": 65, "NAME_EN": "Turkey" }, "geometry": { "type": "LineString", "coordinates": [ [ 43.073594, 38.540464 ], [ 42.81906, 38.625016 ] ] } },
{ "type": "Feature", "properties": { "average_dip": "(68.0,68.0,68.0)", "average_rake": "(156,156.0,156.0)", "catalog_id": "ME_TRCS109", "catalog_name": "EMME", "dip_dir": null, "lower_seis_depth": "(20.0,,)", "name": null, "net_slip_rate": "(1.2,0.5,2.0)", "slip_type": "Dextral-Reverse", "upper_seis_depth": "(2.0,,)", "downthrown_side_id": null, "reference": null, "epistemic_quality": "1", "accuracy": null, "activity_confidence": null, "fs_name": null, "last_movement": null, "downthrown_side_dir": null, "vert_sep_rate": null, "strike_slip_rate": null, "exposure_quality": null, "shortening_rate": null, "notes": null, "index_right": 65, "NAME_EN": "Turkey" }, "geometry": { "type": "LineString", "coordinates": [ [ 42.819535, 38.731125 ], [ 42.607745, 38.701501 ] ] } },
{ "type": "Feature", "properties": { "average_dip": "(34.5,29.0,40.0)", "average_rake": "(90,90.0,90.0)", "catalog_id": "ME_TRCS112", "catalog_name": "EMME", "dip_dir": null, "lower_seis_depth": "(20.0,,)", "name": null, "net_slip_rate": "(1.6,0.25,3.0)", "slip_type": "Reverse", "upper_seis_depth": "(1.0,,)", "downthrown_side_id": null, "reference": null, "epistemic_quality": "1", "accuracy": null, "activity_confidence": null, "fs_name": null, "last_movement": null, "downthrown_side_dir": null, "vert_sep_rate": null, "strike_slip_rate": null, "exposure_quality": null, "shortening_rate": null, "notes": null, "index_right": 65, "NAME_EN": "Turkey" }, "geometry": { "type": "LineString", "coordinates": [ [ 41.245293, 38.920058 ], [ 41.3187, 38.907072 ], [ 41.34055, 38.895289 ], [ 41.410266, 38.874102 ], [ 41.477622, 38.880538 ], [ 41.616678, 38.852535 ], [ 41.658392, 38.82308 ], [ 41.696987, 38.811715 ], [ 41.741633, 38.780927 ], [ 41.772091, 38.762762 ], [ 41.813049, 38.742913 ], [ 41.858741, 38.744376 ], [ 41.901118, 38.723264 ], [ 41.932805, 38.701453 ], [ 41.953332, 38.692124 ], [ 42.00191, 38.68563 ] ] } },
{ "type": "Feature", "properties": { "average_dip": "(69.0,69.0,69.0)", "average_rake": "(8,8.0,8.0)", "catalog_id": "ME_TRCS113", "catalog_name": "EMME", "dip_dir": null, "lower_seis_depth": "(20.0,,)", "name": null, "net_slip_rate": "(1.5,1.0,2.0)", "slip_type": "Sinistral", "upper_seis_depth": "(0.0,,)", "downthrown_side_id": null, "reference": null, "epistemic_quality": "1", "accuracy": null, "activity_confidence": null, "fs_name": null, "last_movement": null, "downthrown_side_dir": null, "vert_sep_rate": null, "strike_slip_rate": null, "exposure_quality": null, "shortening_rate": null, "notes": null, "index_right": 65, "NAME_EN": "Turkey" }, "geometry": { "type": "LineString", "coordinates": [ [ 42.141778, 40.374559 ], [ 42.34283, 40.600409 ], [ 42.402176, 40.679385 ], [ 42.509657, 40.7197 ], [ 42.59043, 40.786941 ], [ 42.675644, 40.851025 ], [ 42.735548, 40.902955 ] ] } },
{ "type": "Feature", "properties": { "average_dip": "(85.0,85.0,85.0)", "average_rake": "(0,0.0,0.0)", "catalog_id": "ME_TRCS114", "catalog_name": "EMME", "dip_dir": null, "lower_seis_depth": "(20.0,,)", "name": null, "net_slip_rate": "(1.0,0.5,1.5)", "slip_type": "Sinistral", "upper_seis_depth": "(0.0,,)", "downthrown_side_id": null, "reference": null, "epistemic_quality": "1", "accuracy": null, "activity_confidence": null, "fs_name": null, "last_movement": null, "downthrown_side_dir": null, "vert_sep_rate": null, "strike_slip_rate": null, "exposure_quality": null, "shortening_rate": null, "notes": null, "index_right": 65, "NAME_EN": "Turkey" }, "geometry": { "type": "LineString", "coordinates": [ [ 41.340386, 39.999144 ], [ 41.475679, 40.149793 ], [ 41.529543, 40.231404 ], [ 41.572757, 40.316648 ], [ 41.620296, 40.400559 ], [ 41.705704, 40.464801 ], [ 41.776766, 40.538515 ], [ 41.861192, 40.603635 ], [ 41.94062, 40.672341 ], [ 42.125438, 40.789806 ], [ 42.192494, 40.865825 ], [ 42.270116, 40.935907 ], [ 42.36154, 40.995807 ], [ 42.455648, 41.053367 ], [ 42.54594, 41.114373 ], [ 42.662374, 41.225774 ] ] } },
{ "type": "Feature", "properties": { "average_dip": "(88.0,86.0,90.0)", "average_rake": "(0,0.0,0.0)", "catalog_id": "ME_TRCS115", "catalog_name": "EMME", "dip_dir": null, "lower_seis_depth": "(20.0,,)", "name": null, "net_slip_rate": "(1.5,0.7,2.3)", "slip_type": "Sinistral", "upper_seis_depth": "(0.0,,)", "downthrown_side_id": null, "reference": null, "epistemic_quality": "1", "accuracy": null, "activity_confidence": null, "fs_name": null, "last_movement": null, "downthrown_side_dir": null, "vert_sep_rate": null, "strike_slip_rate": null, "exposure_quality": null, "shortening_rate": null, "notes": null, "index_right": 65, "NAME_EN": "Turkey" }, "geometry": { "type": "LineString", "coordinates": [ [ 40.323205, 39.784713 ], [ 40.439508, 39.786193 ], [ 40.506794, 39.804942 ], [ 40.597956, 39.863616 ], [ 40.697175, 39.914082 ], [ 40.940846, 40.045541 ], [ 40.992229, 40.063599 ], [ 41.105523, 40.113399 ] ] } },
{ "type": "Feature", "properties": { "average_dip": "(85.0,85.0,85.0)", "average_rake": "(0,0.0,0.0)", "catalog_id": "ME_TRCS116", "catalog_name": "EMME", "dip_dir": null, "lower_seis_depth": "(10.0,,)", "name": null, "net_slip_rate": "(0.6,0.1,1.0)", "slip_type": "Sinistral", "upper_seis_depth": "(3.0,,)", "downthrown_side_id": null, "reference": null, "epistemic_quality": "1", "accuracy": null, "activity_confidence": null, "fs_name": null, "last_movement": null, "downthrown_side_dir": null, "vert_sep_rate": null, "strike_slip_rate": null, "exposure_quality": null, "shortening_rate": null, "notes": null, "index_right": 65, "NAME_EN": "Turkey" }, "geometry": { "type": "LineString", "coordinates": [ [ 42.552058, 41.382034 ], [ 42.803526, 41.55119 ] ] } },
{ "type": "Feature", "properties": { "average_dip": "(85.0,85.0,85.0)", "average_rake": "(0,0.0,0.0)", "catalog_id": "ME_TRCS117", "catalog_name": "EMME", "dip_dir": null, "lower_seis_depth": "(20.0,,)", "name": null, "net_slip_rate": "(0.6,0.1,1.0)", "slip_type": "Sinistral", "upper_seis_depth": "(1.0,,)", "downthrown_side_id": null, "reference": null, "epistemic_quality": "1", "accuracy": null, "activity_confidence": null, "fs_name": null, "last_movement": null, "downthrown_side_dir": null, "vert_sep_rate": null, "strike_slip_rate": null, "exposure_quality": null, "shortening_rate": null, "notes": null, "index_right": 65, "NAME_EN": "Turkey" }, "geometry": { "type": "LineString", "coordinates": [ [ 42.35557, 41.192416 ], [ 42.739777, 41.490212 ] ] } },
{ "type": "Feature", "properties": { "average_dip": "(85.0,85.0,85.0)", "average_rake": "(0,0.0,0.0)", "catalog_id": "ME_TRCS118", "catalog_name": "EMME", "dip_dir": null, "lower_seis_depth": "(20.0,,)", "name": null, "net_slip_rate": "(0.6,0.1,1.0)", "slip_type": "Sinistral", "upper_seis_depth": "(1.0,,)", "downthrown_side_id": null, "reference": null, "epistemic_quality": "1", "accuracy": null, "activity_confidence": null, "fs_name": null, "last_movement": null, "downthrown_side_dir": null, "vert_sep_rate": null, "strike_slip_rate": null, "exposure_quality": null, "shortening_rate": null, "notes": null, "index_right": 65, "NAME_EN": "Turkey" }, "geometry": { "type": "LineString", "coordinates": [ [ 42.580701, 41.440602 ], [ 42.660508, 41.48883 ], [ 42.743381, 41.534122 ], [ 42.809446, 41.589092 ] ] } },
{ "type": "Feature", "properties": { "average_dip": "(87.5,85.0,90.0)", "average_rake": "(22,0.0,45.0)", "catalog_id": "ME_TRCS119", "catalog_name": "EMME", "dip_dir": null, "lower_seis_depth": "(20.0,,)", "name": null, "net_slip_rate": "(1.5,1.0,2.0)", "slip_type": "Sinistral-Reverse", "upper_seis_depth": "(3.0,,)", "downthrown_side_id": null, "reference": null, "epistemic_quality": "1", "accuracy": null, "activity_confidence": null, "fs_name": null, "last_movement": null, "downthrown_side_dir": null, "vert_sep_rate": null, "strike_slip_rate": null, "exposure_quality": null, "shortening_rate": null, "notes": null, "index_right": 65, "NAME_EN": "Turkey" }, "geometry": { "type": "LineString", "coordinates": [ [ 41.738376, 41.061781 ], [ 41.939877, 41.149086 ], [ 42.026455, 41.207587 ], [ 42.125648, 41.253447 ], [ 42.231414, 41.290183 ], [ 42.294012, 41.364065 ], [ 42.392334, 41.411255 ], [ 42.503285, 41.438592 ], [ 42.545241, 41.520328 ], [ 42.571101, 41.555512 ] ] } },
{ "type": "Feature", "properties": { "average_dip": "(87.5,85.0,90.0)", "average_rake": "(0,0.0,0.0)", "catalog_id": "ME_TRCS120", "catalog_name": "EMME", "dip_dir": null, "lower_seis_depth": "(20.0,,)", "name": null, "net_slip_rate": "(2.3,2.3,2.3)", "slip_type": "Sinistral", "upper_seis_depth": "(0.0,,)", "downthrown_side_id": null, "reference": null, "epistemic_quality": "1", "accuracy": null, "activity_confidence": null, "fs_name": null, "last_movement": null, "downthrown_side_dir": null, "vert_sep_rate": null, "strike_slip_rate": null, "exposure_quality": null, "shortening_rate": null, "notes": null, "index_right": 65, "NAME_EN": "Turkey" }, "geometry": { "type": "LineString", "coordinates": [ [ 39.578316, 40.203098 ], [ 39.81139, 40.247426 ], [ 40.385838, 40.382798 ], [ 40.506145, 40.386019 ], [ 40.625654, 40.397116 ], [ 40.740559, 40.424557 ], [ 40.857982, 40.445051 ], [ 40.97345, 40.471294 ], [ 41.049832, 40.542252 ], [ 41.146309, 40.597364 ], [ 41.251792, 40.642054 ], [ 41.457886, 40.738021 ], [ 41.524507, 40.814587 ], [ 41.600146, 40.971608 ] ] } },
{ "type": "Feature", "properties": { "average_dip": "(85.0,85.0,85.0)", "average_rake": "(0,0.0,0.0)", "catalog_id": "ME_TRCS121", "catalog_name": "EMME", "dip_dir": null, "lower_seis_depth": "(20.0,,)", "name": null, "net_slip_rate": "(1.3,0.25,2.3)", "slip_type": "Sinistral", "upper_seis_depth": "(2.0,,)", "downthrown_side_id": null, "reference": null, "epistemic_quality": "1", "accuracy": null, "activity_confidence": null, "fs_name": null, "last_movement": null, "downthrown_side_dir": null, "vert_sep_rate": null, "strike_slip_rate": null, "exposure_quality": null, "shortening_rate": null, "notes": null, "index_right": 65, "NAME_EN": "Turkey" }, "geometry": { "type": "LineString", "coordinates": [ [ 41.836471, 40.994042 ], [ 41.640516, 40.810836 ] ] } },
{ "type": "Feature", "properties": { "average_dip": "(85.0,85.0,85.0)", "average_rake": "(0,0.0,0.0)", "catalog_id": "ME_TRCS122", "catalog_name": "EMME", "dip_dir": null, "lower_seis_depth": "(20.0,,)", "name": null, "net_slip_rate": "(0.8,0.5,1.0)", "slip_type": "Sinistral", "upper_seis_depth": "(1.0,,)", "downthrown_side_id": null, "reference": null, "epistemic_quality": "1", "accuracy": null, "activity_confidence": null, "fs_name": null, "last_movement": null, "downthrown_side_dir": null, "vert_sep_rate": null, "strike_slip_rate": null, "exposure_quality": null, "shortening_rate": null, "notes": null, "index_right": 65, "NAME_EN": "Turkey" }, "geometry": { "type": "LineString", "coordinates": [ [ 39.321204, 40.107161 ], [ 39.435603, 40.11868 ], [ 39.54739, 40.096836 ], [ 39.874294, 40.184197 ], [ 39.985197, 40.208919 ], [ 40.30928, 40.274497 ] ] } },
{ "type": "Feature", "properties": { "average_dip": "(85.0,85.0,85.0)", "average_rake": "(0,0.0,0.0)", "catalog_id": "ME_TRCS123", "catalog_name": "EMME", "dip_dir": null, "lower_seis_depth": "(20.0,,)", "name": null, "net_slip_rate": "(1.0,0.5,1.5)", "slip_type": "Sinistral", "upper_seis_depth": "(1.0,,)", "downthrown_side_id": null, "reference": null, "epistemic_quality": "1", "accuracy": null, "activity_confidence": null, "fs_name": null, "last_movement": null, "downthrown_side_dir": null, "vert_sep_rate": null, "strike_slip_rate": null, "exposure_quality": null, "shortening_rate": null, "notes": null, "index_right": 65, "NAME_EN": "Turkey" }, "geometry": { "type": "LineString", "coordinates": [ [ 43.2037, 41.287306 ], [ 43.183369, 41.260892 ], [ 43.143661, 41.246398 ], [ 43.061853, 41.141189 ], [ 43.019075, 41.089497 ], [ 42.975669, 41.066971 ], [ 42.945796, 41.038182 ] ] } },
{ "type": "Feature", "properties": { "average_dip": "(87.5,85.0,90.0)", "average_rake": "(0,0.0,0.0)", "catalog_id": "ME_TRCS124", "catalog_name": "EMME", "dip_dir": null, "lower_seis_depth": "(20.0,,)", "name": null, "net_slip_rate": "(1.5,1.0,2.0)", "slip_type": "Sinistral", "upper_seis_depth": "(0.0,,)", "downthrown_side_id": null, "reference": null, "epistemic_quality": "1", "accuracy": null, "activity_confidence": null, "fs_name": null, "last_movement": null, "downthrown_side_dir": null, "vert_sep_rate": null, "strike_slip_rate": null, "exposure_quality": null, "shortening_rate": null, "notes": null, "index_right": 65, "NAME_EN": "Turkey" }, "geometry": { "type": "LineString", "coordinates": [ [ 43.080103, 41.301347 ], [ 43.012816, 41.227253 ], [ 42.91685, 41.174015 ], [ 42.831678, 41.141016 ] ] } },
{ "type": "Feature", "properties": { "average_dip": "(85.0,85.0,85.0)", "average_rake": "(0,0.0,0.0)", "catalog_id": "ME_TRCS125", "catalog_name": "EMME", "dip_dir": null, "lower_seis_depth": "(20.0,,)", "name": null, "net_slip_rate": "(0.8,0.5,1.0)", "slip_type": "Sinistral", "upper_seis_depth": "(1.0,,)", "downthrown_side_id": null, "reference": null, "epistemic_quality": "1", "accuracy": null, "activity_confidence": null, "fs_name": null, "last_movement": null, "downthrown_side_dir": null, "vert_sep_rate": null, "strike_slip_rate": null, "exposure_quality": null, "shortening_rate": null, "notes": null, "index_right": 65, "NAME_EN": "Turkey" }, "geometry": { "type": "LineString", "coordinates": [ [ 42.864318, 41.285746 ], [ 42.634199, 41.063489 ] ] } },
{ "type": "Feature", "properties": { "average_dip": "(72.0,72.0,72.0)", "average_rake": "(165,165.0,165.0)", "catalog_id": "ME_TRCS126", "catalog_name": "EMME", "dip_dir": null, "lower_seis_depth": "(20.0,,)", "name": null, "net_slip_rate": "(2.6,0.25,5.0)", "slip_type": "Dextral", "upper_seis_depth": "(5.0,,)", "downthrown_side_id": null, "reference": null, "epistemic_quality": "1", "accuracy": null, "activity_confidence": null, "fs_name": null, "last_movement": null, "downthrown_side_dir": null, "vert_sep_rate": null, "strike_slip_rate": null, "exposure_quality": null, "shortening_rate": null, "notes": null, "index_right": 65, "NAME_EN": "Turkey" }, "geometry": { "type": "LineString", "coordinates": [ [ 41.454821, 39.112823 ], [ 41.223996, 39.273117 ] ] } },
{ "type": "Feature", "properties": { "average_dip": "(80.0,80.0,80.0)", "average_rake": "(180,180.0,180.0)", "catalog_id": "ME_TRCS128", "catalog_name": "EMME", "dip_dir": null, "lower_seis_depth": "(20.0,,)", "name": null, "net_slip_rate": "(1.5,1.0,2.0)", "slip_type": "Dextral", "upper_seis_depth": "(1.0,,)", "downthrown_side_id": null, "reference": null, "epistemic_quality": "1", "accuracy": null, "activity_confidence": null, "fs_name": null, "last_movement": null, "downthrown_side_dir": null, "vert_sep_rate": null, "strike_slip_rate": null, "exposure_quality": null, "shortening_rate": null, "notes": null, "index_right": 65, "NAME_EN": "Turkey" }, "geometry": { "type": "LineString", "coordinates": [ [ 37.780457, 37.611791 ], [ 38.235, 37.489434 ], [ 38.345201, 37.45198 ], [ 38.538336, 37.339435 ], [ 38.642876, 37.305538 ] ] } },
{ "type": "Feature", "properties": { "average_dip": "(48.0,40.0,56.0)", "average_rake": "(97,65.0,129.0)", "catalog_id": "ME_TRCS129", "catalog_name": "EMME", "dip_dir": null, "lower_seis_depth": "(20.0,,)", "name": null, "net_slip_rate": "(3.7,3.3,4.1)", "slip_type": "Reverse", "upper_seis_depth": "(0.0,,)", "downthrown_side_id": null, "reference": null, "epistemic_quality": "1", "accuracy": null, "activity_confidence": null, "fs_name": null, "last_movement": null, "downthrown_side_dir": null, "vert_sep_rate": null, "strike_slip_rate": null, "exposure_quality": null, "shortening_rate": null, "notes": null, "index_right": 65, "NAME_EN": "Turkey" }, "geometry": { "type": "LineString", "coordinates": [ [ 42.9031, 37.679223 ], [ 43.389314, 37.522314 ], [ 43.646597, 37.501746 ], [ 43.826292, 37.604206 ], [ 43.904326, 37.591039 ], [ 44.153701, 37.404562 ], [ 44.330462, 37.269994 ], [ 44.329782, 37.150948 ] ] } },
{ "type": "Feature", "properties": { "average_dip": "(52.5,40.0,65.0)", "average_rake": "(104,85.0,123.0)", "catalog_id": "ME_TRCS130", "catalog_name": "EMME", "dip_dir": null, "lower_seis_depth": "(20.0,,)", "name": null, "net_slip_rate": "(3.7,3.3,4.1)", "slip_type": "Reverse", "upper_seis_depth": "(1.0,,)", "downthrown_side_id": null, "reference": null, "epistemic_quality": "1", "accuracy": null, "activity_confidence": null, "fs_name": null, "last_movement": null, "downthrown_side_dir": null, "vert_sep_rate": null, "strike_slip_rate": null, "exposure_quality": null, "shortening_rate": null, "notes": null, "index_right": 65, "NAME_EN": "Turkey" }, "geometry": { "type": "LineString", "coordinates": [ [ 41.398774, 38.321121 ], [ 41.808089, 38.125674 ], [ 42.51632, 37.877263 ], [ 42.859114, 37.707164 ] ] } },
{ "type": "Feature", "properties": { "average_dip": "(55.0,45.0,65.0)", "average_rake": "(127,124.0,131.0)", "catalog_id": "ME_TRCS131", "catalog_name": "EMME", "dip_dir": null, "lower_seis_depth": "(20.0,,)", "name": null, "net_slip_rate": "(4.8,4.4008,5.1391)", "slip_type": "Dextral-Reverse", "upper_seis_depth": "(1.0,,)", "downthrown_side_id": null, "reference": null, "epistemic_quality": "1", "accuracy": null, "activity_confidence": null, "fs_name": null, "last_movement": null, "downthrown_side_dir": null, "vert_sep_rate": null, "strike_slip_rate": null, "exposure_quality": null, "shortening_rate": null, "notes": null, "index_right": 65, "NAME_EN": "Turkey" }, "geometry": { "type": "LineString", "coordinates": [ [ 40.7439, 38.5198 ], [ 40.84772, 38.504957 ], [ 40.95232, 38.494085 ], [ 41.052053, 38.467166 ], [ 41.148677, 38.434098 ], [ 41.3329, 38.3644 ] ] } },
{ "type": "Feature", "properties": { "average_dip": "(50.0,50.0,50.0)", "average_rake": "(58,58.0,58.0)", "catalog_id": "ME_TRCS132", "catalog_name": "EMME", "dip_dir": null, "lower_seis_depth": "(20.0,,)", "name": null, "net_slip_rate": "None", "slip_type": "Sinistral-Reverse", "upper_seis_depth": "(0.0,,)", "downthrown_side_id": null, "reference": null, "epistemic_quality": "1", "accuracy": null, "activity_confidence": null, "fs_name": null, "last_movement": null, "downthrown_side_dir": null, "vert_sep_rate": null, "strike_slip_rate": null, "exposure_quality": null, "shortening_rate": null, "notes": null, "index_right": 65, "NAME_EN": "Turkey" }, "geometry": { "type": "LineString", "coordinates": [ [ 40.2581, 38.4646 ], [ 40.499443, 38.512317 ], [ 40.623694, 38.518553 ], [ 40.7471, 38.5208 ] ] } },
{ "type": "Feature", "properties": { "average_dip": "(47.5,45.0,50.0)", "average_rake": "(67,58.0,77.0)", "catalog_id": "ME_TRCS133", "catalog_name": "EMME", "dip_dir": null, "lower_seis_depth": "(20.0,,)", "name": null, "net_slip_rate": "(2.5,1.0,4.062)", "slip_type": "Reverse", "upper_seis_depth": "(0.0,,)", "downthrown_side_id": null, "reference": null, "epistemic_quality": "1", "accuracy": null, "activity_confidence": null, "fs_name": null, "last_movement": null, "downthrown_side_dir": null, "vert_sep_rate": null, "strike_slip_rate": null, "exposure_quality": null, "shortening_rate": null, "notes": null, "index_right": 65, "NAME_EN": "Turkey" }, "geometry": { "type": "LineString", "coordinates": [ [ 38.223023, 37.995719 ], [ 38.273898, 37.983139 ], [ 38.3922, 37.983469 ], [ 38.508306, 37.990831 ], [ 38.826067, 38.105885 ], [ 38.930813, 38.146368 ], [ 39.030825, 38.193763 ], [ 39.143604, 38.217738 ], [ 39.260447, 38.21685 ], [ 39.377106, 38.211661 ], [ 39.486074, 38.244842 ], [ 39.590373, 38.286344 ], [ 39.692869, 38.330614 ], [ 39.790485, 38.381295 ], [ 39.8517, 38.459576 ], [ 39.946562, 38.513567 ], [ 40.1337, 38.5866 ] ] } },
{ "type": "Feature", "properties": { "average_dip": "(87.5,85.0,90.0)", "average_rake": "(180,180.0,180.0)", "catalog_id": "ME_TRCS134", "catalog_name": "EMME", "dip_dir": null, "lower_seis_depth": "(20.0,,)", "name": null, "net_slip_rate": "(2.0,1.0,3.0)", "slip_type": "Dextral", "upper_seis_depth": "(1.0,,)", "downthrown_side_id": null, "reference": null, "epistemic_quality": "1", "accuracy": null, "activity_confidence": null, "fs_name": null, "last_movement": null, "downthrown_side_dir": null, "vert_sep_rate": null, "strike_slip_rate": null, "exposure_quality": null, "shortening_rate": null, "notes": null, "index_right": 65, "NAME_EN": "Turkey" }, "geometry": { "type": "LineString", "coordinates": [ [ 41.853973, 38.493382 ], [ 41.775646, 38.501811 ], [ 41.745943, 38.510371 ], [ 41.687767, 38.523844 ], [ 41.636403, 38.54657 ], [ 41.579835, 38.561165 ], [ 41.519956, 38.572325 ], [ 41.465281, 38.591616 ], [ 41.408902, 38.608594 ], [ 41.385446, 38.638396 ], [ 41.344677, 38.660629 ], [ 41.287069, 38.681254 ], [ 41.230315, 38.712605 ], [ 41.132694, 38.745857 ], [ 40.965552, 38.840961 ] ] } },
{ "type": "Feature", "properties": { "average_dip": "(40.0,40.0,40.0)", "average_rake": "(117,117.0,117.0)", "catalog_id": "ME_TRCS135", "catalog_name": "EMME", "dip_dir": null, "lower_seis_depth": "(20.0,,)", "name": null, "net_slip_rate": "(1.6,0.0001,3.1131)", "slip_type": "Dextral-Reverse", "upper_seis_depth": "(2.0,,)", "downthrown_side_id": null, "reference": null, "epistemic_quality": "1", "accuracy": null, "activity_confidence": null, "fs_name": null, "last_movement": null, "downthrown_side_dir": null, "vert_sep_rate": null, "strike_slip_rate": null, "exposure_quality": null, "shortening_rate": null, "notes": null, "index_right": 65, "NAME_EN": "Turkey" }, "geometry": { "type": "LineString", "coordinates": [ [ 43.193483, 38.349915 ], [ 43.301741, 38.333335 ], [ 43.412028, 38.333667 ], [ 43.502479, 38.374529 ] ] } },
{ "type": "Feature", "properties": { "average_dip": "(85.0,85.0,85.0)", "average_rake": "(-16,-16.0,-16.0)", "catalog_id": "ME_TRCS136", "catalog_name": "EMME", "dip_dir": null, "lower_seis_depth": "(18.0,,)", "name": null, "net_slip_rate": "(0.6,0.1,1.0)", "slip_type": "Sinistral", "upper_seis_depth": "(0.0,,)", "downthrown_side_id": null, "reference": null, "epistemic_quality": "1", "accuracy": null, "activity_confidence": null, "fs_name": null, "last_movement": null, "downthrown_side_dir": null, "vert_sep_rate": null, "strike_slip_rate": null, "exposure_quality": null, "shortening_rate": null, "notes": null, "index_right": 65, "NAME_EN": "Turkey" }, "geometry": { "type": "LineString", "coordinates": [ [ 34.764373, 37.246761 ], [ 34.831358, 37.415776 ], [ 34.886902, 37.492631 ], [ 34.968858, 37.552846 ], [ 35.002909, 37.637244 ], [ 35.021376, 37.724634 ], [ 35.070806, 37.804158 ], [ 35.11264, 37.886375 ], [ 35.139986, 37.972316 ], [ 35.174086, 38.056749 ], [ 35.249559, 38.195854 ] ] } },
{ "type": "Feature", "properties": { "average_dip": "(87.5,85.0,90.0)", "average_rake": "(-16,-16.0,-16.0)", "catalog_id": "ME_TRCS137", "catalog_name": "EMME", "dip_dir": null, "lower_seis_depth": "(20.0,,)", "name": null, "net_slip_rate": "(0.3,0.2,0.4)", "slip_type": "Sinistral", "upper_seis_depth": "(0.0,,)", "downthrown_side_id": null, "reference": null, "epistemic_quality": "1", "accuracy": null, "activity_confidence": null, "fs_name": null, "last_movement": null, "downthrown_side_dir": null, "vert_sep_rate": null, "strike_slip_rate": null, "exposure_quality": null, "shortening_rate": null, "notes": null, "index_right": 65, "NAME_EN": "Turkey" }, "geometry": { "type": "LineString", "coordinates": [ [ 34.271971, 37.163295 ], [ 34.473346, 37.270751 ], [ 34.555543, 37.341752 ], [ 34.658865, 37.392473 ], [ 34.748197, 37.457916 ], [ 34.820949, 37.491247 ] ] } },
{ "type": "Feature", "properties": { "average_dip": "(60.0,60.0,60.0)", "average_rake": "(0,169.0,-169.0)", "catalog_id": "ME_TRCS138", "catalog_name": "EMME", "dip_dir": null, "lower_seis_depth": "(15.0,,)", "name": null, "net_slip_rate": "(0.9,0.25,1.5)", "slip_type": "Dextral", "upper_seis_depth": "(1.0,,)", "downthrown_side_id": null, "reference": null, "epistemic_quality": "1", "accuracy": null, "activity_confidence": null, "fs_name": null, "last_movement": null, "downthrown_side_dir": null, "vert_sep_rate": null, "strike_slip_rate": null, "exposure_quality": null, "shortening_rate": null, "notes": null, "index_right": 65, "NAME_EN": "Turkey" }, "geometry": { "type": "LineString", "coordinates": [ [ 34.982652, 37.819366 ], [ 34.871561, 37.79833 ], [ 34.757389, 37.801048 ], [ 34.655156, 37.841351 ], [ 34.57587, 37.906384 ], [ 34.377674, 37.996703 ], [ 34.315785, 38.072662 ], [ 34.108214, 38.288752 ], [ 34.036548, 38.359356 ], [ 33.885629, 38.495765 ], [ 33.817876, 38.568822 ], [ 33.624351, 38.793529 ], [ 33.60568, 38.882605 ], [ 33.537837, 38.955816 ], [ 33.446485, 39.011527 ], [ 33.417045, 39.098838 ], [ 33.334647, 39.162563 ] ] } },
{ "type": "Feature", "properties": { "average_dip": "(85.0,85.0,85.0)", "average_rake": "(180,180.0,180.0)", "catalog_id": "ME_TRCS139", "catalog_name": "EMME", "dip_dir": null, "lower_seis_depth": "(20.0,,)", "name": null, "net_slip_rate": "(1.2,0.5,2.0)", "slip_type": "Dextral", "upper_seis_depth": "(0.0,,)", "downthrown_side_id": null, "reference": null, "epistemic_quality": "1", "accuracy": null, "activity_confidence": null, "fs_name": null, "last_movement": null, "downthrown_side_dir": null, "vert_sep_rate": null, "strike_slip_rate": null, "exposure_quality": null, "shortening_rate": null, "notes": null, "index_right": 65, "NAME_EN": "Turkey" }, "geometry": { "type": "LineString", "coordinates": [ [ 40.404878, 38.948178 ], [ 40.482984, 38.883174 ], [ 40.552042, 38.812422 ] ] } },
{ "type": "Feature", "properties": { "average_dip": "(85.0,85.0,85.0)", "average_rake": "(180,180.0,180.0)", "catalog_id": "ME_TRCS140", "catalog_name": "EMME", "dip_dir": null, "lower_seis_depth": "(20.0,,)", "name": null, "net_slip_rate": "(2.6,0.25,5.0)", "slip_type": "Dextral", "upper_seis_depth": "(0.0,,)", "downthrown_side_id": null, "reference": null, "epistemic_quality": "1", "accuracy": null, "activity_confidence": null, "fs_name": null, "last_movement": null, "downthrown_side_dir": null, "vert_sep_rate": null, "strike_slip_rate": null, "exposure_quality": null, "shortening_rate": null, "notes": null, "index_right": 65, "NAME_EN": "Turkey" }, "geometry": { "type": "LineString", "coordinates": [ [ 40.096277, 39.048813 ], [ 40.145771, 39.03002 ], [ 40.253488, 39.012158 ], [ 40.355221, 38.979436 ], [ 40.450021, 38.964588 ] ] } },
{ "type": "Feature", "properties": { "average_dip": "(85.0,85.0,85.0)", "average_rake": "(180,180.0,180.0)", "catalog_id": "ME_TRCS141", "catalog_name": "EMME", "dip_dir": null, "lower_seis_depth": "(20.0,,)", "name": null, "net_slip_rate": "(2.6,0.25,5.0)", "slip_type": "Dextral", "upper_seis_depth": "(0.0,,)", "downthrown_side_id": null, "reference": null, "epistemic_quality": "1", "accuracy": null, "activity_confidence": null, "fs_name": null, "last_movement": null, "downthrown_side_dir": null, "vert_sep_rate": null, "strike_slip_rate": null, "exposure_quality": null, "shortening_rate": null, "notes": null, "index_right": 65, "NAME_EN": "Turkey" }, "geometry": { "type": "LineString", "coordinates": [ [ 39.356869, 39.22735 ], [ 39.470241, 39.205153 ], [ 39.587086, 39.20198 ], [ 39.702616, 39.188148 ], [ 39.814193, 39.161202 ], [ 40.021817, 39.078228 ], [ 40.119295, 39.071187 ] ] } },
{ "type": "Feature", "properties": { "average_dip": "(84.0,84.0,84.0)", "average_rake": "(180,180.0,180.0)", "catalog_id": "ME_TRCS146", "catalog_name": "EMME", "dip_dir": null, "lower_seis_depth": "(20.0,,)", "name": null, "net_slip_rate": "(1.2,0.5,2.0)", "slip_type": "Dextral", "upper_seis_depth": "(2.0,,)", "downthrown_side_id": null, "reference": null, "epistemic_quality": "1", "accuracy": null, "activity_confidence": null, "fs_name": null, "last_movement": null, "downthrown_side_dir": null, "vert_sep_rate": null, "strike_slip_rate": null, "exposure_quality": null, "shortening_rate": null, "notes": null, "index_right": 65, "NAME_EN": "Turkey" }, "geometry": { "type": "LineString", "coordinates": [ [ 40.32836, 39.063671 ], [ 40.426353, 39.038324 ], [ 40.465166, 39.017686 ], [ 40.503977, 38.992259 ], [ 40.541856, 38.964569 ], [ 40.590303, 38.938251 ] ] } },
{ "type": "Feature", "properties": { "average_dip": "(85.0,85.0,85.0)", "average_rake": "(0,0.0,0.0)", "catalog_id": "ME_TRCS147", "catalog_name": "EMME", "dip_dir": null, "lower_seis_depth": "(20.0,,)", "name": null, "net_slip_rate": "(2.3,2.3,2.3)", "slip_type": "Sinistral", "upper_seis_depth": "(0.0,,)", "downthrown_side_id": null, "reference": null, "epistemic_quality": "1", "accuracy": null, "activity_confidence": null, "fs_name": null, "last_movement": null, "downthrown_side_dir": null, "vert_sep_rate": null, "strike_slip_rate": null, "exposure_quality": null, "shortening_rate": null, "notes": null, "index_right": 65, "NAME_EN": "Turkey" }, "geometry": { "type": "LineString", "coordinates": [ [ 39.39775, 39.884259 ], [ 39.453768, 39.88562 ], [ 39.563349, 39.903785 ], [ 39.669417, 39.931726 ], [ 39.779959, 39.946382 ], [ 40.003165, 39.964217 ], [ 40.111944, 39.985413 ], [ 40.215538, 40.018593 ], [ 40.309929, 40.065244 ], [ 40.385017, 40.105586 ] ] } },
{ "type": "Feature", "properties": { "average_dip": "(60.0,60.0,60.0)", "average_rake": "(-90,-90.0,-90.0)", "catalog_id": "ME_TRCS149", "catalog_name": "EMME", "dip_dir": null, "lower_seis_depth": "(20.0,,)", "name": null, "net_slip_rate": "(1.3,0.55,2.0)", "slip_type": "Normal", "upper_seis_depth": "(2.0,,)", "downthrown_side_id": null, "reference": null, "epistemic_quality": "1", "accuracy": null, "activity_confidence": null, "fs_name": null, "last_movement": null, "downthrown_side_dir": null, "vert_sep_rate": null, "strike_slip_rate": null, "exposure_quality": null, "shortening_rate": null, "notes": null, "index_right": 65, "NAME_EN": "Turkey" }, "geometry": { "type": "LineString", "coordinates": [ [ 40.79787, 39.34109 ], [ 40.871647, 39.255205 ], [ 40.861286, 39.156736 ] ] } },
{ "type": "Feature", "properties": { "average_dip": "(85.0,85.0,85.0)", "average_rake": "(180,180.0,180.0)", "catalog_id": "ME_TRCS151", "catalog_name": "EMME", "dip_dir": null, "lower_seis_depth": "(20.0,,)", "name": null, "net_slip_rate": "(1.6,0.25,3.0)", "slip_type": "Dextral", "upper_seis_depth": "(0.0,,)", "downthrown_side_id": null, "reference": null, "epistemic_quality": "1", "accuracy": null, "activity_confidence": null, "fs_name": null, "last_movement": null, "downthrown_side_dir": null, "vert_sep_rate": null, "strike_slip_rate": null, "exposure_quality": null, "shortening_rate": null, "notes": null, "index_right": 65, "NAME_EN": "Turkey" }, "geometry": { "type": "LineString", "coordinates": [ [ 40.69686, 38.545709 ], [ 40.601626, 38.570476 ], [ 40.520235, 38.616441 ], [ 40.434182, 38.656915 ] ] } },
{ "type": "Feature", "properties": { "average_dip": "(85.0,85.0,85.0)", "average_rake": "(0,0.0,0.0)", "catalog_id": "ME_TRCS152", "catalog_name": "EMME", "dip_dir": null, "lower_seis_depth": "(20.0,,)", "name": null, "net_slip_rate": "(1.0,0.5,1.5)", "slip_type": "Sinistral", "upper_seis_depth": "(2.0,,)", "downthrown_side_id": null, "reference": null, "epistemic_quality": "1", "accuracy": null, "activity_confidence": null, "fs_name": null, "last_movement": null, "downthrown_side_dir": null, "vert_sep_rate": null, "strike_slip_rate": null, "exposure_quality": null, "shortening_rate": null, "notes": null, "index_right": 65, "NAME_EN": "Turkey" }, "geometry": { "type": "LineString", "coordinates": [ [ 40.490265, 39.056155 ], [ 40.525697, 39.076729 ], [ 40.5501, 39.099023 ], [ 40.579729, 39.134729 ], [ 40.624552, 39.158578 ], [ 40.671889, 39.16497 ] ] } },
{ "type": "Feature", "properties": { "average_dip": "(75.0,70.0,80.0)", "average_rake": "(0,0.0,0.0)", "catalog_id": "ME_TRCS155", "catalog_name": "EMME", "dip_dir": null, "lower_seis_depth": "(20.0,,)", "name": null, "net_slip_rate": "(1.0,0.5,1.5)", "slip_type": "Sinistral", "upper_seis_depth": "(2.0,,)", "downthrown_side_id": null, "reference": null, "epistemic_quality": "1", "accuracy": null, "activity_confidence": null, "fs_name": null, "last_movement": null, "downthrown_side_dir": null, "vert_sep_rate": null, "strike_slip_rate": null, "exposure_quality": null, "shortening_rate": null, "notes": null, "index_right": 65, "NAME_EN": "Turkey" }, "geometry": { "type": "LineString", "coordinates": [ [ 40.504739, 39.170643 ], [ 40.531821, 39.189623 ], [ 40.569816, 39.219566 ], [ 40.704929, 39.337984 ] ] } },
{ "type": "Feature", "properties": { "average_dip": "(62.5,45.0,80.0)", "average_rake": "(29,0.0,58.0)", "catalog_id": "ME_TRCS156", "catalog_name": "EMME", "dip_dir": null, "lower_seis_depth": "(20.0,,)", "name": null, "net_slip_rate": "(1.2,0.5,2.0)", "slip_type": "Sinistral-Reverse", "upper_seis_depth": "(2.0,,)", "downthrown_side_id": null, "reference": null, "epistemic_quality": "1", "accuracy": null, "activity_confidence": null, "fs_name": null, "last_movement": null, "downthrown_side_dir": null, "vert_sep_rate": null, "strike_slip_rate": null, "exposure_quality": null, "shortening_rate": null, "notes": null, "index_right": 65, "NAME_EN": "Turkey" }, "geometry": { "type": "LineString", "coordinates": [ [ 40.18141, 39.077055 ], [ 40.301226, 39.087321 ], [ 40.498497, 39.166092 ] ] } },
{ "type": "Feature", "properties": { "average_dip": "(62.5,45.0,80.0)", "average_rake": "(30,-16.0,76.0)", "catalog_id": "ME_TRCS160", "catalog_name": "EMME", "dip_dir": null, "lower_seis_depth": "(15.0,,)", "name": null, "net_slip_rate": "(2.1,1.0,3.1672)", "slip_type": "Dextral-Normal", "upper_seis_depth": "(0.0,,)", "downthrown_side_id": null, "reference": null, "epistemic_quality": "1", "accuracy": null, "activity_confidence": null, "fs_name": null, "last_movement": null, "downthrown_side_dir": null, "vert_sep_rate": null, "strike_slip_rate": null, "exposure_quality": null, "shortening_rate": null, "notes": null, "index_right": 65, "NAME_EN": "Turkey" }, "geometry": { "type": "LineString", "coordinates": [ [ 38.872622, 39.272602 ], [ 38.937473, 39.280797 ], [ 39.146254, 39.368863 ], [ 39.253071, 39.409422 ], [ 39.361583, 39.447301 ], [ 39.473348, 39.479156 ], [ 39.582806, 39.515569 ], [ 39.685009, 39.528092 ], [ 39.724307, 39.542487 ], [ 39.759184, 39.548146 ] ] } },
{ "type": "Feature", "properties": { "average_dip": "(70.0,70.0,70.0)", "average_rake": "(-11,-11.0,-11.0)", "catalog_id": "ME_TRCS161", "catalog_name": "EMME", "dip_dir": null, "lower_seis_depth": "(12.0,,)", "name": null, "net_slip_rate": "(1.5,1.0,2.0696)", "slip_type": "Sinistral", "upper_seis_depth": "(2.0,,)", "downthrown_side_id": null, "reference": null, "epistemic_quality": "1", "accuracy": null, "activity_confidence": null, "fs_name": null, "last_movement": null, "downthrown_side_dir": null, "vert_sep_rate": null, "strike_slip_rate": null, "exposure_quality": null, "shortening_rate": null, "notes": null, "index_right": 65, "NAME_EN": "Turkey" }, "geometry": { "type": "LineString", "coordinates": [ [ 39.028974, 39.253277 ], [ 39.112328, 39.305554 ], [ 39.203653, 39.3492 ], [ 39.296921, 39.34274 ] ] } },
{ "type": "Feature", "properties": { "average_dip": "(70.0,70.0,70.0)", "average_rake": "(19,19.0,19.0)", "catalog_id": "ME_TRCS163", "catalog_name": "EMME", "dip_dir": null, "lower_seis_depth": "(20.0,,)", "name": null, "net_slip_rate": "(1.6,1.0,2.2655)", "slip_type": "Sinistral", "upper_seis_depth": "(2.0,,)", "downthrown_side_id": null, "reference": null, "epistemic_quality": "1", "accuracy": null, "activity_confidence": null, "fs_name": null, "last_movement": null, "downthrown_side_dir": null, "vert_sep_rate": null, "strike_slip_rate": null, "exposure_quality": null, "shortening_rate": null, "notes": null, "index_right": 65, "NAME_EN": "Turkey" }, "geometry": { "type": "LineString", "coordinates": [ [ 38.616351, 39.120554 ], [ 38.563847, 39.084309 ], [ 38.523693, 39.074052 ], [ 38.488822, 39.052857 ], [ 38.409789, 38.983134 ], [ 38.356444, 38.979751 ] ] } },
{ "type": "Feature", "properties": { "average_dip": "(85.0,85.0,85.0)", "average_rake": "(16,16.0,16.0)", "catalog_id": "ME_TRCS164", "catalog_name": "EMME", "dip_dir": null, "lower_seis_depth": "(20.0,,)", "name": null, "net_slip_rate": "(2.1,1.0,3.1635)", "slip_type": "Sinistral", "upper_seis_depth": "(0.0,,)", "downthrown_side_id": null, "reference": null, "epistemic_quality": "1", "accuracy": null, "activity_confidence": null, "fs_name": null, "last_movement": null, "downthrown_side_dir": null, "vert_sep_rate": null, "strike_slip_rate": null, "exposure_quality": null, "shortening_rate": null, "notes": null, "index_right": 65, "NAME_EN": "Turkey" }, "geometry": { "type": "LineString", "coordinates": [ [ 38.384727, 39.143871 ], [ 38.400666, 39.183594 ], [ 38.417501, 39.265772 ], [ 38.409487, 39.348745 ], [ 38.426519, 39.430902 ], [ 38.383014, 39.477716 ] ] } },
{ "type": "Feature", "properties": { "average_dip": "(87.5,85.0,90.0)", "average_rake": "(1,-16.0,18.0)", "catalog_id": "ME_TRCS165", "catalog_name": "EMME", "dip_dir": null, "lower_seis_depth": "(20.0,,)", "name": null, "net_slip_rate": "(2.1,1.0,3.1635)", "slip_type": "Dextral", "upper_seis_depth": "(0.0,,)", "downthrown_side_id": null, "reference": null, "epistemic_quality": "1", "accuracy": null, "activity_confidence": null, "fs_name": null, "last_movement": null, "downthrown_side_dir": null, "vert_sep_rate": null, "strike_slip_rate": null, "exposure_quality": null, "shortening_rate": null, "notes": null, "index_right": 65, "NAME_EN": "Turkey" }, "geometry": { "type": "LineString", "coordinates": [ [ 37.494848, 37.989473 ], [ 37.592881, 38.03747 ], [ 37.696916, 38.07695 ], [ 37.79202, 38.128605 ], [ 37.87326, 38.193325 ], [ 37.926644, 38.274013 ], [ 38.024514, 38.4389 ], [ 38.071502, 38.522064 ], [ 38.131679, 38.599878 ], [ 38.169542, 38.685872 ], [ 38.230494, 38.861419 ], [ 38.308581, 39.030707 ], [ 38.385133, 39.09835 ] ] } },
{ "type": "Feature", "properties": { "average_dip": "(62.5,45.0,80.0)", "average_rake": "(-5,-11.0,0.0)", "catalog_id": "ME_TRCS166", "catalog_name": "EMME", "dip_dir": null, "lower_seis_depth": "(20.0,,)", "name": null, "net_slip_rate": "(2.0,1.0,3.0)", "slip_type": "Dextral", "upper_seis_depth": "(2.0,,)", "downthrown_side_id": null, "reference": null, "epistemic_quality": "1", "accuracy": null, "activity_confidence": null, "fs_name": null, "last_movement": null, "downthrown_side_dir": null, "vert_sep_rate": null, "strike_slip_rate": null, "exposure_quality": null, "shortening_rate": null, "notes": null, "index_right": 65, "NAME_EN": "Turkey" }, "geometry": { "type": "LineString", "coordinates": [ [ 38.411318, 39.118568 ], [ 38.526761, 39.16471 ], [ 38.656466, 39.170501 ], [ 38.783915, 39.190144 ], [ 38.85862, 39.218405 ], [ 38.958503, 39.230488 ] ] } },
{ "type": "Feature", "properties": { "average_dip": "(77.5,70.0,85.0)", "average_rake": "(-22,-28.0,-16.0)", "catalog_id": "ME_TRCS168", "catalog_name": "EMME", "dip_dir": null, "lower_seis_depth": "(18.0,,)", "name": null, "net_slip_rate": "(0.3,0.2,0.4)", "slip_type": "Sinistral", "upper_seis_depth": "(0.0,,)", "downthrown_side_id": null, "reference": null, "epistemic_quality": "1", "accuracy": null, "activity_confidence": null, "fs_name": null, "last_movement": null, "downthrown_side_dir": null, "vert_sep_rate": null, "strike_slip_rate": null, "exposure_quality": null, "shortening_rate": null, "notes": null, "index_right": 65, "NAME_EN": "Turkey" }, "geometry": { "type": "LineString", "coordinates": [ [ 37.031693, 39.566683 ], [ 36.798369, 39.519005 ], [ 36.682749, 39.492484 ], [ 36.464423, 39.413565 ], [ 36.417092, 39.388144 ], [ 36.364476, 39.369525 ], [ 36.318031, 39.34752 ], [ 36.276868, 39.324166 ], [ 36.183075, 39.265918 ], [ 36.085002, 39.212143 ], [ 35.993625, 39.157061 ] ] } },
{ "type": "Feature", "properties": { "average_dip": "(72.5,70.0,75.0)", "average_rake": "(-22,-28.0,-16.0)", "catalog_id": "ME_TRCS169", "catalog_name": "EMME", "dip_dir": null, "lower_seis_depth": "(18.0,,)", "name": null, "net_slip_rate": "(0.3,0.2,0.4)", "slip_type": "Sinistral", "upper_seis_depth": "(0.0,,)", "downthrown_side_id": null, "reference": null, "epistemic_quality": "1", "accuracy": null, "activity_confidence": null, "fs_name": null, "last_movement": null, "downthrown_side_dir": null, "vert_sep_rate": null, "strike_slip_rate": null, "exposure_quality": null, "shortening_rate": null, "notes": null, "index_right": 65, "NAME_EN": "Turkey" }, "geometry": { "type": "LineString", "coordinates": [ [ 37.043366, 39.39373 ], [ 36.856, 39.350397 ], [ 36.753232, 39.303005 ], [ 36.652331, 39.253357 ], [ 36.540623, 39.220501 ], [ 36.426534, 39.19311 ], [ 36.313581, 39.163125 ], [ 36.19768, 39.141044 ], [ 36.081076, 39.121437 ], [ 35.897741, 39.015285 ] ] } },
{ "type": "Feature", "properties": { "average_dip": "(80.0,75.0,85.0)", "average_rake": "(-16,-16.0,-16.0)", "catalog_id": "ME_TRCS170", "catalog_name": "EMME", "dip_dir": null, "lower_seis_depth": "(18.0,,)", "name": null, "net_slip_rate": "(0.3,0.2,0.4)", "slip_type": "Sinistral", "upper_seis_depth": "(0.0,,)", "downthrown_side_id": null, "reference": null, "epistemic_quality": "1", "accuracy": null, "activity_confidence": null, "fs_name": null, "last_movement": null, "downthrown_side_dir": null, "vert_sep_rate": null, "strike_slip_rate": null, "exposure_quality": null, "shortening_rate": null, "notes": null, "index_right": 65, "NAME_EN": "Turkey" }, "geometry": { "type": "LineString", "coordinates": [ [ 37.978522, 39.536895 ], [ 37.867038, 39.513866 ], [ 37.752941, 39.500637 ], [ 37.637993, 39.508308 ], [ 37.523398, 39.518734 ], [ 37.416025, 39.486169 ], [ 37.304137, 39.464584 ], [ 37.086328, 39.406271 ] ] } },
{ "type": "Feature", "properties": { "average_dip": "(87.5,85.0,90.0)", "average_rake": "(-16,-16.0,-16.0)", "catalog_id": "ME_TRCS171", "catalog_name": "EMME", "dip_dir": null, "lower_seis_depth": "(18.0,,)", "name": null, "net_slip_rate": "(0.3,0.2,0.4)", "slip_type": "Sinistral", "upper_seis_depth": "(0.0,,)", "downthrown_side_id": null, "reference": null, "epistemic_quality": "1", "accuracy": null, "activity_confidence": null, "fs_name": null, "last_movement": null, "downthrown_side_dir": null, "vert_sep_rate": null, "strike_slip_rate": null, "exposure_quality": null, "shortening_rate": null, "notes": null, "index_right": 65, "NAME_EN": "Turkey" }, "geometry": { "type": "LineString", "coordinates": [ [ 36.260037, 39.815877 ], [ 36.158521, 39.770799 ], [ 36.068182, 39.713438 ], [ 35.994796, 39.643254 ], [ 35.683728, 39.375736 ] ] } },
{ "type": "Feature", "properties": { "average_dip": "(85.0,85.0,85.0)", "average_rake": "(-16,-16.0,-16.0)", "catalog_id": "ME_TRCS172", "catalog_name": "EMME", "dip_dir": null, "lower_seis_depth": "(18.0,,)", "name": null, "net_slip_rate": "(0.3,0.2,0.4)", "slip_type": "Sinistral", "upper_seis_depth": "(2.0,,)", "downthrown_side_id": null, "reference": null, "epistemic_quality": "1", "accuracy": null, "activity_confidence": null, "fs_name": null, "last_movement": null, "downthrown_side_dir": null, "vert_sep_rate": null, "strike_slip_rate": null, "exposure_quality": null, "shortening_rate": null, "notes": null, "index_right": 65, "NAME_EN": "Turkey" }, "geometry": { "type": "LineString", "coordinates": [ [ 35.232792, 39.264526 ], [ 35.461623, 39.42414 ] ] } },
{ "type": "Feature", "properties": { "average_dip": "(84.0,84.0,84.0)", "average_rake": "(-16,-16.0,-16.0)", "catalog_id": "ME_TRCS173", "catalog_name": "EMME", "dip_dir": null, "lower_seis_depth": "(18.0,,)", "name": null, "net_slip_rate": "(0.3,0.2,0.4)", "slip_type": "Sinistral", "upper_seis_depth": "(0.0,,)", "downthrown_side_id": null, "reference": null, "epistemic_quality": "1", "accuracy": null, "activity_confidence": null, "fs_name": null, "last_movement": null, "downthrown_side_dir": null, "vert_sep_rate": null, "strike_slip_rate": null, "exposure_quality": null, "shortening_rate": null, "notes": null, "index_right": 65, "NAME_EN": "Turkey" }, "geometry": { "type": "LineString", "coordinates": [ [ 37.129728, 39.961598 ], [ 37.010927, 39.945017 ], [ 36.77452, 39.907505 ], [ 36.661655, 39.874801 ], [ 36.545957, 39.848695 ], [ 36.433449, 39.815462 ], [ 36.334426, 39.762746 ], [ 36.215183, 39.749875 ], [ 36.116834, 39.69652 ], [ 36.059192, 39.663238 ] ] } },
{ "type": "Feature", "properties": { "average_dip": "(84.0,84.0,84.0)", "average_rake": "(-16,-16.0,-16.0)", "catalog_id": "ME_TRCS174", "catalog_name": "EMME", "dip_dir": null, "lower_seis_depth": "(18.0,,)", "name": null, "net_slip_rate": "(0.3,0.2,0.4)", "slip_type": "Sinistral", "upper_seis_depth": "(2.0,,)", "downthrown_side_id": null, "reference": null, "epistemic_quality": "1", "accuracy": null, "activity_confidence": null, "fs_name": null, "last_movement": null, "downthrown_side_dir": null, "vert_sep_rate": null, "strike_slip_rate": null, "exposure_quality": null, "shortening_rate": null, "notes": null, "index_right": 65, "NAME_EN": "Turkey" }, "geometry": { "type": "LineString", "coordinates": [ [ 36.675973, 39.839589 ], [ 36.577273, 39.827298 ], [ 36.489396, 39.790712 ], [ 36.397977, 39.763886 ] ] } },
{ "type": "Feature", "properties": { "average_dip": "(85.0,85.0,85.0)", "average_rake": "(-16,-16.0,-16.0)", "catalog_id": "ME_TRCS175", "catalog_name": "EMME", "dip_dir": null, "lower_seis_depth": "(18.0,,)", "name": null, "net_slip_rate": "(0.3,0.2,0.4)", "slip_type": "Sinistral", "upper_seis_depth": "(2.0,,)", "downthrown_side_id": null, "reference": null, "epistemic_quality": "1", "accuracy": null, "activity_confidence": null, "fs_name": null, "last_movement": null, "downthrown_side_dir": null, "vert_sep_rate": null, "strike_slip_rate": null, "exposure_quality": null, "shortening_rate": null, "notes": null, "index_right": 65, "NAME_EN": "Turkey" }, "geometry": { "type": "LineString", "coordinates": [ [ 35.928393, 39.745952 ], [ 36.023916, 39.799392 ], [ 36.129485, 39.840271 ], [ 36.236499, 39.878689 ] ] } },
{ "type": "Feature", "properties": { "average_dip": "(85.0,85.0,85.0)", "average_rake": "(-16,-16.0,-16.0)", "catalog_id": "ME_TRCS177", "catalog_name": "EMME", "dip_dir": null, "lower_seis_depth": "(18.0,,)", "name": null, "net_slip_rate": "(0.3,0.2,0.4)", "slip_type": "Sinistral", "upper_seis_depth": "(2.0,,)", "downthrown_side_id": null, "reference": null, "epistemic_quality": "1", "accuracy": null, "activity_confidence": null, "fs_name": null, "last_movement": null, "downthrown_side_dir": null, "vert_sep_rate": null, "strike_slip_rate": null, "exposure_quality": null, "shortening_rate": null, "notes": null, "index_right": 65, "NAME_EN": "Turkey" }, "geometry": { "type": "LineString", "coordinates": [ [ 35.594678, 39.615638 ], [ 35.719192, 39.656169 ], [ 35.832207, 39.711562 ] ] } },
{ "type": "Feature", "properties": { "average_dip": "(87.5,85.0,90.0)", "average_rake": "(-16,-16.0,-16.0)", "catalog_id": "ME_TRCS178", "catalog_name": "EMME", "dip_dir": null, "lower_seis_depth": "(18.0,,)", "name": null, "net_slip_rate": "(0.3,0.2,0.4)", "slip_type": "Sinistral", "upper_seis_depth": "(2.0,,)", "downthrown_side_id": null, "reference": null, "epistemic_quality": "1", "accuracy": null, "activity_confidence": null, "fs_name": null, "last_movement": null, "downthrown_side_dir": null, "vert_sep_rate": null, "strike_slip_rate": null, "exposure_quality": null, "shortening_rate": null, "notes": null, "index_right": 65, "NAME_EN": "Turkey" }, "geometry": { "type": "LineString", "coordinates": [ [ 35.117116, 39.298939 ], [ 35.332471, 39.496477 ], [ 35.417989, 39.551809 ], [ 35.475049, 39.625829 ], [ 35.575973, 39.662884 ], [ 35.65987, 39.699951 ] ] } },
{ "type": "Feature", "properties": { "average_dip": "(70.0,70.0,70.0)", "average_rake": "(-19,-19.0,-19.0)", "catalog_id": "ME_TRCS179", "catalog_name": "EMME", "dip_dir": null, "lower_seis_depth": "(18.0,,)", "name": null, "net_slip_rate": "(1.0,1.0,1.0)", "slip_type": "Sinistral", "upper_seis_depth": "(0.0,,)", "downthrown_side_id": null, "reference": null, "epistemic_quality": "1", "accuracy": null, "activity_confidence": null, "fs_name": null, "last_movement": null, "downthrown_side_dir": null, "vert_sep_rate": null, "strike_slip_rate": null, "exposure_quality": null, "shortening_rate": null, "notes": null, "index_right": 65, "NAME_EN": "Turkey" }, "geometry": { "type": "LineString", "coordinates": [ [ 35.76242, 38.986703 ], [ 35.273549, 38.718668 ], [ 35.185112, 38.656169 ], [ 35.058905, 38.498207 ], [ 35.075528, 38.406 ], [ 35.099201, 38.314751 ], [ 35.118606, 38.222887 ], [ 35.138286, 38.044905 ] ] } },
{ "type": "Feature", "properties": { "average_dip": "(70.0,70.0,70.0)", "average_rake": "(-19,-19.0,-19.0)", "catalog_id": "ME_TRCS180", "catalog_name": "EMME", "dip_dir": null, "lower_seis_depth": "(18.0,,)", "name": null, "net_slip_rate": "(0.3,0.2,0.4)", "slip_type": "Sinistral", "upper_seis_depth": "(0.0,,)", "downthrown_side_id": null, "reference": null, "epistemic_quality": "1", "accuracy": null, "activity_confidence": null, "fs_name": null, "last_movement": null, "downthrown_side_dir": null, "vert_sep_rate": null, "strike_slip_rate": null, "exposure_quality": null, "shortening_rate": null, "notes": null, "index_right": 65, "NAME_EN": "Turkey" }, "geometry": { "type": "LineString", "coordinates": [ [ 35.351253, 38.078828 ], [ 35.495702, 38.37582 ] ] } },
{ "type": "Feature", "properties": { "average_dip": "(80.0,80.0,80.0)", "average_rake": "(0,0.0,0.0)", "catalog_id": "ME_TRCS181", "catalog_name": "EMME", "dip_dir": null, "lower_seis_depth": "(18.0,,)", "name": null, "net_slip_rate": "(0.3,0.2,0.4)", "slip_type": "Sinistral", "upper_seis_depth": "(0.0,,)", "downthrown_side_id": null, "reference": null, "epistemic_quality": "1", "accuracy": null, "activity_confidence": null, "fs_name": null, "last_movement": null, "downthrown_side_dir": null, "vert_sep_rate": null, "strike_slip_rate": null, "exposure_quality": null, "shortening_rate": null, "notes": null, "index_right": 65, "NAME_EN": "Turkey" }, "geometry": { "type": "LineString", "coordinates": [ [ 35.59336, 38.734553 ], [ 35.905607, 38.968269 ] ] } },
{ "type": "Feature", "properties": { "average_dip": "(85.0,85.0,85.0)", "average_rake": "(0,0.0,0.0)", "catalog_id": "ME_TRCS182", "catalog_name": "EMME", "dip_dir": null, "lower_seis_depth": "(18.0,,)", "name": null, "net_slip_rate": "(0.3,0.2,0.4)", "slip_type": "Sinistral", "upper_seis_depth": "(2.0,,)", "downthrown_side_id": null, "reference": null, "epistemic_quality": "1", "accuracy": null, "activity_confidence": null, "fs_name": null, "last_movement": null, "downthrown_side_dir": null, "vert_sep_rate": null, "strike_slip_rate": null, "exposure_quality": null, "shortening_rate": null, "notes": null, "index_right": 65, "NAME_EN": "Turkey" }, "geometry": { "type": "LineString", "coordinates": [ [ 34.876773, 38.730685 ], [ 35.153811, 38.81755 ] ] } },
{ "type": "Feature", "properties": { "average_dip": "(85.0,85.0,85.0)", "average_rake": "(0,0.0,0.0)", "catalog_id": "ME_TRCS183", "catalog_name": "EMME", "dip_dir": null, "lower_seis_depth": "(18.0,,)", "name": null, "net_slip_rate": "(0.3,0.2,0.4)", "slip_type": "Sinistral", "upper_seis_depth": "(2.0,,)", "downthrown_side_id": null, "reference": null, "epistemic_quality": "1", "accuracy": null, "activity_confidence": null, "fs_name": null, "last_movement": null, "downthrown_side_dir": null, "vert_sep_rate": null, "strike_slip_rate": null, "exposure_quality": null, "shortening_rate": null, "notes": null, "index_right": 65, "NAME_EN": "Turkey" }, "geometry": { "type": "LineString", "coordinates": [ [ 35.33678, 38.906441 ], [ 35.223079, 38.886507 ], [ 35.107896, 38.891168 ] ] } },
{ "type": "Feature", "properties": { "average_dip": "(87.5,85.0,90.0)", "average_rake": "(0,0.0,0.0)", "catalog_id": "ME_TRCS184", "catalog_name": "EMME", "dip_dir": null, "lower_seis_depth": "(18.0,,)", "name": null, "net_slip_rate": "(1.0,1.0,1.0)", "slip_type": "Sinistral", "upper_seis_depth": "(0.0,,)", "downthrown_side_id": null, "reference": null, "epistemic_quality": "1", "accuracy": null, "activity_confidence": null, "fs_name": null, "last_movement": null, "downthrown_side_dir": null, "vert_sep_rate": null, "strike_slip_rate": null, "exposure_quality": null, "shortening_rate": null, "notes": null, "index_right": 65, "NAME_EN": "Turkey" }, "geometry": { "type": "LineString", "coordinates": [ [ 36.276446, 39.453834 ], [ 36.103218, 39.329371 ], [ 36.021668, 39.263264 ], [ 35.948353, 39.191657 ], [ 35.85171, 39.139321 ], [ 35.756765, 39.085228 ], [ 35.659497, 39.033764 ], [ 35.560654, 38.984225 ], [ 35.468422, 38.927577 ], [ 35.291444, 38.812675 ] ] } },
{ "type": "Feature", "properties": { "average_dip": "(87.5,85.0,90.0)", "average_rake": "(-18,-37.0,0.0)", "catalog_id": "ME_TRCS185", "catalog_name": "EMME", "dip_dir": null, "lower_seis_depth": "(18.0,,)", "name": null, "net_slip_rate": "(1.0,1.0,1.0)", "slip_type": "Dextral", "upper_seis_depth": "(0.0,,)", "downthrown_side_id": null, "reference": null, "epistemic_quality": "1", "accuracy": null, "activity_confidence": null, "fs_name": null, "last_movement": null, "downthrown_side_dir": null, "vert_sep_rate": null, "strike_slip_rate": null, "exposure_quality": null, "shortening_rate": null, "notes": null, "index_right": 65, "NAME_EN": "Turkey" }, "geometry": { "type": "LineString", "coordinates": [ [ 37.135356, 39.851743 ], [ 37.076782, 39.832512 ], [ 37.028336, 39.811929 ], [ 36.935893, 39.764025 ], [ 36.837876, 39.72328 ], [ 36.729805, 39.702558 ], [ 36.622885, 39.67866 ], [ 36.529128, 39.632509 ], [ 36.436968, 39.584556 ], [ 36.414017, 39.545546 ], [ 36.364645, 39.511971 ], [ 36.302648, 39.47615 ] ] } },
{ "type": "Feature", "properties": { "average_dip": "(85.0,85.0,85.0)", "average_rake": "(-45,-53.0,-37.0)", "catalog_id": "ME_TRCS186", "catalog_name": "EMME", "dip_dir": null, "lower_seis_depth": "(10.0,,)", "name": null, "net_slip_rate": "(0.3,0.2,0.4)", "slip_type": "Sinistral-Normal", "upper_seis_depth": "(2.0,,)", "downthrown_side_id": null, "reference": null, "epistemic_quality": "1", "accuracy": null, "activity_confidence": null, "fs_name": null, "last_movement": null, "downthrown_side_dir": null, "vert_sep_rate": null, "strike_slip_rate": null, "exposure_quality": null, "shortening_rate": null, "notes": null, "index_right": 65, "NAME_EN": "Turkey" }, "geometry": { "type": "LineString", "coordinates": [ [ 37.261909, 39.841395 ], [ 37.19785, 39.818341 ], [ 37.161973, 39.8007 ], [ 37.036821, 39.705285 ], [ 37.006109, 39.683664 ], [ 36.856587, 39.62445 ], [ 36.773828, 39.580693 ] ] } },
{ "type": "Feature", "properties": { "average_dip": "(60.0,60.0,60.0)", "average_rake": "(54,54.0,54.0)", "catalog_id": "ME_TRCS187", "catalog_name": "EMME", "dip_dir": null, "lower_seis_depth": "(18.0,,)", "name": null, "net_slip_rate": "(1.0,1.0,1.0)", "slip_type": "Sinistral-Reverse", "upper_seis_depth": "(0.0,,)", "downthrown_side_id": null, "reference": null, "epistemic_quality": "1", "accuracy": null, "activity_confidence": null, "fs_name": null, "last_movement": null, "downthrown_side_dir": null, "vert_sep_rate": null, "strike_slip_rate": null, "exposure_quality": null, "shortening_rate": null, "notes": null, "index_right": 65, "NAME_EN": "Turkey" }, "geometry": { "type": "LineString", "coordinates": [ [ 38.167793, 39.860081 ], [ 37.939172, 39.897802 ], [ 37.822483, 39.903913 ], [ 37.709444, 39.927022 ], [ 37.592616, 39.932009 ], [ 37.476574, 39.920539 ], [ 37.359605, 39.918745 ], [ 37.248815, 39.889978 ], [ 37.141952, 39.853583 ] ] } },
{ "type": "Feature", "properties": { "average_dip": "(85.0,85.0,85.0)", "average_rake": "(0,0.0,0.0)", "catalog_id": "ME_TRCS188", "catalog_name": "EMME", "dip_dir": null, "lower_seis_depth": "(18.0,,)", "name": null, "net_slip_rate": "(0.2,0.1,0.3)", "slip_type": "Sinistral", "upper_seis_depth": "(0.0,,)", "downthrown_side_id": null, "reference": null, "epistemic_quality": "1", "accuracy": null, "activity_confidence": null, "fs_name": null, "last_movement": null, "downthrown_side_dir": null, "vert_sep_rate": null, "strike_slip_rate": null, "exposure_quality": null, "shortening_rate": null, "notes": null, "index_right": 65, "NAME_EN": "Turkey" }, "geometry": { "type": "LineString", "coordinates": [ [ 36.04815, 39.41218 ], [ 35.68204, 39.10037 ] ] } },
{ "type": "Feature", "properties": { "average_dip": "(85.0,85.0,85.0)", "average_rake": "(180,180.0,180.0)", "catalog_id": "ME_TRCS190", "catalog_name": "EMME", "dip_dir": null, "lower_seis_depth": "(18.0,,)", "name": null, "net_slip_rate": "(0.3,0.2,0.4)", "slip_type": "Dextral", "upper_seis_depth": "(0.0,,)", "downthrown_side_id": null, "reference": null, "epistemic_quality": "1", "accuracy": null, "activity_confidence": null, "fs_name": null, "last_movement": null, "downthrown_side_dir": null, "vert_sep_rate": null, "strike_slip_rate": null, "exposure_quality": null, "shortening_rate": null, "notes": null, "index_right": 65, "NAME_EN": "Turkey" }, "geometry": { "type": "LineString", "coordinates": [ [ 34.895518, 39.266432 ], [ 35.414718, 39.096832 ] ] } },
{ "type": "Feature", "properties": { "average_dip": "(80.0,80.0,80.0)", "average_rake": "(-150,-150.0,-150.0)", "catalog_id": "ME_TRCS191", "catalog_name": "EMME", "dip_dir": null, "lower_seis_depth": "(16.0,,)", "name": null, "net_slip_rate": "(1.5,0.0001,3.0427)", "slip_type": "Dextral-Normal", "upper_seis_depth": "(1.0,,)", "downthrown_side_id": null, "reference": null, "epistemic_quality": "1", "accuracy": null, "activity_confidence": null, "fs_name": null, "last_movement": null, "downthrown_side_dir": null, "vert_sep_rate": null, "strike_slip_rate": null, "exposure_quality": null, "shortening_rate": null, "notes": null, "index_right": 65, "NAME_EN": "Turkey" }, "geometry": { "type": "LineString", "coordinates": [ [ 31.887926, 39.186038 ], [ 32.07637, 39.08345 ], [ 32.168804, 39.030346 ], [ 32.256114, 38.97231 ], [ 32.35347, 38.924983 ], [ 32.445239, 38.871396 ], [ 32.730399, 38.721869 ], [ 32.834304, 38.684492 ], [ 32.941432, 38.658897 ] ] } },
{ "type": "Feature", "properties": { "average_dip": "(70.0,70.0,70.0)", "average_rake": "(-146,-146.0,-146.0)", "catalog_id": "ME_TRCS192", "catalog_name": "EMME", "dip_dir": null, "lower_seis_depth": "(10.0,,)", "name": null, "net_slip_rate": "(1.6,0.0001,3.1832)", "slip_type": "Dextral-Normal", "upper_seis_depth": "(1.0,,)", "downthrown_side_id": null, "reference": null, "epistemic_quality": "1", "accuracy": null, "activity_confidence": null, "fs_name": null, "last_movement": null, "downthrown_side_dir": null, "vert_sep_rate": null, "strike_slip_rate": null, "exposure_quality": null, "shortening_rate": null, "notes": null, "index_right": 65, "NAME_EN": "Turkey" }, "geometry": { "type": "LineString", "coordinates": [ [ 32.169394, 39.009827 ], [ 32.213273, 38.932482 ], [ 32.309523, 38.893277 ], [ 32.407887, 38.86846 ] ] } },
{ "type": "Feature", "properties": { "average_dip": "(70.0,70.0,70.0)", "average_rake": "(-149,-149.0,-149.0)", "catalog_id": "ME_TRCS193", "catalog_name": "EMME", "dip_dir": null, "lower_seis_depth": "(16.0,,)", "name": null, "net_slip_rate": "(1.5,0.0001,3.0468)", "slip_type": "Dextral-Normal", "upper_seis_depth": "(1.0,,)", "downthrown_side_id": null, "reference": null, "epistemic_quality": "1", "accuracy": null, "activity_confidence": null, "fs_name": null, "last_movement": null, "downthrown_side_dir": null, "vert_sep_rate": null, "strike_slip_rate": null, "exposure_quality": null, "shortening_rate": null, "notes": null, "index_right": 65, "NAME_EN": "Turkey" }, "geometry": { "type": "LineString", "coordinates": [ [ 32.02311, 39.39159 ], [ 32.087319, 39.320374 ], [ 32.161404, 39.255194 ], [ 32.321148, 39.133465 ], [ 32.40405, 39.075172 ], [ 32.586013, 38.974366 ], [ 32.656308, 38.906932 ], [ 32.743172, 38.85249 ], [ 32.813898, 38.78541 ], [ 32.84538, 38.76466 ] ] } },
{ "type": "Feature", "properties": { "average_dip": "(80.0,80.0,80.0)", "average_rake": "(180,180.0,180.0)", "catalog_id": "ME_TRCS194", "catalog_name": "EMME", "dip_dir": null, "lower_seis_depth": "(16.0,,)", "name": null, "net_slip_rate": "(1.5,0.0001,3.0)", "slip_type": "Dextral", "upper_seis_depth": "(1.0,,)", "downthrown_side_id": null, "reference": null, "epistemic_quality": "1", "accuracy": null, "activity_confidence": null, "fs_name": null, "last_movement": null, "downthrown_side_dir": null, "vert_sep_rate": null, "strike_slip_rate": null, "exposure_quality": null, "shortening_rate": null, "notes": null, "index_right": 65, "NAME_EN": "Turkey" }, "geometry": { "type": "LineString", "coordinates": [ [ 32.077327, 39.48293 ], [ 32.543201, 39.202213 ], [ 32.704134, 39.068813 ], [ 32.802735, 39.019011 ], [ 32.897083, 38.964544 ], [ 32.981385, 38.845585 ] ] } },
{ "type": "Feature", "properties": { "average_dip": "(70.0,70.0,70.0)", "average_rake": "(-146,-146.0,-146.0)", "catalog_id": "ME_TRCS195", "catalog_name": "EMME", "dip_dir": null, "lower_seis_depth": "(15.0,,)", "name": null, "net_slip_rate": "(1.6,0.0001,3.1832)", "slip_type": "Dextral-Normal", "upper_seis_depth": "(1.0,,)", "downthrown_side_id": null, "reference": null, "epistemic_quality": "1", "accuracy": null, "activity_confidence": null, "fs_name": null, "last_movement": null, "downthrown_side_dir": null, "vert_sep_rate": null, "strike_slip_rate": null, "exposure_quality": null, "shortening_rate": null, "notes": null, "index_right": 65, "NAME_EN": "Turkey" }, "geometry": { "type": "LineString", "coordinates": [ [ 30.842699, 39.707609 ], [ 30.948433, 39.676416 ], [ 31.055835, 39.648917 ], [ 31.168957, 39.651318 ], [ 31.395249, 39.648362 ], [ 31.500543, 39.616487 ], [ 31.609282, 39.592539 ], [ 31.663601, 39.516132 ], [ 31.763716, 39.475839 ], [ 31.839818, 39.411511 ], [ 31.936147, 39.366239 ], [ 32.031138, 39.252012 ] ] } },
{ "type": "Feature", "properties": { "average_dip": "(70.0,70.0,70.0)", "average_rake": "(-146,-146.0,-146.0)", "catalog_id": "ME_TRCS196", "catalog_name": "EMME", "dip_dir": null, "lower_seis_depth": "(15.0,,)", "name": null, "net_slip_rate": "(1.6,0.0001,3.1832)", "slip_type": "Dextral-Normal", "upper_seis_depth": "(1.0,,)", "downthrown_side_id": null, "reference": null, "epistemic_quality": "1", "accuracy": null, "activity_confidence": null, "fs_name": null, "last_movement": null, "downthrown_side_dir": null, "vert_sep_rate": null, "strike_slip_rate": null, "exposure_quality": null, "shortening_rate": null, "notes": null, "index_right": 65, "NAME_EN": "Turkey" }, "geometry": { "type": "LineString", "coordinates": [ [ 30.924923, 39.622417 ], [ 31.498465, 39.442179 ], [ 31.797081, 39.292367 ] ] } },
{ "type": "Feature", "properties": { "average_dip": "(65.0,60.0,70.0)", "average_rake": "(-138,-146.0,-130.0)", "catalog_id": "ME_TRCS197", "catalog_name": "EMME", "dip_dir": null, "lower_seis_depth": "(15.0,,)", "name": null, "net_slip_rate": "(1.6,0.0001,3.1832)", "slip_type": "Dextral-Normal", "upper_seis_depth": "(0.0,,)", "downthrown_side_id": null, "reference": null, "epistemic_quality": "1", "accuracy": null, "activity_confidence": null, "fs_name": null, "last_movement": null, "downthrown_side_dir": null, "vert_sep_rate": null, "strike_slip_rate": null, "exposure_quality": null, "shortening_rate": null, "notes": null, "index_right": 65, "NAME_EN": "Turkey" }, "geometry": { "type": "LineString", "coordinates": [ [ 30.737855, 39.8636 ], [ 30.85206, 39.906584 ], [ 30.973006, 39.936972 ], [ 31.211465, 39.875671 ] ] } },
{ "type": "Feature", "properties": { "average_dip": "(56.0,56.0,56.0)", "average_rake": "(-137,-145.0,-130.0)", "catalog_id": "ME_TRCS198", "catalog_name": "EMME", "dip_dir": null, "lower_seis_depth": "(15.0,,)", "name": null, "net_slip_rate": "(1.6,0.0001,3.2334)", "slip_type": "Dextral-Normal", "upper_seis_depth": "(0.0,,)", "downthrown_side_id": null, "reference": null, "epistemic_quality": "1", "accuracy": null, "activity_confidence": null, "fs_name": null, "last_movement": null, "downthrown_side_dir": null, "vert_sep_rate": null, "strike_slip_rate": null, "exposure_quality": null, "shortening_rate": null, "notes": null, "index_right": 65, "NAME_EN": "Turkey" }, "geometry": { "type": "LineString", "coordinates": [ [ 30.340215, 39.850701 ], [ 30.471048, 39.876612 ], [ 30.602254, 39.851829 ], [ 30.727258, 39.81731 ] ] } },
{ "type": "Feature", "properties": { "average_dip": "(70.0,70.0,70.0)", "average_rake": "(-146,-146.0,-146.0)", "catalog_id": "ME_TRCS199", "catalog_name": "EMME", "dip_dir": null, "lower_seis_depth": "(15.0,,)", "name": null, "net_slip_rate": "(1.6,0.0001,3.1832)", "slip_type": "Dextral-Normal", "upper_seis_depth": "(0.0,,)", "downthrown_side_id": null, "reference": null, "epistemic_quality": "1", "accuracy": null, "activity_confidence": null, "fs_name": null, "last_movement": null, "downthrown_side_dir": null, "vert_sep_rate": null, "strike_slip_rate": null, "exposure_quality": null, "shortening_rate": null, "notes": null, "index_right": 65, "NAME_EN": "Turkey" }, "geometry": { "type": "LineString", "coordinates": [ [ 30.224873, 39.807559 ], [ 30.420987, 39.746851 ], [ 30.524751, 39.731559 ], [ 30.622471, 39.700738 ], [ 30.712493, 39.668302 ] ] } },
{ "type": "Feature", "properties": { "average_dip": "(70.0,70.0,70.0)", "average_rake": "(-146,-146.0,-146.0)", "catalog_id": "ME_TRCS200", "catalog_name": "EMME", "dip_dir": null, "lower_seis_depth": "(15.0,,)", "name": null, "net_slip_rate": "(1.6,0.0001,3.1832)", "slip_type": "Dextral-Normal", "upper_seis_depth": "(0.0,,)", "downthrown_side_id": null, "reference": null, "epistemic_quality": "1", "accuracy": null, "activity_confidence": null, "fs_name": null, "last_movement": null, "downthrown_side_dir": null, "vert_sep_rate": null, "strike_slip_rate": null, "exposure_quality": null, "shortening_rate": null, "notes": null, "index_right": 65, "NAME_EN": "Turkey" }, "geometry": { "type": "LineString", "coordinates": [ [ 30.303447, 39.860241 ], [ 29.979502, 39.917039 ] ] } },
{ "type": "Feature", "properties": { "average_dip": "(72.5,70.0,75.0)", "average_rake": "(-144,-146.0,-142.0)", "catalog_id": "ME_TRCS202", "catalog_name": "EMME", "dip_dir": null, "lower_seis_depth": "(13.0,,)", "name": null, "net_slip_rate": "(1.6,0.0001,3.1736)", "slip_type": "Dextral-Normal", "upper_seis_depth": "(0.0,,)", "downthrown_side_id": null, "reference": null, "epistemic_quality": "1", "accuracy": null, "activity_confidence": null, "fs_name": null, "last_movement": null, "downthrown_side_dir": null, "vert_sep_rate": null, "strike_slip_rate": null, "exposure_quality": null, "shortening_rate": null, "notes": null, "index_right": 65, "NAME_EN": "Turkey" }, "geometry": { "type": "LineString", "coordinates": [ [ 29.217282, 40.16646 ], [ 29.32326, 40.133793 ], [ 29.417571, 40.084542 ], [ 29.502813, 40.026477 ], [ 29.601781, 39.983098 ], [ 29.696162, 39.934157 ], [ 29.803175, 39.904275 ], [ 29.915017, 39.88797 ], [ 30.022866, 39.860083 ], [ 30.06152, 39.854308 ] ] } },
{ "type": "Feature", "properties": { "average_dip": "(40.0,40.0,40.0)", "average_rake": "(-68,-68.0,-68.0)", "catalog_id": "ME_TRCS203", "catalog_name": "EMME", "dip_dir": null, "lower_seis_depth": "(15.0,,)", "name": null, "net_slip_rate": "None", "slip_type": "Normal", "upper_seis_depth": "(1.0,,)", "downthrown_side_id": null, "reference": null, "epistemic_quality": "1", "accuracy": null, "activity_confidence": null, "fs_name": null, "last_movement": null, "downthrown_side_dir": null, "vert_sep_rate": null, "strike_slip_rate": null, "exposure_quality": null, "shortening_rate": null, "notes": null, "index_right": 65, "NAME_EN": "Turkey" }, "geometry": { "type": "LineString", "coordinates": [ [ 31.375422, 38.390347 ], [ 31.580278, 38.187691 ], [ 31.660247, 38.128681 ], [ 32.255204, 37.749425 ] ] } },
{ "type": "Feature", "properties": { "average_dip": "(40.0,40.0,40.0)", "average_rake": "(-68,-68.0,-68.0)", "catalog_id": "ME_TRCS204", "catalog_name": "EMME", "dip_dir": null, "lower_seis_depth": "(15.0,,)", "name": null, "net_slip_rate": "None", "slip_type": "Normal", "upper_seis_depth": "(1.0,,)", "downthrown_side_id": null, "reference": null, "epistemic_quality": "1", "accuracy": null, "activity_confidence": null, "fs_name": null, "last_movement": null, "downthrown_side_dir": null, "vert_sep_rate": null, "strike_slip_rate": null, "exposure_quality": null, "shortening_rate": null, "notes": null, "index_right": 65, "NAME_EN": "Turkey" }, "geometry": { "type": "LineString", "coordinates": [ [ 31.073959, 38.586991 ], [ 31.186415, 38.543464 ], [ 31.27861, 38.476969 ], [ 31.366823, 38.408083 ] ] } },
{ "type": "Feature", "properties": { "average_dip": "(54.0,54.0,54.0)", "average_rake": "(-51,-51.0,-51.0)", "catalog_id": "ME_TRCS205", "catalog_name": "EMME", "dip_dir": null, "lower_seis_depth": "(15.0,,)", "name": null, "net_slip_rate": "None", "slip_type": "Sinistral-Normal", "upper_seis_depth": "(1.0,,)", "downthrown_side_id": null, "reference": null, "epistemic_quality": "1", "accuracy": null, "activity_confidence": null, "fs_name": null, "last_movement": null, "downthrown_side_dir": null, "vert_sep_rate": null, "strike_slip_rate": null, "exposure_quality": null, "shortening_rate": null, "notes": null, "index_right": 65, "NAME_EN": "Turkey" }, "geometry": { "type": "LineString", "coordinates": [ [ 30.800322, 38.609122 ], [ 31.051624, 38.587376 ] ] } },
{ "type": "Feature", "properties": { "average_dip": "(80.0,70.0,90.0)", "average_rake": "(-140,-140.0,-140.0)", "catalog_id": "ME_TRCS206", "catalog_name": "EMME", "dip_dir": null, "lower_seis_depth": "(15.0,,)", "name": null, "net_slip_rate": "None", "slip_type": "Dextral-Normal", "upper_seis_depth": "(1.0,,)", "downthrown_side_id": null, "reference": null, "epistemic_quality": "1", "accuracy": null, "activity_confidence": null, "fs_name": null, "last_movement": null, "downthrown_side_dir": null, "vert_sep_rate": null, "strike_slip_rate": null, "exposure_quality": null, "shortening_rate": null, "notes": null, "index_right": 65, "NAME_EN": "Turkey" }, "geometry": { "type": "LineString", "coordinates": [ [ 29.820998, 38.800826 ], [ 30.019032, 38.73182 ], [ 30.12719, 38.726199 ], [ 30.334304, 38.710069 ] ] } },
{ "type": "Feature", "properties": { "average_dip": "(80.0,70.0,90.0)", "average_rake": "(-140,-140.0,-140.0)", "catalog_id": "ME_TRCS207", "catalog_name": "EMME", "dip_dir": null, "lower_seis_depth": "(15.0,,)", "name": null, "net_slip_rate": "None", "slip_type": "Dextral-Normal", "upper_seis_depth": "(1.0,,)", "downthrown_side_id": null, "reference": null, "epistemic_quality": "1", "accuracy": null, "activity_confidence": null, "fs_name": null, "last_movement": null, "downthrown_side_dir": null, "vert_sep_rate": null, "strike_slip_rate": null, "exposure_quality": null, "shortening_rate": null, "notes": null, "index_right": 65, "NAME_EN": "Turkey" }, "geometry": { "type": "LineString", "coordinates": [ [ 29.479808, 38.921246 ], [ 29.562668, 38.85958 ], [ 29.662036, 38.815179 ], [ 29.770108, 38.786571 ] ] } },
{ "type": "Feature", "properties": { "average_dip": "(52.0,52.0,52.0)", "average_rake": "(-90,-90.0,-90.0)", "catalog_id": "ME_TRCS208", "catalog_name": "EMME", "dip_dir": null, "lower_seis_depth": "(15.0,,)", "name": null, "net_slip_rate": "None", "slip_type": "Normal", "upper_seis_depth": "(0.0,,)", "downthrown_side_id": null, "reference": null, "epistemic_quality": "1", "accuracy": null, "activity_confidence": null, "fs_name": null, "last_movement": null, "downthrown_side_dir": null, "vert_sep_rate": null, "strike_slip_rate": null, "exposure_quality": null, "shortening_rate": null, "notes": null, "index_right": 65, "NAME_EN": "Turkey" }, "geometry": { "type": "LineString", "coordinates": [ [ 28.911108, 39.101879 ], [ 29.33166, 38.943985 ], [ 29.448206, 38.940402 ], [ 29.660965, 38.995625 ] ] } },
{ "type": "Feature", "properties": { "average_dip": "(56.0,56.0,56.0)", "average_rake": "(-90,-90.0,-90.0)", "catalog_id": "ME_TRCS209", "catalog_name": "EMME", "dip_dir": null, "lower_seis_depth": "(15.0,,)", "name": null, "net_slip_rate": "None", "slip_type": "Normal", "upper_seis_depth": "(1.0,,)", "downthrown_side_id": null, "reference": null, "epistemic_quality": "1", "accuracy": null, "activity_confidence": null, "fs_name": null, "last_movement": null, "downthrown_side_dir": null, "vert_sep_rate": null, "strike_slip_rate": null, "exposure_quality": null, "shortening_rate": null, "notes": null, "index_right": 65, "NAME_EN": "Turkey" }, "geometry": { "type": "LineString", "coordinates": [ [ 28.90582, 39.108938 ], [ 28.420788, 39.18864 ] ] } },
{ "type": "Feature", "properties": { "average_dip": "(50.0,50.0,50.0)", "average_rake": "(-95,-95.0,-95.0)", "catalog_id": "ME_TRCS210", "catalog_name": "EMME", "dip_dir": null, "lower_seis_depth": "(15.0,,)", "name": null, "net_slip_rate": "(5.0,4.9605,5.0246)", "slip_type": "Normal", "upper_seis_depth": "(1.0,,)", "downthrown_side_id": null, "reference": null, "epistemic_quality": "1", "accuracy": null, "activity_confidence": null, "fs_name": null, "last_movement": null, "downthrown_side_dir": null, "vert_sep_rate": null, "strike_slip_rate": null, "exposure_quality": null, "shortening_rate": null, "notes": null, "index_right": 65, "NAME_EN": "Turkey" }, "geometry": { "type": "LineString", "coordinates": [ [ 28.332585, 39.146565 ], [ 28.023449, 39.264565 ] ] } },
{ "type": "Feature", "properties": { "average_dip": "(50.0,50.0,50.0)", "average_rake": "(-90,-90.0,-90.0)", "catalog_id": "ME_TRCS211", "catalog_name": "EMME", "dip_dir": null, "lower_seis_depth": "(15.0,,)", "name": null, "net_slip_rate": "(0.7,0.0001,1.3054)", "slip_type": "Normal", "upper_seis_depth": "(0.0,,)", "downthrown_side_id": null, "reference": null, "epistemic_quality": "1", "accuracy": null, "activity_confidence": null, "fs_name": null, "last_movement": null, "downthrown_side_dir": null, "vert_sep_rate": null, "strike_slip_rate": null, "exposure_quality": null, "shortening_rate": null, "notes": null, "index_right": 65, "NAME_EN": "Turkey" }, "geometry": { "type": "LineString", "coordinates": [ [ 31.694125, 38.567794 ], [ 31.632659, 38.469687 ], [ 31.59987, 38.38352 ] ] } },
{ "type": "Feature", "properties": { "average_dip": "(50.0,50.0,50.0)", "average_rake": "(-104,-118.0,-90.0)", "catalog_id": "ME_TRCS212", "catalog_name": "EMME", "dip_dir": null, "lower_seis_depth": "(10.0,,)", "name": null, "net_slip_rate": "(0.7,0.0001,1.3092)", "slip_type": "Normal", "upper_seis_depth": "(0.0,,)", "downthrown_side_id": null, "reference": null, "epistemic_quality": "1", "accuracy": null, "activity_confidence": null, "fs_name": null, "last_movement": null, "downthrown_side_dir": null, "vert_sep_rate": null, "strike_slip_rate": null, "exposure_quality": null, "shortening_rate": null, "notes": null, "index_right": 65, "NAME_EN": "Turkey" }, "geometry": { "type": "LineString", "coordinates": [ [ 31.40086, 38.594195 ], [ 31.462998, 38.610637 ], [ 31.510488, 38.632086 ], [ 31.593265, 38.675033 ], [ 31.623736, 38.703156 ] ] } },
{ "type": "Feature", "properties": { "average_dip": "(50.0,50.0,50.0)", "average_rake": "(-90,-90.0,-90.0)", "catalog_id": "ME_TRCS213", "catalog_name": "EMME", "dip_dir": null, "lower_seis_depth": "(10.0,,)", "name": null, "net_slip_rate": "(0.7,0.0001,1.3054)", "slip_type": "Normal", "upper_seis_depth": "(0.0,,)", "downthrown_side_id": null, "reference": null, "epistemic_quality": "1", "accuracy": null, "activity_confidence": null, "fs_name": null, "last_movement": null, "downthrown_side_dir": null, "vert_sep_rate": null, "strike_slip_rate": null, "exposure_quality": null, "shortening_rate": null, "notes": null, "index_right": 65, "NAME_EN": "Turkey" }, "geometry": { "type": "LineString", "coordinates": [ [ 31.484067, 38.960748 ], [ 31.438119, 38.793447 ], [ 31.387913, 38.717393 ], [ 31.321562, 38.634297 ] ] } },
{ "type": "Feature", "properties": { "average_dip": "(70.0,70.0,70.0)", "average_rake": "(-16,-16.0,-16.0)", "catalog_id": "ME_TRCS214", "catalog_name": "EMME", "dip_dir": null, "lower_seis_depth": "(20.0,,)", "name": null, "net_slip_rate": "(2.1,1.0,3.1832)", "slip_type": "Sinistral", "upper_seis_depth": "(2.0,,)", "downthrown_side_id": null, "reference": null, "epistemic_quality": "1", "accuracy": null, "activity_confidence": null, "fs_name": null, "last_movement": null, "downthrown_side_dir": null, "vert_sep_rate": null, "strike_slip_rate": null, "exposure_quality": null, "shortening_rate": null, "notes": null, "index_right": 65, "NAME_EN": "Turkey" }, "geometry": { "type": "LineString", "coordinates": [ [ 43.785329, 38.091767 ], [ 43.913501, 38.235054 ], [ 43.939996, 38.320136 ], [ 43.936689, 38.403067 ] ] } },
{ "type": "Feature", "properties": { "average_dip": "(50.0,50.0,50.0)", "average_rake": "(-90,-90.0,-90.0)", "catalog_id": "ME_TRCS215", "catalog_name": "EMME", "dip_dir": null, "lower_seis_depth": "(10.0,,)", "name": null, "net_slip_rate": "(0.7,0.0001,1.3054)", "slip_type": "Normal", "upper_seis_depth": "(0.0,,)", "downthrown_side_id": null, "reference": null, "epistemic_quality": "1", "accuracy": null, "activity_confidence": null, "fs_name": null, "last_movement": null, "downthrown_side_dir": null, "vert_sep_rate": null, "strike_slip_rate": null, "exposure_quality": null, "shortening_rate": null, "notes": null, "index_right": 65, "NAME_EN": "Turkey" }, "geometry": { "type": "LineString", "coordinates": [ [ 31.344749, 38.867601 ], [ 31.211038, 38.718428 ] ] } },
{ "type": "Feature", "properties": { "average_dip": "(50.0,50.0,50.0)", "average_rake": "(-104,-118.0,-90.0)", "catalog_id": "ME_TRCS216", "catalog_name": "EMME", "dip_dir": null, "lower_seis_depth": "(10.0,,)", "name": null, "net_slip_rate": "(0.7,0.0001,1.3092)", "slip_type": "Normal", "upper_seis_depth": "(1.0,,)", "downthrown_side_id": null, "reference": null, "epistemic_quality": "1", "accuracy": null, "activity_confidence": null, "fs_name": null, "last_movement": null, "downthrown_side_dir": null, "vert_sep_rate": null, "strike_slip_rate": null, "exposure_quality": null, "shortening_rate": null, "notes": null, "index_right": 65, "NAME_EN": "Turkey" }, "geometry": { "type": "LineString", "coordinates": [ [ 31.03033, 38.869139 ], [ 31.099367, 38.775564 ], [ 31.211038, 38.718428 ] ] } },
{ "type": "Feature", "properties": { "average_dip": "(50.0,50.0,50.0)", "average_rake": "(-90,-90.0,-90.0)", "catalog_id": "ME_TRCS217", "catalog_name": "EMME", "dip_dir": null, "lower_seis_depth": "(10.0,,)", "name": null, "net_slip_rate": "(0.7,0.0001,1.3054)", "slip_type": "Normal", "upper_seis_depth": "(1.0,,)", "downthrown_side_id": null, "reference": null, "epistemic_quality": "1", "accuracy": null, "activity_confidence": null, "fs_name": null, "last_movement": null, "downthrown_side_dir": null, "vert_sep_rate": null, "strike_slip_rate": null, "exposure_quality": null, "shortening_rate": null, "notes": null, "index_right": 65, "NAME_EN": "Turkey" }, "geometry": { "type": "LineString", "coordinates": [ [ 30.98967, 38.697908 ], [ 31.014061, 38.782256 ], [ 30.923631, 38.940202 ], [ 30.905416, 39.016974 ] ] } },
{ "type": "Feature", "properties": { "average_dip": "(50.0,50.0,50.0)", "average_rake": "(-116,-116.0,-116.0)", "catalog_id": "ME_TRCS223", "catalog_name": "EMME", "dip_dir": null, "lower_seis_depth": "(12.0,,)", "name": null, "net_slip_rate": "None", "slip_type": "Dextral-Normal", "upper_seis_depth": "(1.0,,)", "downthrown_side_id": null, "reference": null, "epistemic_quality": "1", "accuracy": null, "activity_confidence": null, "fs_name": null, "last_movement": null, "downthrown_side_dir": null, "vert_sep_rate": null, "strike_slip_rate": null, "exposure_quality": null, "shortening_rate": null, "notes": null, "index_right": 65, "NAME_EN": "Turkey" }, "geometry": { "type": "LineString", "coordinates": [ [ 30.635672, 38.658654 ], [ 30.557618, 38.706789 ], [ 30.485664, 38.760445 ], [ 30.419456, 38.818091 ] ] } },
{ "type": "Feature", "properties": { "average_dip": "(50.0,50.0,50.0)", "average_rake": "(-125,-125.0,-125.0)", "catalog_id": "ME_TRCS226", "catalog_name": "EMME", "dip_dir": null, "lower_seis_depth": "(10.0,,)", "name": null, "net_slip_rate": "(0.7,0.0001,1.3979)", "slip_type": "Dextral-Normal", "upper_seis_depth": "(1.0,,)", "downthrown_side_id": null, "reference": null, "epistemic_quality": "1", "accuracy": null, "activity_confidence": null, "fs_name": null, "last_movement": null, "downthrown_side_dir": null, "vert_sep_rate": null, "strike_slip_rate": null, "exposure_quality": null, "shortening_rate": null, "notes": null, "index_right": 65, "NAME_EN": "Turkey" }, "geometry": { "type": "LineString", "coordinates": [ [ 30.040627, 38.938117 ], [ 30.252069, 38.831311 ], [ 30.352296, 38.817961 ] ] } },
{ "type": "Feature", "properties": { "average_dip": "(40.0,40.0,40.0)", "average_rake": "(-118,-118.0,-118.0)", "catalog_id": "ME_TRCS231", "catalog_name": "EMME", "dip_dir": null, "lower_seis_depth": "(10.0,,)", "name": null, "net_slip_rate": "(0.8,0.0001,1.5589)", "slip_type": "Dextral-Normal", "upper_seis_depth": "(1.0,,)", "downthrown_side_id": null, "reference": null, "epistemic_quality": "1", "accuracy": null, "activity_confidence": null, "fs_name": null, "last_movement": null, "downthrown_side_dir": null, "vert_sep_rate": null, "strike_slip_rate": null, "exposure_quality": null, "shortening_rate": null, "notes": null, "index_right": 65, "NAME_EN": "Turkey" }, "geometry": { "type": "LineString", "coordinates": [ [ 28.351609, 39.252083 ], [ 28.070327, 39.336419 ] ] } },
{ "type": "Feature", "properties": { "average_dip": "(70.0,70.0,70.0)", "average_rake": "(-146,-146.0,-146.0)", "catalog_id": "ME_TRCS232", "catalog_name": "EMME", "dip_dir": null, "lower_seis_depth": "(15.0,,)", "name": null, "net_slip_rate": "(1.6,0.0001,3.1832)", "slip_type": "Dextral-Normal", "upper_seis_depth": "(1.0,,)", "downthrown_side_id": null, "reference": null, "epistemic_quality": "1", "accuracy": null, "activity_confidence": null, "fs_name": null, "last_movement": null, "downthrown_side_dir": null, "vert_sep_rate": null, "strike_slip_rate": null, "exposure_quality": null, "shortening_rate": null, "notes": null, "index_right": 65, "NAME_EN": "Turkey" }, "geometry": { "type": "LineString", "coordinates": [ [ 27.67261, 38.784217 ], [ 27.835222, 38.92097 ], [ 27.823265, 39.013696 ], [ 27.891994, 39.090091 ], [ 27.957908, 39.168002 ], [ 27.990121, 39.257787 ], [ 28.052346, 39.337573 ], [ 28.100308, 39.423071 ], [ 28.157554, 39.505115 ], [ 28.162, 39.598244 ] ] } },
{ "type": "Feature", "properties": { "average_dip": "(70.0,70.0,70.0)", "average_rake": "(180,180.0,180.0)", "catalog_id": "ME_TRCS233", "catalog_name": "EMME", "dip_dir": null, "lower_seis_depth": "(15.0,,)", "name": null, "net_slip_rate": "(2.0,2.0,2.0)", "slip_type": "Dextral", "upper_seis_depth": "(1.0,,)", "downthrown_side_id": null, "reference": null, "epistemic_quality": "1", "accuracy": null, "activity_confidence": null, "fs_name": null, "last_movement": null, "downthrown_side_dir": null, "vert_sep_rate": null, "strike_slip_rate": null, "exposure_quality": null, "shortening_rate": null, "notes": null, "index_right": 65, "NAME_EN": "Turkey" }, "geometry": { "type": "LineString", "coordinates": [ [ 28.374863, 39.81843 ], [ 27.682032, 39.43613 ] ] } },
{ "type": "Feature", "properties": { "average_dip": "(70.0,70.0,70.0)", "average_rake": "(-166,-166.0,-166.0)", "catalog_id": "ME_TRCS234", "catalog_name": "EMME", "dip_dir": null, "lower_seis_depth": "(15.0,,)", "name": null, "net_slip_rate": "(2.1,2.0,2.2655)", "slip_type": "Dextral", "upper_seis_depth": "(1.0,,)", "downthrown_side_id": null, "reference": null, "epistemic_quality": "1", "accuracy": null, "activity_confidence": null, "fs_name": null, "last_movement": null, "downthrown_side_dir": null, "vert_sep_rate": null, "strike_slip_rate": null, "exposure_quality": null, "shortening_rate": null, "notes": null, "index_right": 65, "NAME_EN": "Turkey" }, "geometry": { "type": "LineString", "coordinates": [ [ 27.543105, 39.616842 ], [ 27.867323, 39.624878 ] ] } },
{ "type": "Feature", "properties": { "average_dip": "(40.0,40.0,40.0)", "average_rake": "(-60,-62.0,-59.0)", "catalog_id": "ME_TRCS235", "catalog_name": "EMME", "dip_dir": null, "lower_seis_depth": "(12.0,,)", "name": null, "net_slip_rate": "(0.8,0.0001,1.5844)", "slip_type": "Sinistral-Normal", "upper_seis_depth": "(1.0,,)", "downthrown_side_id": null, "reference": null, "epistemic_quality": "1", "accuracy": null, "activity_confidence": null, "fs_name": null, "last_movement": null, "downthrown_side_dir": null, "vert_sep_rate": null, "strike_slip_rate": null, "exposure_quality": null, "shortening_rate": null, "notes": null, "index_right": 65, "NAME_EN": "Turkey" }, "geometry": { "type": "LineString", "coordinates": [ [ 32.89682, 38.559219 ], [ 32.59332, 38.0911 ], [ 32.513688, 38.030024 ], [ 32.340486, 37.805786 ] ] } },
{ "type": "Feature", "properties": { "average_dip": "(55.0,55.0,55.0)", "average_rake": "(-29,-29.0,-29.0)", "catalog_id": "ME_TRCS236", "catalog_name": "EMME", "dip_dir": null, "lower_seis_depth": "(12.0,,)", "name": null, "net_slip_rate": "(0.5,0.0001,1.0074)", "slip_type": "Sinistral-Normal", "upper_seis_depth": "(1.0,,)", "downthrown_side_id": null, "reference": null, "epistemic_quality": "1", "accuracy": null, "activity_confidence": null, "fs_name": null, "last_movement": null, "downthrown_side_dir": null, "vert_sep_rate": null, "strike_slip_rate": null, "exposure_quality": null, "shortening_rate": null, "notes": null, "index_right": 65, "NAME_EN": "Turkey" }, "geometry": { "type": "LineString", "coordinates": [ [ 33.512145, 39.935588 ], [ 33.428849, 39.870153 ], [ 33.403828, 39.814814 ], [ 33.362451, 39.731888 ], [ 33.333413, 39.639488 ], [ 33.165392, 39.293698 ], [ 33.132687, 39.204908 ], [ 33.105922, 39.114937 ], [ 33.08911, 38.93714 ] ] } },
{ "type": "Feature", "properties": { "average_dip": "(60.0,60.0,60.0)", "average_rake": "(0,0.0,0.0)", "catalog_id": "ME_TRCS237", "catalog_name": "EMME", "dip_dir": null, "lower_seis_depth": "(12.0,,)", "name": null, "net_slip_rate": "(0.5,0.0001,1.0)", "slip_type": "Sinistral", "upper_seis_depth": "(1.0,,)", "downthrown_side_id": null, "reference": null, "epistemic_quality": "1", "accuracy": null, "activity_confidence": null, "fs_name": null, "last_movement": null, "downthrown_side_dir": null, "vert_sep_rate": null, "strike_slip_rate": null, "exposure_quality": null, "shortening_rate": null, "notes": null, "index_right": 65, "NAME_EN": "Turkey" }, "geometry": { "type": "LineString", "coordinates": [ [ 32.7162, 39.1843 ], [ 32.74757, 39.81887 ] ] } },
{ "type": "Feature", "properties": { "average_dip": "(70.0,70.0,70.0)", "average_rake": "(-38,-38.0,-38.0)", "catalog_id": "ME_TRCS238", "catalog_name": "EMME", "dip_dir": null, "lower_seis_depth": "(15.0,,)", "name": null, "net_slip_rate": "(0.6,0.0001,1.1327)", "slip_type": "Sinistral-Normal", "upper_seis_depth": "(1.0,,)", "downthrown_side_id": null, "reference": null, "epistemic_quality": "1", "accuracy": null, "activity_confidence": null, "fs_name": null, "last_movement": null, "downthrown_side_dir": null, "vert_sep_rate": null, "strike_slip_rate": null, "exposure_quality": null, "shortening_rate": null, "notes": null, "index_right": 65, "NAME_EN": "Turkey" }, "geometry": { "type": "LineString", "coordinates": [ [ 32.37208, 39.765835 ], [ 32.565355, 40.004888 ], [ 32.639745, 40.079385 ], [ 32.917012, 40.263043 ] ] } },
{ "type": "Feature", "properties": { "average_dip": "(70.0,70.0,70.0)", "average_rake": "(-38,-38.0,-38.0)", "catalog_id": "ME_TRCS239", "catalog_name": "EMME", "dip_dir": null, "lower_seis_depth": "(15.0,,)", "name": null, "net_slip_rate": "(0.6,0.0001,1.1327)", "slip_type": "Sinistral-Normal", "upper_seis_depth": "(1.0,,)", "downthrown_side_id": null, "reference": null, "epistemic_quality": "1", "accuracy": null, "activity_confidence": null, "fs_name": null, "last_movement": null, "downthrown_side_dir": null, "vert_sep_rate": null, "strike_slip_rate": null, "exposure_quality": null, "shortening_rate": null, "notes": null, "index_right": 65, "NAME_EN": "Turkey" }, "geometry": { "type": "LineString", "coordinates": [ [ 32.65965, 40.26804 ], [ 32.10681, 39.60991 ] ] } },
{ "type": "Feature", "properties": { "average_dip": "(80.0,80.0,80.0)", "average_rake": "(0,0.0,0.0)", "catalog_id": "ME_TRCS240", "catalog_name": "EMME", "dip_dir": null, "lower_seis_depth": "(15.0,,)", "name": null, "net_slip_rate": "(0.5,0.0001,1.0)", "slip_type": "Sinistral", "upper_seis_depth": "(1.0,,)", "downthrown_side_id": null, "reference": null, "epistemic_quality": "1", "accuracy": null, "activity_confidence": null, "fs_name": null, "last_movement": null, "downthrown_side_dir": null, "vert_sep_rate": null, "strike_slip_rate": null, "exposure_quality": null, "shortening_rate": null, "notes": null, "index_right": 65, "NAME_EN": "Turkey" }, "geometry": { "type": "LineString", "coordinates": [ [ 31.60871, 40.062415 ], [ 32.144885, 40.209633 ], [ 32.248984, 40.245292 ], [ 32.549135, 40.371408 ], [ 32.633733, 40.43004 ], [ 32.789209, 40.556526 ] ] } },
{ "type": "Feature", "properties": { "average_dip": "(70.0,70.0,70.0)", "average_rake": "(-38,-38.0,-38.0)", "catalog_id": "ME_TRCS241", "catalog_name": "EMME", "dip_dir": null, "lower_seis_depth": "(15.0,,)", "name": null, "net_slip_rate": "(0.6,0.0001,1.1327)", "slip_type": "Sinistral-Normal", "upper_seis_depth": "(1.0,,)", "downthrown_side_id": null, "reference": null, "epistemic_quality": "1", "accuracy": null, "activity_confidence": null, "fs_name": null, "last_movement": null, "downthrown_side_dir": null, "vert_sep_rate": null, "strike_slip_rate": null, "exposure_quality": null, "shortening_rate": null, "notes": null, "index_right": 65, "NAME_EN": "Turkey" }, "geometry": { "type": "LineString", "coordinates": [ [ 32.494919, 40.38273 ], [ 32.265531, 40.394681 ] ] } },
{ "type": "Feature", "properties": { "average_dip": "(87.0,84.0,90.0)", "average_rake": "(-176,-176.0,-176.0)", "catalog_id": "ME_TRCS243", "catalog_name": "EMME", "dip_dir": null, "lower_seis_depth": "(12.0,,)", "name": null, "net_slip_rate": "(1.5,1.0,2.0101)", "slip_type": "Dextral", "upper_seis_depth": "(1.0,,)", "downthrown_side_id": null, "reference": null, "epistemic_quality": "1", "accuracy": null, "activity_confidence": null, "fs_name": null, "last_movement": null, "downthrown_side_dir": null, "vert_sep_rate": null, "strike_slip_rate": null, "exposure_quality": null, "shortening_rate": null, "notes": null, "index_right": 65, "NAME_EN": "Turkey" }, "geometry": { "type": "LineString", "coordinates": [ [ 32.50433, 39.4151 ], [ 32.467841, 39.501276 ], [ 32.377631, 39.668742 ], [ 32.338933, 39.754379 ], [ 32.31478, 39.83104 ] ] } },
{ "type": "Feature", "properties": { "average_dip": "(77.0,77.0,77.0)", "average_rake": "(0,0.0,0.0)", "catalog_id": "ME_TRCS244", "catalog_name": "EMME", "dip_dir": null, "lower_seis_depth": "(12.0,,)", "name": null, "net_slip_rate": "(0.5,0.0001,1.0)", "slip_type": "Sinistral", "upper_seis_depth": "(1.0,,)", "downthrown_side_id": null, "reference": null, "epistemic_quality": "1", "accuracy": null, "activity_confidence": null, "fs_name": null, "last_movement": null, "downthrown_side_dir": null, "vert_sep_rate": null, "strike_slip_rate": null, "exposure_quality": null, "shortening_rate": null, "notes": null, "index_right": 65, "NAME_EN": "Turkey" }, "geometry": { "type": "LineString", "coordinates": [ [ 33.10191, 40.26804 ], [ 32.9755, 40.00479 ] ] } },
{ "type": "Feature", "properties": { "average_dip": "(70.0,70.0,70.0)", "average_rake": "(-38,-38.0,-38.0)", "catalog_id": "ME_TRCS245", "catalog_name": "EMME", "dip_dir": null, "lower_seis_depth": "(15.0,,)", "name": null, "net_slip_rate": "(0.6,0.0001,1.1327)", "slip_type": "Sinistral-Normal", "upper_seis_depth": "(1.0,,)", "downthrown_side_id": null, "reference": null, "epistemic_quality": "1", "accuracy": null, "activity_confidence": null, "fs_name": null, "last_movement": null, "downthrown_side_dir": null, "vert_sep_rate": null, "strike_slip_rate": null, "exposure_quality": null, "shortening_rate": null, "notes": null, "index_right": 65, "NAME_EN": "Turkey" }, "geometry": { "type": "LineString", "coordinates": [ [ 33.371864, 39.924721 ], [ 33.422419, 39.975056 ], [ 33.421276, 40.002923 ], [ 33.436727, 40.030855 ], [ 33.414787, 40.092117 ], [ 33.397527, 40.186486 ], [ 33.439188, 40.349504 ] ] } },
{ "type": "Feature", "properties": { "average_dip": "(70.0,70.0,70.0)", "average_rake": "(-38,-38.0,-38.0)", "catalog_id": "ME_TRCS246", "catalog_name": "EMME", "dip_dir": null, "lower_seis_depth": "(15.0,,)", "name": null, "net_slip_rate": "(0.6,0.0001,1.1327)", "slip_type": "Sinistral-Normal", "upper_seis_depth": "(1.0,,)", "downthrown_side_id": null, "reference": null, "epistemic_quality": "1", "accuracy": null, "activity_confidence": null, "fs_name": null, "last_movement": null, "downthrown_side_dir": null, "vert_sep_rate": null, "strike_slip_rate": null, "exposure_quality": null, "shortening_rate": null, "notes": null, "index_right": 65, "NAME_EN": "Turkey" }, "geometry": { "type": "LineString", "coordinates": [ [ 33.558986, 39.963761 ], [ 33.635084, 40.087087 ], [ 34.05095, 40.38387 ] ] } },
{ "type": "Feature", "properties": { "average_dip": "(87.0,87.0,87.0)", "average_rake": "(174,174.0,174.0)", "catalog_id": "ME_TRCS247", "catalog_name": "EMME", "dip_dir": null, "lower_seis_depth": "(15.0,,)", "name": null, "net_slip_rate": "(0.9,0.25,1.5)", "slip_type": "Dextral", "upper_seis_depth": "(1.0,,)", "downthrown_side_id": null, "reference": null, "epistemic_quality": "1", "accuracy": null, "activity_confidence": null, "fs_name": null, "last_movement": null, "downthrown_side_dir": null, "vert_sep_rate": null, "strike_slip_rate": null, "exposure_quality": null, "shortening_rate": null, "notes": null, "index_right": 65, "NAME_EN": "Turkey" }, "geometry": { "type": "LineString", "coordinates": [ [ 34.947935, 38.931297 ], [ 34.51939, 39.067142 ], [ 34.41741, 39.109806 ], [ 34.333241, 39.171643 ], [ 34.095921, 39.369177 ], [ 34.007725, 39.427835 ], [ 33.817086, 39.531237 ], [ 33.718012, 39.578679 ], [ 33.636127, 39.642757 ], [ 33.481616, 39.774789 ] ] } },
{ "type": "Feature", "properties": { "average_dip": "(70.0,70.0,70.0)", "average_rake": "(-29,-29.0,-29.0)", "catalog_id": "ME_TRCS250", "catalog_name": "EMME", "dip_dir": null, "lower_seis_depth": "(15.0,,)", "name": null, "net_slip_rate": "(0.5,0.0001,1.0056)", "slip_type": "Sinistral-Normal", "upper_seis_depth": "(1.0,,)", "downthrown_side_id": null, "reference": null, "epistemic_quality": "1", "accuracy": null, "activity_confidence": null, "fs_name": null, "last_movement": null, "downthrown_side_dir": null, "vert_sep_rate": null, "strike_slip_rate": null, "exposure_quality": null, "shortening_rate": null, "notes": null, "index_right": 65, "NAME_EN": "Turkey" }, "geometry": { "type": "LineString", "coordinates": [ [ 33.337017, 39.509185 ], [ 33.427196, 39.750823 ] ] } },
{ "type": "Feature", "properties": { "average_dip": "(87.0,87.0,87.0)", "average_rake": "(0,0.0,0.0)", "catalog_id": "ME_TRCS252", "catalog_name": "EMME", "dip_dir": null, "lower_seis_depth": "(15.0,,)", "name": null, "net_slip_rate": "(0.5,0.0001,1.0)", "slip_type": "Sinistral", "upper_seis_depth": "(1.0,,)", "downthrown_side_id": null, "reference": null, "epistemic_quality": "1", "accuracy": null, "activity_confidence": null, "fs_name": null, "last_movement": null, "downthrown_side_dir": null, "vert_sep_rate": null, "strike_slip_rate": null, "exposure_quality": null, "shortening_rate": null, "notes": null, "index_right": 65, "NAME_EN": "Turkey" }, "geometry": { "type": "LineString", "coordinates": [ [ 33.148953, 39.429903 ], [ 33.179459, 39.45106 ], [ 33.261547, 39.645311 ] ] } },
{ "type": "Feature", "properties": { "average_dip": "(87.0,87.0,87.0)", "average_rake": "(-29,-29.0,-29.0)", "catalog_id": "ME_TRCS253", "catalog_name": "EMME", "dip_dir": null, "lower_seis_depth": "(12.0,,)", "name": null, "net_slip_rate": "(0.5,0.0001,1.005)", "slip_type": "Sinistral-Normal", "upper_seis_depth": "(1.0,,)", "downthrown_side_id": null, "reference": null, "epistemic_quality": "1", "accuracy": null, "activity_confidence": null, "fs_name": null, "last_movement": null, "downthrown_side_dir": null, "vert_sep_rate": null, "strike_slip_rate": null, "exposure_quality": null, "shortening_rate": null, "notes": null, "index_right": 65, "NAME_EN": "Turkey" }, "geometry": { "type": "LineString", "coordinates": [ [ 33.065926, 39.537773 ], [ 33.258898, 39.751837 ], [ 33.28068, 39.837071 ], [ 33.300306, 39.922547 ] ] } },
{ "type": "Feature", "properties": { "average_dip": "(80.0,80.0,80.0)", "average_rake": "(0,0.0,0.0)", "catalog_id": "ME_TRCS254", "catalog_name": "EMME", "dip_dir": null, "lower_seis_depth": "(12.0,,)", "name": null, "net_slip_rate": "(0.5,0.0001,1.0)", "slip_type": "Sinistral", "upper_seis_depth": "(1.0,,)", "downthrown_side_id": null, "reference": null, "epistemic_quality": "1", "accuracy": null, "activity_confidence": null, "fs_name": null, "last_movement": null, "downthrown_side_dir": null, "vert_sep_rate": null, "strike_slip_rate": null, "exposure_quality": null, "shortening_rate": null, "notes": null, "index_right": 65, "NAME_EN": "Turkey" }, "geometry": { "type": "LineString", "coordinates": [ [ 32.76954, 39.94935 ], [ 32.53975, 39.85157 ] ] } },
{ "type": "Feature", "properties": { "average_dip": "(50.0,50.0,50.0)", "average_rake": "(-90,-90.0,-90.0)", "catalog_id": "ME_TRCS255", "catalog_name": "EMME", "dip_dir": null, "lower_seis_depth": "(15.0,,)", "name": null, "net_slip_rate": "(1.3,0.0001,2.6108)", "slip_type": "Normal", "upper_seis_depth": "(1.0,,)", "downthrown_side_id": null, "reference": null, "epistemic_quality": "1", "accuracy": null, "activity_confidence": null, "fs_name": null, "last_movement": null, "downthrown_side_dir": null, "vert_sep_rate": null, "strike_slip_rate": null, "exposure_quality": null, "shortening_rate": null, "notes": null, "index_right": 65, "NAME_EN": "Turkey" }, "geometry": { "type": "LineString", "coordinates": [ [ 31.079415, 38.468238 ], [ 31.121098, 38.435302 ], [ 31.158627, 38.349535 ], [ 31.219919, 38.277284 ], [ 31.307241, 38.212287 ], [ 31.36329, 38.161049 ], [ 31.428105, 38.114662 ], [ 31.461487, 38.031677 ], [ 31.486225, 37.959864 ], [ 31.730204, 37.714265 ] ] } },
{ "type": "Feature", "properties": { "average_dip": "(50.0,50.0,50.0)", "average_rake": "(-90,-90.0,-90.0)", "catalog_id": "ME_TRCS256", "catalog_name": "EMME", "dip_dir": null, "lower_seis_depth": "(10.0,,)", "name": null, "net_slip_rate": "(1.3,0.0001,2.6108)", "slip_type": "Normal", "upper_seis_depth": "(1.0,,)", "downthrown_side_id": null, "reference": null, "epistemic_quality": "1", "accuracy": null, "activity_confidence": null, "fs_name": null, "last_movement": null, "downthrown_side_dir": null, "vert_sep_rate": null, "strike_slip_rate": null, "exposure_quality": null, "shortening_rate": null, "notes": null, "index_right": 65, "NAME_EN": "Turkey" }, "geometry": { "type": "LineString", "coordinates": [ [ 31.145441, 38.093627 ], [ 31.356851, 37.863741 ], [ 31.417751, 37.782239 ], [ 31.44971, 37.724955 ], [ 31.457009, 37.659288 ] ] } },
{ "type": "Feature", "properties": { "average_dip": "(50.0,50.0,50.0)", "average_rake": "(-90,-90.0,-90.0)", "catalog_id": "ME_TRCS257", "catalog_name": "EMME", "dip_dir": null, "lower_seis_depth": "(10.0,,)", "name": null, "net_slip_rate": "(1.3,0.0001,2.6108)", "slip_type": "Normal", "upper_seis_depth": "(1.0,,)", "downthrown_side_id": null, "reference": null, "epistemic_quality": "1", "accuracy": null, "activity_confidence": null, "fs_name": null, "last_movement": null, "downthrown_side_dir": null, "vert_sep_rate": null, "strike_slip_rate": null, "exposure_quality": null, "shortening_rate": null, "notes": null, "index_right": 65, "NAME_EN": "Turkey" }, "geometry": { "type": "LineString", "coordinates": [ [ 31.81459, 37.696137 ], [ 31.784142, 37.67516 ], [ 31.671539, 37.640008 ], [ 31.55743, 37.612239 ] ] } },
{ "type": "Feature", "properties": { "average_dip": "(85.0,80.0,90.0)", "average_rake": "(180,180.0,180.0)", "catalog_id": "ME_TRCS258", "catalog_name": "EMME", "dip_dir": null, "lower_seis_depth": "(10.0,,)", "name": null, "net_slip_rate": "(1.0,0.0001,2.0)", "slip_type": "Dextral", "upper_seis_depth": "(1.0,,)", "downthrown_side_id": null, "reference": null, "epistemic_quality": "1", "accuracy": null, "activity_confidence": null, "fs_name": null, "last_movement": null, "downthrown_side_dir": null, "vert_sep_rate": null, "strike_slip_rate": null, "exposure_quality": null, "shortening_rate": null, "notes": null, "index_right": 65, "NAME_EN": "Turkey" }, "geometry": { "type": "LineString", "coordinates": [ [ 32.825117, 36.669785 ], [ 32.465963, 36.890888 ], [ 32.379476, 36.949593 ], [ 32.179374, 37.169934 ], [ 32.102316, 37.236718 ], [ 32.005039, 37.283973 ], [ 31.837983, 37.407556 ], [ 31.764714, 37.477151 ], [ 31.681653, 37.586964 ] ] } },
{ "type": "Feature", "properties": { "average_dip": "(50.0,50.0,50.0)", "average_rake": "(-90,-90.0,-90.0)", "catalog_id": "ME_TRCS260", "catalog_name": "EMME", "dip_dir": null, "lower_seis_depth": "(15.0,,)", "name": null, "net_slip_rate": "(0.7,0.0001,1.3054)", "slip_type": "Normal", "upper_seis_depth": "(1.0,,)", "downthrown_side_id": null, "reference": null, "epistemic_quality": "1", "accuracy": null, "activity_confidence": null, "fs_name": null, "last_movement": null, "downthrown_side_dir": null, "vert_sep_rate": null, "strike_slip_rate": null, "exposure_quality": null, "shortening_rate": null, "notes": null, "index_right": 65, "NAME_EN": "Turkey" }, "geometry": { "type": "LineString", "coordinates": [ [ 31.285689, 37.005338 ], [ 31.279434, 37.095988 ], [ 31.292397, 37.186184 ], [ 31.282142, 37.276604 ], [ 31.292028, 37.367052 ], [ 31.275117, 37.456839 ], [ 31.250546, 37.545508 ], [ 31.2298, 37.667462 ] ] } },
{ "type": "Feature", "properties": { "average_dip": "(50.0,50.0,50.0)", "average_rake": "(-90,-90.0,-90.0)", "catalog_id": "ME_TRCS261", "catalog_name": "EMME", "dip_dir": null, "lower_seis_depth": "(15.0,,)", "name": null, "net_slip_rate": "(0.7,0.0001,1.3054)", "slip_type": "Normal", "upper_seis_depth": "(1.0,,)", "downthrown_side_id": null, "reference": null, "epistemic_quality": "1", "accuracy": null, "activity_confidence": null, "fs_name": null, "last_movement": null, "downthrown_side_dir": null, "vert_sep_rate": null, "strike_slip_rate": null, "exposure_quality": null, "shortening_rate": null, "notes": null, "index_right": 65, "NAME_EN": "Turkey" }, "geometry": { "type": "LineString", "coordinates": [ [ 30.985415, 38.019247 ], [ 31.031104, 37.921305 ], [ 31.168064, 37.750153 ] ] } },
{ "type": "Feature", "properties": { "average_dip": "(50.0,50.0,50.0)", "average_rake": "(-74,-90.0,-59.0)", "catalog_id": "ME_TRCS263", "catalog_name": "EMME", "dip_dir": null, "lower_seis_depth": "(15.0,,)", "name": null, "net_slip_rate": "(1.5,1.0,2.0)", "slip_type": "Normal", "upper_seis_depth": "(1.0,,)", "downthrown_side_id": null, "reference": null, "epistemic_quality": "1", "accuracy": null, "activity_confidence": null, "fs_name": null, "last_movement": null, "downthrown_side_dir": null, "vert_sep_rate": null, "strike_slip_rate": null, "exposure_quality": null, "shortening_rate": null, "notes": null, "index_right": 65, "NAME_EN": "Turkey" }, "geometry": { "type": "LineString", "coordinates": [ [ 30.634674, 36.913764 ], [ 30.608458, 36.942188 ], [ 30.587381, 36.960427 ], [ 30.569032, 36.980457 ], [ 30.545458, 37.012381 ], [ 30.542913, 37.046417 ], [ 30.55984, 37.107454 ], [ 30.575257, 37.147055 ], [ 30.621499, 37.225233 ] ] } },
{ "type": "Feature", "properties": { "average_dip": "(50.0,50.0,50.0)", "average_rake": "(-59,-59.0,-59.0)", "catalog_id": "ME_TRCS265", "catalog_name": "EMME", "dip_dir": null, "lower_seis_depth": "(15.0,,)", "name": null, "net_slip_rate": "(1.5,1.0,2.0)", "slip_type": "Sinistral-Normal", "upper_seis_depth": "(1.0,,)", "downthrown_side_id": null, "reference": null, "epistemic_quality": "1", "accuracy": null, "activity_confidence": null, "fs_name": null, "last_movement": null, "downthrown_side_dir": null, "vert_sep_rate": null, "strike_slip_rate": null, "exposure_quality": null, "shortening_rate": null, "notes": null, "index_right": 65, "NAME_EN": "Turkey" }, "geometry": { "type": "LineString", "coordinates": [ [ 30.133853, 36.486713 ], [ 30.313966, 36.677352 ] ] } },
{ "type": "Feature", "properties": { "average_dip": "(50.0,50.0,50.0)", "average_rake": "(-74,-90.0,-59.0)", "catalog_id": "ME_TRCS266", "catalog_name": "EMME", "dip_dir": null, "lower_seis_depth": "(15.0,,)", "name": null, "net_slip_rate": "(1.5,1.0,2.0)", "slip_type": "Normal", "upper_seis_depth": "(1.0,,)", "downthrown_side_id": null, "reference": null, "epistemic_quality": "1", "accuracy": null, "activity_confidence": null, "fs_name": null, "last_movement": null, "downthrown_side_dir": null, "vert_sep_rate": null, "strike_slip_rate": null, "exposure_quality": null, "shortening_rate": null, "notes": null, "index_right": 65, "NAME_EN": "Turkey" }, "geometry": { "type": "LineString", "coordinates": [ [ 30.258605, 36.768634 ], [ 30.22717, 36.84827 ], [ 30.249049, 36.929937 ], [ 30.303624, 37.001169 ], [ 30.365313, 37.068628 ], [ 30.386761, 37.150378 ], [ 30.411257, 37.293892 ] ] } },
{ "type": "Feature", "properties": { "average_dip": "(50.0,50.0,50.0)", "average_rake": "(-78,-78.0,-78.0)", "catalog_id": "ME_TRCS268", "catalog_name": "EMME", "dip_dir": null, "lower_seis_depth": "(13.0,,)", "name": null, "net_slip_rate": "(7.4,5.2216,9.6177)", "slip_type": "Normal", "upper_seis_depth": "(1.0,,)", "downthrown_side_id": null, "reference": null, "epistemic_quality": "1", "accuracy": null, "activity_confidence": null, "fs_name": null, "last_movement": null, "downthrown_side_dir": null, "vert_sep_rate": null, "strike_slip_rate": null, "exposure_quality": null, "shortening_rate": null, "notes": null, "index_right": 65, "NAME_EN": "Turkey" }, "geometry": { "type": "LineString", "coordinates": [ [ 29.362743, 37.40717 ], [ 29.326503, 37.329377 ], [ 29.27787, 37.255998 ], [ 29.142908, 37.131253 ] ] } },
{ "type": "Feature", "properties": { "average_dip": "(50.0,50.0,50.0)", "average_rake": "(-80,-83.0,-78.0)", "catalog_id": "ME_TRCS269", "catalog_name": "EMME", "dip_dir": null, "lower_seis_depth": "(13.0,,)", "name": null, "net_slip_rate": "(7.9,5.2216,10.633)", "slip_type": "Normal", "upper_seis_depth": "(1.0,,)", "downthrown_side_id": null, "reference": null, "epistemic_quality": "1", "accuracy": null, "activity_confidence": null, "fs_name": null, "last_movement": null, "downthrown_side_dir": null, "vert_sep_rate": null, "strike_slip_rate": null, "exposure_quality": null, "shortening_rate": null, "notes": null, "index_right": 65, "NAME_EN": "Turkey" }, "geometry": { "type": "LineString", "coordinates": [ [ 29.26995, 37.628289 ], [ 29.290211, 37.546365 ], [ 29.293809, 37.46293 ], [ 29.365164, 37.412735 ] ] } },
{ "type": "Feature", "properties": { "average_dip": "(50.0,50.0,50.0)", "average_rake": "(-102,-102.0,-102.0)", "catalog_id": "ME_TRCS271", "catalog_name": "EMME", "dip_dir": null, "lower_seis_depth": "(15.0,,)", "name": null, "net_slip_rate": "(7.4,5.2216,9.6177)", "slip_type": "Normal", "upper_seis_depth": "(1.0,,)", "downthrown_side_id": null, "reference": null, "epistemic_quality": "1", "accuracy": null, "activity_confidence": null, "fs_name": null, "last_movement": null, "downthrown_side_dir": null, "vert_sep_rate": null, "strike_slip_rate": null, "exposure_quality": null, "shortening_rate": null, "notes": null, "index_right": 65, "NAME_EN": "Turkey" }, "geometry": { "type": "LineString", "coordinates": [ [ 28.834061, 37.364785 ], [ 28.926962, 37.427156 ], [ 29.028499, 37.480449 ], [ 29.076734, 37.569184 ], [ 29.145049, 37.612877 ] ] } },
{ "type": "Feature", "properties": { "average_dip": "(50.0,50.0,50.0)", "average_rake": "(-78,-78.0,-78.0)", "catalog_id": "ME_TRCS273", "catalog_name": "EMME", "dip_dir": null, "lower_seis_depth": "(13.0,,)", "name": null, "net_slip_rate": "(7.4,5.2216,9.6177)", "slip_type": "Normal", "upper_seis_depth": "(1.0,,)", "downthrown_side_id": null, "reference": null, "epistemic_quality": "1", "accuracy": null, "activity_confidence": null, "fs_name": null, "last_movement": null, "downthrown_side_dir": null, "vert_sep_rate": null, "strike_slip_rate": null, "exposure_quality": null, "shortening_rate": null, "notes": null, "index_right": 65, "NAME_EN": "Turkey" }, "geometry": { "type": "LineString", "coordinates": [ [ 29.277536, 36.96533 ], [ 29.339023, 37.032145 ], [ 29.416911, 37.08703 ], [ 29.43827, 37.142697 ] ] } },
{ "type": "Feature", "properties": { "average_dip": "(50.0,50.0,50.0)", "average_rake": "(-82,-82.0,-82.0)", "catalog_id": "ME_TRCS274", "catalog_name": "EMME", "dip_dir": null, "lower_seis_depth": "(13.0,,)", "name": null, "net_slip_rate": "(7.3,5.2216,9.3542)", "slip_type": "Normal", "upper_seis_depth": "(1.0,,)", "downthrown_side_id": null, "reference": null, "epistemic_quality": "1", "accuracy": null, "activity_confidence": null, "fs_name": null, "last_movement": null, "downthrown_side_dir": null, "vert_sep_rate": null, "strike_slip_rate": null, "exposure_quality": null, "shortening_rate": null, "notes": null, "index_right": 65, "NAME_EN": "Turkey" }, "geometry": { "type": "LineString", "coordinates": [ [ 29.585863, 37.085342 ], [ 29.422694, 37.004095 ] ] } },
{ "type": "Feature", "properties": { "average_dip": "(50.0,50.0,50.0)", "average_rake": "(-82,-82.0,-82.0)", "catalog_id": "ME_TRCS275", "catalog_name": "EMME", "dip_dir": null, "lower_seis_depth": "(13.0,,)", "name": null, "net_slip_rate": "(5.5,4.0,7.0)", "slip_type": "Normal", "upper_seis_depth": "(1.0,,)", "downthrown_side_id": null, "reference": null, "epistemic_quality": "1", "accuracy": null, "activity_confidence": null, "fs_name": null, "last_movement": null, "downthrown_side_dir": null, "vert_sep_rate": null, "strike_slip_rate": null, "exposure_quality": null, "shortening_rate": null, "notes": null, "index_right": 65, "NAME_EN": "Turkey" }, "geometry": { "type": "LineString", "coordinates": [ [ 29.68784, 37.18343 ], [ 29.796565, 37.213077 ], [ 29.897918, 37.169946 ], [ 29.96386, 37.11299 ] ] } },
{ "type": "Feature", "properties": { "average_dip": "(50.0,50.0,50.0)", "average_rake": "(-90,-90.0,-90.0)", "catalog_id": "ME_TRCS277", "catalog_name": "EMME", "dip_dir": null, "lower_seis_depth": "(14.0,,)", "name": null, "net_slip_rate": "(3.9,2.6108,5.2216)", "slip_type": "Normal", "upper_seis_depth": "(1.0,,)", "downthrown_side_id": null, "reference": null, "epistemic_quality": "1", "accuracy": null, "activity_confidence": null, "fs_name": null, "last_movement": null, "downthrown_side_dir": null, "vert_sep_rate": null, "strike_slip_rate": null, "exposure_quality": null, "shortening_rate": null, "notes": null, "index_right": 65, "NAME_EN": "Turkey" }, "geometry": { "type": "LineString", "coordinates": [ [ 29.756356, 38.371156 ], [ 29.717235, 38.46216 ], [ 29.735363, 38.557133 ], [ 29.760857, 38.651074 ], [ 29.849568, 38.713534 ] ] } },
{ "type": "Feature", "properties": { "average_dip": "(50.0,50.0,50.0)", "average_rake": "(-90,-90.0,-90.0)", "catalog_id": "ME_TRCS278", "catalog_name": "EMME", "dip_dir": null, "lower_seis_depth": "(14.0,,)", "name": null, "net_slip_rate": "(2.6,0.0001,5.2216)", "slip_type": "Normal", "upper_seis_depth": "(1.0,,)", "downthrown_side_id": null, "reference": null, "epistemic_quality": "1", "accuracy": null, "activity_confidence": null, "fs_name": null, "last_movement": null, "downthrown_side_dir": null, "vert_sep_rate": null, "strike_slip_rate": null, "exposure_quality": null, "shortening_rate": null, "notes": null, "index_right": 65, "NAME_EN": "Turkey" }, "geometry": { "type": "LineString", "coordinates": [ [ 29.929232, 38.639105 ], [ 29.936134, 38.5595 ], [ 29.894841, 38.486545 ], [ 29.834068, 38.422507 ], [ 29.797329, 38.363243 ] ] } },
{ "type": "Feature", "properties": { "average_dip": "(50.0,50.0,50.0)", "average_rake": "(-90,-90.0,-90.0)", "catalog_id": "ME_TRCS280", "catalog_name": "EMME", "dip_dir": null, "lower_seis_depth": "(8.0,,)", "name": null, "net_slip_rate": "(1.3,0.0001,2.6108)", "slip_type": "Normal", "upper_seis_depth": "(1.0,,)", "downthrown_side_id": null, "reference": null, "epistemic_quality": "1", "accuracy": null, "activity_confidence": null, "fs_name": null, "last_movement": null, "downthrown_side_dir": null, "vert_sep_rate": null, "strike_slip_rate": null, "exposure_quality": null, "shortening_rate": null, "notes": null, "index_right": 65, "NAME_EN": "Turkey" }, "geometry": { "type": "LineString", "coordinates": [ [ 29.259613, 37.950041 ], [ 29.351461, 37.998963 ], [ 29.518243, 38.114264 ], [ 29.591893, 38.179687 ], [ 29.654062, 38.252142 ], [ 29.723032, 38.320731 ], [ 29.828455, 38.330998 ] ] } },
{ "type": "Feature", "properties": { "average_dip": "(50.0,50.0,50.0)", "average_rake": "(-90,-90.0,-90.0)", "catalog_id": "ME_TRCS281", "catalog_name": "EMME", "dip_dir": null, "lower_seis_depth": "(15.0,,)", "name": null, "net_slip_rate": "(1.3,0.0001,2.6108)", "slip_type": "Normal", "upper_seis_depth": "(1.0,,)", "downthrown_side_id": null, "reference": null, "epistemic_quality": "1", "accuracy": null, "activity_confidence": null, "fs_name": null, "last_movement": null, "downthrown_side_dir": null, "vert_sep_rate": null, "strike_slip_rate": null, "exposure_quality": null, "shortening_rate": null, "notes": null, "index_right": 65, "NAME_EN": "Turkey" }, "geometry": { "type": "LineString", "coordinates": [ [ 30.767179, 38.375373 ], [ 30.873588, 38.414359 ], [ 30.907133, 38.431584 ], [ 30.918149, 38.450578 ], [ 30.917789, 38.468888 ], [ 30.955852, 38.578316 ] ] } },
{ "type": "Feature", "properties": { "average_dip": "(50.0,50.0,50.0)", "average_rake": "(-121,-121.0,-121.0)", "catalog_id": "ME_TRCS282", "catalog_name": "EMME", "dip_dir": null, "lower_seis_depth": "(14.0,,)", "name": null, "net_slip_rate": "(1.3,0.0001,2.6583)", "slip_type": "Dextral-Normal", "upper_seis_depth": "(1.0,,)", "downthrown_side_id": null, "reference": null, "epistemic_quality": "1", "accuracy": null, "activity_confidence": null, "fs_name": null, "last_movement": null, "downthrown_side_dir": null, "vert_sep_rate": null, "strike_slip_rate": null, "exposure_quality": null, "shortening_rate": null, "notes": null, "index_right": 65, "NAME_EN": "Turkey" }, "geometry": { "type": "LineString", "coordinates": [ [ 29.58963, 36.155942 ], [ 29.696206, 36.199469 ], [ 29.74892, 36.286 ], [ 29.83938, 36.349108 ], [ 29.904771, 36.414964 ] ] } },
{ "type": "Feature", "properties": { "average_dip": "(50.0,50.0,50.0)", "average_rake": "(-90,-90.0,-90.0)", "catalog_id": "ME_TRCS284", "catalog_name": "EMME", "dip_dir": null, "lower_seis_depth": "(15.0,,)", "name": null, "net_slip_rate": "(1.5,1.0,2.0)", "slip_type": "Normal", "upper_seis_depth": "(1.0,,)", "downthrown_side_id": null, "reference": null, "epistemic_quality": "1", "accuracy": null, "activity_confidence": null, "fs_name": null, "last_movement": null, "downthrown_side_dir": null, "vert_sep_rate": null, "strike_slip_rate": null, "exposure_quality": null, "shortening_rate": null, "notes": null, "index_right": 65, "NAME_EN": "Turkey" }, "geometry": { "type": "LineString", "coordinates": [ [ 30.485436, 36.542719 ], [ 30.504995, 36.631267 ], [ 30.509155, 36.721133 ], [ 30.527961, 36.805721 ] ] } },
{ "type": "Feature", "properties": { "average_dip": "(50.0,50.0,50.0)", "average_rake": "(-122,-122.0,-122.0)", "catalog_id": "ME_TRCS287", "catalog_name": "EMME", "dip_dir": null, "lower_seis_depth": "(8.0,,)", "name": null, "net_slip_rate": "(0.7,0.0001,1.3394)", "slip_type": "Dextral-Normal", "upper_seis_depth": "(1.0,,)", "downthrown_side_id": null, "reference": null, "epistemic_quality": "1", "accuracy": null, "activity_confidence": null, "fs_name": null, "last_movement": null, "downthrown_side_dir": null, "vert_sep_rate": null, "strike_slip_rate": null, "exposure_quality": null, "shortening_rate": null, "notes": null, "index_right": 65, "NAME_EN": "Turkey" }, "geometry": { "type": "LineString", "coordinates": [ [ 29.879157, 36.475161 ], [ 29.764963, 36.435926 ], [ 29.680107, 36.363053 ], [ 29.585402, 36.298599 ], [ 29.469877, 36.270577 ] ] } },
{ "type": "Feature", "properties": { "average_dip": "(60.0,60.0,60.0)", "average_rake": "(-54,-54.0,-54.0)", "catalog_id": "ME_TRCS289", "catalog_name": "EMME", "dip_dir": null, "lower_seis_depth": "(14.0,,)", "name": null, "net_slip_rate": "(1.3,0.0001,2.5166)", "slip_type": "Sinistral-Normal", "upper_seis_depth": "(0.0,,)", "downthrown_side_id": null, "reference": null, "epistemic_quality": "1", "accuracy": null, "activity_confidence": null, "fs_name": null, "last_movement": null, "downthrown_side_dir": null, "vert_sep_rate": null, "strike_slip_rate": null, "exposure_quality": null, "shortening_rate": null, "notes": null, "index_right": 65, "NAME_EN": "Turkey" }, "geometry": { "type": "LineString", "coordinates": [ [ 29.250021, 36.396482 ], [ 29.271125, 36.479088 ], [ 29.337993, 36.544078 ], [ 29.358369, 36.62681 ], [ 29.345883, 36.710548 ], [ 29.287815, 36.780883 ], [ 29.225645, 36.822685 ] ] } },
{ "type": "Feature", "properties": { "average_dip": "(50.0,50.0,50.0)", "average_rake": "(-62,-62.0,-62.0)", "catalog_id": "ME_TRCS290", "catalog_name": "EMME", "dip_dir": null, "lower_seis_depth": "(14.0,,)", "name": null, "net_slip_rate": "(2.0,0.0001,3.9277)", "slip_type": "Sinistral-Normal", "upper_seis_depth": "(1.0,,)", "downthrown_side_id": null, "reference": null, "epistemic_quality": "1", "accuracy": null, "activity_confidence": null, "fs_name": null, "last_movement": null, "downthrown_side_dir": null, "vert_sep_rate": null, "strike_slip_rate": null, "exposure_quality": null, "shortening_rate": null, "notes": null, "index_right": 65, "NAME_EN": "Turkey" }, "geometry": { "type": "LineString", "coordinates": [ [ 30.580522, 38.082992 ], [ 30.686082, 38.093252 ], [ 30.789661, 38.112343 ], [ 30.859389, 38.175594 ], [ 30.920898, 38.243944 ], [ 30.987986, 38.309016 ], [ 31.065329, 38.3635 ] ] } },
{ "type": "Feature", "properties": { "average_dip": "(50.0,50.0,50.0)", "average_rake": "(-60,-60.0,-60.0)", "catalog_id": "ME_TRCS292", "catalog_name": "EMME", "dip_dir": null, "lower_seis_depth": "(8.0,,)", "name": null, "net_slip_rate": "(0.7,0.0001,1.3206)", "slip_type": "Sinistral-Normal", "upper_seis_depth": "(1.0,,)", "downthrown_side_id": null, "reference": null, "epistemic_quality": "1", "accuracy": null, "activity_confidence": null, "fs_name": null, "last_movement": null, "downthrown_side_dir": null, "vert_sep_rate": null, "strike_slip_rate": null, "exposure_quality": null, "shortening_rate": null, "notes": null, "index_right": 65, "NAME_EN": "Turkey" }, "geometry": { "type": "LineString", "coordinates": [ [ 30.395801, 38.034708 ], [ 30.452536, 38.122343 ], [ 30.576272, 38.136485 ], [ 30.681339, 38.189867 ], [ 30.780312, 38.250096 ], [ 30.87291, 38.31573 ] ] } },
{ "type": "Feature", "properties": { "average_dip": "(50.0,50.0,50.0)", "average_rake": "(-90,-90.0,-90.0)", "catalog_id": "ME_TRCS293", "catalog_name": "EMME", "dip_dir": null, "lower_seis_depth": "(14.0,,)", "name": null, "net_slip_rate": "(1.3,0.0001,2.6108)", "slip_type": "Normal", "upper_seis_depth": "(0.0,,)", "downthrown_side_id": null, "reference": null, "epistemic_quality": "1", "accuracy": null, "activity_confidence": null, "fs_name": null, "last_movement": null, "downthrown_side_dir": null, "vert_sep_rate": null, "strike_slip_rate": null, "exposure_quality": null, "shortening_rate": null, "notes": null, "index_right": 65, "NAME_EN": "Turkey" }, "geometry": { "type": "LineString", "coordinates": [ [ 29.088621, 36.618744 ], [ 29.133848, 36.612525 ], [ 29.179074, 36.613375 ], [ 29.264493, 36.621717 ], [ 29.313491, 36.636981 ] ] } },
{ "type": "Feature", "properties": { "average_dip": "(50.0,50.0,50.0)", "average_rake": "(-90,-90.0,-90.0)", "catalog_id": "ME_TRCS294", "catalog_name": "EMME", "dip_dir": null, "lower_seis_depth": "(14.0,,)", "name": null, "net_slip_rate": "(1.5,1.0,2.0)", "slip_type": "Normal", "upper_seis_depth": "(1.0,,)", "downthrown_side_id": null, "reference": null, "epistemic_quality": "1", "accuracy": null, "activity_confidence": null, "fs_name": null, "last_movement": null, "downthrown_side_dir": null, "vert_sep_rate": null, "strike_slip_rate": null, "exposure_quality": null, "shortening_rate": null, "notes": null, "index_right": 65, "NAME_EN": "Turkey" }, "geometry": { "type": "LineString", "coordinates": [ [ 30.176511, 37.081985 ], [ 30.163229, 37.167734 ], [ 30.228858, 37.236525 ], [ 30.258532, 37.312487 ] ] } },
{ "type": "Feature", "properties": { "average_dip": "(50.0,50.0,50.0)", "average_rake": "(-62,-62.0,-62.0)", "catalog_id": "ME_TRCS295", "catalog_name": "EMME", "dip_dir": null, "lower_seis_depth": "(14.0,,)", "name": null, "net_slip_rate": "(2.0,0.0001,3.9277)", "slip_type": "Sinistral-Normal", "upper_seis_depth": "(1.0,,)", "downthrown_side_id": null, "reference": null, "epistemic_quality": "1", "accuracy": null, "activity_confidence": null, "fs_name": null, "last_movement": null, "downthrown_side_dir": null, "vert_sep_rate": null, "strike_slip_rate": null, "exposure_quality": null, "shortening_rate": null, "notes": null, "index_right": 65, "NAME_EN": "Turkey" }, "geometry": { "type": "LineString", "coordinates": [ [ 30.867744, 37.838024 ], [ 30.786879, 37.906508 ], [ 30.771551, 37.936918 ], [ 30.775599, 37.982603 ], [ 30.79638, 37.999824 ], [ 30.852293, 38.073008 ] ] } },
{ "type": "Feature", "properties": { "average_dip": "(50.0,50.0,50.0)", "average_rake": "(-90,-90.0,-90.0)", "catalog_id": "ME_TRCS302", "catalog_name": "EMME", "dip_dir": null, "lower_seis_depth": "(14.0,,)", "name": null, "net_slip_rate": "(3.9,2.6108,5.2216)", "slip_type": "Normal", "upper_seis_depth": "(1.0,,)", "downthrown_side_id": null, "reference": null, "epistemic_quality": "1", "accuracy": null, "activity_confidence": null, "fs_name": null, "last_movement": null, "downthrown_side_dir": null, "vert_sep_rate": null, "strike_slip_rate": null, "exposure_quality": null, "shortening_rate": null, "notes": null, "index_right": 65, "NAME_EN": "Turkey" }, "geometry": { "type": "LineString", "coordinates": [ [ 29.591296, 37.909564 ], [ 29.616493, 38.002691 ], [ 29.686393, 38.080384 ], [ 29.758505, 38.156856 ], [ 29.827317, 38.197477 ] ] } },
{ "type": "Feature", "properties": { "average_dip": "(50.0,50.0,50.0)", "average_rake": "(-71,-71.0,-71.0)", "catalog_id": "ME_TRCS303", "catalog_name": "EMME", "dip_dir": null, "lower_seis_depth": "(7.0,,)", "name": null, "net_slip_rate": "(2.0,0.1305,3.948)", "slip_type": "Normal", "upper_seis_depth": "(1.0,,)", "downthrown_side_id": null, "reference": null, "epistemic_quality": "1", "accuracy": null, "activity_confidence": null, "fs_name": null, "last_movement": null, "downthrown_side_dir": null, "vert_sep_rate": null, "strike_slip_rate": null, "exposure_quality": null, "shortening_rate": null, "notes": null, "index_right": 65, "NAME_EN": "Turkey" }, "geometry": { "type": "LineString", "coordinates": [ [ 29.526569, 37.801952 ], [ 29.620531, 37.843947 ], [ 29.727366, 37.831551 ], [ 29.818363, 37.877488 ], [ 29.906416, 37.926936 ], [ 29.998867, 37.971182 ], [ 30.058815, 38.025045 ] ] } },
{ "type": "Feature", "properties": { "average_dip": "(55.0,50.0,60.0)", "average_rake": "(-80,-90.0,-71.0)", "catalog_id": "ME_TRCS304", "catalog_name": "EMME", "dip_dir": null, "lower_seis_depth": "(14.0,,)", "name": null, "net_slip_rate": "(3.7,0.1155,7.1971)", "slip_type": "Normal", "upper_seis_depth": "(1.0,,)", "downthrown_side_id": null, "reference": null, "epistemic_quality": "1", "accuracy": null, "activity_confidence": null, "fs_name": null, "last_movement": null, "downthrown_side_dir": null, "vert_sep_rate": null, "strike_slip_rate": null, "exposure_quality": null, "shortening_rate": null, "notes": null, "index_right": 65, "NAME_EN": "Turkey" }, "geometry": { "type": "LineString", "coordinates": [ [ 29.644904, 37.680716 ], [ 29.723484, 37.73741 ], [ 29.825417, 37.761555 ], [ 29.913967, 37.808262 ], [ 30.014909, 37.835117 ], [ 30.09088, 37.894124 ], [ 30.10267, 37.977746 ], [ 30.11246, 38.001467 ] ] } },
{ "type": "Feature", "properties": { "average_dip": "(50.0,50.0,50.0)", "average_rake": "(-90,-90.0,-90.0)", "catalog_id": "ME_TRCS306", "catalog_name": "EMME", "dip_dir": null, "lower_seis_depth": "(14.0,,)", "name": null, "net_slip_rate": "(0.7,0.0001,1.3054)", "slip_type": "Normal", "upper_seis_depth": "(1.0,,)", "downthrown_side_id": null, "reference": null, "epistemic_quality": "1", "accuracy": null, "activity_confidence": null, "fs_name": null, "last_movement": null, "downthrown_side_dir": null, "vert_sep_rate": null, "strike_slip_rate": null, "exposure_quality": null, "shortening_rate": null, "notes": null, "index_right": 65, "NAME_EN": "Turkey" }, "geometry": { "type": "LineString", "coordinates": [ [ 30.046746, 38.127448 ], [ 29.995004, 38.128631 ], [ 29.866229, 38.190123 ] ] } },
{ "type": "Feature", "properties": { "average_dip": "(50.0,50.0,50.0)", "average_rake": "(-88,-90.0,-87.0)", "catalog_id": "ME_TRCS309", "catalog_name": "EMME", "dip_dir": null, "lower_seis_depth": "(14.0,,)", "name": null, "net_slip_rate": "(4.3,1.3054,7.1971)", "slip_type": "Normal", "upper_seis_depth": "(1.0,,)", "downthrown_side_id": null, "reference": null, "epistemic_quality": "1", "accuracy": null, "activity_confidence": null, "fs_name": null, "last_movement": null, "downthrown_side_dir": null, "vert_sep_rate": null, "strike_slip_rate": null, "exposure_quality": null, "shortening_rate": null, "notes": null, "index_right": 65, "NAME_EN": "Turkey" }, "geometry": { "type": "LineString", "coordinates": [ [ 29.90348, 37.562217 ], [ 30.020321, 37.541323 ], [ 30.113129, 37.601375 ], [ 30.183572, 37.678226 ], [ 30.285108, 37.72886 ], [ 30.378165, 37.788899 ], [ 30.431774, 37.844462 ] ] } },
{ "type": "Feature", "properties": { "average_dip": "(64.0,64.0,64.0)", "average_rake": "(-130,-130.0,-130.0)", "catalog_id": "ME_TRCS310", "catalog_name": "EMME", "dip_dir": null, "lower_seis_depth": "(15.0,,)", "name": null, "net_slip_rate": "(1.3,0.0001,2.6836)", "slip_type": "Dextral-Normal", "upper_seis_depth": "(1.0,,)", "downthrown_side_id": null, "reference": null, "epistemic_quality": "1", "accuracy": null, "activity_confidence": null, "fs_name": null, "last_movement": null, "downthrown_side_dir": null, "vert_sep_rate": null, "strike_slip_rate": null, "exposure_quality": null, "shortening_rate": null, "notes": null, "index_right": 65, "NAME_EN": "Turkey" }, "geometry": { "type": "LineString", "coordinates": [ [ 30.47808, 38.95573 ], [ 29.60144, 39.30574 ] ] } },
{ "type": "Feature", "properties": { "average_dip": "(64.0,64.0,64.0)", "average_rake": "(-130,-130.0,-130.0)", "catalog_id": "ME_TRCS311", "catalog_name": "EMME", "dip_dir": null, "lower_seis_depth": "(15.0,,)", "name": null, "net_slip_rate": "(1.3,0.0001,2.6836)", "slip_type": "Dextral-Normal", "upper_seis_depth": "(1.0,,)", "downthrown_side_id": null, "reference": null, "epistemic_quality": "1", "accuracy": null, "activity_confidence": null, "fs_name": null, "last_movement": null, "downthrown_side_dir": null, "vert_sep_rate": null, "strike_slip_rate": null, "exposure_quality": null, "shortening_rate": null, "notes": null, "index_right": 65, "NAME_EN": "Turkey" }, "geometry": { "type": "LineString", "coordinates": [ [ 28.218619, 39.672874 ], [ 28.910402, 39.620125 ], [ 29.020832, 39.593287 ], [ 29.127684, 39.558996 ], [ 29.574747, 39.46739 ], [ 29.672965, 39.514441 ], [ 30.148197, 39.355612 ] ] } },
{ "type": "Feature", "properties": { "average_dip": "(50.0,50.0,50.0)", "average_rake": "(-90,-90.0,-90.0)", "catalog_id": "ME_TRCS313", "catalog_name": "EMME", "dip_dir": null, "lower_seis_depth": "(14.0,,)", "name": null, "net_slip_rate": "(0.7,0.0001,1.3054)", "slip_type": "Normal", "upper_seis_depth": "(1.0,,)", "downthrown_side_id": null, "reference": null, "epistemic_quality": "1", "accuracy": null, "activity_confidence": null, "fs_name": null, "last_movement": null, "downthrown_side_dir": null, "vert_sep_rate": null, "strike_slip_rate": null, "exposure_quality": null, "shortening_rate": null, "notes": null, "index_right": 65, "NAME_EN": "Turkey" }, "geometry": { "type": "LineString", "coordinates": [ [ 29.13829, 39.20767 ], [ 29.129221, 39.288717 ], [ 29.164475, 39.365359 ], [ 29.247045, 39.467298 ] ] } },
{ "type": "Feature", "properties": { "average_dip": "(50.0,50.0,50.0)", "average_rake": "(-90,-90.0,-90.0)", "catalog_id": "ME_TRCS314", "catalog_name": "EMME", "dip_dir": null, "lower_seis_depth": "(15.0,,)", "name": null, "net_slip_rate": "(0.7,0.0001,1.3054)", "slip_type": "Normal", "upper_seis_depth": "(0.0,,)", "downthrown_side_id": null, "reference": null, "epistemic_quality": "1", "accuracy": null, "activity_confidence": null, "fs_name": null, "last_movement": null, "downthrown_side_dir": null, "vert_sep_rate": null, "strike_slip_rate": null, "exposure_quality": null, "shortening_rate": null, "notes": null, "index_right": 65, "NAME_EN": "Turkey" }, "geometry": { "type": "LineString", "coordinates": [ [ 31.84465, 38.446525 ], [ 31.854342, 38.350648 ], [ 31.893724, 38.25957 ], [ 31.979321, 38.196943 ] ] } },
{ "type": "Feature", "properties": { "average_dip": "(55.0,50.0,60.0)", "average_rake": "(-74,-90.0,-59.0)", "catalog_id": "ME_TRCS315", "catalog_name": "EMME", "dip_dir": null, "lower_seis_depth": "(15.0,,)", "name": null, "net_slip_rate": "(0.7,0.0001,1.3054)", "slip_type": "Normal", "upper_seis_depth": "(0.0,,)", "downthrown_side_id": null, "reference": null, "epistemic_quality": "1", "accuracy": null, "activity_confidence": null, "fs_name": null, "last_movement": null, "downthrown_side_dir": null, "vert_sep_rate": null, "strike_slip_rate": null, "exposure_quality": null, "shortening_rate": null, "notes": null, "index_right": 65, "NAME_EN": "Turkey" }, "geometry": { "type": "LineString", "coordinates": [ [ 31.735953, 38.155291 ], [ 31.965855, 38.137418 ], [ 32.081306, 38.134915 ], [ 32.5393, 38.17548 ] ] } },
{ "type": "Feature", "properties": { "average_dip": "(75.0,75.0,75.0)", "average_rake": "(-32,-32.0,-32.0)", "catalog_id": "ME_TRCS316", "catalog_name": "EMME", "dip_dir": null, "lower_seis_depth": "(13.0,,)", "name": null, "net_slip_rate": "(1.0,0.0001,2.0659)", "slip_type": "Sinistral-Normal", "upper_seis_depth": "(1.0,,)", "downthrown_side_id": null, "reference": null, "epistemic_quality": "1", "accuracy": null, "activity_confidence": null, "fs_name": null, "last_movement": null, "downthrown_side_dir": null, "vert_sep_rate": null, "strike_slip_rate": null, "exposure_quality": null, "shortening_rate": null, "notes": null, "index_right": 65, "NAME_EN": "Turkey" }, "geometry": { "type": "LineString", "coordinates": [ [ 27.250395, 39.0344 ], [ 27.57686, 39.15672 ] ] } },
{ "type": "Feature", "properties": { "average_dip": "(75.0,75.0,75.0)", "average_rake": "(-32,-32.0,-32.0)", "catalog_id": "ME_TRCS317", "catalog_name": "EMME", "dip_dir": null, "lower_seis_depth": "(13.0,,)", "name": null, "net_slip_rate": "(1.0,0.0001,2.0659)", "slip_type": "Sinistral-Normal", "upper_seis_depth": "(1.0,,)", "downthrown_side_id": null, "reference": null, "epistemic_quality": "1", "accuracy": null, "activity_confidence": null, "fs_name": null, "last_movement": null, "downthrown_side_dir": null, "vert_sep_rate": null, "strike_slip_rate": null, "exposure_quality": null, "shortening_rate": null, "notes": null, "index_right": 65, "NAME_EN": "Turkey" }, "geometry": { "type": "LineString", "coordinates": [ [ 27.24377, 39.093757 ], [ 26.979376, 38.749623 ] ] } },
{ "type": "Feature", "properties": { "average_dip": "(80.0,80.0,80.0)", "average_rake": "(-32,-32.0,-32.0)", "catalog_id": "ME_TRCS319", "catalog_name": "EMME", "dip_dir": null, "lower_seis_depth": "(10.0,,)", "name": null, "net_slip_rate": "(1.0,0.0001,2.0634)", "slip_type": "Sinistral-Normal", "upper_seis_depth": "(1.0,,)", "downthrown_side_id": null, "reference": null, "epistemic_quality": "1", "accuracy": null, "activity_confidence": null, "fs_name": null, "last_movement": null, "downthrown_side_dir": null, "vert_sep_rate": null, "strike_slip_rate": null, "exposure_quality": null, "shortening_rate": null, "notes": null, "index_right": 65, "NAME_EN": "Turkey" }, "geometry": { "type": "LineString", "coordinates": [ [ 26.94664, 38.764509 ], [ 27.120467, 39.055238 ] ] } },
{ "type": "Feature", "properties": { "average_dip": "(50.0,50.0,50.0)", "average_rake": "(-70,-78.0,-63.0)", "catalog_id": "ME_TRCS321", "catalog_name": "EMME", "dip_dir": null, "lower_seis_depth": "(10.0,,)", "name": null, "net_slip_rate": "(2.3,2.1987,2.4023)", "slip_type": "Normal", "upper_seis_depth": "(1.0,,)", "downthrown_side_id": null, "reference": null, "epistemic_quality": "1", "accuracy": null, "activity_confidence": null, "fs_name": null, "last_movement": null, "downthrown_side_dir": null, "vert_sep_rate": null, "strike_slip_rate": null, "exposure_quality": null, "shortening_rate": null, "notes": null, "index_right": 65, "NAME_EN": "Turkey" }, "geometry": { "type": "LineString", "coordinates": [ [ 27.947205, 38.711021 ], [ 28.045354, 38.661059 ], [ 28.149671, 38.6195 ], [ 28.259176, 38.587218 ], [ 28.36197, 38.543566 ], [ 28.450222, 38.483586 ], [ 28.540522, 38.425577 ], [ 28.750271, 38.363197 ] ] } },
{ "type": "Feature", "properties": { "average_dip": "(50.0,50.0,50.0)", "average_rake": "(-69,-82.0,-57.0)", "catalog_id": "ME_TRCS322", "catalog_name": "EMME", "dip_dir": null, "lower_seis_depth": "(13.0,,)", "name": null, "net_slip_rate": "(5.7,5.4658,5.9588)", "slip_type": "Normal", "upper_seis_depth": "(1.0,,)", "downthrown_side_id": null, "reference": null, "epistemic_quality": "1", "accuracy": null, "activity_confidence": null, "fs_name": null, "last_movement": null, "downthrown_side_dir": null, "vert_sep_rate": null, "strike_slip_rate": null, "exposure_quality": null, "shortening_rate": null, "notes": null, "index_right": 65, "NAME_EN": "Turkey" }, "geometry": { "type": "LineString", "coordinates": [ [ 27.464794, 38.370822 ], [ 27.57414, 38.39851 ], [ 27.679165, 38.435143 ], [ 27.776504, 38.483135 ], [ 27.890452, 38.495724 ], [ 28.005537, 38.495497 ], [ 28.116718, 38.472285 ], [ 28.230712, 38.460181 ], [ 28.436481, 38.379802 ], [ 28.528798, 38.326214 ], [ 28.577192, 38.244542 ], [ 28.687599, 38.220223 ], [ 28.7529, 38.202553 ] ] } },
{ "type": "Feature", "properties": { "average_dip": "(50.0,50.0,50.0)", "average_rake": "(-90,-90.0,-90.0)", "catalog_id": "ME_TRCS323", "catalog_name": "EMME", "dip_dir": null, "lower_seis_depth": "(10.0,,)", "name": null, "net_slip_rate": "(1.3,0.0001,2.6108)", "slip_type": "Normal", "upper_seis_depth": "(1.0,,)", "downthrown_side_id": null, "reference": null, "epistemic_quality": "1", "accuracy": null, "activity_confidence": null, "fs_name": null, "last_movement": null, "downthrown_side_dir": null, "vert_sep_rate": null, "strike_slip_rate": null, "exposure_quality": null, "shortening_rate": null, "notes": null, "index_right": 65, "NAME_EN": "Turkey" }, "geometry": { "type": "LineString", "coordinates": [ [ 27.80078, 38.20894 ], [ 27.4768, 38.18346 ] ] } },
{ "type": "Feature", "properties": { "average_dip": "(50.0,50.0,50.0)", "average_rake": "(-90,-90.0,-90.0)", "catalog_id": "ME_TRCS324", "catalog_name": "EMME", "dip_dir": null, "lower_seis_depth": "(12.0,,)", "name": null, "net_slip_rate": "(1.3,0.0001,2.6108)", "slip_type": "Normal", "upper_seis_depth": "(1.0,,)", "downthrown_side_id": null, "reference": null, "epistemic_quality": "1", "accuracy": null, "activity_confidence": null, "fs_name": null, "last_movement": null, "downthrown_side_dir": null, "vert_sep_rate": null, "strike_slip_rate": null, "exposure_quality": null, "shortening_rate": null, "notes": null, "index_right": 65, "NAME_EN": "Turkey" }, "geometry": { "type": "LineString", "coordinates": [ [ 27.54596, 38.02329 ], [ 27.896001, 38.096218 ], [ 28.015687, 38.108891 ], [ 28.133769, 38.088982 ], [ 28.24853, 38.06697 ] ] } },
{ "type": "Feature", "properties": { "average_dip": "(50.0,50.0,50.0)", "average_rake": "(-66,-66.0,-66.0)", "catalog_id": "ME_TRCS330", "catalog_name": "EMME", "dip_dir": null, "lower_seis_depth": "(13.0,,)", "name": null, "net_slip_rate": "None", "slip_type": "Sinistral-Normal", "upper_seis_depth": "(0.0,,)", "downthrown_side_id": null, "reference": null, "epistemic_quality": "1", "accuracy": null, "activity_confidence": null, "fs_name": null, "last_movement": null, "downthrown_side_dir": null, "vert_sep_rate": null, "strike_slip_rate": null, "exposure_quality": null, "shortening_rate": null, "notes": null, "index_right": 65, "NAME_EN": "Turkey" }, "geometry": { "type": "LineString", "coordinates": [ [ 28.825182, 38.067747 ], [ 28.937772, 38.047317 ], [ 29.027683, 37.990228 ], [ 29.18438, 37.86004 ] ] } },
{ "type": "Feature", "properties": { "average_dip": "(50.0,50.0,50.0)", "average_rake": "(-100,-122.0,-78.0)", "catalog_id": "ME_TRCS331", "catalog_name": "EMME", "dip_dir": null, "lower_seis_depth": "(13.0,,)", "name": null, "net_slip_rate": "(4.3,3.8276,4.8047)", "slip_type": "Normal", "upper_seis_depth": "(1.0,,)", "downthrown_side_id": null, "reference": null, "epistemic_quality": "1", "accuracy": null, "activity_confidence": null, "fs_name": null, "last_movement": null, "downthrown_side_dir": null, "vert_sep_rate": null, "strike_slip_rate": null, "exposure_quality": null, "shortening_rate": null, "notes": null, "index_right": 65, "NAME_EN": "Turkey" }, "geometry": { "type": "LineString", "coordinates": [ [ 27.5201, 37.92966 ], [ 27.613632, 37.884541 ], [ 27.830153, 37.85781 ], [ 27.939692, 37.859457 ], [ 28.369557, 37.927517 ], [ 28.478494, 37.937472 ], [ 28.588151, 37.939115 ], [ 28.690473, 37.970302 ], [ 28.800142, 37.973093 ], [ 28.887451, 37.959753 ] ] } },
{ "type": "Feature", "properties": { "average_dip": "(70.0,70.0,70.0)", "average_rake": "(-28,-28.0,-28.0)", "catalog_id": "ME_TRCS332", "catalog_name": "EMME", "dip_dir": null, "lower_seis_depth": "(13.0,,)", "name": null, "net_slip_rate": "None", "slip_type": "Sinistral-Normal", "upper_seis_depth": "(1.0,,)", "downthrown_side_id": null, "reference": null, "epistemic_quality": "1", "accuracy": null, "activity_confidence": null, "fs_name": null, "last_movement": null, "downthrown_side_dir": null, "vert_sep_rate": null, "strike_slip_rate": null, "exposure_quality": null, "shortening_rate": null, "notes": null, "index_right": 65, "NAME_EN": "Turkey" }, "geometry": { "type": "LineString", "coordinates": [ [ 27.234838, 37.834221 ], [ 27.368364, 37.827087 ], [ 27.499435, 37.847822 ] ] } },
{ "type": "Feature", "properties": { "average_dip": "(50.0,50.0,50.0)", "average_rake": "(-60,-60.0,-60.0)", "catalog_id": "ME_TRCS335", "catalog_name": "EMME", "dip_dir": null, "lower_seis_depth": "(13.0,,)", "name": null, "net_slip_rate": "None", "slip_type": "Sinistral-Normal", "upper_seis_depth": "(0.0,,)", "downthrown_side_id": null, "reference": null, "epistemic_quality": "1", "accuracy": null, "activity_confidence": null, "fs_name": null, "last_movement": null, "downthrown_side_dir": null, "vert_sep_rate": null, "strike_slip_rate": null, "exposure_quality": null, "shortening_rate": null, "notes": null, "index_right": 65, "NAME_EN": "Turkey" }, "geometry": { "type": "LineString", "coordinates": [ [ 28.745316, 37.850238 ], [ 28.845733, 37.821288 ], [ 28.945022, 37.790092 ], [ 29.035683, 37.745468 ], [ 29.141638, 37.73512 ], [ 29.246244, 37.751998 ], [ 29.327893, 37.743866 ] ] } },
{ "type": "Feature", "properties": { "average_dip": "(60.0,50.0,70.0)", "average_rake": "(-45,-62.0,-28.0)", "catalog_id": "ME_TRCS337", "catalog_name": "EMME", "dip_dir": null, "lower_seis_depth": "(12.0,,)", "name": null, "net_slip_rate": "(1.6,0.8455,2.2655)", "slip_type": "Sinistral-Normal", "upper_seis_depth": "(1.0,,)", "downthrown_side_id": null, "reference": null, "epistemic_quality": "1", "accuracy": null, "activity_confidence": null, "fs_name": null, "last_movement": null, "downthrown_side_dir": null, "vert_sep_rate": null, "strike_slip_rate": null, "exposure_quality": null, "shortening_rate": null, "notes": null, "index_right": 65, "NAME_EN": "Turkey" }, "geometry": { "type": "LineString", "coordinates": [ [ 27.149675, 37.432326 ], [ 27.439889, 37.539253 ], [ 27.479044, 37.617994 ], [ 27.536851, 37.689188 ], [ 27.595882, 37.758404 ] ] } },
{ "type": "Feature", "properties": { "average_dip": "(70.0,70.0,70.0)", "average_rake": "(-33,-33.0,-33.0)", "catalog_id": "ME_TRCS339", "catalog_name": "EMME", "dip_dir": null, "lower_seis_depth": "(25.0,,)", "name": null, "net_slip_rate": "(1.0,1.0,1.0)", "slip_type": "Sinistral-Normal", "upper_seis_depth": "(0.0,,)", "downthrown_side_id": null, "reference": null, "epistemic_quality": "1", "accuracy": null, "activity_confidence": null, "fs_name": null, "last_movement": null, "downthrown_side_dir": null, "vert_sep_rate": null, "strike_slip_rate": null, "exposure_quality": null, "shortening_rate": null, "notes": null, "index_right": 65, "NAME_EN": "Turkey" }, "geometry": { "type": "LineString", "coordinates": [ [ 34.97162, 37.00786 ], [ 35.618351, 37.397125 ], [ 35.714886, 37.44841 ], [ 35.91177, 37.54642 ] ] } },
{ "type": "Feature", "properties": { "average_dip": "(80.0,80.0,80.0)", "average_rake": "(4,4.0,4.0)", "catalog_id": "ME_TRCS340", "catalog_name": "EMME", "dip_dir": null, "lower_seis_depth": "(25.0,,)", "name": null, "net_slip_rate": "(0.6,0.25,1.0)", "slip_type": "Sinistral", "upper_seis_depth": "(2.0,,)", "downthrown_side_id": null, "reference": null, "epistemic_quality": "1", "accuracy": null, "activity_confidence": null, "fs_name": null, "last_movement": null, "downthrown_side_dir": null, "vert_sep_rate": null, "strike_slip_rate": null, "exposure_quality": null, "shortening_rate": null, "notes": null, "index_right": 65, "NAME_EN": "Turkey" }, "geometry": { "type": "LineString", "coordinates": [ [ 36.302862, 37.69169 ], [ 36.252994, 37.595166 ], [ 36.230836, 37.500596 ] ] } },
{ "type": "Feature", "properties": { "average_dip": "(85.0,80.0,90.0)", "average_rake": "(4,4.0,4.0)", "catalog_id": "ME_TRCS343", "catalog_name": "EMME", "dip_dir": null, "lower_seis_depth": "(25.0,,)", "name": null, "net_slip_rate": "(0.6,0.25,1.0)", "slip_type": "Sinistral", "upper_seis_depth": "(2.0,,)", "downthrown_side_id": null, "reference": null, "epistemic_quality": "1", "accuracy": null, "activity_confidence": null, "fs_name": null, "last_movement": null, "downthrown_side_dir": null, "vert_sep_rate": null, "strike_slip_rate": null, "exposure_quality": null, "shortening_rate": null, "notes": null, "index_right": 65, "NAME_EN": "Turkey" }, "geometry": { "type": "LineString", "coordinates": [ [ 36.232906, 37.464014 ], [ 36.245011, 37.327201 ], [ 36.240177, 37.289196 ], [ 36.199566, 37.219974 ], [ 36.176213, 37.155639 ] ] } },
{ "type": "Feature", "properties": { "average_dip": "(80.0,80.0,80.0)", "average_rake": "(0,0.0,0.0)", "catalog_id": "ME_TRCS344", "catalog_name": "EMME", "dip_dir": null, "lower_seis_depth": "(24.0,,)", "name": null, "net_slip_rate": "(2.5,2.0,3.0)", "slip_type": "Sinistral", "upper_seis_depth": "(0.0,,)", "downthrown_side_id": null, "reference": null, "epistemic_quality": "1", "accuracy": null, "activity_confidence": null, "fs_name": null, "last_movement": null, "downthrown_side_dir": null, "vert_sep_rate": null, "strike_slip_rate": null, "exposure_quality": null, "shortening_rate": null, "notes": null, "index_right": 65, "NAME_EN": "Turkey" }, "geometry": { "type": "LineString", "coordinates": [ [ 36.153974, 37.09328 ], [ 36.38381, 37.169962 ], [ 36.477105, 37.235855 ], [ 36.567895, 37.26381 ] ] } },
{ "type": "Feature", "properties": { "average_dip": "(80.0,80.0,80.0)", "average_rake": "(-9,-9.0,-9.0)", "catalog_id": "ME_TRCS349", "catalog_name": "EMME", "dip_dir": null, "lower_seis_depth": "(20.0,,)", "name": null, "net_slip_rate": "(2.0,1.0,3.0427)", "slip_type": "Sinistral", "upper_seis_depth": "(0.0,,)", "downthrown_side_id": null, "reference": null, "epistemic_quality": "1", "accuracy": null, "activity_confidence": null, "fs_name": null, "last_movement": null, "downthrown_side_dir": null, "vert_sep_rate": null, "strike_slip_rate": null, "exposure_quality": null, "shortening_rate": null, "notes": null, "index_right": 65, "NAME_EN": "Turkey" }, "geometry": { "type": "LineString", "coordinates": [ [ 35.711891, 36.347753 ], [ 35.975943, 36.518834 ], [ 36.068415, 36.571251 ], [ 36.25605, 36.67267 ] ] } },
{ "type": "Feature", "properties": { "average_dip": "(80.0,80.0,80.0)", "average_rake": "(0,0.0,0.0)", "catalog_id": "ME_TRCS350", "catalog_name": "EMME", "dip_dir": null, "lower_seis_depth": "(25.0,,)", "name": null, "net_slip_rate": "(2.0,2.0,2.0)", "slip_type": "Sinistral", "upper_seis_depth": "(0.0,,)", "downthrown_side_id": null, "reference": null, "epistemic_quality": "1", "accuracy": null, "activity_confidence": null, "fs_name": null, "last_movement": null, "downthrown_side_dir": null, "vert_sep_rate": null, "strike_slip_rate": null, "exposure_quality": null, "shortening_rate": null, "notes": null, "index_right": 65, "NAME_EN": "Turkey" }, "geometry": { "type": "LineString", "coordinates": [ [ 35.79746, 37.08322 ], [ 35.97274, 37.31982 ], [ 36.005555, 37.4076 ], [ 36.059842, 37.488401 ], [ 36.124801, 37.658554 ] ] } },
{ "type": "Feature", "properties": { "average_dip": "(80.0,80.0,80.0)", "average_rake": "(0,0.0,0.0)", "catalog_id": "ME_TRCS351", "catalog_name": "EMME", "dip_dir": null, "lower_seis_depth": "(30.0,,)", "name": null, "net_slip_rate": "(2.0,2.0,2.0)", "slip_type": "Sinistral", "upper_seis_depth": "(3.0,,)", "downthrown_side_id": null, "reference": null, "epistemic_quality": "1", "accuracy": null, "activity_confidence": null, "fs_name": null, "last_movement": null, "downthrown_side_dir": null, "vert_sep_rate": null, "strike_slip_rate": null, "exposure_quality": null, "shortening_rate": null, "notes": null, "index_right": 65, "NAME_EN": "Turkey" }, "geometry": { "type": "LineString", "coordinates": [ [ 35.565631, 36.789933 ], [ 35.627776, 36.856111 ], [ 35.678285, 36.928377 ], [ 35.739885, 36.994944 ], [ 35.792395, 37.062334 ] ] } },
{ "type": "Feature", "properties": { "average_dip": "(50.0,50.0,50.0)", "average_rake": "(-90,-90.0,-90.0)", "catalog_id": "ME_TRCS353", "catalog_name": "EMME", "dip_dir": null, "lower_seis_depth": "(13.0,,)", "name": null, "net_slip_rate": "(0.7,0.0001,1.3054)", "slip_type": "Normal", "upper_seis_depth": "(1.0,,)", "downthrown_side_id": null, "reference": null, "epistemic_quality": "1", "accuracy": null, "activity_confidence": null, "fs_name": null, "last_movement": null, "downthrown_side_dir": null, "vert_sep_rate": null, "strike_slip_rate": null, "exposure_quality": null, "shortening_rate": null, "notes": null, "index_right": 65, "NAME_EN": "Turkey" }, "geometry": { "type": "LineString", "coordinates": [ [ 26.92431, 38.08435 ], [ 27.050741, 38.065707 ], [ 27.13731, 37.99107 ] ] } },
{ "type": "Feature", "properties": { "average_dip": "(85.0,85.0,85.0)", "average_rake": "(180,180.0,180.0)", "catalog_id": "ME_TRCS359", "catalog_name": "EMME", "dip_dir": null, "lower_seis_depth": "(13.0,,)", "name": null, "net_slip_rate": "(1.0,0.0001,2.0)", "slip_type": "Dextral", "upper_seis_depth": "(1.0,,)", "downthrown_side_id": null, "reference": null, "epistemic_quality": "1", "accuracy": null, "activity_confidence": null, "fs_name": null, "last_movement": null, "downthrown_side_dir": null, "vert_sep_rate": null, "strike_slip_rate": null, "exposure_quality": null, "shortening_rate": null, "notes": null, "index_right": 65, "NAME_EN": "Turkey" }, "geometry": { "type": "LineString", "coordinates": [ [ 27.188525, 37.977473 ], [ 27.206469, 38.084825 ], [ 27.25684, 38.18037 ] ] } },
{ "type": "Feature", "properties": { "average_dip": "(80.0,80.0,80.0)", "average_rake": "(180,180.0,180.0)", "catalog_id": "ME_TRCS360", "catalog_name": "EMME", "dip_dir": null, "lower_seis_depth": "(13.0,,)", "name": null, "net_slip_rate": "(1.0,0.0001,2.0)", "slip_type": "Dextral", "upper_seis_depth": "(1.0,,)", "downthrown_side_id": null, "reference": null, "epistemic_quality": "1", "accuracy": null, "activity_confidence": null, "fs_name": null, "last_movement": null, "downthrown_side_dir": null, "vert_sep_rate": null, "strike_slip_rate": null, "exposure_quality": null, "shortening_rate": null, "notes": null, "index_right": 65, "NAME_EN": "Turkey" }, "geometry": { "type": "LineString", "coordinates": [ [ 26.874916, 38.007871 ], [ 26.904198, 38.095811 ], [ 26.960003, 38.175428 ], [ 27.037562, 38.242893 ], [ 27.093112, 38.322666 ], [ 27.11271, 38.39758 ] ] } },
{ "type": "Feature", "properties": { "average_dip": "(80.0,80.0,80.0)", "average_rake": "(180,180.0,180.0)", "catalog_id": "ME_TRCS361", "catalog_name": "EMME", "dip_dir": null, "lower_seis_depth": "(13.0,,)", "name": null, "net_slip_rate": "(1.0,0.0001,2.0)", "slip_type": "Dextral", "upper_seis_depth": "(1.0,,)", "downthrown_side_id": null, "reference": null, "epistemic_quality": "1", "accuracy": null, "activity_confidence": null, "fs_name": null, "last_movement": null, "downthrown_side_dir": null, "vert_sep_rate": null, "strike_slip_rate": null, "exposure_quality": null, "shortening_rate": null, "notes": null, "index_right": 65, "NAME_EN": "Turkey" }, "geometry": { "type": "LineString", "coordinates": [ [ 26.77897, 38.10614 ], [ 26.863094, 38.299619 ], [ 26.937788, 38.374244 ] ] } },
{ "type": "Feature", "properties": { "average_dip": "(80.0,80.0,80.0)", "average_rake": "(180,180.0,180.0)", "catalog_id": "ME_TRCS362", "catalog_name": "EMME", "dip_dir": null, "lower_seis_depth": "(13.0,,)", "name": null, "net_slip_rate": "(0.5,0.0001,1.0)", "slip_type": "Dextral", "upper_seis_depth": "(1.0,,)", "downthrown_side_id": null, "reference": null, "epistemic_quality": "1", "accuracy": null, "activity_confidence": null, "fs_name": null, "last_movement": null, "downthrown_side_dir": null, "vert_sep_rate": null, "strike_slip_rate": null, "exposure_quality": null, "shortening_rate": null, "notes": null, "index_right": 65, "NAME_EN": "Turkey" }, "geometry": { "type": "LineString", "coordinates": [ [ 27.061918, 38.772765 ], [ 27.156954, 38.766069 ], [ 27.298356, 38.750303 ] ] } },
{ "type": "Feature", "properties": { "average_dip": "(80.0,80.0,80.0)", "average_rake": "(0,0.0,0.0)", "catalog_id": "ME_TRCS363", "catalog_name": "EMME", "dip_dir": null, "lower_seis_depth": "(13.0,,)", "name": null, "net_slip_rate": "(1.0,0.0001,2.0)", "slip_type": "Sinistral", "upper_seis_depth": "(1.0,,)", "downthrown_side_id": null, "reference": null, "epistemic_quality": "1", "accuracy": null, "activity_confidence": null, "fs_name": null, "last_movement": null, "downthrown_side_dir": null, "vert_sep_rate": null, "strike_slip_rate": null, "exposure_quality": null, "shortening_rate": null, "notes": null, "index_right": 65, "NAME_EN": "Turkey" }, "geometry": { "type": "LineString", "coordinates": [ [ 26.82455, 38.894953 ], [ 26.900365, 38.828223 ], [ 26.917836, 38.740173 ], [ 26.91141, 38.65505 ] ] } },
{ "type": "Feature", "properties": { "average_dip": "(85.0,85.0,85.0)", "average_rake": "(-125,-129.0,-121.0)", "catalog_id": "ME_TRCS364", "catalog_name": "EMME", "dip_dir": null, "lower_seis_depth": "(13.0,,)", "name": null, "net_slip_rate": "(0.3,0.0001,0.5847)", "slip_type": "Dextral-Normal", "upper_seis_depth": "(1.0,,)", "downthrown_side_id": null, "reference": null, "epistemic_quality": "1", "accuracy": null, "activity_confidence": null, "fs_name": null, "last_movement": null, "downthrown_side_dir": null, "vert_sep_rate": null, "strike_slip_rate": null, "exposure_quality": null, "shortening_rate": null, "notes": null, "index_right": 65, "NAME_EN": "Turkey" }, "geometry": { "type": "LineString", "coordinates": [ [ 27.1896, 38.28223 ], [ 27.288383, 38.297481 ], [ 27.381751, 38.327099 ], [ 27.45103, 38.373432 ] ] } },
{ "type": "Feature", "properties": { "average_dip": "(50.0,50.0,50.0)", "average_rake": "(-90,-90.0,-90.0)", "catalog_id": "ME_TRCS365", "catalog_name": "EMME", "dip_dir": null, "lower_seis_depth": "(12.0,,)", "name": null, "net_slip_rate": "(1.3,0.0001,2.6108)", "slip_type": "Normal", "upper_seis_depth": "(1.0,,)", "downthrown_side_id": null, "reference": null, "epistemic_quality": "1", "accuracy": null, "activity_confidence": null, "fs_name": null, "last_movement": null, "downthrown_side_dir": null, "vert_sep_rate": null, "strike_slip_rate": null, "exposure_quality": null, "shortening_rate": null, "notes": null, "index_right": 65, "NAME_EN": "Turkey" }, "geometry": { "type": "LineString", "coordinates": [ [ 27.04366, 38.5086 ], [ 27.136405, 38.464924 ], [ 27.24299, 38.46057 ] ] } },
{ "type": "Feature", "properties": { "average_dip": "(85.0,85.0,85.0)", "average_rake": "(180,180.0,180.0)", "catalog_id": "ME_TRCS368", "catalog_name": "EMME", "dip_dir": null, "lower_seis_depth": "(13.0,,)", "name": null, "net_slip_rate": "(1.0,0.0001,2.0)", "slip_type": "Dextral", "upper_seis_depth": "(1.0,,)", "downthrown_side_id": null, "reference": null, "epistemic_quality": "1", "accuracy": null, "activity_confidence": null, "fs_name": null, "last_movement": null, "downthrown_side_dir": null, "vert_sep_rate": null, "strike_slip_rate": null, "exposure_quality": null, "shortening_rate": null, "notes": null, "index_right": 65, "NAME_EN": "Turkey" }, "geometry": { "type": "LineString", "coordinates": [ [ 26.638095, 38.352354 ], [ 26.623946, 38.287901 ], [ 26.629853, 38.189909 ], [ 26.61672, 38.09306 ] ] } },
{ "type": "Feature", "properties": { "average_dip": "(67.5,50.0,85.0)", "average_rake": "(-123,-127.0,-119.0)", "catalog_id": "ME_TRCS369", "catalog_name": "EMME", "dip_dir": null, "lower_seis_depth": "(13.0,,)", "name": null, "net_slip_rate": "(0.8,0.0001,1.5792)", "slip_type": "Dextral-Normal", "upper_seis_depth": "(1.0,,)", "downthrown_side_id": null, "reference": null, "epistemic_quality": "1", "accuracy": null, "activity_confidence": null, "fs_name": null, "last_movement": null, "downthrown_side_dir": null, "vert_sep_rate": null, "strike_slip_rate": null, "exposure_quality": null, "shortening_rate": null, "notes": null, "index_right": 65, "NAME_EN": "Turkey" }, "geometry": { "type": "LineString", "coordinates": [ [ 27.236155, 38.511385 ], [ 27.405731, 38.428477 ], [ 27.502865, 38.412137 ] ] } },
{ "type": "Feature", "properties": { "average_dip": "(77.5,70.0,85.0)", "average_rake": "(19,0.0,38.0)", "catalog_id": "ME_TRCS372", "catalog_name": "EMME", "dip_dir": null, "lower_seis_depth": "(20.0,,)", "name": null, "net_slip_rate": "(1.1,0.0001,2.2655)", "slip_type": "Sinistral", "upper_seis_depth": "(0.0,,)", "downthrown_side_id": null, "reference": null, "epistemic_quality": "1", "accuracy": null, "activity_confidence": null, "fs_name": null, "last_movement": null, "downthrown_side_dir": null, "vert_sep_rate": null, "strike_slip_rate": null, "exposure_quality": null, "shortening_rate": null, "notes": null, "index_right": 65, "NAME_EN": "Turkey" }, "geometry": { "type": "LineString", "coordinates": [ [ 36.442298, 37.876545 ], [ 36.490082, 37.961512 ], [ 36.58081, 38.020903 ], [ 36.689268, 38.057557 ], [ 36.806856, 38.065849 ], [ 36.924814, 38.069813 ], [ 37.382844, 37.994238 ] ] } },
{ "type": "Feature", "properties": { "average_dip": "(87.5,85.0,90.0)", "average_rake": "(-178,-178.0,-178.0)", "catalog_id": "ME_TRCS373", "catalog_name": "EMME", "dip_dir": null, "lower_seis_depth": "(18.0,,)", "name": null, "net_slip_rate": "(2.0,1.0013,3.0004)", "slip_type": "Dextral", "upper_seis_depth": "(0.0,,)", "downthrown_side_id": null, "reference": null, "epistemic_quality": "1", "accuracy": null, "activity_confidence": null, "fs_name": null, "last_movement": null, "downthrown_side_dir": null, "vert_sep_rate": null, "strike_slip_rate": null, "exposure_quality": null, "shortening_rate": null, "notes": null, "index_right": 65, "NAME_EN": "Turkey" }, "geometry": { "type": "LineString", "coordinates": [ [ 33.027833, 40.621093 ], [ 33.134921, 40.651055 ], [ 33.212399, 40.714692 ], [ 33.324444, 40.731747 ], [ 33.417235, 40.782356 ], [ 33.465216, 40.805948 ], [ 33.523764, 40.820209 ] ] } },
{ "type": "Feature", "properties": { "average_dip": "(85.0,85.0,85.0)", "average_rake": "(-178,-178.0,-178.0)", "catalog_id": "ME_TRCS374", "catalog_name": "EMME", "dip_dir": null, "lower_seis_depth": "(18.0,,)", "name": null, "net_slip_rate": "(2.0,1.0013,3.0004)", "slip_type": "Dextral", "upper_seis_depth": "(0.0,,)", "downthrown_side_id": null, "reference": null, "epistemic_quality": "1", "accuracy": null, "activity_confidence": null, "fs_name": null, "last_movement": null, "downthrown_side_dir": null, "vert_sep_rate": null, "strike_slip_rate": null, "exposure_quality": null, "shortening_rate": null, "notes": null, "index_right": 65, "NAME_EN": "Turkey" }, "geometry": { "type": "LineString", "coordinates": [ [ 33.857017, 40.932832 ], [ 33.976514, 40.946974 ], [ 34.090378, 40.977876 ], [ 34.19824, 41.019367 ], [ 34.309413, 41.055645 ], [ 34.395121, 41.067555 ], [ 34.464022, 41.065151 ] ] } },
{ "type": "Feature", "properties": { "average_dip": "(77.5,70.0,85.0)", "average_rake": "(-160,-178.0,-142.0)", "catalog_id": "ME_TRCS376", "catalog_name": "EMME", "dip_dir": null, "lower_seis_depth": "(18.0,,)", "name": null, "net_slip_rate": "(1.5,0.0001,3.0004)", "slip_type": "Dextral", "upper_seis_depth": "(0.0,,)", "downthrown_side_id": null, "reference": null, "epistemic_quality": "1", "accuracy": null, "activity_confidence": null, "fs_name": null, "last_movement": null, "downthrown_side_dir": null, "vert_sep_rate": null, "strike_slip_rate": null, "exposure_quality": null, "shortening_rate": null, "notes": null, "index_right": 65, "NAME_EN": "Turkey" }, "geometry": { "type": "LineString", "coordinates": [ [ 34.023309, 41.036805 ], [ 33.930922, 40.991929 ], [ 33.740665, 40.90919 ], [ 33.663231, 40.850489 ], [ 33.619858, 40.834641 ], [ 33.557989, 40.822125 ] ] } },
{ "type": "Feature", "properties": { "average_dip": "(39.0,39.0,39.0)", "average_rake": "(-60,-60.0,-60.0)", "catalog_id": "ME_TRCS377", "catalog_name": "EMME", "dip_dir": null, "lower_seis_depth": "(18.0,,)", "name": null, "net_slip_rate": "(3.5,1.8775,5.1696)", "slip_type": "Sinistral-Normal", "upper_seis_depth": "(1.0,,)", "downthrown_side_id": null, "reference": null, "epistemic_quality": "1", "accuracy": null, "activity_confidence": null, "fs_name": null, "last_movement": null, "downthrown_side_dir": null, "vert_sep_rate": null, "strike_slip_rate": null, "exposure_quality": null, "shortening_rate": null, "notes": null, "index_right": 65, "NAME_EN": "Turkey" }, "geometry": { "type": "LineString", "coordinates": [ [ 33.008551, 40.733589 ], [ 32.989325, 40.596025 ], [ 32.962472, 40.542649 ], [ 32.921108, 40.510762 ] ] } },
{ "type": "Feature", "properties": { "average_dip": "(80.0,80.0,80.0)", "average_rake": "(-178,-178.0,-178.0)", "catalog_id": "ME_TRCS378", "catalog_name": "EMME", "dip_dir": null, "lower_seis_depth": "(18.0,,)", "name": null, "net_slip_rate": "(2.0,1.0013,3.0004)", "slip_type": "Dextral", "upper_seis_depth": "(0.0,,)", "downthrown_side_id": null, "reference": null, "epistemic_quality": "1", "accuracy": null, "activity_confidence": null, "fs_name": null, "last_movement": null, "downthrown_side_dir": null, "vert_sep_rate": null, "strike_slip_rate": null, "exposure_quality": null, "shortening_rate": null, "notes": null, "index_right": 65, "NAME_EN": "Turkey" }, "geometry": { "type": "LineString", "coordinates": [ [ 32.694047, 40.817264 ], [ 32.774761, 40.818127 ], [ 32.847316, 40.796667 ], [ 32.904017, 40.785872 ], [ 33.020823, 40.78973 ], [ 33.132787, 40.815288 ], [ 33.221888, 40.854984 ] ] } },
{ "type": "Feature", "properties": { "average_dip": "(80.0,80.0,80.0)", "average_rake": "(-178,-178.0,-178.0)", "catalog_id": "ME_TRCS379", "catalog_name": "EMME", "dip_dir": null, "lower_seis_depth": "(18.0,,)", "name": null, "net_slip_rate": "(2.0,1.0013,3.0004)", "slip_type": "Dextral", "upper_seis_depth": "(0.0,,)", "downthrown_side_id": null, "reference": null, "epistemic_quality": "1", "accuracy": null, "activity_confidence": null, "fs_name": null, "last_movement": null, "downthrown_side_dir": null, "vert_sep_rate": null, "strike_slip_rate": null, "exposure_quality": null, "shortening_rate": null, "notes": null, "index_right": 65, "NAME_EN": "Turkey" }, "geometry": { "type": "LineString", "coordinates": [ [ 33.836083, 41.021359 ], [ 33.72667, 40.982203 ], [ 33.662869, 40.904555 ], [ 33.546015, 40.88113 ], [ 33.432469, 40.849849 ], [ 33.313895, 40.832381 ], [ 33.263135, 40.828501 ] ] } },
{ "type": "Feature", "properties": { "average_dip": "(50.0,50.0,50.0)", "average_rake": "(-90,-90.0,-90.0)", "catalog_id": "ME_TRCS380", "catalog_name": "EMME", "dip_dir": null, "lower_seis_depth": "(15.0,,)", "name": null, "net_slip_rate": "(1.3,0.0001,2.6108)", "slip_type": "Normal", "upper_seis_depth": "(1.0,,)", "downthrown_side_id": null, "reference": null, "epistemic_quality": "1", "accuracy": null, "activity_confidence": null, "fs_name": null, "last_movement": null, "downthrown_side_dir": null, "vert_sep_rate": null, "strike_slip_rate": null, "exposure_quality": null, "shortening_rate": null, "notes": null, "index_right": 65, "NAME_EN": "Turkey" }, "geometry": { "type": "LineString", "coordinates": [ [ 31.3128, 37.378665 ], [ 31.346301, 37.477248 ], [ 31.350037, 37.579313 ], [ 31.317912, 37.674512 ] ] } },
{ "type": "Feature", "properties": { "average_dip": "(50.0,50.0,50.0)", "average_rake": "(-90,-90.0,-90.0)", "catalog_id": "ME_TRCS382", "catalog_name": "EMME", "dip_dir": null, "lower_seis_depth": "(15.0,,)", "name": null, "net_slip_rate": "(1.3,0.0001,2.6108)", "slip_type": "Normal", "upper_seis_depth": "(1.0,,)", "downthrown_side_id": null, "reference": null, "epistemic_quality": "1", "accuracy": null, "activity_confidence": null, "fs_name": null, "last_movement": null, "downthrown_side_dir": null, "vert_sep_rate": null, "strike_slip_rate": null, "exposure_quality": null, "shortening_rate": null, "notes": null, "index_right": 65, "NAME_EN": "Turkey" }, "geometry": { "type": "LineString", "coordinates": [ [ 31.465126, 36.99411 ], [ 31.449791, 37.093382 ], [ 31.408001, 37.187692 ], [ 31.408128, 37.283642 ] ] } },
{ "type": "Feature", "properties": { "average_dip": "(65.0,65.0,65.0)", "average_rake": "(-51,-51.0,-51.0)", "catalog_id": "ME_TRCS386", "catalog_name": "EMME", "dip_dir": null, "lower_seis_depth": "(15.0,,)", "name": null, "net_slip_rate": "(1.0,0.0001,1.9337)", "slip_type": "Sinistral-Normal", "upper_seis_depth": "(1.0,,)", "downthrown_side_id": null, "reference": null, "epistemic_quality": "1", "accuracy": null, "activity_confidence": null, "fs_name": null, "last_movement": null, "downthrown_side_dir": null, "vert_sep_rate": null, "strike_slip_rate": null, "exposure_quality": null, "shortening_rate": null, "notes": null, "index_right": 65, "NAME_EN": "Turkey" }, "geometry": { "type": "LineString", "coordinates": [ [ 31.490904, 36.92459 ], [ 31.733197, 36.778035 ] ] } },
{ "type": "Feature", "properties": { "average_dip": "(60.0,60.0,60.0)", "average_rake": "(-126,-126.0,-126.0)", "catalog_id": "ME_TRCS388", "catalog_name": "EMME", "dip_dir": null, "lower_seis_depth": "(13.0,,)", "name": null, "net_slip_rate": "(1.3,0.0001,2.5166)", "slip_type": "Dextral-Normal", "upper_seis_depth": "(1.0,,)", "downthrown_side_id": null, "reference": null, "epistemic_quality": "1", "accuracy": null, "activity_confidence": null, "fs_name": null, "last_movement": null, "downthrown_side_dir": null, "vert_sep_rate": null, "strike_slip_rate": null, "exposure_quality": null, "shortening_rate": null, "notes": null, "index_right": 65, "NAME_EN": "Turkey" }, "geometry": { "type": "LineString", "coordinates": [ [ 26.656686, 38.35285 ], [ 26.627409, 38.54426 ], [ 26.576905, 38.632195 ], [ 26.49947, 38.707266 ], [ 26.43397, 38.78113 ] ] } },
{ "type": "Feature", "properties": { "average_dip": "(40.0,40.0,40.0)", "average_rake": "(100,100.0,100.0)", "catalog_id": "ME_TRCS390", "catalog_name": "EMME", "dip_dir": null, "lower_seis_depth": "(17.5,,)", "name": null, "net_slip_rate": "(2.3,1.5557,3.0)", "slip_type": "Reverse", "upper_seis_depth": "(1.0,,)", "downthrown_side_id": null, "reference": null, "epistemic_quality": "1", "accuracy": null, "activity_confidence": null, "fs_name": null, "last_movement": null, "downthrown_side_dir": null, "vert_sep_rate": null, "strike_slip_rate": null, "exposure_quality": null, "shortening_rate": null, "notes": null, "index_right": 65, "NAME_EN": "Turkey" }, "geometry": { "type": "LineString", "coordinates": [ [ 32.392343, 35.776265 ], [ 31.715647, 36.373048 ], [ 31.340484, 36.706824 ], [ 31.267998, 36.775499 ], [ 31.060808, 36.988451 ], [ 31.006425, 37.067225 ], [ 30.911846, 37.230559 ], [ 30.813503, 37.581754 ], [ 30.756284, 37.671859 ] ] } },
{ "type": "Feature", "properties": { "average_dip": "(65.0,60.0,70.0)", "average_rake": "(-56,-61.0,-51.0)", "catalog_id": "ME_TRCS391", "catalog_name": "EMME", "dip_dir": null, "lower_seis_depth": "(13.0,,)", "name": null, "net_slip_rate": "(9.0,4.9282,13.0128)", "slip_type": "Sinistral-Normal", "upper_seis_depth": "(1.0,,)", "downthrown_side_id": null, "reference": null, "epistemic_quality": "1", "accuracy": null, "activity_confidence": null, "fs_name": null, "last_movement": null, "downthrown_side_dir": null, "vert_sep_rate": null, "strike_slip_rate": null, "exposure_quality": null, "shortening_rate": null, "notes": null, "index_right": 65, "NAME_EN": "Turkey" }, "geometry": { "type": "LineString", "coordinates": [ [ 27.927657, 37.038303 ], [ 28.041698, 37.054831 ], [ 28.155027, 37.035429 ], [ 28.383736, 37.065655 ], [ 28.48211, 37.097988 ] ] } },
{ "type": "Feature", "properties": { "average_dip": "(60.0,60.0,60.0)", "average_rake": "(-61,-61.0,-61.0)", "catalog_id": "ME_TRCS393", "catalog_name": "EMME", "dip_dir": null, "lower_seis_depth": "(13.0,,)", "name": null, "net_slip_rate": "(9.8,6.5064,13.0128)", "slip_type": "Sinistral-Normal", "upper_seis_depth": "(0.0,,)", "downthrown_side_id": null, "reference": null, "epistemic_quality": "1", "accuracy": null, "activity_confidence": null, "fs_name": null, "last_movement": null, "downthrown_side_dir": null, "vert_sep_rate": null, "strike_slip_rate": null, "exposure_quality": null, "shortening_rate": null, "notes": null, "index_right": 65, "NAME_EN": "Turkey" }, "geometry": { "type": "LineString", "coordinates": [ [ 27.510022, 36.990547 ], [ 27.640845, 36.99037 ], [ 27.694437, 37.000347 ], [ 27.768791, 37.004661 ], [ 27.855473, 37.026497 ] ] } },
{ "type": "Feature", "properties": { "average_dip": "(80.0,80.0,80.0)", "average_rake": "(-6,-6.0,-6.0)", "catalog_id": "ME_TRCS396", "catalog_name": "EMME", "dip_dir": null, "lower_seis_depth": "(13.0,,)", "name": null, "net_slip_rate": "(5.5,3.0,8.0642)", "slip_type": "Sinistral", "upper_seis_depth": "(10.0,,)", "downthrown_side_id": null, "reference": null, "epistemic_quality": "1", "accuracy": null, "activity_confidence": null, "fs_name": null, "last_movement": null, "downthrown_side_dir": null, "vert_sep_rate": null, "strike_slip_rate": null, "exposure_quality": null, "shortening_rate": null, "notes": null, "index_right": 65, "NAME_EN": "Turkey" }, "geometry": { "type": "LineString", "coordinates": [ [ 27.667942, 36.846452 ], [ 27.69463, 36.869334 ], [ 27.733648, 36.886581 ], [ 27.76562, 36.903127 ], [ 27.789677, 36.933765 ], [ 27.837791, 36.981661 ], [ 27.854813, 37.006673 ], [ 27.908233, 37.052475 ], [ 27.98008, 37.12378 ] ] } },
{ "type": "Feature", "properties": { "average_dip": "(80.0,80.0,80.0)", "average_rake": "(-148,-148.0,-148.0)", "catalog_id": "ME_TRCS397", "catalog_name": "EMME", "dip_dir": null, "lower_seis_depth": "(13.0,,)", "name": null, "net_slip_rate": "(1.0,0.0001,2.0634)", "slip_type": "Dextral-Normal", "upper_seis_depth": "(1.0,,)", "downthrown_side_id": null, "reference": null, "epistemic_quality": "1", "accuracy": null, "activity_confidence": null, "fs_name": null, "last_movement": null, "downthrown_side_dir": null, "vert_sep_rate": null, "strike_slip_rate": null, "exposure_quality": null, "shortening_rate": null, "notes": null, "index_right": 65, "NAME_EN": "Turkey" }, "geometry": { "type": "LineString", "coordinates": [ [ 27.620312, 37.25146 ], [ 27.836241, 37.154245 ] ] } },
{ "type": "Feature", "properties": { "average_dip": "(80.0,80.0,80.0)", "average_rake": "(-148,-148.0,-148.0)", "catalog_id": "ME_TRCS413", "catalog_name": "EMME", "dip_dir": null, "lower_seis_depth": "(13.0,,)", "name": null, "net_slip_rate": "(1.0,0.0001,2.0634)", "slip_type": "Dextral-Normal", "upper_seis_depth": "(1.0,,)", "downthrown_side_id": null, "reference": null, "epistemic_quality": "1", "accuracy": null, "activity_confidence": null, "fs_name": null, "last_movement": null, "downthrown_side_dir": null, "vert_sep_rate": null, "strike_slip_rate": null, "exposure_quality": null, "shortening_rate": null, "notes": null, "index_right": 65, "NAME_EN": "Turkey" }, "geometry": { "type": "LineString", "coordinates": [ [ 28.366093, 37.191956 ], [ 28.256652, 37.236843 ], [ 28.149421, 37.285086 ], [ 28.096112, 37.372517 ] ] } },
{ "type": "Feature", "properties": { "average_dip": "(80.0,80.0,80.0)", "average_rake": "(-148,-148.0,-148.0)", "catalog_id": "ME_TRCS415", "catalog_name": "EMME", "dip_dir": null, "lower_seis_depth": "(13.0,,)", "name": null, "net_slip_rate": "(1.0,0.0001,2.0634)", "slip_type": "Dextral-Normal", "upper_seis_depth": "(1.0,,)", "downthrown_side_id": null, "reference": null, "epistemic_quality": "1", "accuracy": null, "activity_confidence": null, "fs_name": null, "last_movement": null, "downthrown_side_dir": null, "vert_sep_rate": null, "strike_slip_rate": null, "exposure_quality": null, "shortening_rate": null, "notes": null, "index_right": 65, "NAME_EN": "Turkey" }, "geometry": { "type": "LineString", "coordinates": [ [ 27.922619, 37.302276 ], [ 27.708873, 37.347648 ], [ 27.611481, 37.38943 ], [ 27.519413, 37.436707 ] ] } },
{ "type": "Feature", "properties": { "average_dip": "(85.0,85.0,85.0)", "average_rake": "(-148,-148.0,-148.0)", "catalog_id": "ME_TRCS416", "catalog_name": "EMME", "dip_dir": null, "lower_seis_depth": "(13.0,,)", "name": null, "net_slip_rate": "(1.0,0.0001,2.062)", "slip_type": "Dextral-Normal", "upper_seis_depth": "(1.0,,)", "downthrown_side_id": null, "reference": null, "epistemic_quality": "1", "accuracy": null, "activity_confidence": null, "fs_name": null, "last_movement": null, "downthrown_side_dir": null, "vert_sep_rate": null, "strike_slip_rate": null, "exposure_quality": null, "shortening_rate": null, "notes": null, "index_right": 65, "NAME_EN": "Turkey" }, "geometry": { "type": "LineString", "coordinates": [ [ 27.667392, 39.171129 ], [ 27.585544, 38.812403 ] ] } },
{ "type": "Feature", "properties": { "average_dip": "(85.0,85.0,85.0)", "average_rake": "(180,180.0,180.0)", "catalog_id": "ME_TRCS417", "catalog_name": "EMME", "dip_dir": null, "lower_seis_depth": "(18.0,,)", "name": null, "net_slip_rate": "(3.0,3.0,3.0)", "slip_type": "Dextral", "upper_seis_depth": "(1.0,,)", "downthrown_side_id": null, "reference": null, "epistemic_quality": "1", "accuracy": null, "activity_confidence": null, "fs_name": null, "last_movement": null, "downthrown_side_dir": null, "vert_sep_rate": null, "strike_slip_rate": null, "exposure_quality": null, "shortening_rate": null, "notes": null, "index_right": 65, "NAME_EN": "Turkey" }, "geometry": { "type": "LineString", "coordinates": [ [ 27.10363, 39.93501 ], [ 26.85807, 39.76465 ] ] } },
{ "type": "Feature", "properties": { "average_dip": "(85.0,85.0,85.0)", "average_rake": "(180,180.0,180.0)", "catalog_id": "ME_TRCS418", "catalog_name": "EMME", "dip_dir": null, "lower_seis_depth": "(16.0,,)", "name": null, "net_slip_rate": "(0.5,0.0001,1.0)", "slip_type": "Dextral", "upper_seis_depth": "(0.0,,)", "downthrown_side_id": null, "reference": null, "epistemic_quality": "1", "accuracy": null, "activity_confidence": null, "fs_name": null, "last_movement": null, "downthrown_side_dir": null, "vert_sep_rate": null, "strike_slip_rate": null, "exposure_quality": null, "shortening_rate": null, "notes": null, "index_right": 65, "NAME_EN": "Turkey" }, "geometry": { "type": "LineString", "coordinates": [ [ 27.99441, 42.92793 ], [ 28.66066, 41.09099 ] ] } },
{ "type": "Feature", "properties": { "average_dip": "(60.0,50.0,70.0)", "average_rake": "(-102,-142.0,-62.0)", "catalog_id": "ME_TRCS419", "catalog_name": "EMME", "dip_dir": null, "lower_seis_depth": "(14.0,,)", "name": null, "net_slip_rate": "(1.5,1.0,2.0)", "slip_type": "Normal", "upper_seis_depth": "(1.0,,)", "downthrown_side_id": null, "reference": null, "epistemic_quality": "1", "accuracy": null, "activity_confidence": null, "fs_name": null, "last_movement": null, "downthrown_side_dir": null, "vert_sep_rate": null, "strike_slip_rate": null, "exposure_quality": null, "shortening_rate": null, "notes": null, "index_right": 65, "NAME_EN": "Turkey" }, "geometry": { "type": "LineString", "coordinates": [ [ 30.126269, 36.475201 ], [ 30.039228, 36.518709 ], [ 29.973907, 36.582231 ], [ 29.92438, 36.654402 ], [ 29.916702, 36.712633 ] ] } },
{ "type": "Feature", "properties": { "average_dip": "(50.0,50.0,50.0)", "average_rake": "(-76,-90.0,-62.0)", "catalog_id": "ME_TRCS420", "catalog_name": "EMME", "dip_dir": null, "lower_seis_depth": "(14.0,,)", "name": null, "net_slip_rate": "(1.5,1.0,2.0)", "slip_type": "Normal", "upper_seis_depth": "(1.0,,)", "downthrown_side_id": null, "reference": null, "epistemic_quality": "1", "accuracy": null, "activity_confidence": null, "fs_name": null, "last_movement": null, "downthrown_side_dir": null, "vert_sep_rate": null, "strike_slip_rate": null, "exposure_quality": null, "shortening_rate": null, "notes": null, "index_right": 65, "NAME_EN": "Turkey" }, "geometry": { "type": "LineString", "coordinates": [ [ 30.034367, 36.710149 ], [ 30.033297, 36.786586 ], [ 30.063288, 36.856691 ] ] } },
{ "type": "Feature", "properties": { "average_dip": "(50.0,50.0,50.0)", "average_rake": "(-90,-90.0,-90.0)", "catalog_id": "ME_TRCS421", "catalog_name": "EMME", "dip_dir": null, "lower_seis_depth": "(14.0,,)", "name": null, "net_slip_rate": "(0.7,0.0001,1.3054)", "slip_type": "Normal", "upper_seis_depth": "(1.0,,)", "downthrown_side_id": null, "reference": null, "epistemic_quality": "1", "accuracy": null, "activity_confidence": null, "fs_name": null, "last_movement": null, "downthrown_side_dir": null, "vert_sep_rate": null, "strike_slip_rate": null, "exposure_quality": null, "shortening_rate": null, "notes": null, "index_right": 65, "NAME_EN": "Turkey" }, "geometry": { "type": "LineString", "coordinates": [ [ 30.93032, 37.54795 ], [ 30.865986, 37.632807 ], [ 30.866587, 37.731795 ], [ 30.874136, 37.826948 ] ] } },
{ "type": "Feature", "properties": { "average_dip": "(50.0,50.0,50.0)", "average_rake": "(-90,-90.0,-90.0)", "catalog_id": "ME_TRCS422", "catalog_name": "EMME", "dip_dir": null, "lower_seis_depth": "(14.0,,)", "name": null, "net_slip_rate": "(2.6,1.3054,3.9162)", "slip_type": "Normal", "upper_seis_depth": "(1.0,,)", "downthrown_side_id": null, "reference": null, "epistemic_quality": "1", "accuracy": null, "activity_confidence": null, "fs_name": null, "last_movement": null, "downthrown_side_dir": null, "vert_sep_rate": null, "strike_slip_rate": null, "exposure_quality": null, "shortening_rate": null, "notes": null, "index_right": 65, "NAME_EN": "Turkey" }, "geometry": { "type": "LineString", "coordinates": [ [ 29.990528, 38.239375 ], [ 30.065964, 38.180574 ], [ 30.134515, 38.116819 ], [ 30.196385, 38.049576 ] ] } },
{ "type": "Feature", "properties": { "average_dip": "(85.0,85.0,85.0)", "average_rake": "(0,0.0,0.0)", "catalog_id": "ME_TRCS424", "catalog_name": "EMME", "dip_dir": null, "lower_seis_depth": "(20.0,,)", "name": null, "net_slip_rate": "(0.8,0.5,1.0)", "slip_type": "Sinistral", "upper_seis_depth": "(2.0,,)", "downthrown_side_id": null, "reference": null, "epistemic_quality": "1", "accuracy": null, "activity_confidence": null, "fs_name": null, "last_movement": null, "downthrown_side_dir": null, "vert_sep_rate": null, "strike_slip_rate": null, "exposure_quality": null, "shortening_rate": null, "notes": null, "index_right": 65, "NAME_EN": "Turkey" }, "geometry": { "type": "LineString", "coordinates": [ [ 42.680333, 39.136228 ], [ 42.724764, 39.329681 ] ] } },
{ "type": "Feature", "properties": { "average_dip": "(75.0,75.0,75.0)", "average_rake": "(142,142.0,142.0)", "catalog_id": "ME_TRCS425", "catalog_name": "EMME", "dip_dir": null, "lower_seis_depth": "(12.0,,)", "name": null, "net_slip_rate": "(1.1,0.0001,2.2521)", "slip_type": "Dextral-Reverse", "upper_seis_depth": "(2.0,,)", "downthrown_side_id": null, "reference": null, "epistemic_quality": "1", "accuracy": null, "activity_confidence": null, "fs_name": null, "last_movement": null, "downthrown_side_dir": null, "vert_sep_rate": null, "strike_slip_rate": null, "exposure_quality": null, "shortening_rate": null, "notes": null, "index_right": 65, "NAME_EN": "Turkey" }, "geometry": { "type": "LineString", "coordinates": [ [ 39.671042, 39.602739 ], [ 39.703849, 39.587759 ], [ 39.740178, 39.579904 ], [ 39.81968, 39.566253 ], [ 39.896337, 39.541758 ], [ 39.936656, 39.524286 ], [ 39.975214, 39.504098 ] ] } },
{ "type": "Feature", "properties": { "average_dip": "(85.0,85.0,85.0)", "average_rake": "(0,0.0,0.0)", "catalog_id": "ME_TRCS426", "catalog_name": "EMME", "dip_dir": null, "lower_seis_depth": "(12.0,,)", "name": null, "net_slip_rate": "(0.8,0.5,1.0)", "slip_type": "Sinistral", "upper_seis_depth": "(2.0,,)", "downthrown_side_id": null, "reference": null, "epistemic_quality": "1", "accuracy": null, "activity_confidence": null, "fs_name": null, "last_movement": null, "downthrown_side_dir": null, "vert_sep_rate": null, "strike_slip_rate": null, "exposure_quality": null, "shortening_rate": null, "notes": null, "index_right": 65, "NAME_EN": "Turkey" }, "geometry": { "type": "LineString", "coordinates": [ [ 42.944179, 39.209532 ], [ 42.733059, 39.126635 ] ] } },
{ "type": "Feature", "properties": { "average_dip": "(70.0,70.0,70.0)", "average_rake": "(-166,-166.0,-166.0)", "catalog_id": "ME_TRCS427", "catalog_name": "EMME", "dip_dir": null, "lower_seis_depth": "(12.0,,)", "name": null, "net_slip_rate": "(3.1,1.0,5.112)", "slip_type": "Dextral", "upper_seis_depth": "(0.0,,)", "downthrown_side_id": null, "reference": null, "epistemic_quality": "1", "accuracy": null, "activity_confidence": null, "fs_name": null, "last_movement": null, "downthrown_side_dir": null, "vert_sep_rate": null, "strike_slip_rate": null, "exposure_quality": null, "shortening_rate": null, "notes": null, "index_right": 65, "NAME_EN": "Turkey" }, "geometry": { "type": "LineString", "coordinates": [ [ 35.784182, 40.844251 ], [ 35.925053, 40.785085 ], [ 36.070415, 40.757078 ], [ 36.680126, 40.59029 ] ] } },
{ "type": "Feature", "properties": { "average_dip": "(80.0,80.0,80.0)", "average_rake": "(0,0.0,0.0)", "catalog_id": "ME_TRCS428", "catalog_name": "EMME", "dip_dir": null, "lower_seis_depth": "(20.0,,)", "name": null, "net_slip_rate": "(2.0,1.0,3.0)", "slip_type": "Sinistral", "upper_seis_depth": "(0.0,,)", "downthrown_side_id": null, "reference": null, "epistemic_quality": "1", "accuracy": null, "activity_confidence": null, "fs_name": null, "last_movement": null, "downthrown_side_dir": null, "vert_sep_rate": null, "strike_slip_rate": null, "exposure_quality": null, "shortening_rate": null, "notes": null, "index_right": 65, "NAME_EN": "Turkey" }, "geometry": { "type": "LineString", "coordinates": [ [ 43.542628, 37.650948 ], [ 43.600213, 37.716518 ], [ 43.626098, 37.750799 ], [ 43.665193, 37.796911 ] ] } },
{ "type": "Feature", "properties": { "average_dip": "(85.0,85.0,85.0)", "average_rake": "(180,180.0,180.0)", "catalog_id": "ME_TRCS429", "catalog_name": "EMME", "dip_dir": null, "lower_seis_depth": "(20.0,,)", "name": null, "net_slip_rate": "(0.8,0.7,1.0)", "slip_type": "Dextral", "upper_seis_depth": "(2.0,,)", "downthrown_side_id": null, "reference": null, "epistemic_quality": "1", "accuracy": null, "activity_confidence": null, "fs_name": null, "last_movement": null, "downthrown_side_dir": null, "vert_sep_rate": null, "strike_slip_rate": null, "exposure_quality": null, "shortening_rate": null, "notes": null, "index_right": 65, "NAME_EN": "Turkey" }, "geometry": { "type": "LineString", "coordinates": [ [ 44.236864, 39.974967 ], [ 44.078473, 40.052208 ], [ 43.722118, 40.144716 ], [ 43.554792, 40.165149 ], [ 43.387218, 40.160715 ] ] } },
{ "type": "Feature", "properties": { "average_dip": "(85.0,85.0,85.0)", "average_rake": "(180,180.0,180.0)", "catalog_id": "ME_TRCS437", "catalog_name": "EMME", "dip_dir": null, "lower_seis_depth": "(15.0,,)", "name": null, "net_slip_rate": "(0.8,0.25,1.25)", "slip_type": "Dextral", "upper_seis_depth": "(2.0,,)", "downthrown_side_id": null, "reference": null, "epistemic_quality": "1", "accuracy": null, "activity_confidence": null, "fs_name": null, "last_movement": null, "downthrown_side_dir": null, "vert_sep_rate": null, "strike_slip_rate": null, "exposure_quality": null, "shortening_rate": null, "notes": null, "index_right": 65, "NAME_EN": "Turkey" }, "geometry": { "type": "LineString", "coordinates": [ [ 34.678261, 38.770174 ], [ 34.4801, 38.86719 ], [ 34.372875, 38.903877 ], [ 34.277696, 38.957076 ], [ 34.072351, 39.045304 ], [ 33.970662, 39.090904 ], [ 33.874761, 39.143592 ], [ 33.425165, 39.407397 ] ] } },
{ "type": "Feature", "properties": { "average_dip": "(80.0,80.0,80.0)", "average_rake": "(0,0.0,0.0)", "catalog_id": "ME_TRCS439", "catalog_name": "EMME", "dip_dir": null, "lower_seis_depth": "(18.0,,)", "name": null, "net_slip_rate": "(0.3,0.2,0.4)", "slip_type": "Sinistral", "upper_seis_depth": "(0.0,,)", "downthrown_side_id": null, "reference": null, "epistemic_quality": "1", "accuracy": null, "activity_confidence": null, "fs_name": null, "last_movement": null, "downthrown_side_dir": null, "vert_sep_rate": null, "strike_slip_rate": null, "exposure_quality": null, "shortening_rate": null, "notes": null, "index_right": 65, "NAME_EN": "Turkey" }, "geometry": { "type": "LineString", "coordinates": [ [ 34.483002, 37.153233 ], [ 33.498131, 36.58278 ] ] } },
{ "type": "Feature", "properties": { "average_dip": "(65.0,50.0,80.0)", "average_rake": "(-90,-100.0,-80.0)", "catalog_id": "ME_TRCS901", "catalog_name": "EMME", "dip_dir": null, "lower_seis_depth": "(15.0,,)", "name": null, "net_slip_rate": "(0.9,0.6,1.1)", "slip_type": "Normal", "upper_seis_depth": "(0.0,,)", "downthrown_side_id": null, "reference": null, "epistemic_quality": "1", "accuracy": null, "activity_confidence": null, "fs_name": null, "last_movement": null, "downthrown_side_dir": null, "vert_sep_rate": null, "strike_slip_rate": null, "exposure_quality": null, "shortening_rate": null, "notes": null, "index_right": 65, "NAME_EN": "Turkey" }, "geometry": { "type": "LineString", "coordinates": [ [ 26.169011, 39.962305 ], [ 26.205997, 39.958764 ], [ 26.239977, 39.959472 ], [ 26.295908, 39.968678 ], [ 26.318461, 39.968914 ], [ 26.334398, 39.971274 ], [ 26.351237, 39.977175 ], [ 26.365818, 39.98787 ], [ 26.377766, 39.990508 ], [ 26.405771, 40.000766 ], [ 26.418467, 40.002232 ], [ 26.433029, 40.010732 ] ] } },
{ "type": "Feature", "properties": { "average_dip": "(65.0,50.0,80.0)", "average_rake": "(-75,-90.0,-60.0)", "catalog_id": "ME_TRCS905", "catalog_name": "EMME", "dip_dir": null, "lower_seis_depth": "(18.0,,)", "name": null, "net_slip_rate": "(0.8,0.7,1.0)", "slip_type": "Normal", "upper_seis_depth": "(1.0,,)", "downthrown_side_id": null, "reference": null, "epistemic_quality": "1", "accuracy": null, "activity_confidence": null, "fs_name": null, "last_movement": null, "downthrown_side_dir": null, "vert_sep_rate": null, "strike_slip_rate": null, "exposure_quality": null, "shortening_rate": null, "notes": null, "index_right": 65, "NAME_EN": "Turkey" }, "geometry": { "type": "LineString", "coordinates": [ [ 27.276825, 38.636435 ], [ 27.304328, 38.624629 ], [ 27.340856, 38.614171 ], [ 27.379103, 38.607762 ], [ 27.415631, 38.607762 ], [ 27.435828, 38.609786 ], [ 27.447861, 38.613497 ], [ 27.459464, 38.614171 ], [ 27.478802, 38.610123 ], [ 27.505876, 38.598991 ], [ 27.541114, 38.577065 ], [ 27.567758, 38.555139 ], [ 27.582799, 38.531188 ], [ 27.593542, 38.51837 ], [ 27.610302, 38.505888 ] ] } },
{ "type": "Feature", "properties": { "average_dip": "(57.5,45.0,70.0)", "average_rake": "(-90,-100.0,-80.0)", "catalog_id": "ME_TRCS907", "catalog_name": "EMME", "dip_dir": null, "lower_seis_depth": "(13.5,,)", "name": null, "net_slip_rate": "(0.8,0.5,1.0)", "slip_type": "Normal", "upper_seis_depth": "(1.0,,)", "downthrown_side_id": null, "reference": null, "epistemic_quality": "1", "accuracy": null, "activity_confidence": null, "fs_name": null, "last_movement": null, "downthrown_side_dir": null, "vert_sep_rate": null, "strike_slip_rate": null, "exposure_quality": null, "shortening_rate": null, "notes": null, "index_right": 65, "NAME_EN": "Turkey" }, "geometry": { "type": "LineString", "coordinates": [ [ 26.359019, 38.52809 ], [ 26.431128, 38.480818 ], [ 26.492935, 38.44723 ], [ 26.515915, 38.432301 ] ] } },
{ "type": "Feature", "properties": { "average_dip": "(75.0,65.0,85.0)", "average_rake": "(-125,-110.0,-140.0)", "catalog_id": "ME_TRCS912", "catalog_name": "EMME", "dip_dir": null, "lower_seis_depth": "(15.0,,)", "name": null, "net_slip_rate": "(0.8,0.5,1.0)", "slip_type": "Dextral-Normal", "upper_seis_depth": "(1.0,,)", "downthrown_side_id": null, "reference": null, "epistemic_quality": "1", "accuracy": null, "activity_confidence": null, "fs_name": null, "last_movement": null, "downthrown_side_dir": null, "vert_sep_rate": null, "strike_slip_rate": null, "exposure_quality": null, "shortening_rate": null, "notes": null, "index_right": 65, "NAME_EN": "Turkey" }, "geometry": { "type": "LineString", "coordinates": [ [ 27.146614, 37.620397 ], [ 27.206778, 37.624445 ], [ 27.266082, 37.646709 ], [ 27.305618, 37.658853 ], [ 27.340856, 37.672346 ], [ 27.355467, 37.687188 ], [ 27.380392, 37.707428 ], [ 27.398441, 37.738463 ], [ 27.403598, 37.753305 ], [ 27.411333, 37.760726 ], [ 27.43368, 37.772196 ], [ 27.456026, 37.778942 ], [ 27.473216, 37.794459 ], [ 27.487827, 37.820771 ], [ 27.504157, 37.831566 ], [ 27.519627, 37.838987 ] ] } },
{ "type": "Feature", "properties": { "average_dip": "(72.5,55.0,90.0)", "average_rake": "(22,180.0,-135.0)", "catalog_id": "ME_TRCS996", "catalog_name": "EMME", "dip_dir": null, "lower_seis_depth": "(19.0,,)", "name": null, "net_slip_rate": "(21.9,15.0,28.8881)", "slip_type": "Dextral-Normal", "upper_seis_depth": "(0.0,,)", "downthrown_side_id": null, "reference": null, "epistemic_quality": "1", "accuracy": null, "activity_confidence": null, "fs_name": null, "last_movement": null, "downthrown_side_dir": null, "vert_sep_rate": null, "strike_slip_rate": null, "exposure_quality": null, "shortening_rate": null, "notes": null, "index_right": 65, "NAME_EN": "Turkey" }, "geometry": { "type": "LineString", "coordinates": [ [ 25.005397, 39.984839 ], [ 25.389534, 40.092251 ], [ 25.524078, 40.123521 ], [ 25.773818, 40.212031 ], [ 25.926659, 40.247307 ], [ 26.085589, 40.272354 ], [ 26.200499, 40.315794 ], [ 26.321028, 40.371284 ], [ 26.488272, 40.451043 ], [ 26.681833, 40.532155 ], [ 26.84888, 40.595414 ], [ 26.987711, 40.655205 ], [ 27.067007, 40.682895 ], [ 27.20682, 40.715472 ], [ 27.424327, 40.777384 ], [ 27.501385, 40.79608 ], [ 27.575641, 40.803779 ], [ 27.710143, 40.808178 ], [ 27.881072, 40.811477 ], [ 28.026022, 40.80224 ] ] } },
{ "type": "Feature", "properties": { "average_dip": "(70.0,50.0,90.0)", "average_rake": "(35,10.0,60.0)", "catalog_id": "ME_TRCS999", "catalog_name": "EMME", "dip_dir": null, "lower_seis_depth": "(17.5,,)", "name": null, "net_slip_rate": "(1.7,0.4,3.0)", "slip_type": "Sinistral-Reverse", "upper_seis_depth": "(2.0,,)", "downthrown_side_id": null, "reference": null, "epistemic_quality": "1", "accuracy": null, "activity_confidence": null, "fs_name": null, "last_movement": null, "downthrown_side_dir": null, "vert_sep_rate": null, "strike_slip_rate": null, "exposure_quality": null, "shortening_rate": null, "notes": null, "index_right": 65, "NAME_EN": "Turkey" }, "geometry": { "type": "LineString", "coordinates": [ [ 36.055508, 37.058181 ], [ 35.947108, 36.962289 ], [ 35.827068, 36.882498 ], [ 35.688612, 36.766329 ], [ 35.588548, 36.662093 ], [ 35.450948, 36.532845 ], [ 35.296692, 36.370241 ], [ 35.154932, 36.190959 ], [ 35.004836, 36.024185 ], [ 34.879748, 35.865749 ] ] } },
{ "type": "Feature", "properties": { "average_dip": "(85.0,80.0,90.0)", "average_rake": "(0,0.0,0.0)", "catalog_id": "ME_G32s1s1", "catalog_name": "EMME", "dip_dir": null, "lower_seis_depth": "(15.0,,)", "name": null, "net_slip_rate": "(0.8,0.1,1.5)", "slip_type": "Sinistral", "upper_seis_depth": "(1.0,,)", "downthrown_side_id": null, "reference": null, "epistemic_quality": "1", "accuracy": null, "activity_confidence": null, "fs_name": null, "last_movement": null, "downthrown_side_dir": null, "vert_sep_rate": null, "strike_slip_rate": null, "exposure_quality": null, "shortening_rate": null, "notes": null, "index_right": 65, "NAME_EN": "Turkey" }, "geometry": { "type": "LineString", "coordinates": [ [ 43.578557, 41.629057 ], [ 43.46177, 41.571136 ], [ 43.279215, 41.473848 ], [ 43.169122, 41.387522 ], [ 43.080626, 41.303467 ] ] } },
{ "type": "Feature", "properties": { "average_dip": "(77.5,75.0,80.0)", "average_rake": "(0,170.0,-170.0)", "catalog_id": "ME_AM1s1", "catalog_name": "EMME", "dip_dir": null, "lower_seis_depth": "(31.5,,)", "name": null, "net_slip_rate": "(2.4,0.8,4.0)", "slip_type": "Dextral", "upper_seis_depth": "(1.0,,)", "downthrown_side_id": null, "reference": null, "epistemic_quality": "1", "accuracy": null, "activity_confidence": null, "fs_name": null, "last_movement": null, "downthrown_side_dir": null, "vert_sep_rate": null, "strike_slip_rate": null, "exposure_quality": null, "shortening_rate": null, "notes": null, "index_right": 65, "NAME_EN": "Turkey" }, "geometry": { "type": "LineString", "coordinates": [ [ 43.305519, 41.071198 ], [ 43.392127, 41.040376 ], [ 43.50671, 41.004378 ], [ 43.546367, 40.998468 ], [ 43.600419, 40.981297 ], [ 43.641655, 40.97606 ], [ 43.686289, 40.973278 ], [ 43.735181, 40.963802 ], [ 43.782957, 40.957804 ], [ 43.843638, 40.953285 ], [ 43.90089, 40.955833 ] ] } },
{ "type": "Feature", "properties": { "average_dip": "(85.0,80.0,90.0)", "average_rake": "(180,180.0,180.0)", "catalog_id": "ME_IR43s1", "catalog_name": "EMME", "dip_dir": null, "lower_seis_depth": "(20.0,,)", "name": null, "net_slip_rate": "(4.5,3.5,5.5)", "slip_type": "Dextral", "upper_seis_depth": "(0.0,,)", "downthrown_side_id": null, "reference": null, "epistemic_quality": null, "accuracy": null, "activity_confidence": null, "fs_name": null, "last_movement": null, "downthrown_side_dir": null, "vert_sep_rate": null, "strike_slip_rate": null, "exposure_quality": null, "shortening_rate": null, "notes": null, "index_right": 65, "NAME_EN": "Turkey" }, "geometry": { "type": "LineString", "coordinates": [ [ 44.454124, 38.825398 ], [ 44.279023, 38.936134 ], [ 44.187765, 38.999128 ], [ 44.103521, 39.047688 ], [ 44.032869, 39.070912 ], [ 43.910585, 39.140585 ], [ 43.758405, 39.184922 ], [ 43.472092, 39.254667 ] ] } },
{ "type": "Feature", "properties": { "average_dip": "(85.0,80.0,90.0)", "average_rake": "(180,180.0,180.0)", "catalog_id": "ME_IR149s1", "catalog_name": "EMME", "dip_dir": null, "lower_seis_depth": "(20.0,,)", "name": null, "net_slip_rate": "(2.2,0.5,4.0)", "slip_type": "Dextral", "upper_seis_depth": "(2.0,,)", "downthrown_side_id": null, "reference": null, "epistemic_quality": null, "accuracy": null, "activity_confidence": null, "fs_name": null, "last_movement": null, "downthrown_side_dir": null, "vert_sep_rate": null, "strike_slip_rate": null, "exposure_quality": null, "shortening_rate": null, "notes": null, "index_right": 65, "NAME_EN": "Turkey" }, "geometry": { "type": "LineString", "coordinates": [ [ 44.12476, 39.41696 ], [ 44.179412, 39.367065 ], [ 44.207923, 39.348057 ], [ 44.243563, 39.279154 ], [ 44.267322, 39.217379 ], [ 44.288706, 39.143724 ], [ 44.293458, 39.108084 ], [ 44.369489, 39.032054 ], [ 44.417008, 38.989286 ], [ 44.439745, 38.945418 ], [ 44.458291, 38.933926 ], [ 44.540261, 38.841264 ], [ 44.618668, 38.771767 ], [ 44.672127, 38.707616 ], [ 44.725587, 38.65772 ] ] } },
{ "type": "Feature", "properties": { "average_dip": "(85.0,85.0,85.0)", "average_rake": "(-150,-165.0,-135.0)", "catalog_id": "ME_IR7", "catalog_name": "EMME", "dip_dir": null, "lower_seis_depth": "(20.0,,)", "name": null, "net_slip_rate": "(1.5,1.0,2.0)", "slip_type": "Dextral-Normal", "upper_seis_depth": "(0.0,,)", "downthrown_side_id": null, "reference": null, "epistemic_quality": null, "accuracy": null, "activity_confidence": null, "fs_name": null, "last_movement": null, "downthrown_side_dir": null, "vert_sep_rate": null, "strike_slip_rate": null, "exposure_quality": null, "shortening_rate": null, "notes": null, "index_right": 65, "NAME_EN": "Turkey" }, "geometry": { "type": "LineString", "coordinates": [ [ 44.440792, 38.307099 ], [ 44.632141, 38.17041 ], [ 44.67888, 38.143314 ], [ 44.812226, 38.108043 ], [ 44.869686, 38.062896 ], [ 44.927145, 38.042375 ], [ 45.029751, 38.025958 ] ] } },
{ "type": "Feature", "properties": { "average_dip": "(70.0,70.0,70.0)", "average_rake": "(25,25.0,25.0)", "catalog_id": "ME_SY1s2", "catalog_name": "EMME", "dip_dir": null, "lower_seis_depth": "(18.0,,)", "name": null, "net_slip_rate": "(2.6,2.35,2.85)", "slip_type": "Sinistral-Reverse", "upper_seis_depth": "(0.0,,)", "downthrown_side_id": null, "reference": null, "epistemic_quality": "1", "accuracy": null, "activity_confidence": null, "fs_name": null, "last_movement": null, "downthrown_side_dir": null, "vert_sep_rate": null, "strike_slip_rate": null, "exposure_quality": null, "shortening_rate": null, "notes": null, "index_right": 65, "NAME_EN": "Turkey" }, "geometry": { "type": "LineString", "coordinates": [ [ 36.372805, 36.232097 ], [ 36.312065, 35.973165 ], [ 36.267103, 35.662481 ], [ 36.248674, 35.384836 ] ] } },
{ "type": "Feature", "properties": { "average_dip": "(85.0,80.0,90.0)", "average_rake": "(0,0.0,0.0)", "catalog_id": "ME_TRCS754", "catalog_name": "EMME", "dip_dir": null, "lower_seis_depth": "(20.0,,)", "name": null, "net_slip_rate": "(5.5,1.0,9.9)", "slip_type": "Sinistral", "upper_seis_depth": "(0.0,,)", "downthrown_side_id": null, "reference": null, "epistemic_quality": "1", "accuracy": null, "activity_confidence": null, "fs_name": null, "last_movement": null, "downthrown_side_dir": null, "vert_sep_rate": null, "strike_slip_rate": null, "exposure_quality": null, "shortening_rate": null, "notes": null, "index_right": 65, "NAME_EN": "Turkey" }, "geometry": { "type": "LineString", "coordinates": [ [ 38.215685, 38.020955 ], [ 38.283674, 38.036037 ], [ 38.403058, 38.047985 ], [ 38.447245, 38.057309 ], [ 38.507285, 38.074952 ] ] } },
{ "type": "Feature", "properties": { "average_dip": "(45.0,40.0,50.0)", "average_rake": "(90,75.0,105.0)", "catalog_id": "ME_TRCS423", "catalog_name": "EMME", "dip_dir": null, "lower_seis_depth": "(25.0,,)", "name": null, "net_slip_rate": "(1.5,1.0,2.0)", "slip_type": "Reverse", "upper_seis_depth": "(0.0,,)", "downthrown_side_id": null, "reference": null, "epistemic_quality": null, "accuracy": null, "activity_confidence": null, "fs_name": null, "last_movement": null, "downthrown_side_dir": null, "vert_sep_rate": null, "strike_slip_rate": null, "exposure_quality": null, "shortening_rate": null, "notes": null, "index_right": 65, "NAME_EN": "Turkey" }, "geometry": { "type": "LineString", "coordinates": [ [ 43.550203, 38.60732 ], [ 43.529011, 38.606273 ], [ 43.497898, 38.601397 ], [ 43.455414, 38.597282 ], [ 43.395093, 38.602014 ], [ 43.378863, 38.60199 ], [ 43.311501, 38.586188 ], [ 43.257963, 38.579233 ], [ 43.244269, 38.578887 ] ] } }
]
}
