{
"type": "FeatureCollection",
"name": "faults_japan",
"crs": { "type": "name", "properties": { "name": "urn:ogc:def:crs:OGC:1.3:CRS84" } },
"features": [
{ "type": "Feature", "properties": { "average_dip": "(60.0,,)", "average_rake": null, "catalog_id": "GFE_51177", "catalog_name": "GEM Faulted Earth", "dip_dir": "90", "lower_seis_depth": "(20.0,,)", "name": "Oshimizu", "net_slip_rate": "(0.1,,)", "slip_type": "Reverse", "upper_seis_depth": "(0.0,,)", "downthrown_side_id": null, "reference": null, "epistemic_quality": null, "accuracy": null, "activity_confidence": "1", "fs_name": "Yanagase", "last_movement": null, "downthrown_side_dir": "233", "vert_sep_rate": null, "strike_slip_rate": null, "exposure_quality": null, "shortening_rate": null, "notes": null, "index_right": 189, "NAME_EN": "Japan" }, "geometry": { "type": "LineString", "coordinates": [ [ 136.336287051, 35.452343082 ], [ 136.336603333999989, 35.443723078000097 ], [ 136.340442378, 35.433154383 ], [ 136.341085854, 35.418378093000101 ], [ 136.343890772, 35.413793687000101 ], [ 136.357798888, 35.404415098000101 ], [ 136.377676826, 35.399395464000101 ], [ 136.38881167, 35.390393454 ], [ 136.396743089000012, 35.387195012000099 ], [ 136.402181898, 35.379259053000098 ], [ 136.40250115500001, 35.371342967 ], [ 136.410385825, 35.350880172000103 ], [ 136.412059602, 35.335599292 ] ] } },
{ "type": "Feature", "properties": { "average_dip": "(90.0,,)", "average_rake": null, "catalog_id": "GFE_51178", "catalog_name": "GEM Faulted Earth", "dip_dir": null, "lower_seis_depth": "(20.0,,)", "name": "Nosaka", "net_slip_rate": "(0.5,,)", "slip_type": "Sinistral", "upper_seis_depth": "(0.0,,)", "downthrown_side_id": null, "reference": null, "epistemic_quality": null, "accuracy": null, "activity_confidence": "1", "fs_name": "Nosaka", "last_movement": "(482,335,)", "downthrown_side_dir": null, "vert_sep_rate": null, "strike_slip_rate": null, "exposure_quality": null, "shortening_rate": null, "notes": null, "index_right": 189, "NAME_EN": "Japan" }, "geometry": { "type": "LineString", "coordinates": [ [ 135.810837213000013, 35.7915843850001 ], [ 135.824463900000012, 35.774776132000099 ], [ 135.82876213, 35.758546577000097 ], [ 135.833371831, 35.749237870000101 ], [ 135.849362021, 35.729909430000099 ], [ 135.858313212000013, 35.714001569000096 ], [ 135.871042268999986, 35.697450694000104 ], [ 135.882980428, 35.691439673 ], [ 135.8977946, 35.678009577000097 ], [ 135.954283433, 35.654891597000102 ], [ 136.008633744, 35.6238954720001 ], [ 136.030547117, 35.615333984000102 ], [ 136.049122982, 35.601291047000103 ] ] } },
{ "type": "Feature", "properties": { "average_dip": "(90.0,,)", "average_rake": null, "catalog_id": "GFE_51179", "catalog_name": "GEM Faulted Earth", "dip_dir": null, "lower_seis_depth": "(20.0,,)", "name": "Komachi-Odani", "net_slip_rate": "(0.0,,)", "slip_type": "Sinistral", "upper_seis_depth": "(0.0,,)", "downthrown_side_id": null, "reference": null, "epistemic_quality": null, "accuracy": null, "activity_confidence": "1", "fs_name": "Komachi-Odani", "last_movement": "(69950,27950,)", "downthrown_side_dir": null, "vert_sep_rate": null, "strike_slip_rate": null, "exposure_quality": null, "shortening_rate": null, "notes": null, "index_right": 189, "NAME_EN": "Japan" }, "geometry": { "type": "LineString", "coordinates": [ [ 133.403626897, 35.374930370000101 ], [ 133.42377001700001, 35.349671997 ], [ 133.427530997, 35.340509367 ], [ 133.429597346, 35.3252215730001 ], [ 133.434818059, 35.3212524 ], [ 133.440381113, 35.319645152000099 ], [ 133.448024857, 35.311920049 ], [ 133.455550325, 35.300307772000103 ], [ 133.463235727000011, 35.280634248000098 ] ] } },
{ "type": "Feature", "properties": { "average_dip": "(45.0,,)", "average_rake": null, "catalog_id": "GFE_51181", "catalog_name": "GEM Faulted Earth", "dip_dir": "270", "lower_seis_depth": "(20.0,,)", "name": "Happo", "net_slip_rate": "None", "slip_type": "Reverse", "upper_seis_depth": "(0.0,,)", "downthrown_side_id": null, "reference": null, "epistemic_quality": null, "accuracy": null, "activity_confidence": "1", "fs_name": "Itoshizusen", "last_movement": null, "downthrown_side_dir": "226", "vert_sep_rate": "(0.25, 0.15, 0.35)", "strike_slip_rate": null, "exposure_quality": null, "shortening_rate": null, "notes": null, "index_right": 189, "NAME_EN": "Japan" }, "geometry": { "type": "LineString", "coordinates": [ [ 137.860220385, 36.755757141000103 ], [ 137.848621666000014, 36.7062324340001 ], [ 137.832941419, 36.690090026000099 ], [ 137.823924438, 36.684439446000098 ] ] } },
{ "type": "Feature", "properties": { "average_dip": "(90.0,,)", "average_rake": null, "catalog_id": "GFE_51408", "catalog_name": "GEM Faulted Earth", "dip_dir": null, "lower_seis_depth": "(20.0,,)", "name": "Musugo", "net_slip_rate": "(0.1,,)", "slip_type": "Dextral", "upper_seis_depth": "(0.0,,)", "downthrown_side_id": null, "reference": null, "epistemic_quality": null, "accuracy": null, "activity_confidence": "1", "fs_name": "Musugo", "last_movement": null, "downthrown_side_dir": null, "vert_sep_rate": null, "strike_slip_rate": null, "exposure_quality": null, "shortening_rate": null, "notes": null, "index_right": 189, "NAME_EN": "Japan" }, "geometry": { "type": "LineString", "coordinates": [ [ 137.183900964, 36.00997389 ], [ 137.231157827, 36.035992084 ], [ 137.244202496000014, 36.040899847 ], [ 137.271147929, 36.046241911 ], [ 137.29488344, 36.056907282000097 ], [ 137.312846652, 36.062457097 ], [ 137.340216485000013, 36.082498482000098 ] ] } },
{ "type": "Feature", "properties": { "average_dip": "(45.0,,)", "average_rake": null, "catalog_id": "GFE_51409", "catalog_name": "GEM Faulted Earth", "dip_dir": "270", "lower_seis_depth": "(20.0,,)", "name": "Enda-Tsubonuma", "net_slip_rate": "None", "slip_type": "Reverse", "upper_seis_depth": "(0.0,,)", "downthrown_side_id": null, "reference": null, "epistemic_quality": null, "accuracy": null, "activity_confidence": "1", "fs_name": "Fukushimabonchi-Nagamachi-Rifu", "last_movement": "(15950,7499,)", "downthrown_side_dir": "226", "vert_sep_rate": "(0.28000000000000003, 0.25, 0.31)", "strike_slip_rate": null, "exposure_quality": null, "shortening_rate": null, "notes": null, "index_right": 189, "NAME_EN": "Japan" }, "geometry": { "type": "LineString", "coordinates": [ [ 140.804575016, 38.209667941000099 ], [ 140.798835687, 38.205961203000101 ], [ 140.786506893, 38.2030281850001 ], [ 140.762694597, 38.192917431000097 ], [ 140.758277128, 38.186191315 ], [ 140.763777001, 38.178696344000102 ], [ 140.763698098, 38.176764566 ], [ 140.760516579000011, 38.1723609840001 ], [ 140.749192947000012, 38.164096612 ], [ 140.743062826999989, 38.156604303000101 ], [ 140.729879291, 38.149730717000097 ], [ 140.710651141999989, 38.145794615000099 ], [ 140.686065031999988, 38.129497790000102 ], [ 140.681097829, 38.121618560000101 ], [ 140.678915878999987, 38.103077645 ], [ 140.673558859, 38.091952779000103 ], [ 140.66277442, 38.078435033000098 ], [ 140.661681991, 38.068160191000104 ], [ 140.656484685, 38.062907649000103 ], [ 140.65508136, 38.050932995 ], [ 140.650349031, 38.0452935120001 ], [ 140.632047989, 38.037262913000099 ] ] } },
{ "type": "Feature", "properties": { "average_dip": "(90.0,,)", "average_rake": null, "catalog_id": "GFE_51410", "catalog_name": "GEM Faulted Earth", "dip_dir": null, "lower_seis_depth": "(20.0,,)", "name": "Misakubo", "net_slip_rate": "(0.0,,)", "slip_type": "Dextral", "upper_seis_depth": "(0.0,,)", "downthrown_side_id": null, "reference": null, "epistemic_quality": null, "accuracy": null, "activity_confidence": "1", "fs_name": "Chuokozosen(Akaishi)", "last_movement": null, "downthrown_side_dir": null, "vert_sep_rate": null, "strike_slip_rate": null, "exposure_quality": null, "shortening_rate": null, "notes": null, "index_right": 189, "NAME_EN": "Japan" }, "geometry": { "type": "LineString", "coordinates": [ [ 137.591872716000012, 34.957041246000102 ], [ 137.602629417, 34.967194363 ], [ 137.623008175, 34.980447367000103 ], [ 137.662065136, 34.998772260000102 ], [ 137.702537799, 35.021893647000098 ], [ 137.745273348000012, 35.042757348000102 ], [ 137.802165978, 35.082518263000097 ], [ 137.824021342, 35.102856504 ], [ 137.846454311, 35.132487708 ], [ 137.858574522, 35.152541738 ], [ 137.866979132000012, 35.170441919 ], [ 137.882485874999986, 35.195157505000097 ], [ 137.902872519999988, 35.237970161000099 ], [ 137.9197183, 35.285198224000098 ], [ 137.942102356, 35.338824699 ] ] } },
{ "type": "Feature", "properties": { "average_dip": "(60.0,,)", "average_rake": null, "catalog_id": "GFE_51452", "catalog_name": "GEM Faulted Earth", "dip_dir": "180", "lower_seis_depth": "(20.0,,)", "name": "Hanamure", "net_slip_rate": "None", "slip_type": "Normal", "upper_seis_depth": "(0.0,,)", "downthrown_side_id": null, "reference": null, "epistemic_quality": null, "accuracy": null, "activity_confidence": "1", "fs_name": "Beppu-Haneyama", "last_movement": null, "downthrown_side_dir": "230", "vert_sep_rate": "(0.11, 0.1, 0.12)", "strike_slip_rate": null, "exposure_quality": null, "shortening_rate": null, "notes": null, "index_right": 189, "NAME_EN": "Japan" }, "geometry": { "type": "LineString", "coordinates": [ [ 131.271085447, 33.143060680000097 ], [ 131.278725623000014, 33.148209239 ], [ 131.298403622, 33.156987616 ], [ 131.324771037, 33.165199187 ], [ 131.33585500800001, 33.166542247000102 ] ] } },
{ "type": "Feature", "properties": { "average_dip": "(60.0,,)", "average_rake": null, "catalog_id": "GFE_51411", "catalog_name": "GEM Faulted Earth", "dip_dir": "270", "lower_seis_depth": "(20.0,,)", "name": "Hira", "net_slip_rate": "None", "slip_type": "Reverse", "upper_seis_depth": "(0.0,,)", "downthrown_side_id": null, "reference": null, "epistemic_quality": null, "accuracy": null, "activity_confidence": "1", "fs_name": "Biwako-seigan", "last_movement": "(845,725,765)", "downthrown_side_dir": "226", "vert_sep_rate": "(1.45, 1.4, 1.5)", "strike_slip_rate": null, "exposure_quality": null, "shortening_rate": null, "notes": null, "index_right": 189, "NAME_EN": "Japan" }, "geometry": { "type": "LineString", "coordinates": [ [ 136.085659953, 35.316507643000101 ], [ 136.078141881, 35.309010323000102 ], [ 136.066227205, 35.301228931 ], [ 136.037007348, 35.285100084000099 ], [ 135.993716150000012, 35.2667855380001 ], [ 135.962331024, 35.249598680000098 ], [ 135.943888333, 35.236861390000101 ], [ 135.928577663, 35.2156185260001 ], [ 135.919860543, 35.196475451 ], [ 135.915774191, 35.183420535 ], [ 135.915874022999986, 35.171171263000097 ], [ 135.923928853, 35.155835211000102 ], [ 135.924752116, 35.146302322000103 ], [ 135.921946285, 35.132028299000098 ], [ 135.911677038, 35.1242525380001 ], [ 135.907926696, 35.114886521000102 ], [ 135.907587963999987, 35.108088292 ], [ 135.897178485000012, 35.090764029000098 ], [ 135.880886837, 35.08324636 ], [ 135.86851109700001, 35.074372663000098 ], [ 135.866789689, 35.068392042 ], [ 135.867098269, 35.058080059000098 ], [ 135.861586972999987, 35.051784650000101 ], [ 135.860303228, 35.0477010870001 ], [ 135.85688759300001, 35.04582922 ], [ 135.853509157, 35.0381720170001 ], [ 135.855426184, 35.032546706000097 ], [ 135.853183846, 35.019202179 ], [ 135.855328871000012, 35.013055933 ], [ 135.861200617, 35.005523932000102 ], [ 135.883352223, 34.991716455000102 ], [ 135.889058024, 34.981003391000101 ], [ 135.890001254999987, 34.971974446 ], [ 135.896987152, 34.957285289 ] ] } },
{ "type": "Feature", "properties": { "average_dip": "(45.0,,)", "average_rake": null, "catalog_id": "GFE_51412", "catalog_name": "GEM Faulted Earth", "dip_dir": "90", "lower_seis_depth": "(20.0,,)", "name": "Busshoji", "net_slip_rate": "(0.1,,)", "slip_type": "Reverse", "upper_seis_depth": "(0.0,,)", "downthrown_side_id": null, "reference": null, "epistemic_quality": null, "accuracy": null, "activity_confidence": "1", "fs_name": "Suzukasanchi-seien", "last_movement": null, "downthrown_side_dir": "233", "vert_sep_rate": null, "strike_slip_rate": null, "exposure_quality": null, "shortening_rate": null, "notes": null, "index_right": 189, "NAME_EN": "Japan" }, "geometry": { "type": "LineString", "coordinates": [ [ 136.356029568, 35.334180104 ], [ 136.34550185, 35.324180995000098 ], [ 136.330714444, 35.315931584000097 ], [ 136.326288247, 35.310608953 ], [ 136.31758721, 35.304639164 ], [ 136.31529932, 35.301307888000103 ], [ 136.313919745, 35.292809828 ], [ 136.314043113999986, 35.282187048 ], [ 136.317799533999988, 35.261192541000099 ], [ 136.324439452, 35.247197302000103 ], [ 136.32569073, 35.236324577000097 ], [ 136.330326488, 35.231701217000101 ], [ 136.33659035, 35.220204683000098 ], [ 136.343854773, 35.190463258000101 ] ] } },
{ "type": "Feature", "properties": { "average_dip": "(90.0,,)", "average_rake": null, "catalog_id": "GFE_51413", "catalog_name": "GEM Faulted Earth", "dip_dir": null, "lower_seis_depth": "(20.0,,)", "name": "Tochudani", "net_slip_rate": "(0.7,,)", "slip_type": "Dextral", "upper_seis_depth": "(0.0,,)", "downthrown_side_id": null, "reference": null, "epistemic_quality": null, "accuracy": null, "activity_confidence": "1", "fs_name": "Hanaore", "last_movement": "(473,398,288)", "downthrown_side_dir": null, "vert_sep_rate": null, "strike_slip_rate": null, "exposure_quality": null, "shortening_rate": null, "notes": null, "index_right": 189, "NAME_EN": "Japan" }, "geometry": { "type": "LineString", "coordinates": [ [ 135.936561093, 35.428792194 ], [ 135.935913729, 35.412541046000101 ], [ 135.923720073, 35.376807861 ], [ 135.91835903, 35.363145302000099 ], [ 135.904416207999986, 35.336381044000099 ], [ 135.867251711, 35.244892661000101 ], [ 135.863227673000011, 35.227622546000099 ], [ 135.85964231, 35.190005774 ] ] } },
{ "type": "Feature", "properties": { "average_dip": "(45.0,,)", "average_rake": null, "catalog_id": "GFE_51415", "catalog_name": "GEM Faulted Earth", "dip_dir": "270", "lower_seis_depth": "(20.0,,)", "name": "Yoshiminedera", "net_slip_rate": "(0.0,,)", "slip_type": "Reverse", "upper_seis_depth": "(0.0,,)", "downthrown_side_id": null, "reference": null, "epistemic_quality": null, "accuracy": null, "activity_confidence": "1", "fs_name": "Kyoto-nishiyama", "last_movement": null, "downthrown_side_dir": "226", "vert_sep_rate": null, "strike_slip_rate": null, "exposure_quality": null, "shortening_rate": null, "notes": null, "index_right": 189, "NAME_EN": "Japan" }, "geometry": { "type": "LineString", "coordinates": [ [ 135.657666604000013, 34.973879777 ], [ 135.646220664, 34.943316006 ], [ 135.656832853, 34.910722981 ], [ 135.656106809, 34.884758932000103 ] ] } },
{ "type": "Feature", "properties": { "average_dip": "(45.0,,)", "average_rake": null, "catalog_id": "GFE_51416", "catalog_name": "GEM Faulted Earth", "dip_dir": "90", "lower_seis_depth": "(20.0,,)", "name": "Obanazawa", "net_slip_rate": "(0.21,0.21,0.21)", "slip_type": "Reverse", "upper_seis_depth": "(0.0,,)", "downthrown_side_id": null, "reference": null, "epistemic_quality": null, "accuracy": null, "activity_confidence": "1", "fs_name": "Obanazawa", "last_movement": null, "downthrown_side_dir": "233", "vert_sep_rate": "(0.15, 0.15, 0.14999999999999999)", "strike_slip_rate": null, "exposure_quality": null, "shortening_rate": null, "notes": null, "index_right": 189, "NAME_EN": "Japan" }, "geometry": { "type": "LineString", "coordinates": [ [ 140.398582928, 38.667774917 ], [ 140.405932572000012, 38.638219983000099 ], [ 140.40857301, 38.620997080000102 ], [ 140.402830691, 38.599910848 ], [ 140.401484033, 38.5739598380001 ], [ 140.403947343999988, 38.562784214 ], [ 140.40337276, 38.555017103000097 ], [ 140.396998735000011, 38.524926429000097 ], [ 140.396769181, 38.515870478000103 ], [ 140.39914829, 38.509114335 ], [ 140.399061197, 38.489962566 ] ] } },
{ "type": "Feature", "properties": { "average_dip": "(45.0,,)", "average_rake": null, "catalog_id": "GFE_51417", "catalog_name": "GEM Faulted Earth", "dip_dir": "270", "lower_seis_depth": "(20.0,,)", "name": "Shiribetsugawa", "net_slip_rate": "(0.0,,)", "slip_type": "Reverse", "upper_seis_depth": "(0.0,,)", "downthrown_side_id": null, "reference": null, "epistemic_quality": null, "accuracy": null, "activity_confidence": "1", "fs_name": "Shiribetsugawa", "last_movement": null, "downthrown_side_dir": "226", "vert_sep_rate": null, "strike_slip_rate": null, "exposure_quality": null, "shortening_rate": null, "notes": null, "index_right": 189, "NAME_EN": "Japan" }, "geometry": { "type": "LineString", "coordinates": [ [ 140.38407738, 42.856541129 ], [ 140.391138418999986, 42.844597814000103 ], [ 140.400642138, 42.817121476000104 ], [ 140.412746134, 42.797838218 ], [ 140.415479600999987, 42.785468817 ], [ 140.413743274000012, 42.776698834000101 ], [ 140.415326454, 42.771088570000103 ], [ 140.415394895, 42.760369219 ], [ 140.406587549, 42.719249087 ], [ 140.408788412, 42.696319501000097 ], [ 140.401273371, 42.674613915000101 ], [ 140.401844860000011, 42.665266075 ], [ 140.408325882000014, 42.654470598 ] ] } },
{ "type": "Feature", "properties": { "average_dip": "(70.0,,)", "average_rake": null, "catalog_id": "GFE_51418", "catalog_name": "GEM Faulted Earth", "dip_dir": "270", "lower_seis_depth": "(20.0,,)", "name": "Shimogo", "net_slip_rate": "(0.0,,)", "slip_type": "Dextral", "upper_seis_depth": "(0.0,,)", "downthrown_side_id": null, "reference": null, "epistemic_quality": null, "accuracy": null, "activity_confidence": "1", "fs_name": "Shimogo", "last_movement": "(4900,3560,)", "downthrown_side_dir": "226", "vert_sep_rate": null, "strike_slip_rate": null, "exposure_quality": null, "shortening_rate": null, "notes": null, "index_right": 189, "NAME_EN": "Japan" }, "geometry": { "type": "LineString", "coordinates": [ [ 131.395034962000011, 34.113328885 ], [ 131.388914651, 34.101119020000098 ], [ 131.375690499, 34.081583402 ], [ 131.35501686, 34.056564997000102 ], [ 131.343917434, 34.035653341000099 ], [ 131.320395445, 34.000587520000103 ], [ 131.316256527, 33.98756831 ], [ 131.314325532999987, 33.974144508000101 ] ] } },
{ "type": "Feature", "properties": { "average_dip": "(30.0,,)", "average_rake": null, "catalog_id": "GFE_51419", "catalog_name": "GEM Faulted Earth", "dip_dir": "90", "lower_seis_depth": "(20.0,,)", "name": "Tobetsugawa", "net_slip_rate": "None", "slip_type": "Reverse", "upper_seis_depth": "(0.0,,)", "downthrown_side_id": null, "reference": null, "epistemic_quality": null, "accuracy": null, "activity_confidence": "1", "fs_name": "Tokachiheiya-toen", "last_movement": null, "downthrown_side_dir": "233", "vert_sep_rate": "(0.25, 0.06, 0.44)", "strike_slip_rate": null, "exposure_quality": null, "shortening_rate": null, "notes": null, "index_right": 189, "NAME_EN": "Japan" }, "geometry": { "type": "LineString", "coordinates": [ [ 143.232667387, 42.9129827840001 ], [ 143.219569713, 42.894776537 ], [ 143.219666978, 42.890423065 ], [ 143.224325384, 42.877262812 ], [ 143.224421064000012, 42.8662801400001 ], [ 143.221522279999988, 42.856940278 ], [ 143.203435746999986, 42.831207418000098 ], [ 143.200911639999987, 42.808567887 ], [ 143.206759156, 42.762173014 ], [ 143.209316906, 42.75012472 ], [ 143.220847867, 42.721576647000099 ], [ 143.227495565, 42.711589596000103 ], [ 143.23697043300001, 42.689984552000098 ], [ 143.242275653, 42.673324878000102 ], [ 143.246088706, 42.652614919 ], [ 143.249895794999986, 42.645900659000098 ], [ 143.280910673, 42.621485514 ], [ 143.285711567, 42.612085025000098 ], [ 143.286293828999987, 42.6052763530001 ], [ 143.279647229, 42.591443119000097 ], [ 143.26910969, 42.583118764000098 ], [ 143.26676188, 42.567283589000098 ], [ 143.26408444, 42.562119119 ], [ 143.249532515999988, 42.549631129 ] ] } },
{ "type": "Feature", "properties": { "average_dip": "(45.0,,)", "average_rake": null, "catalog_id": "GFE_51420", "catalog_name": "GEM Faulted Earth", "dip_dir": "90", "lower_seis_depth": "(20.0,,)", "name": "Hanawa-higashi", "net_slip_rate": "None", "slip_type": "Reverse", "upper_seis_depth": "(0.0,,)", "downthrown_side_id": null, "reference": null, "epistemic_quality": null, "accuracy": null, "activity_confidence": "1", "fs_name": "Hanawa-higashi", "last_movement": "(14950,82,)", "downthrown_side_dir": "233", "vert_sep_rate": "(0.29999999999999999, 0.1, 0.5)", "strike_slip_rate": null, "exposure_quality": null, "shortening_rate": null, "notes": null, "index_right": 189, "NAME_EN": "Japan" }, "geometry": { "type": "LineString", "coordinates": [ [ 140.84238378, 40.238065066 ], [ 140.82521581, 40.201147628000101 ], [ 140.806443889, 40.1489612250001 ], [ 140.79985029, 40.136808918 ], [ 140.769495903, 40.102216939000101 ], [ 140.764777722, 40.089372911000098 ], [ 140.764706588, 40.085212841 ] ] } },
{ "type": "Feature", "properties": { "average_dip": "(60.0,,)", "average_rake": null, "catalog_id": "GFE_51428", "catalog_name": "GEM Faulted Earth", "dip_dir": "90", "lower_seis_depth": "(20.0,,)", "name": "Kuramoto", "net_slip_rate": "None", "slip_type": "Reverse", "upper_seis_depth": "(0.0,,)", "downthrown_side_id": null, "reference": null, "epistemic_quality": null, "accuracy": null, "activity_confidence": "1", "fs_name": "Kisogawa", "last_movement": "(1497,660,)", "downthrown_side_dir": "233", "vert_sep_rate": "(0.54000000000000004, 0.48, 0.6)", "strike_slip_rate": null, "exposure_quality": null, "shortening_rate": null, "notes": null, "index_right": 189, "NAME_EN": "Japan" }, "geometry": { "type": "LineString", "coordinates": [ [ 137.722680806, 35.776059311 ], [ 137.723298852999989, 35.747197627 ], [ 137.724950097, 35.737024832 ], [ 137.721501749999987, 35.727746805 ], [ 137.711416251, 35.711355423 ], [ 137.707116250000013, 35.694914193 ], [ 137.70710968, 35.683597486000103 ] ] } },
{ "type": "Feature", "properties": { "average_dip": "(45.0,,)", "average_rake": null, "catalog_id": "GFE_51421", "catalog_name": "GEM Faulted Earth", "dip_dir": "270", "lower_seis_depth": "(20.0,,)", "name": "Kitakami-nishi", "net_slip_rate": "None", "slip_type": "Reverse", "upper_seis_depth": "(0.0,,)", "downthrown_side_id": null, "reference": null, "epistemic_quality": null, "accuracy": null, "activity_confidence": "1", "fs_name": "Hanamaki-Kitakaminishi", "last_movement": null, "downthrown_side_dir": "226", "vert_sep_rate": "(0.17999999999999999, 0.12, 0.24)", "strike_slip_rate": null, "exposure_quality": null, "shortening_rate": null, "notes": null, "index_right": 189, "NAME_EN": "Japan" }, "geometry": { "type": "LineString", "coordinates": [ [ 140.976445562, 39.298313033000099 ], [ 140.978692687, 39.291755761 ], [ 140.987215631, 39.279989376000103 ], [ 140.989960384999989, 39.273422299000103 ], [ 140.991577791, 39.265022059 ], [ 140.991076741, 39.254322596000101 ], [ 140.988621236, 39.247117640000099 ], [ 140.990378602, 39.241835535000099 ], [ 140.99785229, 39.238787116 ], [ 141.011045949, 39.229173178000103 ], [ 141.013432024, 39.223432923000097 ], [ 141.020451648, 39.218581701000097 ], [ 141.042395203000012, 39.188678862000103 ], [ 141.042537610000011, 39.180183862 ], [ 141.045370763, 39.172058898 ], [ 141.040876811, 39.158799317 ], [ 141.045427835999988, 39.150225457 ], [ 141.037784783, 39.1243022640001 ], [ 141.040158631, 39.102838847 ], [ 141.044265474000014, 39.09873645 ], [ 141.052405963000012, 39.094630173 ], [ 141.056583972, 39.087025188 ], [ 141.062333685, 39.082622875 ], [ 141.064122796, 39.077181565 ], [ 141.072560406, 39.070093646 ] ] } },
{ "type": "Feature", "properties": { "average_dip": "(45.0,,)", "average_rake": null, "catalog_id": "GFE_51422", "catalog_name": "GEM Faulted Earth", "dip_dir": "90", "lower_seis_depth": "(20.0,,)", "name": "Shonaiheiya-toen", "net_slip_rate": "None", "slip_type": "Reverse", "upper_seis_depth": "(0.0,,)", "downthrown_side_id": null, "reference": null, "epistemic_quality": null, "accuracy": null, "activity_confidence": "1", "fs_name": "Shonaiheiya-toen", "last_movement": null, "downthrown_side_dir": "233", "vert_sep_rate": "(1.8999999999999999, 0.7, 3.1)", "strike_slip_rate": null, "exposure_quality": null, "shortening_rate": null, "notes": null, "index_right": 189, "NAME_EN": "Japan" }, "geometry": { "type": "LineString", "coordinates": [ [ 139.931480731, 39.073820606 ], [ 139.930334592, 39.057919444 ], [ 139.933549809999988, 39.0263034540001 ], [ 139.938421616999989, 39.016271281000101 ], [ 139.93680085, 39.004477625 ], [ 139.93875202800001, 38.996404802 ], [ 139.933204609, 38.952926762000097 ], [ 139.939961114999988, 38.917744118 ], [ 139.937904399, 38.903630368000101 ], [ 139.94326683, 38.889873155 ], [ 139.942602056999988, 38.871901381 ], [ 139.944806868, 38.861612618 ], [ 139.951804656, 38.851029628 ], [ 139.977589505999987, 38.821270025 ], [ 139.985790192, 38.815487532000098 ], [ 139.984758562, 38.809576195 ], [ 139.971228496, 38.793886645 ], [ 139.967015483000011, 38.7808420530001 ], [ 139.960970261, 38.775647488000097 ], [ 139.959532556, 38.772080864 ], [ 139.957779210000012, 38.761481057 ], [ 139.963699248000012, 38.749551626 ], [ 139.961440687, 38.744456158 ], [ 139.961329975000012, 38.738543848000099 ] ] } },
{ "type": "Feature", "properties": { "average_dip": "(45.0,,)", "average_rake": null, "catalog_id": "GFE_51423", "catalog_name": "GEM Faulted Earth", "dip_dir": "180", "lower_seis_depth": "(20.0,,)", "name": "Hirataki", "net_slip_rate": "(0.1,,)", "slip_type": "Reverse", "upper_seis_depth": "(0.0,,)", "downthrown_side_id": null, "reference": null, "epistemic_quality": null, "accuracy": null, "activity_confidence": "1", "fs_name": "Tokamachi", "last_movement": null, "downthrown_side_dir": "227", "vert_sep_rate": null, "strike_slip_rate": null, "exposure_quality": null, "shortening_rate": null, "notes": null, "index_right": 189, "NAME_EN": "Japan" }, "geometry": { "type": "LineString", "coordinates": [ [ 138.44854002400001, 37.017743323 ], [ 138.494517494, 37.005678944000103 ], [ 138.519015743000011, 36.996131701 ], [ 138.553584029, 36.988589496 ] ] } },
{ "type": "Feature", "properties": { "average_dip": "(60.0,,)", "average_rake": null, "catalog_id": "GFE_51424", "catalog_name": "GEM Faulted Earth", "dip_dir": "270", "lower_seis_depth": "(20.0,,)", "name": "Jonendake", "net_slip_rate": "(0.1,,)", "slip_type": "Reverse", "upper_seis_depth": "(0.0,,)", "downthrown_side_id": null, "reference": null, "epistemic_quality": null, "accuracy": null, "activity_confidence": "1", "fs_name": "Jonendake", "last_movement": null, "downthrown_side_dir": "226", "vert_sep_rate": null, "strike_slip_rate": null, "exposure_quality": null, "shortening_rate": null, "notes": null, "index_right": 189, "NAME_EN": "Japan" }, "geometry": { "type": "LineString", "coordinates": [ [ 137.795377059, 36.505909327 ], [ 137.792315527, 36.500866830000099 ], [ 137.788856461, 36.484946577000102 ], [ 137.791789959999988, 36.465847856 ], [ 137.801249028, 36.4431707150001 ], [ 137.801653931, 36.419426463 ], [ 137.798596068, 36.397405921 ], [ 137.798528097, 36.377557371000101 ], [ 137.821112568, 36.334676727 ], [ 137.820053709, 36.308013768000102 ], [ 137.825914613, 36.297406140000099 ], [ 137.825384061, 36.287191301000099 ], [ 137.830445997999988, 36.277511545 ], [ 137.833511141, 36.267033829000098 ], [ 137.835082895999989, 36.250395116 ], [ 137.832019355, 36.239395969 ], [ 137.839044992999987, 36.232962890000103 ] ] } },
{ "type": "Feature", "properties": { "average_dip": "(60.0,,)", "average_rake": null, "catalog_id": "GFE_51425", "catalog_name": "GEM Faulted Earth", "dip_dir": "270", "lower_seis_depth": "(20.0,,)", "name": "Hachiman", "net_slip_rate": "(0.5,,)", "slip_type": "Sinistral", "upper_seis_depth": "(0.0,,)", "downthrown_side_id": null, "reference": null, "epistemic_quality": null, "accuracy": null, "activity_confidence": "1", "fs_name": "Nagaragawa-joryu", "last_movement": null, "downthrown_side_dir": "226", "vert_sep_rate": null, "strike_slip_rate": null, "exposure_quality": null, "shortening_rate": null, "notes": null, "index_right": 189, "NAME_EN": "Japan" }, "geometry": { "type": "LineString", "coordinates": [ [ 136.819831769, 35.962022325000099 ], [ 136.828372793999989, 35.925470286000099 ], [ 136.825036428, 35.897890094 ], [ 136.826746971, 35.886997134000097 ], [ 136.833235838, 35.875291642 ], [ 136.843495416, 35.862447373000101 ], [ 136.847902428, 35.851760712 ], [ 136.866867015, 35.818218038000097 ], [ 136.87197475100001, 35.813256735 ], [ 136.880284487000011, 35.800769375000101 ], [ 136.890232392, 35.779905019000097 ], [ 136.894662211999986, 35.77431777 ], [ 136.932409962, 35.745829976 ], [ 136.942546211, 35.741539007 ], [ 136.948577852999989, 35.7365167580001 ], [ 136.967363486000011, 35.730065651000103 ] ] } },
{ "type": "Feature", "properties": { "average_dip": "(20.0,,)", "average_rake": null, "catalog_id": "GFE_51426", "catalog_name": "GEM Faulted Earth", "dip_dir": "270", "lower_seis_depth": "(20.0,,)", "name": "Ogurogawa", "net_slip_rate": "None", "slip_type": "Reverse", "upper_seis_depth": "(0.0,,)", "downthrown_side_id": null, "reference": null, "epistemic_quality": null, "accuracy": null, "activity_confidence": "1", "fs_name": "Inadani", "last_movement": "(585,82,)", "downthrown_side_dir": "226", "vert_sep_rate": "(0.27000000000000002, 0.13, 0.41)", "strike_slip_rate": null, "exposure_quality": null, "shortening_rate": null, "notes": null, "index_right": 189, "NAME_EN": "Japan" }, "geometry": { "type": "LineString", "coordinates": [ [ 137.979549784999989, 35.912508467000102 ], [ 137.979992944, 35.893039487000102 ], [ 137.97574408, 35.873191648 ], [ 137.964380696, 35.856899221 ], [ 137.948446438, 35.847620874 ], [ 137.941240317, 35.841038443000102 ], [ 137.929538885999989, 35.826688784000098 ], [ 137.923769816, 35.815543911000098 ], [ 137.924694213, 35.803125354 ], [ 137.934175845, 35.791290948 ], [ 137.932557459, 35.778959316000098 ], [ 137.935445032, 35.771547012 ], [ 137.935445460000011, 35.763305436000103 ], [ 137.938192284, 35.755620362000101 ], [ 137.927723545, 35.737266891 ], [ 137.926504263, 35.730754679 ], [ 137.921465559000012, 35.7232114 ], [ 137.921556622, 35.721370613 ], [ 137.927736329, 35.715015496 ], [ 137.931330398, 35.705073722000101 ], [ 137.929202818, 35.698909371000099 ], [ 137.926525102999989, 35.697531461 ], [ 137.925693267000014, 35.695139712000099 ], [ 137.927166375000013, 35.688972454000101 ], [ 137.925182162, 35.672875240000103 ], [ 137.932135827, 35.665869216 ], [ 137.93426297100001, 35.657247254 ], [ 137.931075437, 35.652282739 ], [ 137.923162283000011, 35.648091016000102 ], [ 137.92094499000001, 35.634573501 ] ] } },
{ "type": "Feature", "properties": { "average_dip": "(90.0,,)", "average_rake": null, "catalog_id": "GFE_51427", "catalog_name": "GEM Faulted Earth", "dip_dir": null, "lower_seis_depth": "(20.0,,)", "name": "Kudaritani", "net_slip_rate": "(0.3,,)", "slip_type": "Dextral", "upper_seis_depth": "(0.0,,)", "downthrown_side_id": null, "reference": null, "epistemic_quality": null, "accuracy": null, "activity_confidence": "1", "fs_name": "Kisogawa", "last_movement": "(5000,3800,)", "downthrown_side_dir": null, "vert_sep_rate": null, "strike_slip_rate": null, "exposure_quality": null, "shortening_rate": null, "notes": null, "index_right": 189, "NAME_EN": "Japan" }, "geometry": { "type": "LineString", "coordinates": [ [ 137.584815408999987, 35.521929863 ], [ 137.586075548, 35.541930612 ], [ 137.590351413, 35.562239402 ], [ 137.594618703, 35.571252480000098 ], [ 137.601390275, 35.593528107000097 ] ] } },
{ "type": "Feature", "properties": { "average_dip": "(45.0,,)", "average_rake": null, "catalog_id": "GFE_51429", "catalog_name": "GEM Faulted Earth", "dip_dir": "90", "lower_seis_depth": "(20.0,,)", "name": "Takashozu", "net_slip_rate": "None", "slip_type": "Reverse", "upper_seis_depth": "(0.0,,)", "downthrown_side_id": null, "reference": null, "epistemic_quality": null, "accuracy": null, "activity_confidence": "1", "fs_name": "Takashozu", "last_movement": "(4207,3604,)", "downthrown_side_dir": "233", "vert_sep_rate": "(0.30499999999999999, 0.25, 0.36)", "strike_slip_rate": null, "exposure_quality": null, "shortening_rate": null, "notes": null, "index_right": 189, "NAME_EN": "Japan" }, "geometry": { "type": "LineString", "coordinates": [ [ 137.02852045, 36.638407362000102 ], [ 137.02413596400001, 36.635192624000098 ], [ 137.001843973, 36.608673136 ], [ 136.990483176, 36.591561905 ], [ 136.992909968, 36.56973034 ], [ 136.966782449, 36.550558269000099 ], [ 136.946336478, 36.542028462000097 ], [ 136.935614961, 36.528279785000102 ], [ 136.9335283, 36.524287196 ], [ 136.933813635, 36.514965283 ], [ 136.924881785999986, 36.5056541370001 ], [ 136.921453381, 36.498111925 ], [ 136.918475765000011, 36.49500821 ], [ 136.901403210000012, 36.492074946000102 ], [ 136.890957714, 36.481722057000098 ] ] } },
{ "type": "Feature", "properties": { "average_dip": "(60.0,,)", "average_rake": null, "catalog_id": "GFE_51430", "catalog_name": "GEM Faulted Earth", "dip_dir": "270", "lower_seis_depth": "(20.0,,)", "name": "Yasuda", "net_slip_rate": "(0.3,,)", "slip_type": "Reverse", "upper_seis_depth": "(0.0,,)", "downthrown_side_id": null, "reference": null, "epistemic_quality": null, "accuracy": null, "activity_confidence": "1", "fs_name": "Yasuda", "last_movement": null, "downthrown_side_dir": "226", "vert_sep_rate": null, "strike_slip_rate": null, "exposure_quality": null, "shortening_rate": null, "notes": null, "index_right": 189, "NAME_EN": "Japan" }, "geometry": { "type": "LineString", "coordinates": [ [ 134.068057334, 33.591365566 ], [ 134.042963705, 33.55320535 ], [ 134.001061113, 33.496520871 ], [ 133.991671857999989, 33.466220099000097 ], [ 133.983991497, 33.434401535000099 ] ] } },
{ "type": "Feature", "properties": { "average_dip": null, "average_rake": null, "catalog_id": "GFE_51431", "catalog_name": "GEM Faulted Earth", "dip_dir": null, "lower_seis_depth": "(20.0,,)", "name": "Gifu-Ichinomiya", "net_slip_rate": "(0.0,,)", "slip_type": null, "upper_seis_depth": "(0.0,,)", "downthrown_side_id": null, "reference": null, "epistemic_quality": null, "accuracy": null, "activity_confidence": "1", "fs_name": "Gifu-Ichinomiya", "last_movement": null, "downthrown_side_dir": null, "vert_sep_rate": null, "strike_slip_rate": null, "exposure_quality": null, "shortening_rate": null, "notes": null, "index_right": 189, "NAME_EN": "Japan" }, "geometry": { "type": "LineString", "coordinates": [ [ 136.721957073999988, 35.456362989000098 ], [ 136.773860602000013, 35.344668035 ], [ 136.821777914, 35.2483322080001 ], [ 136.853178222999986, 35.191777426 ] ] } },
{ "type": "Feature", "properties": { "average_dip": "(90.0,,)", "average_rake": null, "catalog_id": "GFE_51432", "catalog_name": "GEM Faulted Earth", "dip_dir": null, "lower_seis_depth": "(20.0,,)", "name": "Suzuka-Sakashita", "net_slip_rate": "(0.3,,)", "slip_type": "Dextral", "upper_seis_depth": "(0.0,,)", "downthrown_side_id": null, "reference": null, "epistemic_quality": null, "accuracy": null, "activity_confidence": "1", "fs_name": "Suzuka-Sakashita", "last_movement": null, "downthrown_side_dir": "230", "vert_sep_rate": null, "strike_slip_rate": null, "exposure_quality": null, "shortening_rate": null, "notes": null, "index_right": 189, "NAME_EN": "Japan" }, "geometry": { "type": "LineString", "coordinates": [ [ 136.43885846, 34.936705495000098 ], [ 136.406372089, 34.925892103 ], [ 136.377398092, 34.913457177000097 ], [ 136.323801519, 34.8999194680001 ], [ 136.275235608, 34.883637639 ] ] } },
{ "type": "Feature", "properties": { "average_dip": "(45.0,,)", "average_rake": null, "catalog_id": "GFE_51433", "catalog_name": "GEM Faulted Earth", "dip_dir": "180", "lower_seis_depth": "(20.0,,)", "name": "Ogifushi", "net_slip_rate": "(0.1,,)", "slip_type": "Reverse", "upper_seis_depth": "(0.0,,)", "downthrown_side_id": null, "reference": null, "epistemic_quality": null, "accuracy": null, "activity_confidence": "1", "fs_name": "Ogifushi", "last_movement": null, "downthrown_side_dir": "227", "vert_sep_rate": null, "strike_slip_rate": null, "exposure_quality": null, "shortening_rate": null, "notes": null, "index_right": 189, "NAME_EN": "Japan" }, "geometry": { "type": "LineString", "coordinates": [ [ 142.592704110999989, 42.24395894 ], [ 142.600865511, 42.241717479 ], [ 142.631214457999988, 42.226750292000098 ], [ 142.676393616000013, 42.210051784 ], [ 142.708880282, 42.200289033 ], [ 142.725836601999987, 42.1862272830001 ] ] } },
{ "type": "Feature", "properties": { "average_dip": "(45.0,,)", "average_rake": null, "catalog_id": "GFE_51434", "catalog_name": "GEM Faulted Earth", "dip_dir": "270", "lower_seis_depth": "(20.0,,)", "name": "Aomoriwan-seigan", "net_slip_rate": "(0.8,,)", "slip_type": "Reverse", "upper_seis_depth": "(0.0,,)", "downthrown_side_id": null, "reference": null, "epistemic_quality": null, "accuracy": null, "activity_confidence": "1", "fs_name": "Aomoriwan-seigan", "last_movement": null, "downthrown_side_dir": "226", "vert_sep_rate": null, "strike_slip_rate": null, "exposure_quality": null, "shortening_rate": null, "notes": null, "index_right": 189, "NAME_EN": "Japan" }, "geometry": { "type": "LineString", "coordinates": [ [ 140.620785684999987, 40.978763945 ], [ 140.623649468, 40.94055861 ], [ 140.631394433999986, 40.928089341 ], [ 140.638628055, 40.922931181000102 ], [ 140.644512128, 40.911596719 ], [ 140.651019958, 40.9037628560001 ], [ 140.657309555000012, 40.881924663000099 ], [ 140.655750288, 40.870805946000097 ], [ 140.648398603, 40.858563186 ], [ 140.642706505, 40.851259885 ], [ 140.617667845999989, 40.830905553 ] ] } },
{ "type": "Feature", "properties": { "average_dip": "(45.0,,)", "average_rake": null, "catalog_id": "GFE_51435", "catalog_name": "GEM Faulted Earth", "dip_dir": "270", "lower_seis_depth": "(20.0,,)", "name": "Kitaguchi", "net_slip_rate": "(0.0,,)", "slip_type": "Reverse", "upper_seis_depth": "(0.0,,)", "downthrown_side_id": null, "reference": null, "epistemic_quality": null, "accuracy": null, "activity_confidence": "1", "fs_name": "Kitaguchi", "last_movement": null, "downthrown_side_dir": "226", "vert_sep_rate": null, "strike_slip_rate": null, "exposure_quality": null, "shortening_rate": null, "notes": null, "index_right": 189, "NAME_EN": "Japan" }, "geometry": { "type": "LineString", "coordinates": [ [ 140.232740758, 39.993636721 ], [ 140.22073823, 39.9659026570001 ], [ 140.212785632, 39.952164051000103 ], [ 140.211397793, 39.931537458 ], [ 140.208752507000014, 39.922014510000103 ], [ 140.179916107, 39.881716434000097 ], [ 140.175198096, 39.870373639 ], [ 140.173883814, 39.858363025000102 ] ] } },
{ "type": "Feature", "properties": { "average_dip": "(45.0,,)", "average_rake": null, "catalog_id": "GFE_51436", "catalog_name": "GEM Faulted Earth", "dip_dir": "90", "lower_seis_depth": "(20.0,,)", "name": "Shinjobonchi", "net_slip_rate": "(0.71,0.71,0.71)", "slip_type": "Reverse", "upper_seis_depth": "(0.0,,)", "downthrown_side_id": null, "reference": null, "epistemic_quality": null, "accuracy": null, "activity_confidence": "1", "fs_name": "Shinjobonchi", "last_movement": "(1035,82,)", "downthrown_side_dir": "233", "vert_sep_rate": "(0.5, 0.5, 0.5)", "strike_slip_rate": null, "exposure_quality": null, "shortening_rate": null, "notes": null, "index_right": 189, "NAME_EN": "Japan" }, "geometry": { "type": "LineString", "coordinates": [ [ 140.360794682, 38.853340256 ], [ 140.358346207000011, 38.842986186000097 ], [ 140.357167772, 38.825958642 ], [ 140.348440523, 38.803098906000102 ], [ 140.341824679000013, 38.795888228 ], [ 140.336261403, 38.784126071000102 ], [ 140.324610142000012, 38.768649724000099 ], [ 140.314536546999989, 38.751907138 ], [ 140.278289984999986, 38.719042306000098 ], [ 140.276383345999989, 38.714975726 ], [ 140.274877318, 38.697216760000103 ], [ 140.286413708, 38.667532566 ], [ 140.287356316, 38.652900304000099 ], [ 140.294000934, 38.627428473000101 ] ] } },
{ "type": "Feature", "properties": { "average_dip": "(80.0,,)", "average_rake": null, "catalog_id": "GFE_51437", "catalog_name": "GEM Faulted Earth", "dip_dir": "270", "lower_seis_depth": "(20.0,,)", "name": "Watari", "net_slip_rate": "(0.1,,)", "slip_type": "Reverse", "upper_seis_depth": "(0.0,,)", "downthrown_side_id": null, "reference": null, "epistemic_quality": null, "accuracy": null, "activity_confidence": "1", "fs_name": "Futaba", "last_movement": null, "downthrown_side_dir": "226", "vert_sep_rate": null, "strike_slip_rate": null, "exposure_quality": null, "shortening_rate": null, "notes": null, "index_right": 189, "NAME_EN": "Japan" }, "geometry": { "type": "LineString", "coordinates": [ [ 140.844307461999989, 38.018926182 ], [ 140.850426121, 37.993301323 ], [ 140.857900898999986, 37.984158596 ], [ 140.861578937, 37.976468592000103 ], [ 140.870862778, 37.875990466000097 ], [ 140.869622434, 37.864073805 ], [ 140.864696396999989, 37.852385012000099 ], [ 140.867041246000014, 37.8512682080001 ], [ 140.866698624, 37.843695072000102 ], [ 140.8712658, 37.831325632000102 ] ] } },
{ "type": "Feature", "properties": { "average_dip": "(90.0,,)", "average_rake": null, "catalog_id": "GFE_51438", "catalog_name": "GEM Faulted Earth", "dip_dir": null, "lower_seis_depth": "(20.0,,)", "name": "Midagahara", "net_slip_rate": "(0.76,,)", "slip_type": "Dextral", "upper_seis_depth": "(0.0,,)", "downthrown_side_id": null, "reference": null, "epistemic_quality": null, "accuracy": null, "activity_confidence": "1", "fs_name": "Atotsugawa", "last_movement": null, "downthrown_side_dir": null, "vert_sep_rate": null, "strike_slip_rate": "(0.78000000000000003, 0.67, 0.89)", "exposure_quality": null, "shortening_rate": null, "notes": null, "index_right": 189, "NAME_EN": "Japan" }, "geometry": { "type": "LineString", "coordinates": [ [ 137.599348076000012, 36.586842922000102 ], [ 137.584556453, 36.577525813000101 ], [ 137.57640355, 36.574382943 ], [ 137.532764745, 36.56818343 ], [ 137.522521527, 36.569414961000099 ] ] } },
{ "type": "Feature", "properties": { "average_dip": null, "average_rake": null, "catalog_id": "GFE_51439", "catalog_name": "GEM Faulted Earth", "dip_dir": null, "lower_seis_depth": "(20.0,,)", "name": "Arakawa", "net_slip_rate": "(0.0,,)", "slip_type": null, "upper_seis_depth": "(0.0,,)", "downthrown_side_id": null, "reference": null, "epistemic_quality": null, "accuracy": null, "activity_confidence": "1", "fs_name": "Arakawa", "last_movement": null, "downthrown_side_dir": null, "vert_sep_rate": null, "strike_slip_rate": null, "exposure_quality": null, "shortening_rate": null, "notes": null, "index_right": 189, "NAME_EN": "Japan" }, "geometry": { "type": "LineString", "coordinates": [ [ 139.501859759000013, 35.969223645000099 ], [ 139.536396822, 35.944152415000097 ], [ 139.556446209, 35.916964036 ], [ 139.576233398999989, 35.895212032000103 ], [ 139.625772117999986, 35.847063814000101 ], [ 139.643306132, 35.834461711000102 ] ] } },
{ "type": "Feature", "properties": { "average_dip": "(30.0,,)", "average_rake": null, "catalog_id": "GFE_51440", "catalog_name": "GEM Faulted Earth", "dip_dir": "180", "lower_seis_depth": "(20.0,,)", "name": "Fuefuki", "net_slip_rate": "None", "slip_type": "Reverse", "upper_seis_depth": "(0.0,,)", "downthrown_side_id": null, "reference": null, "epistemic_quality": null, "accuracy": null, "activity_confidence": "1", "fs_name": "Sonekyuryo", "last_movement": null, "downthrown_side_dir": "227", "vert_sep_rate": "(0.67500000000000004, 0.25, 1.1)", "strike_slip_rate": null, "exposure_quality": null, "shortening_rate": null, "notes": null, "index_right": 189, "NAME_EN": "Japan" }, "geometry": { "type": "LineString", "coordinates": [ [ 138.485977329, 35.553150223 ], [ 138.494736403, 35.557628941000097 ], [ 138.503129611, 35.559442951000101 ], [ 138.514811232, 35.569129152000102 ], [ 138.538707189, 35.571217751000098 ], [ 138.550659683, 35.579534210000098 ], [ 138.560913742999986, 35.582677803 ], [ 138.571012621, 35.589215321 ], [ 138.582933479, 35.592238286000097 ], [ 138.607669958, 35.602422769 ], [ 138.634009856, 35.598765280000102 ], [ 138.643433484000013, 35.5991986390001 ], [ 138.672700561, 35.605261763 ], [ 138.720005338, 35.641812429 ], [ 138.728460854, 35.649887332 ], [ 138.736801279, 35.665465031000103 ], [ 138.746518463, 35.698016726 ], [ 138.751362448, 35.709127378000098 ], [ 138.775451767, 35.724723234000102 ] ] } },
{ "type": "Feature", "properties": { "average_dip": "(60.0,,)", "average_rake": null, "catalog_id": "GFE_51441", "catalog_name": "GEM Faulted Earth", "dip_dir": "90", "lower_seis_depth": "(20.0,,)", "name": "Notokaigan", "net_slip_rate": "(0.14,0.14,0.14)", "slip_type": "Reverse", "upper_seis_depth": "(0.0,,)", "downthrown_side_id": null, "reference": null, "epistemic_quality": null, "accuracy": null, "activity_confidence": "1", "fs_name": "Notokaigan", "last_movement": null, "downthrown_side_dir": "233", "vert_sep_rate": "(0.13, 0.13, 0.13)", "strike_slip_rate": null, "exposure_quality": null, "shortening_rate": null, "notes": null, "index_right": 189, "NAME_EN": "Japan" }, "geometry": { "type": "LineString", "coordinates": [ [ 136.992796363, 37.201061932000101 ], [ 137.001542467, 37.203919823 ], [ 137.010287768000012, 37.201882285000103 ], [ 137.04782834400001, 37.216813861 ], [ 137.063050124, 37.22517192 ], [ 137.066074562000011, 37.23243015 ], [ 137.075696118, 37.246944701000103 ], [ 137.085105342, 37.252844249000098 ], [ 137.089521499999989, 37.261432175 ], [ 137.095324940000012, 37.268058196 ], [ 137.09748410200001, 37.277080038000101 ], [ 137.100542671999989, 37.281508585 ], [ 137.112461253, 37.289555309 ], [ 137.119281382999986, 37.308436756 ], [ 137.12181591, 37.311492269 ], [ 137.134734, 37.317450982 ] ] } },
{ "type": "Feature", "properties": { "average_dip": "(90.0,,)", "average_rake": null, "catalog_id": "GFE_51442", "catalog_name": "GEM Faulted Earth", "dip_dir": null, "lower_seis_depth": "(20.0,,)", "name": "Kazura", "net_slip_rate": "(0.5,,)", "slip_type": "Sinistral", "upper_seis_depth": "(0.0,,)", "downthrown_side_id": null, "reference": null, "epistemic_quality": null, "accuracy": null, "activity_confidence": "1", "fs_name": "Shogawa", "last_movement": null, "downthrown_side_dir": "233", "vert_sep_rate": null, "strike_slip_rate": null, "exposure_quality": null, "shortening_rate": null, "notes": null, "index_right": 189, "NAME_EN": "Japan" }, "geometry": { "type": "LineString", "coordinates": [ [ 136.762674655000012, 36.54468953 ], [ 136.774044253, 36.503006651000099 ], [ 136.779031198000013, 36.492937944000097 ], [ 136.786521928000013, 36.482690321000099 ], [ 136.796531927, 36.472487632 ], [ 136.804522678000012, 36.447713827 ], [ 136.812858411, 36.409389476000101 ], [ 136.81855153, 36.3931395010001 ], [ 136.831729474000014, 36.364169185 ], [ 136.839581679, 36.3406871 ], [ 136.858375094, 36.300716738000098 ], [ 136.867594156, 36.289594711000099 ], [ 136.8767896, 36.282883717000097 ] ] } },
{ "type": "Feature", "properties": { "average_dip": "(90.0,,)", "average_rake": null, "catalog_id": "GFE_51443", "catalog_name": "GEM Faulted Earth", "dip_dir": null, "lower_seis_depth": "(20.0,,)", "name": "Hiuchi", "net_slip_rate": "(0.3,,)", "slip_type": "Dextral", "upper_seis_depth": "(0.0,,)", "downthrown_side_id": null, "reference": null, "epistemic_quality": null, "accuracy": null, "activity_confidence": "1", "fs_name": "Sami", "last_movement": null, "downthrown_side_dir": null, "vert_sep_rate": null, "strike_slip_rate": null, "exposure_quality": null, "shortening_rate": null, "notes": null, "index_right": 189, "NAME_EN": "Japan" }, "geometry": { "type": "LineString", "coordinates": [ [ 137.182449467, 35.681788529000102 ], [ 137.194238327, 35.684715487000098 ], [ 137.220228663, 35.695241929000098 ], [ 137.23108152, 35.7004406040001 ], [ 137.243945066, 35.709242917 ], [ 137.268325707, 35.7153638240001 ], [ 137.302019075, 35.729804621 ], [ 137.308336661, 35.730333608 ], [ 137.331830164, 35.741881375 ] ] } },
{ "type": "Feature", "properties": { "average_dip": "(45.0,,)", "average_rake": null, "catalog_id": "GFE_51444", "catalog_name": "GEM Faulted Earth", "dip_dir": "270", "lower_seis_depth": "(20.0,,)", "name": "Takahama", "net_slip_rate": "None", "slip_type": "Reverse", "upper_seis_depth": "(0.0,,)", "downthrown_side_id": null, "reference": null, "epistemic_quality": null, "accuracy": null, "activity_confidence": "1", "fs_name": "Sanageyama", "last_movement": null, "downthrown_side_dir": "226", "vert_sep_rate": "(0.17499999999999999, 0.1, 0.25)", "strike_slip_rate": null, "exposure_quality": null, "shortening_rate": null, "notes": null, "index_right": 189, "NAME_EN": "Japan" }, "geometry": { "type": "LineString", "coordinates": [ [ 137.075086778000014, 35.112716852000098 ], [ 137.064525581999987, 35.095980932 ], [ 137.053203491, 35.090282869000099 ], [ 137.050347032, 35.082203719000098 ], [ 137.046224599999988, 35.076382280000097 ], [ 137.028201513, 35.066772933 ], [ 137.011718173, 35.060459249000097 ], [ 137.003834346, 35.046919597000098 ], [ 136.996680104, 35.043129853 ], [ 136.99260264, 35.038075329 ], [ 136.993774922, 35.027421569000097 ], [ 136.986877721000013, 35.02188303 ], [ 136.982332408, 35.013747845000097 ], [ 136.974109248, 35.01026804 ], [ 136.971741578, 35.006788378000103 ], [ 136.969248228, 34.994736688 ], [ 136.969869531, 34.984797832 ], [ 136.968498810999989, 34.980324308 ], [ 136.970989916, 34.971379385 ], [ 136.970615162, 34.965416053000098 ], [ 136.97709110400001, 34.951377806 ], [ 136.986059553, 34.945042744 ], [ 136.98839550400001, 34.940756287000099 ], [ 136.989826762, 34.930071536000099 ], [ 136.996613855, 34.911063859 ], [ 137.012227989, 34.897059178000099 ], [ 137.019994215, 34.879397103 ], [ 137.03014454800001, 34.866366747 ], [ 137.032843371000013, 34.864787992000103 ], [ 137.046620141, 34.865805211000101 ] ] } },
{ "type": "Feature", "properties": { "average_dip": "(90.0,,)", "average_rake": null, "catalog_id": "GFE_51445", "catalog_name": "GEM Faulted Earth", "dip_dir": null, "lower_seis_depth": "(20.0,,)", "name": "Nukumi", "net_slip_rate": "(1.37,,)", "slip_type": "Sinistral", "upper_seis_depth": "(0.0,,)", "downthrown_side_id": null, "reference": null, "epistemic_quality": null, "accuracy": null, "activity_confidence": "1", "fs_name": "Nobi", "last_movement": "(578,,59)", "downthrown_side_dir": null, "vert_sep_rate": null, "strike_slip_rate": null, "exposure_quality": null, "shortening_rate": null, "notes": null, "index_right": 189, "NAME_EN": "Japan" }, "geometry": { "type": "LineString", "coordinates": [ [ 136.358687473, 35.90739827 ], [ 136.380526075, 35.892999465000102 ], [ 136.405854733000012, 35.868732882000103 ], [ 136.429757631, 35.841423614000099 ], [ 136.471755256, 35.805359796000097 ], [ 136.497134480999989, 35.792822860000101 ], [ 136.540438695, 35.764915132000098 ] ] } },
{ "type": "Feature", "properties": { "average_dip": "(90.0,,)", "average_rake": null, "catalog_id": "GFE_51446", "catalog_name": "GEM Faulted Earth", "dip_dir": null, "lower_seis_depth": "(20.0,,)", "name": "Sasagamine", "net_slip_rate": "(0.1,,)", "slip_type": "Dextral", "upper_seis_depth": "(0.0,,)", "downthrown_side_id": null, "reference": null, "epistemic_quality": null, "accuracy": null, "activity_confidence": "1", "fs_name": "Kanakusadake", "last_movement": null, "downthrown_side_dir": "227", "vert_sep_rate": null, "strike_slip_rate": null, "exposure_quality": null, "shortening_rate": null, "notes": null, "index_right": 189, "NAME_EN": "Japan" }, "geometry": { "type": "LineString", "coordinates": [ [ 136.275309779, 35.718161053000102 ], [ 136.325720034999989, 35.75364619 ], [ 136.341840246, 35.763670428000097 ], [ 136.366959571, 35.776179599 ] ] } },
{ "type": "Feature", "properties": { "average_dip": "(90.0,,)", "average_rake": null, "catalog_id": "GFE_51447", "catalog_name": "GEM Faulted Earth", "dip_dir": null, "lower_seis_depth": "(20.0,,)", "name": "Sekibayashi", "net_slip_rate": "(0.25,,)", "slip_type": "Sinistral", "upper_seis_depth": "(0.0,,)", "downthrown_side_id": null, "reference": null, "epistemic_quality": null, "accuracy": null, "activity_confidence": "1", "fs_name": "Kyoto-nishiyama", "last_movement": "(2288,1885,)", "downthrown_side_dir": null, "vert_sep_rate": "(0.30499999999999999, 0.15, 0.46)", "strike_slip_rate": null, "exposure_quality": null, "shortening_rate": null, "notes": null, "index_right": 189, "NAME_EN": "Japan" }, "geometry": { "type": "LineString", "coordinates": [ [ 135.507601642999987, 35.152819763 ], [ 135.528294018999986, 35.1469709180001 ], [ 135.541901086, 35.139247123000096 ], [ 135.569218532, 35.114533596000101 ], [ 135.609931671999988, 35.0934599650001 ] ] } },
{ "type": "Feature", "properties": { "average_dip": "(45.0,,)", "average_rake": null, "catalog_id": "GFE_51448", "catalog_name": "GEM Faulted Earth", "dip_dir": "90", "lower_seis_depth": "(20.0,,)", "name": "Sennan", "net_slip_rate": "(0.3,,)", "slip_type": "Reverse", "upper_seis_depth": "(0.0,,)", "downthrown_side_id": null, "reference": null, "epistemic_quality": null, "accuracy": null, "activity_confidence": "1", "fs_name": "Uemachi", "last_movement": null, "downthrown_side_dir": "233", "vert_sep_rate": null, "strike_slip_rate": null, "exposure_quality": null, "shortening_rate": null, "notes": null, "index_right": 189, "NAME_EN": "Japan" }, "geometry": { "type": "LineString", "coordinates": [ [ 135.419028475, 34.5055607090001 ], [ 135.406947667, 34.501607882 ], [ 135.399047548, 34.495969343000098 ], [ 135.39205553, 34.484925441 ], [ 135.386299178, 34.480640797 ], [ 135.376598476, 34.467229102 ], [ 135.362944057, 34.455729098000099 ], [ 135.350420635, 34.441301454 ], [ 135.345116228, 34.4374667700001 ], [ 135.340712644, 34.436561772000097 ], [ 135.331802879, 34.422926120000099 ], [ 135.321416973, 34.417397513 ], [ 135.304820615000011, 34.411750777000101 ], [ 135.286204917, 34.391573648000097 ], [ 135.275366013, 34.387171902 ] ] } },
{ "type": "Feature", "properties": { "average_dip": "(70.0,,)", "average_rake": null, "catalog_id": "GFE_51449", "catalog_name": "GEM Faulted Earth", "dip_dir": "270", "lower_seis_depth": "(20.0,,)", "name": "Maya", "net_slip_rate": "(0.23,0.23,0.23)", "slip_type": "Reverse", "upper_seis_depth": "(0.0,,)", "downthrown_side_id": null, "reference": null, "epistemic_quality": null, "accuracy": null, "activity_confidence": "1", "fs_name": "Osakawan", "last_movement": null, "downthrown_side_dir": "226", "vert_sep_rate": "(0.22, 0.22, 0.22)", "strike_slip_rate": null, "exposure_quality": null, "shortening_rate": null, "notes": null, "index_right": 189, "NAME_EN": "Japan" }, "geometry": { "type": "LineString", "coordinates": [ [ 135.165048733, 34.596892488 ], [ 135.208714285000013, 34.61507041 ], [ 135.230454521000013, 34.640515002 ], [ 135.245520727000013, 34.654480752 ], [ 135.249245155000011, 34.661770005000101 ], [ 135.249549879, 34.669211162000103 ] ] } },
{ "type": "Feature", "properties": { "average_dip": "(60.0,,)", "average_rake": null, "catalog_id": "GFE_51451", "catalog_name": "GEM Faulted Earth", "dip_dir": "180", "lower_seis_depth": "(20.0,,)", "name": "Tateishiyama", "net_slip_rate": "(0.14,0.14,0.14)", "slip_type": "Normal", "upper_seis_depth": "(0.0,,)", "downthrown_side_id": null, "reference": null, "epistemic_quality": null, "accuracy": null, "activity_confidence": "1", "fs_name": "Beppu-Haneyama", "last_movement": "(7245,82,)", "downthrown_side_dir": "230", "vert_sep_rate": "(0.12, 0.12, 0.12)", "strike_slip_rate": null, "exposure_quality": null, "shortening_rate": null, "notes": null, "index_right": 189, "NAME_EN": "Japan" }, "geometry": { "type": "LineString", "coordinates": [ [ 131.289946415, 33.302343850000099 ], [ 131.298991539000014, 33.304678758000101 ], [ 131.314460183, 33.303528188 ], [ 131.333426374, 33.307470104000103 ], [ 131.346563323999987, 33.302826889000102 ], [ 131.375958341, 33.298167453000097 ], [ 131.397785835, 33.299087308 ] ] } },
{ "type": "Feature", "properties": { "average_dip": "(60.0,,)", "average_rake": null, "catalog_id": "GFE_51454", "catalog_name": "GEM Faulted Earth", "dip_dir": "360", "lower_seis_depth": "(20.0,,)", "name": "Fukae", "net_slip_rate": "None", "slip_type": "Normal", "upper_seis_depth": "(0.0,,)", "downthrown_side_id": null, "reference": null, "epistemic_quality": null, "accuracy": null, "activity_confidence": "1", "fs_name": "Unzen-chiko", "last_movement": null, "downthrown_side_dir": "227", "vert_sep_rate": "(1.46, 0.92, 2.0)", "strike_slip_rate": null, "exposure_quality": null, "shortening_rate": null, "notes": null, "index_right": 189, "NAME_EN": "Japan" }, "geometry": { "type": "LineString", "coordinates": [ [ 130.249211612000011, 32.745488878000103 ], [ 130.253903237, 32.7436861690001 ], [ 130.270422779, 32.742637591000097 ], [ 130.291745004, 32.737128609 ], [ 130.3112309, 32.724215194000102 ], [ 130.342057878, 32.709854992 ], [ 130.356495682, 32.700352046 ], [ 130.386227717999986, 32.690431661 ], [ 130.398376611, 32.691080810000102 ], [ 130.424687979, 32.7016320910001 ], [ 130.44376221600001, 32.70367021 ], [ 130.49053677, 32.713389965 ] ] } },
{ "type": "Feature", "properties": { "average_dip": "(90.0,,)", "average_rake": null, "catalog_id": "GFE_51455", "catalog_name": "GEM Faulted Earth", "dip_dir": null, "lower_seis_depth": "(20.0,,)", "name": "Oharako", "net_slip_rate": "(0.1,,)", "slip_type": "Dextral", "upper_seis_depth": "(0.0,,)", "downthrown_side_id": null, "reference": null, "epistemic_quality": null, "accuracy": null, "activity_confidence": "1", "fs_name": "Oharako", "last_movement": "(,1345,)", "downthrown_side_dir": "230", "vert_sep_rate": null, "strike_slip_rate": null, "exposure_quality": null, "shortening_rate": null, "notes": null, "index_right": 189, "NAME_EN": "Japan" }, "geometry": { "type": "LineString", "coordinates": [ [ 131.709144904999988, 34.321618226000098 ], [ 131.67975536, 34.298709764000101 ], [ 131.626798469, 34.273047352 ], [ 131.590676455, 34.247576747 ], [ 131.567242583, 34.236543660000102 ], [ 131.554385024999988, 34.227186025 ], [ 131.547049797, 34.218533571000101 ], [ 131.544752919, 34.200182446 ], [ 131.536204289000011, 34.188676331000103 ], [ 131.52703752, 34.172094626 ], [ 131.524010028, 34.161705247 ], [ 131.526512039000011, 34.134984122 ] ] } },
{ "type": "Feature", "properties": { "average_dip": "(90.0,,)", "average_rake": null, "catalog_id": "GFE_51456", "catalog_name": "GEM Faulted Earth", "dip_dir": null, "lower_seis_depth": "(20.0,,)", "name": "Urazoko-Yanagaseyama", "net_slip_rate": "(0.1,,)", "slip_type": "Sinistral", "upper_seis_depth": "(0.0,,)", "downthrown_side_id": null, "reference": null, "epistemic_quality": null, "accuracy": null, "activity_confidence": "1", "fs_name": "Urazoko-Yanagaseyama", "last_movement": null, "downthrown_side_dir": null, "vert_sep_rate": null, "strike_slip_rate": null, "exposure_quality": null, "shortening_rate": null, "notes": null, "index_right": 189, "NAME_EN": "Japan" }, "geometry": { "type": "LineString", "coordinates": [ [ 136.01253843500001, 35.761245734000099 ], [ 136.04371074, 35.731938865000103 ], [ 136.064724319, 35.719861764 ], [ 136.083722125, 35.706464766000103 ], [ 136.102988754, 35.697317285000103 ], [ 136.110804342, 35.68962436 ], [ 136.11548219, 35.682412303 ], [ 136.119655371, 35.667228153000103 ], [ 136.123548293999988, 35.659863095 ], [ 136.12901801000001, 35.65436786 ], [ 136.14264703, 35.648214897000102 ], [ 136.14764678200001, 35.642877632000101 ], [ 136.152157983, 35.629074607000099 ], [ 136.163326598, 35.61844052 ], [ 136.166485418, 35.606994216 ], [ 136.171157322999989, 35.598218338 ], [ 136.184116753000012, 35.582373473000096 ] ] } },
{ "type": "Feature", "properties": { "average_dip": "(90.0,,)", "average_rake": null, "catalog_id": "GFE_51457", "catalog_name": "GEM Faulted Earth", "dip_dir": null, "lower_seis_depth": "(20.0,,)", "name": "Tokyowan-hokubu", "net_slip_rate": "(0.0,,)", "slip_type": null, "upper_seis_depth": "(0.0,,)", "downthrown_side_id": null, "reference": null, "epistemic_quality": null, "accuracy": null, "activity_confidence": "1", "fs_name": "Tokyowan-hokubu", "last_movement": null, "downthrown_side_dir": "227", "vert_sep_rate": null, "strike_slip_rate": null, "exposure_quality": null, "shortening_rate": null, "notes": null, "index_right": 189, "NAME_EN": "Japan" }, "geometry": { "type": "LineString", "coordinates": [ [ 139.914935047, 35.636046414000099 ], [ 139.93019135, 35.621251491000102 ], [ 139.967564305, 35.593425631000102 ], [ 139.984593299000011, 35.582603307000099 ], [ 140.005506249, 35.5647178830001 ], [ 140.037774428, 35.54215629 ], [ 140.050306653, 35.535076423000099 ] ] } },
{ "type": "Feature", "properties": { "average_dip": "(45.0,,)", "average_rake": null, "catalog_id": "GFE_51458", "catalog_name": "GEM Faulted Earth", "dip_dir": "270", "lower_seis_depth": "(20.0,,)", "name": "Namioka", "net_slip_rate": "(0.3,,)", "slip_type": "Reverse", "upper_seis_depth": "(0.0,,)", "downthrown_side_id": null, "reference": null, "epistemic_quality": null, "accuracy": null, "activity_confidence": "1", "fs_name": "Tsugarusanchi-seien", "last_movement": null, "downthrown_side_dir": "226", "vert_sep_rate": null, "strike_slip_rate": null, "exposure_quality": null, "shortening_rate": null, "notes": null, "index_right": 189, "NAME_EN": "Japan" }, "geometry": { "type": "LineString", "coordinates": [ [ 140.584089009, 40.752840862 ], [ 140.583663546999986, 40.724447243 ], [ 140.576187011, 40.709455806000101 ], [ 140.570600775, 40.704508227000098 ] ] } },
{ "type": "Feature", "properties": { "average_dip": "(45.0,,)", "average_rake": null, "catalog_id": "GFE_51459", "catalog_name": "GEM Faulted Earth", "dip_dir": "270", "lower_seis_depth": "(20.0,,)", "name": "Kawafune", "net_slip_rate": "(0.1,,)", "slip_type": "Reverse", "upper_seis_depth": "(0.0,,)", "downthrown_side_id": null, "reference": null, "epistemic_quality": null, "accuracy": null, "activity_confidence": "1", "fs_name": "Kawafune", "last_movement": "(,,54)", "downthrown_side_dir": "226", "vert_sep_rate": null, "strike_slip_rate": null, "exposure_quality": null, "shortening_rate": null, "notes": null, "index_right": 189, "NAME_EN": "Japan" }, "geometry": { "type": "LineString", "coordinates": [ [ 140.823820875, 39.601754771000103 ], [ 140.822754935, 39.582507007000103 ], [ 140.824660984, 39.578165576000103 ], [ 140.821414868, 39.566241883 ], [ 140.822778005, 39.561087531000098 ], [ 140.82059082, 39.549816968000101 ], [ 140.82633875, 39.540008877 ], [ 140.826471954999988, 39.5355956450001 ], [ 140.823970607, 39.528853536 ], [ 140.826183023, 39.525290653000098 ], [ 140.828536039999989, 39.5102416920001 ], [ 140.81171949, 39.4908844670001 ], [ 140.805204221, 39.487777638000097 ], [ 140.799236038, 39.481958144 ], [ 140.782672667000014, 39.478597044 ], [ 140.782002118, 39.470735949000101 ], [ 140.772231263, 39.465058325 ], [ 140.770338794999986, 39.45774113 ], [ 140.765197160000014, 39.454234342000099 ], [ 140.76062153, 39.447847417 ], [ 140.753747658, 39.445356368 ], [ 140.751453589, 39.442856226000103 ], [ 140.749959600000011, 39.4391866570001 ], [ 140.750675775, 39.432694490000102 ], [ 140.742904249, 39.42059349 ], [ 140.744925309, 39.415199873000098 ], [ 140.74324866500001, 39.412650151 ], [ 140.724768405, 39.405625902000097 ], [ 140.717571026, 39.405908654 ] ] } },
{ "type": "Feature", "properties": { "average_dip": "(45.0,,)", "average_rake": null, "catalog_id": "GFE_51460", "catalog_name": "GEM Faulted Earth", "dip_dir": "270", "lower_seis_depth": "(20.0,,)", "name": "Sakekawa", "net_slip_rate": "None", "slip_type": "Reverse", "upper_seis_depth": "(0.0,,)", "downthrown_side_id": null, "reference": null, "epistemic_quality": null, "accuracy": null, "activity_confidence": "1", "fs_name": "Sakekawa", "last_movement": null, "downthrown_side_dir": "226", "vert_sep_rate": "(0.47499999999999998, 0.3, 0.65)", "strike_slip_rate": null, "exposure_quality": null, "shortening_rate": null, "notes": null, "index_right": 189, "NAME_EN": "Japan" }, "geometry": { "type": "LineString", "coordinates": [ [ 140.211152833999989, 38.846722403000101 ], [ 140.21414563, 38.824443101 ], [ 140.220232119, 38.8028488080001 ], [ 140.223223982, 38.779113675000097 ], [ 140.228454342, 38.761802854000102 ], [ 140.24005692, 38.739712306000101 ], [ 140.240155631, 38.735644617 ], [ 140.232785108, 38.716447288 ] ] } },
{ "type": "Feature", "properties": { "average_dip": "(45.0,,)", "average_rake": null, "catalog_id": "GFE_51461", "catalog_name": "GEM Faulted Earth", "dip_dir": "270", "lower_seis_depth": "(20.0,,)", "name": "Nagai", "net_slip_rate": "None", "slip_type": "Reverse", "upper_seis_depth": "(0.0,,)", "downthrown_side_id": null, "reference": null, "epistemic_quality": null, "accuracy": null, "activity_confidence": "1", "fs_name": "Nagaibonchi-seien", "last_movement": "(2183,82,)", "downthrown_side_dir": "226", "vert_sep_rate": "(0.71999999999999997, 0.6, 0.84)", "strike_slip_rate": null, "exposure_quality": null, "shortening_rate": null, "notes": null, "index_right": 189, "NAME_EN": "Japan" }, "geometry": { "type": "LineString", "coordinates": [ [ 140.067314155, 38.211311476 ], [ 140.057521380999987, 38.203266133000099 ], [ 140.040999201, 38.195099612 ], [ 140.038911881, 38.184248815 ], [ 140.027646530999988, 38.169742182 ], [ 140.021712982, 38.158889708000103 ], [ 140.012585750999989, 38.149993051 ], [ 140.007559881, 38.134874666 ], [ 139.990546086, 38.11915901 ], [ 139.988095501, 38.114769451 ], [ 139.985990146, 38.082690122 ], [ 139.980598066999988, 38.0728141170001 ], [ 139.97949243, 38.066960766000101 ], [ 139.983396688, 38.0537824090001 ], [ 139.988897512, 38.0470693460001 ], [ 139.992801787, 38.033525031000103 ], [ 139.996591611000014, 38.030106536000098 ], [ 139.996628709, 38.027877796 ], [ 140.000891357, 38.027427969 ], [ 140.012633735, 38.018550334000103 ] ] } },
{ "type": "Feature", "properties": { "average_dip": "(90.0,,)", "average_rake": null, "catalog_id": "GFE_51462", "catalog_name": "GEM Faulted Earth", "dip_dir": null, "lower_seis_depth": "(20.0,,)", "name": "Haramachi", "net_slip_rate": "(0.15,,)", "slip_type": "Sinistral", "upper_seis_depth": "(0.0,,)", "downthrown_side_id": null, "reference": null, "epistemic_quality": null, "accuracy": null, "activity_confidence": "1", "fs_name": "Futaba", "last_movement": "(2215,1833,)", "downthrown_side_dir": "226", "vert_sep_rate": null, "strike_slip_rate": null, "exposure_quality": null, "shortening_rate": null, "notes": null, "index_right": 189, "NAME_EN": "Japan" }, "geometry": { "type": "LineString", "coordinates": [ [ 140.849648917, 37.847563133000101 ], [ 140.859471659, 37.8129904050001 ], [ 140.873590848, 37.782376344000099 ], [ 140.892575555, 37.687550817 ], [ 140.899231011000012, 37.665031602000099 ] ] } },
{ "type": "Feature", "properties": { "average_dip": null, "average_rake": null, "catalog_id": "GFE_51463", "catalog_name": "GEM Faulted Earth", "dip_dir": null, "lower_seis_depth": "(20.0,,)", "name": "Kamogawachikotai-kita", "net_slip_rate": "(0.0,,)", "slip_type": null, "upper_seis_depth": "(0.0,,)", "downthrown_side_id": null, "reference": null, "epistemic_quality": null, "accuracy": null, "activity_confidence": "1", "fs_name": "Kamogawachikotai-kita", "last_movement": null, "downthrown_side_dir": null, "vert_sep_rate": null, "strike_slip_rate": null, "exposure_quality": null, "shortening_rate": null, "notes": null, "index_right": 189, "NAME_EN": "Japan" }, "geometry": { "type": "LineString", "coordinates": [ [ 139.815933494, 35.155781787 ], [ 139.85785635900001, 35.145597038000098 ], [ 139.881189525, 35.141604217000101 ], [ 139.906070844, 35.140270486000098 ], [ 139.926583605, 35.1446859610001 ], [ 139.949037839, 35.14152891 ], [ 139.982243859, 35.146206267 ], [ 140.012832274, 35.146492048 ], [ 140.03170279, 35.143876842000097 ], [ 140.052453245, 35.138812961 ], [ 140.097688605, 35.134677628000098 ], [ 140.100526452999986, 35.132496948 ], [ 140.126364474000013, 35.127640179 ], [ 140.152036716, 35.117539993 ] ] } },
{ "type": "Feature", "properties": { "average_dip": "(30.0,,)", "average_rake": null, "catalog_id": "GFE_51464", "catalog_name": "GEM Faulted Earth", "dip_dir": "270", "lower_seis_depth": "(20.0,,)", "name": "Shimotsuburai", "net_slip_rate": "None", "slip_type": "Reverse", "upper_seis_depth": "(0.0,,)", "downthrown_side_id": null, "reference": null, "epistemic_quality": null, "accuracy": null, "activity_confidence": "1", "fs_name": "Itoshizusen", "last_movement": "(2398,1433,)", "downthrown_side_dir": "226", "vert_sep_rate": "(0.15000000000000002, 0.13, 0.17)", "strike_slip_rate": null, "exposure_quality": null, "shortening_rate": null, "notes": null, "index_right": 189, "NAME_EN": "Japan" }, "geometry": { "type": "LineString", "coordinates": [ [ 138.334547734000012, 35.776672887000103 ], [ 138.360842561, 35.779001102000102 ], [ 138.381334216999988, 35.776695613000101 ], [ 138.390577227, 35.768095311 ], [ 138.395473065, 35.761408199000101 ], [ 138.400044206, 35.747612888 ], [ 138.406643917, 35.740393881 ], [ 138.409514036, 35.730949031000101 ], [ 138.421009605, 35.716512972 ], [ 138.423556956999988, 35.701762716000097 ], [ 138.429412646, 35.6967734360001 ], [ 138.428875901999987, 35.691362038000101 ], [ 138.434517704, 35.683932029000097 ], [ 138.440899709, 35.669604824 ] ] } },
{ "type": "Feature", "properties": { "average_dip": "(90.0,,)", "average_rake": null, "catalog_id": "GFE_51465", "catalog_name": "GEM Faulted Earth", "dip_dir": null, "lower_seis_depth": "(20.0,,)", "name": "Enako", "net_slip_rate": "(1.0,,)", "slip_type": "Dextral", "upper_seis_depth": "(0.0,,)", "downthrown_side_id": null, "reference": null, "epistemic_quality": null, "accuracy": null, "activity_confidence": "1", "fs_name": "Takayama", "last_movement": "(5455,3760,)", "downthrown_side_dir": "227", "vert_sep_rate": null, "strike_slip_rate": "(0.56499999999999995, 0.13, 1.0)", "exposure_quality": null, "shortening_rate": null, "notes": null, "index_right": 189, "NAME_EN": "Japan" }, "geometry": { "type": "LineString", "coordinates": [ [ 137.068628768, 35.991913080000103 ], [ 137.092591296, 36.001602564000102 ], [ 137.098122612, 36.006847099 ], [ 137.116819612, 36.016279482000101 ], [ 137.131214875000012, 36.02873041 ], [ 137.147896038, 36.038516702 ], [ 137.163595128999987, 36.052457491 ], [ 137.178804437, 36.061834794 ], [ 137.198675335, 36.071215213000102 ], [ 137.221453682, 36.091813783000099 ], [ 137.26869081000001, 36.110051277 ], [ 137.297827445, 36.128346134 ], [ 137.31965933, 36.133530089 ], [ 137.331719056, 36.139164745000102 ], [ 137.345307775, 36.141453825 ], [ 137.381766026, 36.143106158000101 ], [ 137.406835067, 36.149551451 ] ] } },
{ "type": "Feature", "properties": { "average_dip": "(45.0,,)", "average_rake": null, "catalog_id": "GFE_51466", "catalog_name": "GEM Faulted Earth", "dip_dir": "270", "lower_seis_depth": "(20.0,,)", "name": "Shimoina-ryusei", "net_slip_rate": "(0.5,,)", "slip_type": "Reverse", "upper_seis_depth": "(0.0,,)", "downthrown_side_id": null, "reference": null, "epistemic_quality": null, "accuracy": null, "activity_confidence": "1", "fs_name": "Shimoina-ryusei", "last_movement": null, "downthrown_side_dir": "226", "vert_sep_rate": null, "strike_slip_rate": null, "exposure_quality": null, "shortening_rate": null, "notes": null, "index_right": 189, "NAME_EN": "Japan" }, "geometry": { "type": "LineString", "coordinates": [ [ 137.843625673, 35.503219513 ], [ 137.814338644, 35.465159108000101 ], [ 137.806662448, 35.461467334000098 ], [ 137.80547775, 35.4561709070001 ], [ 137.809349858, 35.444397346000102 ], [ 137.809430101, 35.437755104000097 ], [ 137.807655432, 35.433048594000098 ], [ 137.797274848, 35.419268901000102 ], [ 137.794063483, 35.409770901000101 ], [ 137.789168171, 35.402712581000102 ], [ 137.791949054000014, 35.399432024000099 ], [ 137.789491907000013, 35.382365904 ] ] } },
{ "type": "Feature", "properties": { "average_dip": "(60.0,,)", "average_rake": null, "catalog_id": "GFE_51467", "catalog_name": "GEM Faulted Earth", "dip_dir": "90", "lower_seis_depth": "(20.0,,)", "name": "Matsuoka", "net_slip_rate": "None", "slip_type": "Reverse", "upper_seis_depth": "(0.0,,)", "downthrown_side_id": null, "reference": null, "epistemic_quality": null, "accuracy": null, "activity_confidence": "1", "fs_name": "Fukuiheiya-toen", "last_movement": "(3303,2875,)", "downthrown_side_dir": "233", "vert_sep_rate": "(0.33500000000000002, 0.28, 0.39)", "strike_slip_rate": null, "exposure_quality": null, "shortening_rate": null, "notes": null, "index_right": 189, "NAME_EN": "Japan" }, "geometry": { "type": "LineString", "coordinates": [ [ 136.255656902999988, 36.435241623 ], [ 136.254546581, 36.419894379 ], [ 136.258312866000011, 36.403472379 ], [ 136.264425015, 36.3850846650001 ], [ 136.272350807, 36.371871395 ], [ 136.2742192, 36.364843359000098 ], [ 136.278537207999989, 36.326270524000101 ], [ 136.277426958, 36.2935348070001 ], [ 136.289265511, 36.2599068 ], [ 136.291782832, 36.245383546 ], [ 136.295197782, 36.238612414 ], [ 136.298380978000012, 36.225835973000102 ], [ 136.299906349, 36.212295579000099 ], [ 136.298408118, 36.195289512 ], [ 136.294805595000014, 36.176832776 ], [ 136.289248087, 36.164318874000102 ], [ 136.293254198999989, 36.151799422000103 ], [ 136.292864802, 36.144515181 ], [ 136.298036429, 36.134233573000103 ], [ 136.294777112, 36.123660716000103 ], [ 136.299092151999986, 36.085417247000102 ], [ 136.297843758, 36.072098757 ], [ 136.312363401, 36.020121121 ] ] } },
{ "type": "Feature", "properties": { "average_dip": "(60.0,,)", "average_rake": null, "catalog_id": "GFE_51468", "catalog_name": "GEM Faulted Earth", "dip_dir": "90", "lower_seis_depth": "(20.0,,)", "name": "Kanazu", "net_slip_rate": "(0.1,,)", "slip_type": "Sinistral", "upper_seis_depth": "(0.0,,)", "downthrown_side_id": null, "reference": null, "epistemic_quality": null, "accuracy": null, "activity_confidence": "1", "fs_name": "Fukuiheiya-toen", "last_movement": "(,,2)", "downthrown_side_dir": "233", "vert_sep_rate": null, "strike_slip_rate": null, "exposure_quality": null, "shortening_rate": null, "notes": null, "index_right": 189, "NAME_EN": "Japan" }, "geometry": { "type": "LineString", "coordinates": [ [ 136.130227907, 36.306559485 ], [ 136.134501848000014, 36.297961588000099 ], [ 136.158970815, 36.267829144000103 ], [ 136.171408805999988, 36.259483381000102 ], [ 136.197192226, 36.248096658000101 ], [ 136.206838346000012, 36.242074643000102 ], [ 136.223913683, 36.222482295000098 ], [ 136.242229325000011, 36.162556926 ], [ 136.265461384, 36.105602088000097 ], [ 136.278299605, 36.042034755 ], [ 136.279845164, 36.023270962 ] ] } },
{ "type": "Feature", "properties": { "average_dip": "(90.0,,)", "average_rake": null, "catalog_id": "GFE_51469", "catalog_name": "GEM Faulted Earth", "dip_dir": null, "lower_seis_depth": "(20.0,,)", "name": "Shiwaga", "net_slip_rate": "(0.2,,)", "slip_type": "Sinistral", "upper_seis_depth": "(0.0,,)", "downthrown_side_id": null, "reference": null, "epistemic_quality": null, "accuracy": null, "activity_confidence": "1", "fs_name": "Kyoto-nishiyama", "last_movement": "(,4366,)", "downthrown_side_dir": null, "vert_sep_rate": null, "strike_slip_rate": null, "exposure_quality": null, "shortening_rate": null, "notes": null, "index_right": 189, "NAME_EN": "Japan" }, "geometry": { "type": "LineString", "coordinates": [ [ 135.36550742, 35.175336863 ], [ 135.380001356, 35.1690479230001 ], [ 135.412646695, 35.162535431 ], [ 135.44706768, 35.161760323000102 ], [ 135.504391911, 35.153260637000102 ] ] } },
{ "type": "Feature", "properties": { "average_dip": "(45.0,,)", "average_rake": null, "catalog_id": "GFE_51470", "catalog_name": "GEM Faulted Earth", "dip_dir": "270", "lower_seis_depth": "(20.0,,)", "name": "Tondabayashi", "net_slip_rate": "(0.1,,)", "slip_type": "Reverse", "upper_seis_depth": "(0.0,,)", "downthrown_side_id": null, "reference": null, "epistemic_quality": null, "accuracy": null, "activity_confidence": "1", "fs_name": "Habikino", "last_movement": null, "downthrown_side_dir": "226", "vert_sep_rate": null, "strike_slip_rate": null, "exposure_quality": null, "shortening_rate": null, "notes": null, "index_right": 189, "NAME_EN": "Japan" }, "geometry": { "type": "LineString", "coordinates": [ [ 135.597282455, 34.576899689000101 ], [ 135.597583292, 34.55130461 ], [ 135.601473171, 34.5448054390001 ], [ 135.600649569000012, 34.535120523 ], [ 135.602859974000012, 34.521775553000097 ], [ 135.601365313, 34.511186263000099 ], [ 135.598316748, 34.506202759000097 ], [ 135.588197959000013, 34.496508629000097 ], [ 135.574927448000011, 34.474914641000098 ], [ 135.559369565999987, 34.464244635000099 ], [ 135.542873539, 34.448457051 ], [ 135.536080282, 34.444023399000102 ], [ 135.53109301, 34.435302276000101 ], [ 135.53137618400001, 34.429353959 ] ] } },
{ "type": "Feature", "properties": { "average_dip": "(45.0,,)", "average_rake": null, "catalog_id": "GFE_51471", "catalog_name": "GEM Faulted Earth", "dip_dir": "270", "lower_seis_depth": "(20.0,,)", "name": "Kawachinagano", "net_slip_rate": "(0.0,,)", "slip_type": "Reverse", "upper_seis_depth": "(0.0,,)", "downthrown_side_id": null, "reference": null, "epistemic_quality": null, "accuracy": null, "activity_confidence": "1", "fs_name": "Habikino", "last_movement": null, "downthrown_side_dir": "226", "vert_sep_rate": null, "strike_slip_rate": null, "exposure_quality": null, "shortening_rate": null, "notes": null, "index_right": 189, "NAME_EN": "Japan" }, "geometry": { "type": "LineString", "coordinates": [ [ 135.545640945, 34.429101315 ], [ 135.552934709999988, 34.42998393 ], [ 135.568730693, 34.43789101 ], [ 135.586141538, 34.449909179 ], [ 135.600345632, 34.462427575 ], [ 135.621410852, 34.473609895 ], [ 135.626672860000014, 34.477945809000097 ], [ 135.63328524100001, 34.489771435000101 ] ] } },
{ "type": "Feature", "properties": { "average_dip": "(60.0,,)", "average_rake": null, "catalog_id": "GFE_51472", "catalog_name": "GEM Faulted Earth", "dip_dir": "180", "lower_seis_depth": "(20.0,,)", "name": "Hijiu", "net_slip_rate": "None", "slip_type": "Normal", "upper_seis_depth": "(0.0,,)", "downthrown_side_id": null, "reference": null, "epistemic_quality": null, "accuracy": null, "activity_confidence": "1", "fs_name": "Beppu-Haneyama", "last_movement": "(7245,2143,)", "downthrown_side_dir": "230", "vert_sep_rate": "(0.25, 0.1, 0.4)", "strike_slip_rate": null, "exposure_quality": null, "shortening_rate": null, "notes": null, "index_right": 189, "NAME_EN": "Japan" }, "geometry": { "type": "LineString", "coordinates": [ [ 131.157077826, 33.321195135 ], [ 131.168747793, 33.32065942 ], [ 131.176317180000012, 33.318212846000101 ], [ 131.198742087999989, 33.321047953000097 ], [ 131.238127561999988, 33.320716749 ], [ 131.26118731, 33.327368433000103 ], [ 131.267385746, 33.3276455210001 ], [ 131.277324906, 33.32574593 ], [ 131.291455610000014, 33.3267570880001 ], [ 131.309511132000011, 33.321593027000098 ], [ 131.334587008999989, 33.316979039 ], [ 131.343608048, 33.322529579 ], [ 131.352722158, 33.325171454 ], [ 131.390831784999989, 33.323567375 ], [ 131.412526742000011, 33.327128389000102 ], [ 131.426925261, 33.334045878 ], [ 131.435225344, 33.340310323 ], [ 131.454127935, 33.348546217 ], [ 131.463386351999986, 33.3496899800001 ], [ 131.496763682, 33.345634912 ] ] } },
{ "type": "Feature", "properties": { "average_dip": "(90.0,,)", "average_rake": null, "catalog_id": "GFE_51473", "catalog_name": "GEM Faulted Earth", "dip_dir": null, "lower_seis_depth": "(20.0,,)", "name": "Nishiyama", "net_slip_rate": "(0.3,,)", "slip_type": "Sinistral", "upper_seis_depth": "(0.0,,)", "downthrown_side_id": null, "reference": null, "epistemic_quality": null, "accuracy": null, "activity_confidence": "1", "fs_name": "Nishiyama", "last_movement": "(10950,778,)", "downthrown_side_dir": null, "vert_sep_rate": "(0.185, 0.07, 0.3)", "strike_slip_rate": null, "exposure_quality": null, "shortening_rate": null, "notes": null, "index_right": 189, "NAME_EN": "Japan" }, "geometry": { "type": "LineString", "coordinates": [ [ 130.485253388, 33.839278731 ], [ 130.494968444, 33.828234829000102 ], [ 130.49821633900001, 33.815792106000103 ], [ 130.502768627, 33.808833580000098 ], [ 130.518657669, 33.791057934 ], [ 130.524260569, 33.776044773 ], [ 130.528230373000014, 33.769983548 ], [ 130.546589184, 33.752480916 ], [ 130.556173667, 33.739529592000103 ], [ 130.565352082, 33.730433816000101 ], [ 130.585201423, 33.702072206 ], [ 130.594782654, 33.684832632000102 ], [ 130.602455142999986, 33.6780795560001 ], [ 130.610397712, 33.667469929 ], [ 130.638138731999987, 33.643830446 ], [ 130.645100436, 33.633232553 ], [ 130.656268754, 33.62345887 ], [ 130.661911518000011, 33.613350141000097 ] ] } },
{ "type": "Feature", "properties": { "average_dip": "(60.0,,)", "average_rake": null, "catalog_id": "GFE_51474", "catalog_name": "GEM Faulted Earth", "dip_dir": "360", "lower_seis_depth": "(20.0,,)", "name": "Kasama", "net_slip_rate": "(0.0,,)", "slip_type": "Reverse", "upper_seis_depth": "(0.0,,)", "downthrown_side_id": null, "reference": null, "epistemic_quality": null, "accuracy": null, "activity_confidence": "1", "fs_name": "Nabari", "last_movement": null, "downthrown_side_dir": "230", "vert_sep_rate": null, "strike_slip_rate": null, "exposure_quality": null, "shortening_rate": null, "notes": null, "index_right": 189, "NAME_EN": "Japan" }, "geometry": { "type": "LineString", "coordinates": [ [ 135.99766449, 34.604939809 ], [ 136.015256105, 34.622160471 ], [ 136.026293656, 34.630348131000098 ], [ 136.04735652, 34.638454750000101 ], [ 136.058688229000012, 34.649485507000101 ], [ 136.075167236999988, 34.654883599000101 ], [ 136.103153666, 34.668179763000097 ], [ 136.1226332, 34.67435385 ], [ 136.129399485, 34.677975598 ], [ 136.13765156, 34.683901118000101 ], [ 136.154156398, 34.704804130000099 ] ] } },
{ "type": "Feature", "properties": { "average_dip": "(60.0,,)", "average_rake": null, "catalog_id": "GFE_51475", "catalog_name": "GEM Faulted Earth", "dip_dir": "270", "lower_seis_depth": "(20.0,,)", "name": "Matsunoyama", "net_slip_rate": "(0.0,,)", "slip_type": "Reverse", "upper_seis_depth": "(0.0,,)", "downthrown_side_id": null, "reference": null, "epistemic_quality": null, "accuracy": null, "activity_confidence": "1", "fs_name": "Narabonchi-nishi", "last_movement": null, "downthrown_side_dir": "226", "vert_sep_rate": null, "strike_slip_rate": null, "exposure_quality": null, "shortening_rate": null, "notes": null, "index_right": 189, "NAME_EN": "Japan" }, "geometry": { "type": "LineString", "coordinates": [ [ 135.764119454, 34.793677854000101 ], [ 135.75491344, 34.772863425 ], [ 135.752095879, 34.753674137000097 ], [ 135.751910668, 34.7310987070001 ], [ 135.753734837, 34.721469847 ], [ 135.762552444, 34.71034732 ], [ 135.76454644, 34.705367934 ], [ 135.764871746000011, 34.695574058 ], [ 135.762367219999987, 34.688103851000101 ], [ 135.748203010999987, 34.671975359 ], [ 135.738060533, 34.653364243000098 ], [ 135.739235809, 34.642238537 ], [ 135.735577338000013, 34.636090153000097 ], [ 135.728600621, 34.616319242 ], [ 135.712956424999987, 34.603516336 ], [ 135.682984247, 34.597675306 ] ] } },
{ "type": "Feature", "properties": { "average_dip": "(90.0,,)", "average_rake": null, "catalog_id": "GFE_51476", "catalog_name": "GEM Faulted Earth", "dip_dir": null, "lower_seis_depth": "(20.0,,)", "name": "Yukogidani", "net_slip_rate": "(0.1,,)", "slip_type": "Dextral", "upper_seis_depth": "(0.0,,)", "downthrown_side_id": null, "reference": null, "epistemic_quality": null, "accuracy": null, "activity_confidence": "1", "fs_name": "Yukogidani", "last_movement": null, "downthrown_side_dir": "230", "vert_sep_rate": null, "strike_slip_rate": null, "exposure_quality": null, "shortening_rate": null, "notes": null, "index_right": 189, "NAME_EN": "Japan" }, "geometry": { "type": "LineString", "coordinates": [ [ 135.104546245, 34.770829226 ], [ 135.113224849, 34.7644956010001 ], [ 135.129971929, 34.760111618000103 ], [ 135.161213624, 34.759607806000098 ], [ 135.195793493, 34.762052319000098 ], [ 135.233246794, 34.773876826 ], [ 135.259039026000011, 34.788557739000098 ] ] } },
{ "type": "Feature", "properties": { "average_dip": "(90.0,,)", "average_rake": null, "catalog_id": "GFE_51477", "catalog_name": "GEM Faulted Earth", "dip_dir": null, "lower_seis_depth": "(20.0,,)", "name": "Gongenyama", "net_slip_rate": "(0.0,,)", "slip_type": "Sinistral", "upper_seis_depth": "(0.0,,)", "downthrown_side_id": null, "reference": null, "epistemic_quality": null, "accuracy": null, "activity_confidence": "1", "fs_name": "Ako", "last_movement": null, "downthrown_side_dir": "226", "vert_sep_rate": null, "strike_slip_rate": null, "exposure_quality": null, "shortening_rate": null, "notes": null, "index_right": 189, "NAME_EN": "Japan" }, "geometry": { "type": "LineString", "coordinates": [ [ 137.284861834, 35.512862404 ], [ 137.31177107900001, 35.470176948000102 ], [ 137.338684102, 35.433433811 ] ] } },
{ "type": "Feature", "properties": { "average_dip": "(60.0,,)", "average_rake": null, "catalog_id": "GFE_51480", "catalog_name": "GEM Faulted Earth", "dip_dir": "180", "lower_seis_depth": "(20.0,,)", "name": "Gotanda", "net_slip_rate": "(0.0,,)", "slip_type": "Normal", "upper_seis_depth": "(0.0,,)", "downthrown_side_id": null, "reference": null, "epistemic_quality": null, "accuracy": null, "activity_confidence": "1", "fs_name": "Gotanda", "last_movement": null, "downthrown_side_dir": "230", "vert_sep_rate": null, "strike_slip_rate": null, "exposure_quality": null, "shortening_rate": null, "notes": null, "index_right": 189, "NAME_EN": "Japan" }, "geometry": { "type": "LineString", "coordinates": [ [ 130.254816462, 31.729681025 ], [ 130.303869803999987, 31.728761161000101 ], [ 130.327091905, 31.7351806930001 ], [ 130.353321457, 31.739996619000099 ], [ 130.406371445, 31.766727644000099 ], [ 130.473870868, 31.786634215 ], [ 130.480906909, 31.78964532 ], [ 130.484470498, 31.793478953 ] ] } },
{ "type": "Feature", "properties": { "average_dip": "(90.0,,)", "average_rake": null, "catalog_id": "GFE_59086", "catalog_name": "GEM Faulted Earth", "dip_dir": null, "lower_seis_depth": "(20.0,,)", "name": "Ibigawa", "net_slip_rate": "(0.5,,)", "slip_type": "Sinistral", "upper_seis_depth": "(0.0,,)", "downthrown_side_id": null, "reference": null, "epistemic_quality": null, "accuracy": null, "activity_confidence": "1", "fs_name": "Ibigawa", "last_movement": "(1933,1080,)", "downthrown_side_dir": null, "vert_sep_rate": null, "strike_slip_rate": null, "exposure_quality": null, "shortening_rate": null, "notes": null, "index_right": 189, "NAME_EN": "Japan" }, "geometry": { "type": "LineString", "coordinates": [ [ 136.358351634, 35.767898343000098 ], [ 136.392762899, 35.757734767 ], [ 136.418843216999988, 35.742895696000097 ], [ 136.450004490999987, 35.715081656000102 ], [ 136.483679355, 35.692489076000101 ], [ 136.538649364, 35.669429069 ], [ 136.585940844, 35.652030224 ] ] } },
{ "type": "Feature", "properties": { "average_dip": "(50.0,,)", "average_rake": null, "catalog_id": "GFE_59087", "catalog_name": "GEM Faulted Earth", "dip_dir": "360", "lower_seis_depth": "(20.0,,)", "name": "Igaueno", "net_slip_rate": "None", "slip_type": "Dextral", "upper_seis_depth": "(0.0,,)", "downthrown_side_id": null, "reference": null, "epistemic_quality": null, "accuracy": null, "activity_confidence": "1", "fs_name": "Kizugawa", "last_movement": "(1004,,96)", "downthrown_side_dir": "230", "vert_sep_rate": "(0.36499999999999999, 0.13, 0.6)", "strike_slip_rate": null, "exposure_quality": null, "shortening_rate": null, "notes": null, "index_right": 189, "NAME_EN": "Japan" }, "geometry": { "type": "LineString", "coordinates": [ [ 136.063760613999989, 34.782263183000097 ], [ 136.114545846, 34.791776297000098 ], [ 136.1806454, 34.811108657 ], [ 136.212992983, 34.828099488000099 ], [ 136.23002705, 34.840880436000099 ], [ 136.261749621, 34.859740041000101 ] ] } },
{ "type": "Feature", "properties": { "average_dip": "(45.0,,)", "average_rake": null, "catalog_id": "GFE_59123", "catalog_name": "GEM Faulted Earth", "dip_dir": "90", "lower_seis_depth": "(20.0,,)", "name": "Kawagetayama", "net_slip_rate": "(0.3,,)", "slip_type": "Reverse", "upper_seis_depth": "(0.0,,)", "downthrown_side_id": null, "reference": null, "epistemic_quality": null, "accuracy": null, "activity_confidence": "1", "fs_name": "Kawagetayama", "last_movement": null, "downthrown_side_dir": "233", "vert_sep_rate": null, "strike_slip_rate": null, "exposure_quality": null, "shortening_rate": null, "notes": null, "index_right": 189, "NAME_EN": "Japan" }, "geometry": { "type": "LineString", "coordinates": [ [ 140.137294648, 37.60181214 ], [ 140.143260742, 37.58811889 ], [ 140.138495548, 37.579317771 ], [ 140.140114914, 37.5679331320001 ], [ 140.139024189999986, 37.563869570000101 ], [ 140.141863596, 37.549231340000098 ], [ 140.14810258, 37.537434877000102 ], [ 140.144279743, 37.518739927000098 ], [ 140.152536485000013, 37.485937943000103 ], [ 140.154826183000011, 37.465745336000097 ], [ 140.152883186999986, 37.424283061 ] ] } },
{ "type": "Feature", "properties": { "average_dip": "(45.0,,)", "average_rake": null, "catalog_id": "GFE_59124", "catalog_name": "GEM Faulted Earth", "dip_dir": "180", "lower_seis_depth": "(20.0,,)", "name": "Shibusawa", "net_slip_rate": "None", "slip_type": "Reverse", "upper_seis_depth": "(0.0,,)", "downthrown_side_id": null, "reference": null, "epistemic_quality": null, "accuracy": null, "activity_confidence": "1", "fs_name": "Kannawa-Kouzu-Matsuda", "last_movement": null, "downthrown_side_dir": "227", "vert_sep_rate": "(0.70500000000000007, 0.11, 1.3)", "strike_slip_rate": null, "exposure_quality": null, "shortening_rate": null, "notes": null, "index_right": 189, "NAME_EN": "Japan" }, "geometry": { "type": "LineString", "coordinates": [ [ 139.163064665, 35.364799113000103 ], [ 139.190719336, 35.364113913 ], [ 139.206445933999987, 35.365732142000098 ], [ 139.22203466, 35.364374703000102 ], [ 139.230169909000011, 35.365859748 ], [ 139.240200103, 35.364639148 ] ] } },
{ "type": "Feature", "properties": { "average_dip": "(45.0,,)", "average_rake": null, "catalog_id": "GFE_59125", "catalog_name": "GEM Faulted Earth", "dip_dir": "270", "lower_seis_depth": "(20.0,,)", "name": "Zenkoji", "net_slip_rate": "None", "slip_type": "Reverse", "upper_seis_depth": "(0.0,,)", "downthrown_side_id": null, "reference": null, "epistemic_quality": null, "accuracy": null, "activity_confidence": "1", "fs_name": "Naganobnchi-seien", "last_movement": "(981,,103)", "downthrown_side_dir": "226", "vert_sep_rate": "(1.9550000000000001, 1.48, 2.43)", "strike_slip_rate": null, "exposure_quality": null, "shortening_rate": null, "notes": null, "index_right": 189, "NAME_EN": "Japan" }, "geometry": { "type": "LineString", "coordinates": [ [ 138.40863266400001, 36.941736054 ], [ 138.407465292000012, 36.928980497000097 ], [ 138.404971741999987, 36.923348082000103 ], [ 138.402313125, 36.919704433 ], [ 138.387691815000011, 36.909768194 ], [ 138.384033619, 36.898007456000101 ], [ 138.378049613, 36.886577619 ], [ 138.374891999, 36.883927841000101 ], [ 138.371565841, 36.870509304000102 ], [ 138.358481906, 36.848101547000098 ], [ 138.351996142, 36.831785260000103 ], [ 138.349335051, 36.815256099000102 ], [ 138.352092494, 36.798513105 ], [ 138.346455741, 36.780078085000099 ], [ 138.34920923300001, 36.757476548000099 ], [ 138.345574379999988, 36.748166919 ], [ 138.331714783, 36.736103424000099 ], [ 138.329656274, 36.727059073000099 ], [ 138.262778729, 36.708351264 ], [ 138.252747492, 36.692804687 ], [ 138.248588016000014, 36.688848034 ], [ 138.235545417, 36.68244343 ], [ 138.226756193999989, 36.682258221 ], [ 138.213150182, 36.687257286 ], [ 138.205306903, 36.6864111780001 ], [ 138.200864395, 36.683868355000101 ], [ 138.190151794, 36.667815821 ], [ 138.176102930000013, 36.65637252 ], [ 138.166753354, 36.635021096000102 ], [ 138.150925107, 36.625891734 ], [ 138.135717591, 36.622095774000101 ], [ 138.124552999, 36.586529584000097 ], [ 138.124781402999986, 36.575971807 ], [ 138.122374756999989, 36.572413154000103 ], [ 138.116400422999988, 36.568845410000101 ], [ 138.107171328, 36.566421448 ], [ 138.106334455, 36.565060583 ], [ 138.108972564, 36.556598627 ], [ 138.107513942999987, 36.550323313 ], [ 138.093166814999989, 36.534925713000099 ], [ 138.088544563999989, 36.525219224000097 ], [ 138.076004343, 36.509277221 ], [ 138.075280653, 36.503108913000098 ] ] } },
{ "type": "Feature", "properties": { "average_dip": "(90.0,,)", "average_rake": null, "catalog_id": "GFE_59127", "catalog_name": "GEM Faulted Earth", "dip_dir": null, "lower_seis_depth": "(20.0,,)", "name": "Miogo", "net_slip_rate": "(0.53,,)", "slip_type": "Sinistral", "upper_seis_depth": "(0.0,,)", "downthrown_side_id": null, "reference": null, "epistemic_quality": null, "accuracy": null, "activity_confidence": "1", "fs_name": "Shogawa", "last_movement": "(773,,364)", "downthrown_side_dir": "226", "vert_sep_rate": null, "strike_slip_rate": null, "exposure_quality": null, "shortening_rate": null, "notes": null, "index_right": 189, "NAME_EN": "Japan" }, "geometry": { "type": "LineString", "coordinates": [ [ 136.908748165, 36.141453852 ], [ 136.92136179100001, 36.122022409000103 ], [ 136.947420747, 36.089037864 ], [ 136.957298256, 36.079044262 ], [ 136.962096134, 36.071107297 ], [ 136.982535233, 36.047427536 ], [ 137.000152912, 36.02384834 ], [ 137.013306676000013, 35.989007567 ], [ 137.017635016000014, 35.982617818000101 ], [ 137.026694169, 35.962018568000097 ], [ 137.032501398, 35.953361613 ], [ 137.05011443, 35.938033816 ] ] } },
{ "type": "Feature", "properties": { "average_dip": "(60.0,,)", "average_rake": null, "catalog_id": "GFE_59128", "catalog_name": "GEM Faulted Earth", "dip_dir": "180", "lower_seis_depth": "(20.0,,)", "name": "Iinuma", "net_slip_rate": "None", "slip_type": "Reverse", "upper_seis_depth": "(0.0,,)", "downthrown_side_id": null, "reference": null, "epistemic_quality": null, "accuracy": null, "activity_confidence": "1", "fs_name": "Enasan", "last_movement": "(7445,2239,)", "downthrown_side_dir": "227", "vert_sep_rate": "(0.37, 0.29, 0.45)", "strike_slip_rate": null, "exposure_quality": null, "shortening_rate": null, "notes": null, "index_right": 189, "NAME_EN": "Japan" }, "geometry": { "type": "LineString", "coordinates": [ [ 137.413360695, 35.350322144000103 ], [ 137.420968889, 35.354240887000103 ], [ 137.439049155, 35.358685831000102 ], [ 137.456597112999987, 35.372677673000098 ], [ 137.472620441, 35.3802472100001 ], [ 137.486961269, 35.390119527 ], [ 137.490521704, 35.398026004 ], [ 137.489221615, 35.405330564000103 ], [ 137.485164366, 35.411335128000097 ], [ 137.483560111, 35.417337256000103 ] ] } },
{ "type": "Feature", "properties": { "average_dip": "(90.0,,)", "average_rake": null, "catalog_id": "GFE_59129", "catalog_name": "GEM Faulted Earth", "dip_dir": null, "lower_seis_depth": "(20.0,,)", "name": "Sami", "net_slip_rate": "(0.3,,)", "slip_type": "Dextral", "upper_seis_depth": "(0.0,,)", "downthrown_side_id": null, "reference": null, "epistemic_quality": null, "accuracy": null, "activity_confidence": "1", "fs_name": "Sami", "last_movement": null, "downthrown_side_dir": null, "vert_sep_rate": null, "strike_slip_rate": null, "exposure_quality": null, "shortening_rate": null, "notes": null, "index_right": 189, "NAME_EN": "Japan" }, "geometry": { "type": "LineString", "coordinates": [ [ 137.09427754, 35.618302609000096 ], [ 137.147320664, 35.624799182000103 ], [ 137.168147712, 35.62965437 ], [ 137.188715597, 35.636914824 ], [ 137.206400779, 35.644243425000099 ], [ 137.255974488, 35.669971715 ], [ 137.288392339000012, 35.678489549000098 ], [ 137.301789969, 35.683819273 ], [ 137.314653477, 35.692960869 ], [ 137.321090206, 35.694623449000098 ], [ 137.344403992, 35.717299506000103 ] ] } },
{ "type": "Feature", "properties": { "average_dip": "(60.0,,)", "average_rake": null, "catalog_id": "GFE_59130", "catalog_name": "GEM Faulted Earth", "dip_dir": "270", "lower_seis_depth": "(20.0,,)", "name": "Gyodozaki", "net_slip_rate": "None", "slip_type": "Reverse", "upper_seis_depth": "(0.0,,)", "downthrown_side_id": null, "reference": null, "epistemic_quality": null, "accuracy": null, "activity_confidence": "1", "fs_name": "Gyodozaki", "last_movement": null, "downthrown_side_dir": "226", "vert_sep_rate": "(0.77000000000000002, 0.42, 1.12)", "strike_slip_rate": null, "exposure_quality": null, "shortening_rate": null, "notes": null, "index_right": 189, "NAME_EN": "Japan" }, "geometry": { "type": "LineString", "coordinates": [ [ 134.117749896, 33.298179771 ], [ 134.14249795500001, 33.323774412 ], [ 134.200641557000012, 33.3997430800001 ], [ 134.217273647000013, 33.414648754 ] ] } },
{ "type": "Feature", "properties": { "average_dip": "(60.0,,)", "average_rake": null, "catalog_id": "GFE_59131", "catalog_name": "GEM Faulted Earth", "dip_dir": "360", "lower_seis_depth": "(20.0,,)", "name": "Nishinomiya", "net_slip_rate": "(0.5,,)", "slip_type": "Reverse", "upper_seis_depth": "(0.0,,)", "downthrown_side_id": null, "reference": null, "epistemic_quality": null, "accuracy": null, "activity_confidence": "1", "fs_name": "Rokko", "last_movement": null, "downthrown_side_dir": "230", "vert_sep_rate": "(0.43,,)", "strike_slip_rate": null, "exposure_quality": null, "shortening_rate": null, "notes": null, "index_right": 189, "NAME_EN": "Japan" }, "geometry": { "type": "LineString", "coordinates": [ [ 135.173953197, 34.679265284000103 ], [ 135.187288740000014, 34.687669628 ], [ 135.196544644, 34.696073879 ], [ 135.205252768, 34.699326707000097 ], [ 135.208247408, 34.70217345 ], [ 135.21940233, 34.705019380000103 ], [ 135.232331855000012, 34.71504953 ], [ 135.246475242, 34.718743813000103 ], [ 135.25203242, 34.7251350330001 ], [ 135.25968394, 34.730095438 ], [ 135.284031737, 34.731855796 ], [ 135.293148738000014, 34.737684339000097 ], [ 135.298229198, 34.744160866000101 ], [ 135.325371303999987, 34.751749809 ], [ 135.331903657999987, 34.756559511 ], [ 135.34005055, 34.780280459 ], [ 135.340678233, 34.806812947 ], [ 135.339589216, 34.809666178 ] ] } },
{ "type": "Feature", "properties": { "average_dip": "(60.0,,)", "average_rake": null, "catalog_id": "GFE_59132", "catalog_name": "GEM Faulted Earth", "dip_dir": "90", "lower_seis_depth": "(20.0,,)", "name": "Minoo", "net_slip_rate": "(0.1,,)", "slip_type": "Dextral", "upper_seis_depth": "(0.0,,)", "downthrown_side_id": null, "reference": null, "epistemic_quality": null, "accuracy": null, "activity_confidence": "1", "fs_name": "Rokko", "last_movement": null, "downthrown_side_dir": "233", "vert_sep_rate": null, "strike_slip_rate": null, "exposure_quality": null, "shortening_rate": null, "notes": null, "index_right": 189, "NAME_EN": "Japan" }, "geometry": { "type": "LineString", "coordinates": [ [ 135.546081832, 34.903766197 ], [ 135.530225885, 34.884539027000102 ], [ 135.515435651, 34.870956237 ], [ 135.47231351100001, 34.839735807000103 ] ] } },
{ "type": "Feature", "properties": { "average_dip": "(45.0,,)", "average_rake": null, "catalog_id": "GFE_59133", "catalog_name": "GEM Faulted Earth", "dip_dir": "90", "lower_seis_depth": "(20.0,,)", "name": "Awa", "net_slip_rate": "(0.1,,)", "slip_type": "Reverse", "upper_seis_depth": "(0.0,,)", "downthrown_side_id": null, "reference": null, "epistemic_quality": null, "accuracy": null, "activity_confidence": "1", "fs_name": "Nabari", "last_movement": null, "downthrown_side_dir": "233", "vert_sep_rate": null, "strike_slip_rate": null, "exposure_quality": null, "shortening_rate": null, "notes": null, "index_right": 189, "NAME_EN": "Japan" }, "geometry": { "type": "LineString", "coordinates": [ [ 136.255521038000012, 34.719796819000102 ], [ 136.261360238, 34.728177004 ], [ 136.281014848000012, 34.747635257000098 ], [ 136.306079039999986, 34.765532816000103 ] ] } },
{ "type": "Feature", "properties": { "average_dip": "(60.0,,)", "average_rake": null, "catalog_id": "GFE_59134", "catalog_name": "GEM Faulted Earth", "dip_dir": "360", "lower_seis_depth": "(20.0,,)", "name": "Funai", "net_slip_rate": "None", "slip_type": "Normal", "upper_seis_depth": "(0.0,,)", "downthrown_side_id": null, "reference": null, "epistemic_quality": null, "accuracy": null, "activity_confidence": "1", "fs_name": "Beppu-Haneyama", "last_movement": "(2235,1423,)", "downthrown_side_dir": "227", "vert_sep_rate": "(2.875, 1.64, 4.11)", "strike_slip_rate": null, "exposure_quality": null, "shortening_rate": null, "notes": null, "index_right": 189, "NAME_EN": "Japan" }, "geometry": { "type": "LineString", "coordinates": [ [ 131.438205334, 33.294675596 ], [ 131.445783678999987, 33.293821841000103 ], [ 131.456488089, 33.288857959 ], [ 131.474616477000012, 33.283831587000101 ], [ 131.489156367, 33.273018059 ], [ 131.497023735999989, 33.270348517000102 ], [ 131.513909361, 33.265391411000103 ], [ 131.539522158000011, 33.262162278000098 ], [ 131.581489100999988, 33.251671575 ], [ 131.613171176, 33.240221217000098 ], [ 131.627678973, 33.236825887000101 ], [ 131.635138292, 33.237347973000098 ], [ 131.642798419, 33.244169345 ], [ 131.653675369000013, 33.246966238 ], [ 131.714796731, 33.25331471 ] ] } },
{ "type": "Feature", "properties": { "average_dip": "(60.0,,)", "average_rake": null, "catalog_id": "GFE_59135", "catalog_name": "GEM Faulted Earth", "dip_dir": "180", "lower_seis_depth": "(20.0,,)", "name": "Chijiwa", "net_slip_rate": "None", "slip_type": "Normal", "upper_seis_depth": "(0.0,,)", "downthrown_side_id": null, "reference": null, "epistemic_quality": null, "accuracy": null, "activity_confidence": "1", "fs_name": "Unzen-chiko", "last_movement": null, "downthrown_side_dir": "230", "vert_sep_rate": "(1.5800000000000001, 0.91, 2.25)", "strike_slip_rate": null, "exposure_quality": null, "shortening_rate": null, "notes": null, "index_right": 189, "NAME_EN": "Japan" }, "geometry": { "type": "LineString", "coordinates": [ [ 130.067483609, 32.759248998 ], [ 130.083034014, 32.766919405000102 ], [ 130.098481504, 32.771612150000102 ], [ 130.139807736, 32.770483127 ], [ 130.176972400000011, 32.777707407 ], [ 130.19272822100001, 32.777625593 ], [ 130.217421851000012, 32.769702536000104 ], [ 130.241014713999988, 32.76859138 ], [ 130.268806590999986, 32.762291424000097 ], [ 130.297472547000012, 32.748541595000098 ], [ 130.316568599, 32.7439572850001 ], [ 130.345982951, 32.744196797 ] ] } },
{ "type": "Feature", "properties": { "average_dip": "(90.0,,)", "average_rake": null, "catalog_id": "GFE_59136", "catalog_name": "GEM Faulted Earth", "dip_dir": null, "lower_seis_depth": "(20.0,,)", "name": "Tokusa-Jifuku", "net_slip_rate": "(0.0,,)", "slip_type": "Dextral", "upper_seis_depth": "(0.0,,)", "downthrown_side_id": null, "reference": null, "epistemic_quality": null, "accuracy": null, "activity_confidence": "1", "fs_name": "Tokusa-Jifuku", "last_movement": "(3830,82,)", "downthrown_side_dir": null, "vert_sep_rate": null, "strike_slip_rate": null, "exposure_quality": null, "shortening_rate": null, "notes": null, "index_right": 189, "NAME_EN": "Japan" }, "geometry": { "type": "LineString", "coordinates": [ [ 131.778302739, 34.439769033000097 ], [ 131.744030769, 34.408761588000097 ], [ 131.731348871, 34.399675489000103 ], [ 131.661862488999986, 34.357638658 ], [ 131.62935614700001, 34.343792281 ], [ 131.603726359, 34.321691265 ], [ 131.574216579, 34.299759822000098 ], [ 131.558526588, 34.281613308 ], [ 131.524712424, 34.255587229000099 ], [ 131.516314483, 34.240836492 ], [ 131.510646853999987, 34.21879483 ], [ 131.507917967, 34.213760644 ], [ 131.493433616, 34.203166370000098 ] ] } },
{ "type": "Feature", "properties": { "average_dip": "(45.0,,)", "average_rake": null, "catalog_id": "GFE_59137", "catalog_name": "GEM Faulted Earth", "dip_dir": "270", "lower_seis_depth": "(20.0,,)", "name": "Kotanuka", "net_slip_rate": "(0.3,,)", "slip_type": "Reverse", "upper_seis_depth": "(0.0,,)", "downthrown_side_id": null, "reference": null, "epistemic_quality": null, "accuracy": null, "activity_confidence": "1", "fs_name": "Kotanuka", "last_movement": null, "downthrown_side_dir": "226", "vert_sep_rate": null, "strike_slip_rate": null, "exposure_quality": null, "shortening_rate": null, "notes": null, "index_right": 189, "NAME_EN": "Japan" }, "geometry": { "type": "LineString", "coordinates": [ [ 145.105000708, 43.906723394 ], [ 145.098023639, 43.902264681000098 ], [ 145.089423024000013, 43.893342448000098 ], [ 145.086727177, 43.880114948 ], [ 145.087932892999987, 43.868158435000097 ], [ 145.086939466, 43.861122249000097 ], [ 145.077125446, 43.845088831000098 ], [ 145.052040575, 43.832171486 ], [ 145.006748135, 43.824719757 ], [ 144.993609670000012, 43.819458919000098 ], [ 144.991329102, 43.816125240000098 ], [ 144.990643667, 43.808776102000103 ], [ 144.976276456, 43.786804238000101 ], [ 144.945951191, 43.757180725000097 ], [ 144.935461960999987, 43.7449828210001 ] ] } },
{ "type": "Feature", "properties": { "average_dip": "(45.0,,)", "average_rake": null, "catalog_id": "GFE_59138", "catalog_name": "GEM Faulted Earth", "dip_dir": "270", "lower_seis_depth": "(20.0,,)", "name": "Numakoshitoge", "net_slip_rate": "(0.1,,)", "slip_type": "Reverse", "upper_seis_depth": "(0.0,,)", "downthrown_side_id": null, "reference": null, "epistemic_quality": null, "accuracy": null, "activity_confidence": "1", "fs_name": "Numakoshitoge", "last_movement": null, "downthrown_side_dir": "226", "vert_sep_rate": null, "strike_slip_rate": null, "exposure_quality": null, "shortening_rate": null, "notes": null, "index_right": 189, "NAME_EN": "Japan" }, "geometry": { "type": "LineString", "coordinates": [ [ 139.360635181, 37.786265004 ], [ 139.355465068, 37.776434003000098 ], [ 139.347406033999988, 37.770558463 ], [ 139.340553284, 37.755810986 ], [ 139.319627336999986, 37.728114624000099 ], [ 139.310730963999987, 37.708811621000102 ], [ 139.310734343, 37.700178623000099 ], [ 139.309050675, 37.695982064000098 ], [ 139.298830364, 37.677877884000097 ], [ 139.27994579, 37.660252409000101 ] ] } },
{ "type": "Feature", "properties": { "average_dip": "(45.0,,)", "average_rake": null, "catalog_id": "GFE_59139", "catalog_name": "GEM Faulted Earth", "dip_dir": "270", "lower_seis_depth": "(20.0,,)", "name": "Torigoe", "net_slip_rate": "None", "slip_type": "Reverse", "upper_seis_depth": "(0.0,,)", "downthrown_side_id": null, "reference": null, "epistemic_quality": null, "accuracy": null, "activity_confidence": "1", "fs_name": "Nagaokaheiya-seien", "last_movement": "(716,82,)", "downthrown_side_dir": "226", "vert_sep_rate": "(2.1899999999999999, 1.52, 2.86)", "strike_slip_rate": null, "exposure_quality": null, "shortening_rate": null, "notes": null, "index_right": 189, "NAME_EN": "Japan" }, "geometry": { "type": "LineString", "coordinates": [ [ 138.83596692, 37.610908947 ], [ 138.820187022, 37.571105146 ], [ 138.810124716, 37.55228606 ], [ 138.810934111, 37.541454341000097 ], [ 138.777897896000013, 37.49759154 ], [ 138.773817608, 37.489332389 ], [ 138.770276672, 37.471731338 ], [ 138.759942321000011, 37.4544020700001 ], [ 138.753961141, 37.4474977100001 ] ] } },
{ "type": "Feature", "properties": { "average_dip": "(70.0,,)", "average_rake": null, "catalog_id": "GFE_59140", "catalog_name": "GEM Faulted Earth", "dip_dir": "270", "lower_seis_depth": "(20.0,,)", "name": "Itozawa", "net_slip_rate": "(0.0,,)", "slip_type": "Normal", "upper_seis_depth": "(0.0,,)", "downthrown_side_id": null, "reference": null, "epistemic_quality": null, "accuracy": null, "activity_confidence": "1", "fs_name": "Itozawa", "last_movement": "(,,-61)", "downthrown_side_dir": "233", "vert_sep_rate": null, "strike_slip_rate": null, "exposure_quality": null, "shortening_rate": null, "notes": null, "index_right": 189, "NAME_EN": "Japan" }, "geometry": { "type": "LineString", "coordinates": [ [ 140.677717361, 37.009451474000102 ], [ 140.70007823, 36.968910739000101 ], [ 140.724936019000012, 36.902482025 ] ] } },
{ "type": "Feature", "properties": { "average_dip": "(45.0,,)", "average_rake": null, "catalog_id": "GFE_59141", "catalog_name": "GEM Faulted Earth", "dip_dir": "270", "lower_seis_depth": "(20.0,,)", "name": "Tominami", "net_slip_rate": "(1.02,,1.40)", "slip_type": "Reverse", "upper_seis_depth": "(0.0,,)", "downthrown_side_id": null, "reference": null, "epistemic_quality": null, "accuracy": null, "activity_confidence": "1", "fs_name": "Yamagatabonchi-seien", "last_movement": "(2615,1505,)", "downthrown_side_dir": "226", "vert_sep_rate": "(0.72,,)", "strike_slip_rate": null, "exposure_quality": null, "shortening_rate": null, "notes": null, "index_right": 189, "NAME_EN": "Japan" }, "geometry": { "type": "LineString", "coordinates": [ [ 140.346275254, 38.650609283000101 ], [ 140.351940329, 38.6384938630001 ], [ 140.363451097, 38.579635071 ], [ 140.36283665, 38.56903529 ], [ 140.36929884700001, 38.54985494 ], [ 140.371099652, 38.524430318 ], [ 140.369550258, 38.512552549000098 ], [ 140.36284257, 38.491999964000101 ], [ 140.356379126, 38.479721912000102 ], [ 140.336573811, 38.461449701 ], [ 140.325094553000014, 38.447723769 ], [ 140.307100852, 38.4423251260001 ], [ 140.297420659000011, 38.433468752000103 ], [ 140.279661207, 38.420870904 ], [ 140.266273329, 38.415752029 ], [ 140.258085435, 38.406519215000102 ], [ 140.254842794000012, 38.404905310000103 ] ] } },
{ "type": "Feature", "properties": { "average_dip": "(45.0,,)", "average_rake": null, "catalog_id": "GFE_59142", "catalog_name": "GEM Faulted Earth", "dip_dir": "270", "lower_seis_depth": "(20.0,,)", "name": "Katakai", "net_slip_rate": "None", "slip_type": "Reverse", "upper_seis_depth": "(0.0,,)", "downthrown_side_id": null, "reference": null, "epistemic_quality": null, "accuracy": null, "activity_confidence": "1", "fs_name": "Nagaokaheiya-seien", "last_movement": null, "downthrown_side_dir": "226", "vert_sep_rate": "(0.85499999999999998, 0.64, 1.07)", "strike_slip_rate": null, "exposure_quality": null, "shortening_rate": null, "notes": null, "index_right": 189, "NAME_EN": "Japan" }, "geometry": { "type": "LineString", "coordinates": [ [ 138.793908447, 37.451823292 ], [ 138.775688267, 37.423257114000101 ], [ 138.773375741, 37.416893790000103 ], [ 138.770234499, 37.382096744000101 ], [ 138.764374591, 37.344997889000098 ], [ 138.764642004, 37.33470809 ], [ 138.771426231, 37.315344519000099 ] ] } },
{ "type": "Feature", "properties": { "average_dip": "(30.0,,)", "average_rake": null, "catalog_id": "GFE_59143", "catalog_name": "GEM Faulted Earth", "dip_dir": "270", "lower_seis_depth": "(20.0,,)", "name": "Ichinose", "net_slip_rate": "None", "slip_type": "Reverse", "upper_seis_depth": "(0.0,,)", "downthrown_side_id": null, "reference": null, "epistemic_quality": null, "accuracy": null, "activity_confidence": "1", "fs_name": "Itoshizusen", "last_movement": "(1166,1003,)", "downthrown_side_dir": "226", "vert_sep_rate": null, "strike_slip_rate": null, "exposure_quality": null, "shortening_rate": null, "notes": null, "index_right": 189, "NAME_EN": "Japan" }, "geometry": { "type": "LineString", "coordinates": [ [ 138.437214996, 35.670395639 ], [ 138.433968435, 35.6662850230001 ], [ 138.432210892, 35.658384876000099 ], [ 138.433671012, 35.652025637000101 ], [ 138.440691767, 35.642747873000097 ], [ 138.441390961, 35.636155641000101 ], [ 138.437345578, 35.629216326000098 ], [ 138.44063417000001, 35.625151239 ], [ 138.44089957700001, 35.621333314 ], [ 138.438916946, 35.616208845000102 ], [ 138.430206973999987, 35.609019438000097 ], [ 138.429312259999989, 35.603599032 ], [ 138.435444857, 35.600344559000099 ], [ 138.43771497, 35.592361525000101 ], [ 138.450371295, 35.581614073 ], [ 138.451456411, 35.576193717 ], [ 138.444327328000014, 35.568312429000102 ], [ 138.456289808, 35.555102237 ], [ 138.45559505, 35.5503717570001 ] ] } },
{ "type": "Feature", "properties": { "average_dip": "(60.0,,)", "average_rake": null, "catalog_id": "GFE_59144", "catalog_name": "GEM Faulted Earth", "dip_dir": "360", "lower_seis_depth": "(20.0,,)", "name": "Onogawa", "net_slip_rate": "(0.0,,)", "slip_type": "Reverse", "upper_seis_depth": "(0.0,,)", "downthrown_side_id": null, "reference": null, "epistemic_quality": null, "accuracy": null, "activity_confidence": "1", "fs_name": "Byobuyama", "last_movement": null, "downthrown_side_dir": "230", "vert_sep_rate": null, "strike_slip_rate": null, "exposure_quality": null, "shortening_rate": null, "notes": null, "index_right": 189, "NAME_EN": "Japan" }, "geometry": { "type": "LineString", "coordinates": [ [ 137.41416288100001, 35.397350804 ], [ 137.433956739, 35.408739999 ], [ 137.44624450500001, 35.413216795 ], [ 137.490980406, 35.418974255000101 ] ] } },
{ "type": "Feature", "properties": { "average_dip": "(90.0,,)", "average_rake": null, "catalog_id": "GFE_59145", "catalog_name": "GEM Faulted Earth", "dip_dir": null, "lower_seis_depth": "(20.0,,)", "name": "Mugigawa", "net_slip_rate": "(0.3,,)", "slip_type": "Sinistral", "upper_seis_depth": "(0.0,,)", "downthrown_side_id": null, "reference": null, "epistemic_quality": null, "accuracy": null, "activity_confidence": "1", "fs_name": "Mugigawa", "last_movement": "(,4059,)", "downthrown_side_dir": "230", "vert_sep_rate": null, "strike_slip_rate": null, "exposure_quality": null, "shortening_rate": null, "notes": null, "index_right": 189, "NAME_EN": "Japan" }, "geometry": { "type": "LineString", "coordinates": [ [ 136.58843138200001, 35.658654524 ], [ 136.593679934, 35.658295693000099 ], [ 136.63276617, 35.640041746000101 ], [ 136.658032528, 35.624344167000103 ], [ 136.715631479, 35.596967719000098 ], [ 136.780000686, 35.573848949000102 ], [ 136.819007094, 35.5514164780001 ], [ 136.808770036999988, 35.550145372 ], [ 136.834053045, 35.544105686000101 ], [ 136.865411963000014, 35.526112517000101 ] ] } },
{ "type": "Feature", "properties": { "average_dip": "(90.0,,)", "average_rake": null, "catalog_id": "GFE_59146", "catalog_name": "GEM Faulted Earth", "dip_dir": null, "lower_seis_depth": "(20.0,,)", "name": "Kanakusadake", "net_slip_rate": "(0.1,,)", "slip_type": "Dextral", "upper_seis_depth": "(0.0,,)", "downthrown_side_id": null, "reference": null, "epistemic_quality": null, "accuracy": null, "activity_confidence": "1", "fs_name": "Kanakusadake", "last_movement": null, "downthrown_side_dir": "233", "vert_sep_rate": null, "strike_slip_rate": null, "exposure_quality": null, "shortening_rate": null, "notes": null, "index_right": 189, "NAME_EN": "Japan" }, "geometry": { "type": "LineString", "coordinates": [ [ 136.275390771, 35.745600894000098 ], [ 136.302355573999989, 35.767931977 ], [ 136.312066230999989, 35.781196684000101 ], [ 136.359055643, 35.820437307000098 ] ] } },
{ "type": "Feature", "properties": { "average_dip": "(45.0,,)", "average_rake": null, "catalog_id": "GFE_59147", "catalog_name": "GEM Faulted Earth", "dip_dir": "360", "lower_seis_depth": "(20.0,,)", "name": "Chichio", "net_slip_rate": "(2.78,2.78,3.96)", "slip_type": "Dextral", "upper_seis_depth": "(0.0,,)", "downthrown_side_id": null, "reference": null, "epistemic_quality": null, "accuracy": null, "activity_confidence": "1", "fs_name": "Chuokozosen(MTL)", "last_movement": "(450,82,)", "downthrown_side_dir": "230", "vert_sep_rate": null, "strike_slip_rate": "(2.78, 2.78, 2.7799999999999998)", "exposure_quality": null, "shortening_rate": null, "notes": null, "index_right": 189, "NAME_EN": "Japan" }, "geometry": { "type": "LineString", "coordinates": [ [ 134.642925368, 34.178580427 ], [ 134.609343425, 34.175414043 ], [ 134.58495174, 34.170187097000102 ], [ 134.553995585, 34.1664588370001 ], [ 134.528661168000014, 34.155432532000098 ], [ 134.509928565, 34.157375471000101 ], [ 134.43747672500001, 34.139009391000101 ], [ 134.418339513, 34.135837331000097 ], [ 134.391699908, 34.134351914 ], [ 134.37818925900001, 34.129307192000098 ], [ 134.362053759, 34.126882114000097 ], [ 134.345914413, 34.11959259 ], [ 134.317705236, 34.119191187000098 ], [ 134.283709222, 34.109429384000101 ], [ 134.22446268600001, 34.101946941000101 ], [ 134.197056372, 34.093467309000097 ], [ 134.154471368, 34.085978234 ], [ 134.147680103, 34.081672577000099 ], [ 134.133605512, 34.076386873 ], [ 134.119903819, 34.073315925 ], [ 134.088185624, 34.073206247 ] ] } },
{ "type": "Feature", "properties": { "average_dip": "(60.0,,)", "average_rake": null, "catalog_id": "GFE_59148", "catalog_name": "GEM Faulted Earth", "dip_dir": "360", "lower_seis_depth": "(20.0,,)", "name": "Nagahama-oki", "net_slip_rate": "(0.3,,)", "slip_type": "Reverse", "upper_seis_depth": "(0.0,,)", "downthrown_side_id": null, "reference": null, "epistemic_quality": null, "accuracy": null, "activity_confidence": "1", "fs_name": "Nagahama-oki", "last_movement": null, "downthrown_side_dir": "230", "vert_sep_rate": null, "strike_slip_rate": null, "exposure_quality": null, "shortening_rate": null, "notes": null, "index_right": 189, "NAME_EN": "Japan" }, "geometry": { "type": "LineString", "coordinates": [ [ 136.164584958, 35.429956516000097 ], [ 136.203247127, 35.401333145 ], [ 136.261798374, 35.347219342000102 ] ] } },
{ "type": "Feature", "properties": { "average_dip": "(60.0,,)", "average_rake": null, "catalog_id": "GFE_59149", "catalog_name": "GEM Faulted Earth", "dip_dir": "180", "lower_seis_depth": "(20.0,,)", "name": "Futatsuya", "net_slip_rate": "(0.0,,)", "slip_type": "Normal", "upper_seis_depth": "(0.0,,)", "downthrown_side_id": null, "reference": null, "epistemic_quality": null, "accuracy": null, "activity_confidence": "1", "fs_name": "Futatsuya", "last_movement": null, "downthrown_side_dir": "230", "vert_sep_rate": null, "strike_slip_rate": null, "exposure_quality": null, "shortening_rate": null, "notes": null, "index_right": 189, "NAME_EN": "Japan" }, "geometry": { "type": "LineString", "coordinates": [ [ 140.828866768000012, 37.182976915 ], [ 140.88152365, 37.151897971 ], [ 140.905238058, 37.142163760000102 ], [ 140.91599568800001, 37.129823478 ], [ 140.931566508, 37.126479304 ] ] } },
{ "type": "Feature", "properties": { "average_dip": "(90.0,,)", "average_rake": null, "catalog_id": "GFE_59150", "catalog_name": "GEM Faulted Earth", "dip_dir": null, "lower_seis_depth": "(20.0,,)", "name": "Yasaka", "net_slip_rate": "(0.0,,)", "slip_type": "Dextral", "upper_seis_depth": "(0.0,,)", "downthrown_side_id": null, "reference": null, "epistemic_quality": null, "accuracy": null, "activity_confidence": "1", "fs_name": "Yasaka", "last_movement": null, "downthrown_side_dir": null, "vert_sep_rate": null, "strike_slip_rate": null, "exposure_quality": null, "shortening_rate": null, "notes": null, "index_right": 189, "NAME_EN": "Japan" }, "geometry": { "type": "LineString", "coordinates": [ [ 132.185164049, 34.7796315860001 ], [ 132.144035536, 34.754605639 ], [ 132.09431902, 34.731687319000102 ], [ 132.043682385000011, 34.696553304000098 ], [ 132.024968334, 34.688142895000098 ], [ 132.006049456, 34.674605077 ], [ 131.994363652, 34.670051365000099 ], [ 131.955684802, 34.6485730630001 ], [ 131.937571033000012, 34.628912972000101 ], [ 131.932222603000014, 34.6260491950001 ], [ 131.925837519, 34.614779371000097 ], [ 131.919456324, 34.607201119 ], [ 131.90155146, 34.590000747 ], [ 131.883235577, 34.574646154 ], [ 131.862455826, 34.5623711530001 ], [ 131.840434448, 34.541280149 ], [ 131.808718973, 34.485548961000099 ] ] } },
{ "type": "Feature", "properties": { "average_dip": "(45.0,,)", "average_rake": null, "catalog_id": "GFE_59151", "catalog_name": "GEM Faulted Earth", "dip_dir": "270", "lower_seis_depth": "(20.0,,)", "name": "Karumai", "net_slip_rate": "(0.0,,)", "slip_type": "Reverse", "upper_seis_depth": "(0.0,,)", "downthrown_side_id": null, "reference": null, "epistemic_quality": null, "accuracy": null, "activity_confidence": "1", "fs_name": "Karumai", "last_movement": null, "downthrown_side_dir": "226", "vert_sep_rate": null, "strike_slip_rate": null, "exposure_quality": null, "shortening_rate": null, "notes": null, "index_right": 189, "NAME_EN": "Japan" }, "geometry": { "type": "LineString", "coordinates": [ [ 141.912208408999987, 42.700605385000102 ], [ 141.929994678000014, 42.669156781 ], [ 141.931596143, 42.659009064 ], [ 141.934883266000014, 42.651976024000099 ], [ 141.940095179, 42.645500979000097 ], [ 141.949075797, 42.638225156 ], [ 141.960539933, 42.618562913000098 ], [ 141.97048276000001, 42.606332721000101 ], [ 141.977058468, 42.601214556000102 ], [ 141.984997907, 42.598493146000102 ] ] } },
{ "type": "Feature", "properties": { "average_dip": "(45.0,,)", "average_rake": null, "catalog_id": "GFE_59152", "catalog_name": "GEM Faulted Earth", "dip_dir": "270", "lower_seis_depth": "(20.0,,)", "name": "Daiyama", "net_slip_rate": "None", "slip_type": "Reverse", "upper_seis_depth": "(0.0,,)", "downthrown_side_id": null, "reference": null, "epistemic_quality": null, "accuracy": null, "activity_confidence": "1", "fs_name": "Fukushimabonchi-Nagamachi-Rifu", "last_movement": "(2014,848,)", "downthrown_side_dir": "226", "vert_sep_rate": "(0.48499999999999999, 0.33, 0.64)", "strike_slip_rate": null, "exposure_quality": null, "shortening_rate": null, "notes": null, "index_right": 189, "NAME_EN": "Japan" }, "geometry": { "type": "LineString", "coordinates": [ [ 140.437475985, 37.838054372 ], [ 140.4310969, 37.8300871100001 ], [ 140.414010706, 37.822944448 ], [ 140.411289402, 37.812809542 ], [ 140.407353938999989, 37.808488929000099 ], [ 140.399896702, 37.805930012 ], [ 140.392022905, 37.794450114 ], [ 140.385105669000012, 37.790809337 ], [ 140.382661101, 37.785945830000102 ], [ 140.374388038, 37.781090155000101 ], [ 140.370586631, 37.775282718 ], [ 140.355533271000013, 37.767866146000102 ], [ 140.35390451, 37.765705349 ], [ 140.357824658999988, 37.754887712 ], [ 140.358754428, 37.736097909000101 ], [ 140.354131488, 37.721504464000098 ], [ 140.348837294, 37.713806203 ], [ 140.34832058500001, 37.708343819 ], [ 140.346067928, 37.705047136000097 ], [ 140.34675109, 37.700162719 ], [ 140.344618433, 37.696645065 ] ] } },
{ "type": "Feature", "properties": { "average_dip": "(90.0,,)", "average_rake": null, "catalog_id": "GFE_59153", "catalog_name": "GEM Faulted Earth", "dip_dir": null, "lower_seis_depth": "(20.0,,)", "name": "Tsurukawa", "net_slip_rate": "(0.0,,)", "slip_type": "Dextral", "upper_seis_depth": "(0.0,,)", "downthrown_side_id": null, "reference": null, "epistemic_quality": null, "accuracy": null, "activity_confidence": "1", "fs_name": "Tsurukawa", "last_movement": null, "downthrown_side_dir": "230", "vert_sep_rate": null, "strike_slip_rate": null, "exposure_quality": null, "shortening_rate": null, "notes": null, "index_right": 189, "NAME_EN": "Japan" }, "geometry": { "type": "LineString", "coordinates": [ [ 138.830075741, 35.809418032000103 ], [ 138.922821298, 35.770749856000101 ], [ 138.935407499, 35.763620996 ], [ 138.969638545, 35.738722721 ], [ 138.997021096, 35.715935026000103 ], [ 139.029359997, 35.698879809000097 ], [ 139.076964632, 35.680839105000103 ], [ 139.10481887, 35.665095622 ], [ 139.145521828999989, 35.628572829000099 ], [ 139.162202867, 35.6168056 ], [ 139.215309602, 35.584555647000101 ], [ 139.285396779, 35.5298456780001 ], [ 139.309417694, 35.505396073 ], [ 139.329764917, 35.481101353 ] ] } },
{ "type": "Feature", "properties": { "average_dip": "(90.0,,)", "average_rake": null, "catalog_id": "GFE_59154", "catalog_name": "GEM Faulted Earth", "dip_dir": null, "lower_seis_depth": "(20.0,,)", "name": "Hichiso", "net_slip_rate": "(0.0,,)", "slip_type": "Dextral", "upper_seis_depth": "(0.0,,)", "downthrown_side_id": null, "reference": null, "epistemic_quality": null, "accuracy": null, "activity_confidence": "1", "fs_name": "Shirakawa", "last_movement": null, "downthrown_side_dir": null, "vert_sep_rate": null, "strike_slip_rate": null, "exposure_quality": null, "shortening_rate": null, "notes": null, "index_right": 189, "NAME_EN": "Japan" }, "geometry": { "type": "LineString", "coordinates": [ [ 137.0723769, 35.579354526 ], [ 137.095709774999989, 35.581697836 ], [ 137.132040217, 35.59206655 ] ] } },
{ "type": "Feature", "properties": { "average_dip": "(45.0,,)", "average_rake": null, "catalog_id": "GFE_59155", "catalog_name": "GEM Faulted Earth", "dip_dir": "270", "lower_seis_depth": "(20.0,,)", "name": "Tara", "net_slip_rate": "(0.0,,)", "slip_type": "Reverse", "upper_seis_depth": "(0.0,,)", "downthrown_side_id": null, "reference": null, "epistemic_quality": null, "accuracy": null, "activity_confidence": "1", "fs_name": "Suzukasanchi-toen", "last_movement": null, "downthrown_side_dir": "226", "vert_sep_rate": null, "strike_slip_rate": null, "exposure_quality": null, "shortening_rate": null, "notes": null, "index_right": 189, "NAME_EN": "Japan" }, "geometry": { "type": "LineString", "coordinates": [ [ 136.441546362, 35.24238767 ], [ 136.442355994, 35.250678742 ], [ 136.438546837, 35.264383082000101 ], [ 136.444454366, 35.270514406000103 ], [ 136.447325304, 35.285688856 ], [ 136.451252608, 35.295477831 ], [ 136.456334964, 35.301006321 ], [ 136.468113746, 35.306190013 ], [ 136.473541926, 35.315750050000098 ], [ 136.484051752999989, 35.3227755 ] ] } },
{ "type": "Feature", "properties": { "average_dip": "(60.0,,)", "average_rake": null, "catalog_id": "GFE_59156", "catalog_name": "GEM Faulted Earth", "dip_dir": "270", "lower_seis_depth": "(20.0,,)", "name": "Itsukaichi", "net_slip_rate": "(0.1,,)", "slip_type": "Dextral", "upper_seis_depth": "(0.0,,)", "downthrown_side_id": null, "reference": null, "epistemic_quality": null, "accuracy": null, "activity_confidence": "1", "fs_name": "Itsukaichi", "last_movement": "(1211,833,)", "downthrown_side_dir": "226", "vert_sep_rate": null, "strike_slip_rate": null, "exposure_quality": null, "shortening_rate": null, "notes": null, "index_right": 189, "NAME_EN": "Japan" }, "geometry": { "type": "LineString", "coordinates": [ [ 132.392351305, 34.4836031520001 ], [ 132.360412667, 34.4343761760001 ], [ 132.338841984, 34.388701003000101 ], [ 132.316234853999987, 34.327457602 ] ] } },
{ "type": "Feature", "properties": { "average_dip": "(60.0,,)", "average_rake": null, "catalog_id": "GFE_59157", "catalog_name": "GEM Faulted Earth", "dip_dir": "90", "lower_seis_depth": "(20.0,,)", "name": "Kandamisaki", "net_slip_rate": "(0.3,,)", "slip_type": "Sinistral", "upper_seis_depth": "(0.0,,)", "downthrown_side_id": null, "reference": null, "epistemic_quality": null, "accuracy": null, "activity_confidence": "1", "fs_name": "Kikugawa", "last_movement": null, "downthrown_side_dir": "233", "vert_sep_rate": null, "strike_slip_rate": null, "exposure_quality": null, "shortening_rate": null, "notes": null, "index_right": 189, "NAME_EN": "Japan" }, "geometry": { "type": "LineString", "coordinates": [ [ 130.727769409, 34.376007201 ], [ 130.755116421999986, 34.35803882 ], [ 130.765958214, 34.349651219000101 ], [ 130.778120911, 34.337262681 ], [ 130.810279666000014, 34.312989124000097 ], [ 130.886217047, 34.267140922000102 ], [ 130.899362121, 34.257571288000101 ] ] } },
{ "type": "Feature", "properties": { "average_dip": "(60.0,,)", "average_rake": null, "catalog_id": "GFE_59158", "catalog_name": "GEM Faulted Earth", "dip_dir": "360", "lower_seis_depth": "(20.0,,)", "name": "Onita", "net_slip_rate": "(0.0,,)", "slip_type": "Normal", "upper_seis_depth": "(0.0,,)", "downthrown_side_id": null, "reference": null, "epistemic_quality": null, "accuracy": null, "activity_confidence": "1", "fs_name": "Onita", "last_movement": null, "downthrown_side_dir": "227", "vert_sep_rate": null, "strike_slip_rate": null, "exposure_quality": null, "shortening_rate": null, "notes": null, "index_right": 189, "NAME_EN": "Japan" }, "geometry": { "type": "LineString", "coordinates": [ [ 129.94246454, 32.968810771000101 ], [ 129.961624146, 32.955651626000098 ], [ 129.970207735, 32.945205638000097 ], [ 129.980318587999989, 32.927817357 ], [ 129.997625418000013, 32.910485726 ], [ 130.010318029, 32.900994262 ], [ 130.066669667000014, 32.877480479 ] ] } },
{ "type": "Feature", "properties": { "average_dip": null, "average_rake": null, "catalog_id": "GFE_59159", "catalog_name": "GEM Faulted Earth", "dip_dir": null, "lower_seis_depth": "(20.0,,)", "name": "Ebeotsu", "net_slip_rate": "(0.0,,)", "slip_type": null, "upper_seis_depth": "(0.0,,)", "downthrown_side_id": null, "reference": null, "epistemic_quality": null, "accuracy": null, "activity_confidence": "1", "fs_name": "Numata-Sunagawa", "last_movement": null, "downthrown_side_dir": null, "vert_sep_rate": null, "strike_slip_rate": null, "exposure_quality": null, "shortening_rate": null, "notes": null, "index_right": 189, "NAME_EN": "Japan" }, "geometry": { "type": "LineString", "coordinates": [ [ 141.964721778000012, 43.792979930000101 ], [ 141.971288529, 43.787311845 ], [ 141.971667679, 43.784415212000098 ], [ 141.970275238999989, 43.761999913000103 ], [ 141.972169678, 43.74901206 ], [ 141.971393545000012, 43.734258057 ], [ 141.967919523, 43.716728703000101 ], [ 141.970226699, 43.705870532000098 ], [ 141.970605842999987, 43.689725351 ], [ 141.964833131, 43.670509913 ], [ 141.953178571, 43.655566567000101 ], [ 141.948812915, 43.639750928000097 ], [ 141.945902179, 43.615296038000103 ], [ 141.937086227, 43.605376859 ], [ 141.93236887, 43.590677365 ], [ 141.924208562, 43.55365361 ], [ 141.925789944, 43.531930593 ], [ 141.922125822, 43.523368518 ] ] } },
{ "type": "Feature", "properties": { "average_dip": "(60.0,,)", "average_rake": null, "catalog_id": "GFE_59160", "catalog_name": "GEM Faulted Earth", "dip_dir": "90", "lower_seis_depth": "(20.0,,)", "name": "Shigaraki", "net_slip_rate": "(0.0,,)", "slip_type": "Reverse", "upper_seis_depth": "(0.0,,)", "downthrown_side_id": null, "reference": null, "epistemic_quality": null, "accuracy": null, "activity_confidence": "1", "fs_name": "Shigaraki", "last_movement": null, "downthrown_side_dir": "233", "vert_sep_rate": null, "strike_slip_rate": null, "exposure_quality": null, "shortening_rate": null, "notes": null, "index_right": 189, "NAME_EN": "Japan" }, "geometry": { "type": "LineString", "coordinates": [ [ 135.993982896, 34.834871544000102 ], [ 136.003215923, 34.839653217 ], [ 136.020973711000011, 34.858602474000101 ], [ 136.039263649, 34.871885391 ], [ 136.048496669, 34.876844043000098 ], [ 136.057004669, 34.877864452 ], [ 136.06539927, 34.881485091000101 ], [ 136.070356369, 34.88591131 ], [ 136.084189423, 34.909076210000102 ], [ 136.089519098000011, 34.933689527000098 ], [ 136.097511731, 34.952814534 ], [ 136.102662001, 34.960783746000097 ] ] } },
{ "type": "Feature", "properties": { "average_dip": "(60.0,,)", "average_rake": null, "catalog_id": "GFE_59161", "catalog_name": "GEM Faulted Earth", "dip_dir": "270", "lower_seis_depth": "(20.0,,)", "name": "Takahagi", "net_slip_rate": "(0.0,,)", "slip_type": "Reverse", "upper_seis_depth": "(0.0,,)", "downthrown_side_id": null, "reference": null, "epistemic_quality": null, "accuracy": null, "activity_confidence": "1", "fs_name": "Takahagi", "last_movement": null, "downthrown_side_dir": "226", "vert_sep_rate": null, "strike_slip_rate": null, "exposure_quality": null, "shortening_rate": null, "notes": null, "index_right": 189, "NAME_EN": "Japan" }, "geometry": { "type": "LineString", "coordinates": [ [ 140.691196426, 36.821611299 ], [ 140.691315912, 36.810223601000096 ], [ 140.695683898999988, 36.801088302 ], [ 140.695649237999987, 36.796882236 ], [ 140.688404219, 36.785878294 ], [ 140.688140845, 36.76709879 ], [ 140.67945017, 36.758524159 ], [ 140.673400195999989, 36.746746331000097 ], [ 140.672046074, 36.724963284000097 ], [ 140.668572817000012, 36.708499712 ], [ 140.668624779999988, 36.696484921 ], [ 140.665066693999989, 36.682349431 ], [ 140.665714034, 36.673186492000099 ] ] } },
{ "type": "Feature", "properties": { "average_dip": "(45.0,,)", "average_rake": null, "catalog_id": "GFE_59162", "catalog_name": "GEM Faulted Earth", "dip_dir": "270", "lower_seis_depth": "(20.0,,)", "name": "Senzan", "net_slip_rate": "None", "slip_type": "Reverse", "upper_seis_depth": "(0.0,,)", "downthrown_side_id": null, "reference": null, "epistemic_quality": null, "accuracy": null, "activity_confidence": "1", "fs_name": "Senzan", "last_movement": "(776,,354)", "downthrown_side_dir": "226", "vert_sep_rate": "(0.12, 0.09, 0.15)", "strike_slip_rate": null, "exposure_quality": null, "shortening_rate": null, "notes": null, "index_right": 189, "NAME_EN": "Japan" }, "geometry": { "type": "LineString", "coordinates": [ [ 134.890360595, 34.424970882 ], [ 134.890111831000013, 34.418414624 ], [ 134.881828696000014, 34.4142899080001 ], [ 134.873421666000013, 34.407251522 ], [ 134.868912266, 34.401061126000101 ], [ 134.858710314, 34.394162007 ], [ 134.850491295000012, 34.357965626000102 ], [ 134.835498295, 34.337088669 ], [ 134.828416325, 34.332192063 ], [ 134.808950865000014, 34.329918891 ] ] } },
{ "type": "Feature", "properties": { "average_dip": "(60.0,,)", "average_rake": null, "catalog_id": "GFE_59163", "catalog_name": "GEM Faulted Earth", "dip_dir": "270", "lower_seis_depth": "(20.0,,)", "name": "Koi-Hiroshima-seien", "net_slip_rate": "(0.1,,)", "slip_type": "Dextral", "upper_seis_depth": "(0.0,,)", "downthrown_side_id": null, "reference": null, "epistemic_quality": null, "accuracy": null, "activity_confidence": "1", "fs_name": "Koi-Hiroshima-seien", "last_movement": "(,22950,)", "downthrown_side_dir": "226", "vert_sep_rate": null, "strike_slip_rate": null, "exposure_quality": null, "shortening_rate": null, "notes": null, "index_right": 189, "NAME_EN": "Japan" }, "geometry": { "type": "LineString", "coordinates": [ [ 132.454531205, 34.467030356000102 ], [ 132.446497136, 34.460162982 ], [ 132.42072377, 34.416661469000097 ], [ 132.410902633, 34.384158015 ] ] } },
{ "type": "Feature", "properties": { "average_dip": "(45.0,,)", "average_rake": null, "catalog_id": "GFE_59165", "catalog_name": "GEM Faulted Earth", "dip_dir": "90", "lower_seis_depth": "(20.0,,)", "name": "Kochien", "net_slip_rate": "None", "slip_type": "Reverse", "upper_seis_depth": "(0.0,,)", "downthrown_side_id": null, "reference": null, "epistemic_quality": null, "accuracy": null, "activity_confidence": "1", "fs_name": "Kochien", "last_movement": "(20950,82,)", "downthrown_side_dir": "233", "vert_sep_rate": "(0.089999999999999997, 0.05, 0.13)", "strike_slip_rate": null, "exposure_quality": null, "shortening_rate": null, "notes": null, "index_right": 189, "NAME_EN": "Japan" }, "geometry": { "type": "LineString", "coordinates": [ [ 143.164126583000012, 42.510588944000098 ], [ 143.163991016000011, 42.503739763000098 ], [ 143.167552418000014, 42.492011293000097 ], [ 143.166096953, 42.485427035 ], [ 143.172300971, 42.476067369000098 ], [ 143.186828317, 42.465513126000097 ], [ 143.217067381, 42.436632614000096 ], [ 143.237526845, 42.399199797000101 ], [ 143.252316369999988, 42.385351957000097 ], [ 143.276610079, 42.354632461000101 ], [ 143.304206517000011, 42.323515122000103 ], [ 143.32454279800001, 42.3055779580001 ] ] } },
{ "type": "Feature", "properties": { "average_dip": "(45.0,,)", "average_rake": null, "catalog_id": "GFE_59166", "catalog_name": "GEM Faulted Earth", "dip_dir": "90", "lower_seis_depth": "(20.0,,)", "name": "Noshiro", "net_slip_rate": "None", "slip_type": "Reverse", "upper_seis_depth": "(0.0,,)", "downthrown_side_id": null, "reference": null, "epistemic_quality": null, "accuracy": null, "activity_confidence": "1", "fs_name": "Noshiro", "last_movement": "(1035,,256)", "downthrown_side_dir": "233", "vert_sep_rate": "(0.87999999999999989, 0.38, 1.38)", "strike_slip_rate": null, "exposure_quality": null, "shortening_rate": null, "notes": null, "index_right": 189, "NAME_EN": "Japan" }, "geometry": { "type": "LineString", "coordinates": [ [ 140.033389299, 40.297073658 ], [ 140.046052571, 40.280164824000103 ], [ 140.045020561, 40.271722596000103 ], [ 140.03832952, 40.262683958 ], [ 140.033894853, 40.245934772000098 ], [ 140.031288182999987, 40.2243592660001 ], [ 140.021397353999987, 40.179344336 ], [ 140.021080274000013, 40.161710427000102 ], [ 140.00754966400001, 40.118668150000097 ], [ 140.007648668, 40.111193388000103 ], [ 140.010457103, 40.104766892 ] ] } },
{ "type": "Feature", "properties": { "average_dip": "(45.0,,)", "average_rake": null, "catalog_id": "GFE_59167", "catalog_name": "GEM Faulted Earth", "dip_dir": "270", "lower_seis_depth": "(20.0,,)", "name": "Obu", "net_slip_rate": "(0.0,,)", "slip_type": "Reverse", "upper_seis_depth": "(0.0,,)", "downthrown_side_id": null, "reference": null, "epistemic_quality": null, "accuracy": null, "activity_confidence": "1", "fs_name": "Sanageyama", "last_movement": null, "downthrown_side_dir": "226", "vert_sep_rate": null, "strike_slip_rate": null, "exposure_quality": null, "shortening_rate": null, "notes": null, "index_right": 189, "NAME_EN": "Japan" }, "geometry": { "type": "LineString", "coordinates": [ [ 136.944153095, 35.059045762 ], [ 136.948662033, 35.0498749160001 ], [ 136.952194853, 35.018568563 ], [ 136.965101705, 34.991495955000097 ] ] } },
{ "type": "Feature", "properties": { "average_dip": "(90.0,,)", "average_rake": null, "catalog_id": "GFE_59168", "catalog_name": "GEM Faulted Earth", "dip_dir": null, "lower_seis_depth": "(20.0,,)", "name": "Himenoyu", "net_slip_rate": "(0.3,,)", "slip_type": "Dextral", "upper_seis_depth": "(0.0,,)", "downthrown_side_id": null, "reference": null, "epistemic_quality": null, "accuracy": null, "activity_confidence": "1", "fs_name": "Tanna", "last_movement": "(1822,,20)", "downthrown_side_dir": "230", "vert_sep_rate": null, "strike_slip_rate": null, "exposure_quality": null, "shortening_rate": null, "notes": null, "index_right": 189, "NAME_EN": "Japan" }, "geometry": { "type": "LineString", "coordinates": [ [ 138.96080856, 34.956538852000101 ], [ 138.967941324, 34.946810129 ], [ 138.982946555000012, 34.933471013 ], [ 139.00686167500001, 34.929506074000102 ], [ 139.025311155, 34.928302684000101 ], [ 139.03749640800001, 34.920745846 ], [ 139.041473701, 34.913507947 ], [ 139.047153071, 34.908039521 ], [ 139.069440551000014, 34.898292189000102 ] ] } },
{ "type": "Feature", "properties": { "average_dip": "(45.0,,)", "average_rake": null, "catalog_id": "GFE_59169", "catalog_name": "GEM Faulted Earth", "dip_dir": "90", "lower_seis_depth": "(20.0,,)", "name": "Uozu", "net_slip_rate": "(0.5,,)", "slip_type": "Reverse", "upper_seis_depth": "(0.0,,)", "downthrown_side_id": null, "reference": null, "epistemic_quality": null, "accuracy": null, "activity_confidence": "1", "fs_name": "Uozu", "last_movement": null, "downthrown_side_dir": "233", "vert_sep_rate": null, "strike_slip_rate": null, "exposure_quality": null, "shortening_rate": null, "notes": null, "index_right": 189, "NAME_EN": "Japan" }, "geometry": { "type": "LineString", "coordinates": [ [ 137.55874114, 36.925612618000102 ], [ 137.519349096000013, 36.913866961000103 ], [ 137.470512101, 36.8907147850001 ], [ 137.465285983, 36.886291766000099 ], [ 137.460122949, 36.8735681100001 ], [ 137.446810565, 36.862612038000101 ], [ 137.441240328, 36.855846680000099 ], [ 137.432951877, 36.835407839 ], [ 137.413119321000011, 36.818093338 ], [ 137.409722805, 36.813491784000099 ], [ 137.407276328, 36.805775617000101 ], [ 137.407275731999988, 36.795620795 ], [ 137.399393505, 36.768545734 ], [ 137.400537861, 36.759113459 ], [ 137.395336178, 36.743286557 ], [ 137.395147043, 36.737702675 ], [ 137.383759895, 36.7179122040001 ], [ 137.370462757000013, 36.700548876 ], [ 137.363246653, 36.694008449000101 ], [ 137.357083698999986, 36.681325761 ] ] } },
{ "type": "Feature", "properties": { "average_dip": "(90.0,,)", "average_rake": null, "catalog_id": "GFE_59170", "catalog_name": "GEM Faulted Earth", "dip_dir": null, "lower_seis_depth": "(20.0,,)", "name": "Shiroganeyama", "net_slip_rate": "(0.1,,)", "slip_type": "Sinistral", "upper_seis_depth": "(0.0,,)", "downthrown_side_id": null, "reference": null, "epistemic_quality": null, "accuracy": null, "activity_confidence": "1", "fs_name": "Atera", "last_movement": null, "downthrown_side_dir": null, "vert_sep_rate": null, "strike_slip_rate": null, "exposure_quality": null, "shortening_rate": null, "notes": null, "index_right": 189, "NAME_EN": "Japan" }, "geometry": { "type": "LineString", "coordinates": [ [ 137.466658826000014, 35.651102145 ], [ 137.514268276, 35.61850122 ], [ 137.553684815999986, 35.583046105000101 ], [ 137.568410879999988, 35.573900519000098 ], [ 137.589033387, 35.565969943 ] ] } },
{ "type": "Feature", "properties": { "average_dip": "(45.0,,)", "average_rake": null, "catalog_id": "GFE_59171", "catalog_name": "GEM Faulted Earth", "dip_dir": "270", "lower_seis_depth": "(20.0,,)", "name": "Mukumoto", "net_slip_rate": "None", "slip_type": "Reverse", "upper_seis_depth": "(0.0,,)", "downthrown_side_id": null, "reference": null, "epistemic_quality": null, "accuracy": null, "activity_confidence": "1", "fs_name": "Nunobikisanchi-toen", "last_movement": "(27950,696,)", "downthrown_side_dir": "226", "vert_sep_rate": "(0.080000000000000002, 0.06, 0.1)", "strike_slip_rate": null, "exposure_quality": null, "shortening_rate": null, "notes": null, "index_right": 189, "NAME_EN": "Japan" }, "geometry": { "type": "LineString", "coordinates": [ [ 136.40305028, 34.916974887 ], [ 136.410695388, 34.894925580000098 ], [ 136.404543193, 34.887297302 ], [ 136.400812897, 34.877701071 ], [ 136.401381901, 34.852234293 ], [ 136.414183033, 34.812671954000102 ], [ 136.422526419, 34.793141234000103 ], [ 136.422545934, 34.783945545000101 ], [ 136.426443402, 34.777361043 ], [ 136.429450173, 34.767496488000099 ], [ 136.429248642, 34.752697959 ], [ 136.440098502000012, 34.732945704 ], [ 136.437269570000012, 34.709402311000098 ], [ 136.43028480800001, 34.691329198000098 ], [ 136.421139931999988, 34.681878054 ], [ 136.398861286, 34.669937880000099 ] ] } },
{ "type": "Feature", "properties": { "average_dip": "(90.0,,)", "average_rake": null, "catalog_id": "GFE_59173", "catalog_name": "GEM Faulted Earth", "dip_dir": null, "lower_seis_depth": "(20.0,,)", "name": "Kamiura", "net_slip_rate": "(0.1,,)", "slip_type": "Dextral", "upper_seis_depth": "(0.0,,)", "downthrown_side_id": null, "reference": null, "epistemic_quality": null, "accuracy": null, "activity_confidence": "1", "fs_name": "Kamiura", "last_movement": null, "downthrown_side_dir": "227", "vert_sep_rate": null, "strike_slip_rate": null, "exposure_quality": null, "shortening_rate": null, "notes": null, "index_right": 189, "NAME_EN": "Japan" }, "geometry": { "type": "LineString", "coordinates": [ [ 134.478376852, 34.053208056000102 ], [ 134.419649028, 34.049438753000103 ], [ 134.325996181, 34.056065387 ] ] } },
{ "type": "Feature", "properties": { "average_dip": "(60.0,,)", "average_rake": null, "catalog_id": "GFE_59175", "catalog_name": "GEM Faulted Earth", "dip_dir": "90", "lower_seis_depth": "(20.0,,)", "name": "Ouchi", "net_slip_rate": "(0.1,,)", "slip_type": "Reverse", "upper_seis_depth": "(0.0,,)", "downthrown_side_id": null, "reference": null, "epistemic_quality": null, "accuracy": null, "activity_confidence": "1", "fs_name": "Aizubonchi-toen", "last_movement": null, "downthrown_side_dir": "233", "vert_sep_rate": null, "strike_slip_rate": null, "exposure_quality": null, "shortening_rate": null, "notes": null, "index_right": 189, "NAME_EN": "Japan" }, "geometry": { "type": "LineString", "coordinates": [ [ 139.844081711, 37.246395916 ], [ 139.845926153, 37.255542913000099 ], [ 139.844353385, 37.267267698000097 ], [ 139.845482852, 37.282505091000097 ], [ 139.84209207, 37.295924654 ], [ 139.843432158000013, 37.304171113000102 ], [ 139.849999288, 37.316530965 ], [ 139.858231141, 37.3229947230001 ], [ 139.869221818999989, 37.335106545 ], [ 139.87677929, 37.351554707 ] ] } },
{ "type": "Feature", "properties": { "average_dip": "(45.0,,)", "average_rake": null, "catalog_id": "GFE_59176", "catalog_name": "GEM Faulted Earth", "dip_dir": "90", "lower_seis_depth": "(20.0,,)", "name": "Togatta", "net_slip_rate": "(0.14,0.14,0.14)", "slip_type": "Reverse", "upper_seis_depth": "(0.0,,)", "downthrown_side_id": null, "reference": null, "epistemic_quality": null, "accuracy": null, "activity_confidence": "1", "fs_name": "Togatta", "last_movement": null, "downthrown_side_dir": "233", "vert_sep_rate": "(0.1, 0.1, 0.10000000000000001)", "strike_slip_rate": null, "exposure_quality": null, "shortening_rate": null, "notes": null, "index_right": 189, "NAME_EN": "Japan" }, "geometry": { "type": "LineString", "coordinates": [ [ 140.569382034, 38.153816592000098 ], [ 140.569974376, 38.145323595 ], [ 140.572959516999987, 38.136680683000101 ], [ 140.566673471, 38.127890521 ], [ 140.565173945999987, 38.120440342000101 ], [ 140.566962170000011, 38.112244344 ], [ 140.563957485, 38.0894469 ], [ 140.566192855999986, 38.077228381000097 ], [ 140.565879887, 38.0554728930001 ] ] } },
{ "type": "Feature", "properties": { "average_dip": "(45.0,,)", "average_rake": null, "catalog_id": "GFE_59177", "catalog_name": "GEM Faulted Earth", "dip_dir": "270", "lower_seis_depth": "(20.0,,)", "name": "Takadaheiya-seien", "net_slip_rate": "None", "slip_type": "Reverse", "upper_seis_depth": "(0.0,,)", "downthrown_side_id": null, "reference": null, "epistemic_quality": null, "accuracy": null, "activity_confidence": "1", "fs_name": "Takadaheiya-seien", "last_movement": "(3810,82,)", "downthrown_side_dir": "226", "vert_sep_rate": "(0.71999999999999997, 0.5, 0.94)", "strike_slip_rate": null, "exposure_quality": null, "shortening_rate": null, "notes": null, "index_right": 189, "NAME_EN": "Japan" }, "geometry": { "type": "LineString", "coordinates": [ [ 138.222761504, 37.171238526 ], [ 138.225029531, 37.165758223000097 ], [ 138.225066894, 37.146849337 ], [ 138.232780487000014, 37.126209018000097 ], [ 138.23349477, 37.117871004000101 ], [ 138.236717757, 37.111318849 ], [ 138.230255108, 37.068200678 ], [ 138.239083963000013, 37.0486544500001 ], [ 138.233969609000013, 37.034392776000097 ], [ 138.233214415, 37.022898643000097 ], [ 138.236689595, 37.018408619000098 ], [ 138.249586805, 37.010065927 ] ] } },
{ "type": "Feature", "properties": { "average_dip": "(90.0,,)", "average_rake": null, "catalog_id": "GFE_59178", "catalog_name": "GEM Faulted Earth", "dip_dir": null, "lower_seis_depth": "(20.0,,)", "name": "Sunomata", "net_slip_rate": "(0.0,,)", "slip_type": "Dextral", "upper_seis_depth": "(0.0,,)", "downthrown_side_id": null, "reference": null, "epistemic_quality": null, "accuracy": null, "activity_confidence": "1", "fs_name": "Sunomata", "last_movement": null, "downthrown_side_dir": null, "vert_sep_rate": null, "strike_slip_rate": null, "exposure_quality": null, "shortening_rate": null, "notes": null, "index_right": 189, "NAME_EN": "Japan" }, "geometry": { "type": "LineString", "coordinates": [ [ 137.079984857999989, 36.042356557000097 ], [ 137.148863986, 36.116387759000098 ] ] } },
{ "type": "Feature", "properties": { "average_dip": "(90.0,,)", "average_rake": null, "catalog_id": "GFE_68378", "catalog_name": "GEM Faulted Earth", "dip_dir": null, "lower_seis_depth": "(20.0,,)", "name": "Nagataki", "net_slip_rate": "(0.1,,)", "slip_type": "Sinistral", "upper_seis_depth": "(0.0,,)", "downthrown_side_id": null, "reference": null, "epistemic_quality": null, "accuracy": null, "activity_confidence": "1", "fs_name": "Nobi", "last_movement": "(260,,59)", "downthrown_side_dir": null, "vert_sep_rate": null, "strike_slip_rate": null, "exposure_quality": null, "shortening_rate": null, "notes": null, "index_right": 189, "NAME_EN": "Japan" }, "geometry": { "type": "LineString", "coordinates": [ [ 136.644859704, 35.623805906 ], [ 136.656673444, 35.602638625000097 ], [ 136.670305975, 35.582819232000098 ], [ 136.681485372, 35.57249669 ], [ 136.721854708, 35.5486154170001 ] ] } },
{ "type": "Feature", "properties": { "average_dip": "(45.0,,)", "average_rake": null, "catalog_id": "GFE_68408", "catalog_name": "GEM Faulted Earth", "dip_dir": "90", "lower_seis_depth": "(20.0,,)", "name": "Watamukiyama", "net_slip_rate": "(0.0,,)", "slip_type": "Reverse", "upper_seis_depth": "(0.0,,)", "downthrown_side_id": null, "reference": null, "epistemic_quality": null, "accuracy": null, "activity_confidence": "1", "fs_name": "Suzukasanchi-seien", "last_movement": null, "downthrown_side_dir": "233", "vert_sep_rate": null, "strike_slip_rate": null, "exposure_quality": null, "shortening_rate": null, "notes": null, "index_right": 189, "NAME_EN": "Japan" }, "geometry": { "type": "LineString", "coordinates": [ [ 136.328563178, 35.075931979000103 ], [ 136.326405644, 35.068076824000102 ], [ 136.328092026, 35.0531165720001 ], [ 136.326590461, 35.044513518 ], [ 136.32452683, 35.039184077000101 ], [ 136.314493172999988, 35.025998342 ], [ 136.318923181, 35.014804725 ], [ 136.336009757999989, 34.9844425960001 ], [ 136.343670809, 34.976387545000101 ], [ 136.345916553, 34.965680972 ], [ 136.34620123900001, 34.9454862810001 ], [ 136.354672018, 34.930735164000097 ], [ 136.352514917, 34.910539414 ] ] } },
{ "type": "Feature", "properties": { "average_dip": "(45.0,,)", "average_rake": null, "catalog_id": "GFE_68409", "catalog_name": "GEM Faulted Earth", "dip_dir": "90", "lower_seis_depth": "(20.0,,)", "name": "Jakuiike", "net_slip_rate": "(0.1,,)", "slip_type": "Reverse", "upper_seis_depth": "(0.0,,)", "downthrown_side_id": null, "reference": null, "epistemic_quality": null, "accuracy": null, "activity_confidence": "1", "fs_name": "Tongu", "last_movement": "(10003,1318,)", "downthrown_side_dir": "233", "vert_sep_rate": null, "strike_slip_rate": null, "exposure_quality": null, "shortening_rate": null, "notes": null, "index_right": 189, "NAME_EN": "Japan" }, "geometry": { "type": "LineString", "coordinates": [ [ 136.257473162999986, 34.88352223 ], [ 136.265545279, 34.860058095000099 ], [ 136.265125645000012, 34.850616160000101 ], [ 136.262757274, 34.838536480000101 ], [ 136.253288637999987, 34.823123010000103 ], [ 136.245767967, 34.803822029000102 ], [ 136.244511034, 34.776330128 ], [ 136.235041488, 34.758278958000098 ], [ 136.224179884, 34.745364170000101 ], [ 136.22209031700001, 34.7381439420001 ], [ 136.220278947, 34.724536447 ], [ 136.22292143300001, 34.703848862 ] ] } },
{ "type": "Feature", "properties": { "average_dip": "(60.0,,)", "average_rake": null, "catalog_id": "GFE_68410", "catalog_name": "GEM Faulted Earth", "dip_dir": "360", "lower_seis_depth": "(20.0,,)", "name": "Dokenyama", "net_slip_rate": "(0.0,,)", "slip_type": "Reverse", "upper_seis_depth": "(0.0,,)", "downthrown_side_id": null, "reference": null, "epistemic_quality": null, "accuracy": null, "activity_confidence": "1", "fs_name": "Hanaore", "last_movement": null, "downthrown_side_dir": "230", "vert_sep_rate": null, "strike_slip_rate": null, "exposure_quality": null, "shortening_rate": null, "notes": null, "index_right": 189, "NAME_EN": "Japan" }, "geometry": { "type": "LineString", "coordinates": [ [ 135.933878379, 35.371121756 ], [ 135.947946595, 35.38645433 ], [ 135.95958625, 35.395427577000099 ], [ 135.975087588, 35.403718994 ], [ 136.000186096, 35.411568691000099 ] ] } },
{ "type": "Feature", "properties": { "average_dip": "(45.0,,)", "average_rake": null, "catalog_id": "GFE_68411", "catalog_name": "GEM Faulted Earth", "dip_dir": "270", "lower_seis_depth": "(20.0,,)", "name": "Katagihara", "net_slip_rate": "(0.25,0.25,0.25)", "slip_type": "Reverse", "upper_seis_depth": "(0.0,,)", "downthrown_side_id": null, "reference": null, "epistemic_quality": null, "accuracy": null, "activity_confidence": "1", "fs_name": "Kyoto-nishiyama", "last_movement": "(4293,82,)", "downthrown_side_dir": "226", "vert_sep_rate": "(0.18, 0.18, 0.17999999999999999)", "strike_slip_rate": null, "exposure_quality": null, "shortening_rate": null, "notes": null, "index_right": 189, "NAME_EN": "Japan" }, "geometry": { "type": "LineString", "coordinates": [ [ 135.611180012, 35.109339174000098 ], [ 135.612096445, 35.094520895000102 ], [ 135.614181502, 35.087574739 ], [ 135.611386069, 35.078313735000101 ], [ 135.612307335999986, 35.068241911 ], [ 135.617172469, 35.052033882 ], [ 135.665351192, 35.024129205000101 ], [ 135.684033288, 35.002711095000102 ], [ 135.688322250999988, 34.992870321000098 ], [ 135.689234883000012, 34.9722637 ], [ 135.701871751, 34.9438992400001 ], [ 135.701054967, 34.939731698000102 ], [ 135.69372898200001, 34.9289657570001 ] ] } },
{ "type": "Feature", "properties": { "average_dip": "(45.0,,)", "average_rake": null, "catalog_id": "GFE_68428", "catalog_name": "GEM Faulted Earth", "dip_dir": "90", "lower_seis_depth": "(20.0,,)", "name": "Minehama", "net_slip_rate": "(1.0,,)", "slip_type": "Reverse", "upper_seis_depth": "(0.0,,)", "downthrown_side_id": null, "reference": null, "epistemic_quality": null, "accuracy": null, "activity_confidence": "1", "fs_name": "Minehama", "last_movement": null, "downthrown_side_dir": "233", "vert_sep_rate": null, "strike_slip_rate": null, "exposure_quality": null, "shortening_rate": null, "notes": null, "index_right": 189, "NAME_EN": "Japan" }, "geometry": { "type": "LineString", "coordinates": [ [ 144.853900775999989, 43.970981583 ], [ 144.851946051, 43.960584554 ], [ 144.846857083, 43.946657274000103 ], [ 144.835125154, 43.931844644000101 ], [ 144.826679340999988, 43.925609096000102 ], [ 144.822299312000013, 43.9171889570001 ], [ 144.812789471, 43.911728576 ], [ 144.80618873200001, 43.903001095 ], [ 144.800400021, 43.891774246000097 ], [ 144.793651938000011, 43.887232553 ], [ 144.782423177999988, 43.869239327000102 ], [ 144.775227398999988, 43.860830086000099 ] ] } },
{ "type": "Feature", "properties": { "average_dip": "(90.0,,)", "average_rake": null, "catalog_id": "GFE_68446", "catalog_name": "GEM Faulted Earth", "dip_dir": null, "lower_seis_depth": "(20.0,,)", "name": "Iwatsubo", "net_slip_rate": "(0.1,,)", "slip_type": "Dextral", "upper_seis_depth": "(0.0,,)", "downthrown_side_id": null, "reference": null, "epistemic_quality": null, "accuracy": null, "activity_confidence": "1", "fs_name": "Iwatsubo", "last_movement": null, "downthrown_side_dir": "227", "vert_sep_rate": null, "strike_slip_rate": null, "exposure_quality": null, "shortening_rate": null, "notes": null, "index_right": 189, "NAME_EN": "Japan" }, "geometry": { "type": "LineString", "coordinates": [ [ 134.022040307, 35.406662459000103 ], [ 134.133667503, 35.400190716000097 ] ] } },
{ "type": "Feature", "properties": { "average_dip": "(45.0,,)", "average_rake": null, "catalog_id": "GFE_68464", "catalog_name": "GEM Faulted Earth", "dip_dir": "270", "lower_seis_depth": "(20.0,,)", "name": "Nagamachi-Rifu", "net_slip_rate": "None", "slip_type": "Reverse", "upper_seis_depth": "(0.0,,)", "downthrown_side_id": null, "reference": null, "epistemic_quality": null, "accuracy": null, "activity_confidence": "1", "fs_name": "Fukushimabonchi-Nagamachi-Rifu", "last_movement": "(2222,82,)", "downthrown_side_dir": "226", "vert_sep_rate": "(0.39000000000000001, 0.11, 0.67)", "strike_slip_rate": null, "exposure_quality": null, "shortening_rate": null, "notes": null, "index_right": 189, "NAME_EN": "Japan" }, "geometry": { "type": "LineString", "coordinates": [ [ 141.050147169000013, 38.370103523000097 ], [ 141.028582341, 38.363710630000099 ], [ 141.023892007, 38.358240127 ], [ 140.996023092, 38.344096949000097 ], [ 140.971509954999988, 38.328489041000097 ], [ 140.963202022, 38.321150648000099 ], [ 140.956498132, 38.309940752 ], [ 140.942699643, 38.303271121000101 ], [ 140.93532779200001, 38.292462159 ], [ 140.912646242, 38.274023003 ], [ 140.906663305, 38.264013316 ], [ 140.890055413, 38.247903544000103 ], [ 140.880042748, 38.235515722000102 ], [ 140.869091764, 38.228826344 ], [ 140.858969179000013, 38.21946731 ], [ 140.835154673, 38.214371441 ], [ 140.821859745000012, 38.2047980090001 ] ] } },
{ "type": "Feature", "properties": { "average_dip": "(45.0,,)", "average_rake": null, "catalog_id": "GFE_68465", "catalog_name": "GEM Faulted Earth", "dip_dir": "270", "lower_seis_depth": "(20.0,,)", "name": "Ukai", "net_slip_rate": "(0.0,,)", "slip_type": "Reverse", "upper_seis_depth": "(0.0,,)", "downthrown_side_id": null, "reference": null, "epistemic_quality": null, "accuracy": null, "activity_confidence": "1", "fs_name": "Hanamaki-Kitakaminishi", "last_movement": null, "downthrown_side_dir": "226", "vert_sep_rate": null, "strike_slip_rate": null, "exposure_quality": null, "shortening_rate": null, "notes": null, "index_right": 189, "NAME_EN": "Japan" }, "geometry": { "type": "LineString", "coordinates": [ [ 141.086750044000013, 39.791377350000097 ], [ 141.09477689, 39.780488878 ], [ 141.095986153000013, 39.77323377 ], [ 141.09507548, 39.768398313 ], [ 141.0700792, 39.742729872 ], [ 141.066844949, 39.734471133000099 ], [ 141.063848005000011, 39.7116226260001 ], [ 141.056725643, 39.6940779110001 ] ] } },
{ "type": "Feature", "properties": { "average_dip": "(60.0,,)", "average_rake": null, "catalog_id": "GFE_68466", "catalog_name": "GEM Faulted Earth", "dip_dir": "90", "lower_seis_depth": "(20.0,,)", "name": "Daibosatsurei-nishi", "net_slip_rate": "(0.0,,)", "slip_type": "Reverse", "upper_seis_depth": "(0.0,,)", "downthrown_side_id": null, "reference": null, "epistemic_quality": null, "accuracy": null, "activity_confidence": "1", "fs_name": "Sonekyuryo", "last_movement": null, "downthrown_side_dir": "233", "vert_sep_rate": null, "strike_slip_rate": null, "exposure_quality": null, "shortening_rate": null, "notes": null, "index_right": 189, "NAME_EN": "Japan" }, "geometry": { "type": "LineString", "coordinates": [ [ 138.801822943, 35.815175638 ], [ 138.802648264, 35.779841678 ], [ 138.80839898, 35.749069326 ], [ 138.805839983, 35.729120527000099 ], [ 138.789712036, 35.686581939000099 ] ] } },
{ "type": "Feature", "properties": { "average_dip": "(90.0,,)", "average_rake": null, "catalog_id": "GFE_68467", "catalog_name": "GEM Faulted Earth", "dip_dir": null, "lower_seis_depth": "(20.0,,)", "name": "Miyagawa", "net_slip_rate": "(0.5,,)", "slip_type": "Dextral", "upper_seis_depth": "(0.0,,)", "downthrown_side_id": null, "reference": null, "epistemic_quality": null, "accuracy": null, "activity_confidence": "1", "fs_name": "Takayama", "last_movement": "(1815,82,)", "downthrown_side_dir": "227", "vert_sep_rate": null, "strike_slip_rate": null, "exposure_quality": null, "shortening_rate": null, "notes": null, "index_right": 189, "NAME_EN": "Japan" }, "geometry": { "type": "LineString", "coordinates": [ [ 136.998739134, 35.879734239000101 ], [ 137.035882363000013, 35.893352599 ], [ 137.051031754, 35.900785122000102 ], [ 137.064107224999987, 35.910908284000101 ], [ 137.082171712, 35.935504907000102 ], [ 137.090583326, 35.952637147000097 ], [ 137.12967984, 36.006870887 ], [ 137.153623106, 36.0235085730001 ], [ 137.176101241, 36.046968437 ], [ 137.193839094, 36.062435102000101 ], [ 137.215285698, 36.073300538000098 ], [ 137.242931047000013, 36.075582411 ], [ 137.27974379, 36.082458960000103 ], [ 137.287384011, 36.085299826 ], [ 137.295523613, 36.0910528060001 ], [ 137.313425327, 36.095746281000103 ], [ 137.326475934, 36.102222865 ] ] } },
{ "type": "Feature", "properties": { "average_dip": "(90.0,,)", "average_rake": null, "catalog_id": "GFE_68468", "catalog_name": "GEM Faulted Earth", "dip_dir": null, "lower_seis_depth": "(20.0,,)", "name": "Miboro", "net_slip_rate": "(0.5,,)", "slip_type": "Sinistral", "upper_seis_depth": "(0.0,,)", "downthrown_side_id": null, "reference": null, "epistemic_quality": null, "accuracy": null, "activity_confidence": "1", "fs_name": "Shogawa", "last_movement": "(2537,82,)", "downthrown_side_dir": null, "vert_sep_rate": null, "strike_slip_rate": null, "exposure_quality": null, "shortening_rate": null, "notes": null, "index_right": 189, "NAME_EN": "Japan" }, "geometry": { "type": "LineString", "coordinates": [ [ 136.887892144, 36.295312558 ], [ 136.880487613000014, 36.273990838 ], [ 136.890611909, 36.2428016960001 ], [ 136.892373451999987, 36.224475857000101 ], [ 136.904487077999988, 36.179957302 ], [ 136.910381664999989, 36.150821812000103 ], [ 136.910313928, 36.14406259 ] ] } },
{ "type": "Feature", "properties": { "average_dip": "(90.0,,)", "average_rake": null, "catalog_id": "GFE_68469", "catalog_name": "GEM Faulted Earth", "dip_dir": null, "lower_seis_depth": "(20.0,,)", "name": "Kowachi", "net_slip_rate": "None", "slip_type": "Sinistral", "upper_seis_depth": "(0.0,,)", "downthrown_side_id": null, "reference": null, "epistemic_quality": null, "accuracy": null, "activity_confidence": "1", "fs_name": "Atera", "last_movement": "(921,,364)", "downthrown_side_dir": "226", "vert_sep_rate": "(0.42000000000000004, 0.34, 0.5)", "strike_slip_rate": "(12.585000000000001, 10.07, 15.1)", "exposure_quality": null, "shortening_rate": null, "notes": null, "index_right": 189, "NAME_EN": "Japan" }, "geometry": { "type": "LineString", "coordinates": [ [ 137.229637935999989, 35.85216717 ], [ 137.248752097, 35.83010518 ], [ 137.289468994, 35.796506625000099 ], [ 137.300801275999987, 35.784252742 ], [ 137.325385825000012, 35.765784475 ], [ 137.350697817999986, 35.743459778 ], [ 137.373047041, 35.729286850000101 ] ] } },
{ "type": "Feature", "properties": { "average_dip": "(45.0,,)", "average_rake": null, "catalog_id": "GFE_68470", "catalog_name": "GEM Faulted Earth", "dip_dir": "180", "lower_seis_depth": "(20.0,,)", "name": "Tegano", "net_slip_rate": "None", "slip_type": "Reverse", "upper_seis_depth": "(0.0,,)", "downthrown_side_id": null, "reference": null, "epistemic_quality": null, "accuracy": null, "activity_confidence": "1", "fs_name": "Byobuyama", "last_movement": null, "downthrown_side_dir": "227", "vert_sep_rate": "(0.17499999999999999, 0.15, 0.2)", "strike_slip_rate": null, "exposure_quality": null, "shortening_rate": null, "notes": null, "index_right": 189, "NAME_EN": "Japan" }, "geometry": { "type": "LineString", "coordinates": [ [ 137.430732109, 35.433195130000101 ], [ 137.505397428, 35.466325967 ], [ 137.524313578, 35.470812177 ], [ 137.542250583, 35.482497294 ], [ 137.55382545, 35.485899195000101 ], [ 137.569806607, 35.498073207000097 ], [ 137.575027799999987, 35.507493264000097 ] ] } },
{ "type": "Feature", "properties": { "average_dip": "(90.0,,)", "average_rake": null, "catalog_id": "GFE_68492", "catalog_name": "GEM Faulted Earth", "dip_dir": null, "lower_seis_depth": "(20.0,,)", "name": "Saganoseki", "net_slip_rate": "(0.0,,)", "slip_type": "Dextral", "upper_seis_depth": "(0.0,,)", "downthrown_side_id": null, "reference": null, "epistemic_quality": null, "accuracy": null, "activity_confidence": "1", "fs_name": "Saganoseki", "last_movement": null, "downthrown_side_dir": "227", "vert_sep_rate": null, "strike_slip_rate": null, "exposure_quality": null, "shortening_rate": null, "notes": null, "index_right": 189, "NAME_EN": "Japan" }, "geometry": { "type": "LineString", "coordinates": [ [ 131.710404643, 33.198477875 ], [ 131.730051644000014, 33.2073012540001 ], [ 131.742080351, 33.215206589 ], [ 131.772692251, 33.228441680000103 ], [ 131.81366523, 33.241533992 ], [ 131.841084621, 33.247325871 ] ] } },
{ "type": "Feature", "properties": { "average_dip": "(45.0,,)", "average_rake": null, "catalog_id": "GFE_68471", "catalog_name": "GEM Faulted Earth", "dip_dir": "90", "lower_seis_depth": "(20.0,,)", "name": "Kanazawaheiya-toen", "net_slip_rate": "(1.06,,1.00)", "slip_type": "Reverse", "upper_seis_depth": "(0.0,,)", "downthrown_side_id": null, "reference": null, "epistemic_quality": null, "accuracy": null, "activity_confidence": "1", "fs_name": "Kanazawaheiya-toen", "last_movement": "(1881,82,)", "downthrown_side_dir": "233", "vert_sep_rate": "(0.75,,)", "strike_slip_rate": null, "exposure_quality": null, "shortening_rate": null, "notes": null, "index_right": 189, "NAME_EN": "Japan" }, "geometry": { "type": "LineString", "coordinates": [ [ 136.735475283, 36.668545460000097 ], [ 136.731824851999988, 36.662234102000099 ], [ 136.718999489, 36.6493822730001 ], [ 136.713346363, 36.639798245000101 ], [ 136.692872013, 36.618301229000103 ], [ 136.680364708000013, 36.593162176000099 ], [ 136.670756439, 36.587189804 ], [ 136.654384263, 36.570858776000101 ], [ 136.641544316, 36.547130211 ], [ 136.64245509700001, 36.524673841 ], [ 136.633423122000011, 36.518284097 ], [ 136.624331504, 36.503874803 ], [ 136.616172095, 36.481758407 ], [ 136.61615124, 36.475733836000103 ], [ 136.628138189999987, 36.451006033000098 ], [ 136.633054308, 36.436496839 ], [ 136.635975514, 36.424330322000102 ], [ 136.635845874000012, 36.415207377000101 ] ] } },
{ "type": "Feature", "properties": { "average_dip": "(90.0,,)", "average_rake": null, "catalog_id": "GFE_68472", "catalog_name": "GEM Faulted Earth", "dip_dir": null, "lower_seis_depth": "(20.0,,)", "name": "Sekigahara", "net_slip_rate": "(0.5,,)", "slip_type": "Sinistral", "upper_seis_depth": "(0.0,,)", "downthrown_side_id": null, "reference": null, "epistemic_quality": null, "accuracy": null, "activity_confidence": "1", "fs_name": "Yoro", "last_movement": null, "downthrown_side_dir": null, "vert_sep_rate": null, "strike_slip_rate": null, "exposure_quality": null, "shortening_rate": null, "notes": null, "index_right": 189, "NAME_EN": "Japan" }, "geometry": { "type": "LineString", "coordinates": [ [ 136.410526768000011, 35.3903049890001 ], [ 136.464823691, 35.371264483000097 ], [ 136.492125913, 35.366329329000102 ], [ 136.504709529, 35.369001061000098 ], [ 136.51131710300001, 35.36816062 ], [ 136.520180104, 35.363890668000103 ], [ 136.524110869, 35.360877108000103 ], [ 136.540213203, 35.340236861000101 ], [ 136.541089615, 35.326689432000101 ], [ 136.539830841, 35.323489768000101 ] ] } },
{ "type": "Feature", "properties": { "average_dip": "(60.0,,)", "average_rake": null, "catalog_id": "GFE_68473", "catalog_name": "GEM Faulted Earth", "dip_dir": "90", "lower_seis_depth": "(20.0,,)", "name": "Mikata", "net_slip_rate": "None", "slip_type": "Reverse", "upper_seis_depth": "(0.0,,)", "downthrown_side_id": null, "reference": null, "epistemic_quality": null, "accuracy": null, "activity_confidence": "1", "fs_name": "Mikata", "last_movement": "(1156,462,288)", "downthrown_side_dir": "233", "vert_sep_rate": "(0.79000000000000004, 0.76, 0.82)", "strike_slip_rate": null, "exposure_quality": null, "shortening_rate": null, "notes": null, "index_right": 189, "NAME_EN": "Japan" }, "geometry": { "type": "LineString", "coordinates": [ [ 135.877101186, 35.684849293000099 ], [ 135.875357414, 35.674239629000098 ], [ 135.87819742100001, 35.65382694 ], [ 135.888614767, 35.630278759000099 ], [ 135.891741046, 35.61784003 ], [ 135.891433701000011, 35.6073425700001 ], [ 135.888574433, 35.593984041000098 ], [ 135.892314387, 35.586028047000099 ], [ 135.896217157, 35.582806511000101 ], [ 135.898427182, 35.576668271000102 ], [ 135.907874247, 35.567459899 ], [ 135.913436625, 35.555151107 ], [ 135.907900735999988, 35.537764976000098 ], [ 135.911637721, 35.528973077 ], [ 135.910028405, 35.513798785000098 ], [ 135.904678145, 35.5063015200001 ], [ 135.900686078, 35.490023298 ], [ 135.903037085, 35.484024044000101 ], [ 135.910270765, 35.475077246000097 ], [ 135.911991373, 35.453758738 ], [ 135.917404223, 35.444540927 ] ] } },
{ "type": "Feature", "properties": { "average_dip": "(90.0,,)", "average_rake": null, "catalog_id": "GFE_68474", "catalog_name": "GEM Faulted Earth", "dip_dir": null, "lower_seis_depth": "(20.0,,)", "name": "Kanbayashigawa", "net_slip_rate": "(0.1,,)", "slip_type": "Dextral", "upper_seis_depth": "(0.0,,)", "downthrown_side_id": null, "reference": null, "epistemic_quality": null, "accuracy": null, "activity_confidence": "1", "fs_name": "Kanbayashigawa", "last_movement": null, "downthrown_side_dir": "230", "vert_sep_rate": null, "strike_slip_rate": null, "exposure_quality": null, "shortening_rate": null, "notes": null, "index_right": 189, "NAME_EN": "Japan" }, "geometry": { "type": "LineString", "coordinates": [ [ 135.493762792000012, 35.413108514 ], [ 135.470429478, 35.395465997 ], [ 135.446139153, 35.380528147000099 ], [ 135.406533249, 35.363730153000098 ], [ 135.367487456, 35.342299707000102 ], [ 135.296883516, 35.309209755 ], [ 135.272924003000014, 35.296530046 ], [ 135.27071971, 35.2939890110001 ] ] } },
{ "type": "Feature", "properties": { "average_dip": "(45.0,,)", "average_rake": null, "catalog_id": "GFE_68476", "catalog_name": "GEM Faulted Earth", "dip_dir": "180", "lower_seis_depth": "(20.0,,)", "name": "Kamo", "net_slip_rate": "None", "slip_type": "Reverse", "upper_seis_depth": "(0.0,,)", "downthrown_side_id": null, "reference": null, "epistemic_quality": null, "accuracy": null, "activity_confidence": "1", "fs_name": "Kamo", "last_movement": null, "downthrown_side_dir": "227", "vert_sep_rate": "(0.15000000000000002, 0.1, 0.2)", "strike_slip_rate": null, "exposure_quality": null, "shortening_rate": null, "notes": null, "index_right": 189, "NAME_EN": "Japan" }, "geometry": { "type": "LineString", "coordinates": [ [ 138.949389468, 37.575656145 ], [ 138.963746391, 37.594540343000098 ], [ 138.977778678, 37.605634438 ], [ 138.997165448, 37.617795555 ], [ 139.003127536, 37.626765676 ], [ 139.022417291000011, 37.639454730000097 ], [ 139.031303348, 37.64318954 ], [ 139.047038433000012, 37.655459546 ] ] } },
{ "type": "Feature", "properties": { "average_dip": "(90.0,,)", "average_rake": null, "catalog_id": "GFE_68478", "catalog_name": "GEM Faulted Earth", "dip_dir": null, "lower_seis_depth": "(20.0,,)", "name": "Ametaki-Kamato", "net_slip_rate": "(0.1,,)", "slip_type": "Sinistral", "upper_seis_depth": "(0.0,,)", "downthrown_side_id": null, "reference": null, "epistemic_quality": null, "accuracy": null, "activity_confidence": "1", "fs_name": "Ametaki-Kamato", "last_movement": "(7326,3877,)", "downthrown_side_dir": null, "vert_sep_rate": null, "strike_slip_rate": null, "exposure_quality": null, "shortening_rate": null, "notes": null, "index_right": 189, "NAME_EN": "Japan" }, "geometry": { "type": "LineString", "coordinates": [ [ 134.47129861, 35.448639747000101 ], [ 134.457308128, 35.459978693 ], [ 134.438004821, 35.472229021 ], [ 134.415091337, 35.478813872 ], [ 134.38289751100001, 35.491126559000101 ], [ 134.35509098, 35.503395417 ], [ 134.318586793, 35.52219875 ] ] } },
{ "type": "Feature", "properties": { "average_dip": "(60.0,,)", "average_rake": null, "catalog_id": "GFE_68479", "catalog_name": "GEM Faulted Earth", "dip_dir": "180", "lower_seis_depth": "(20.0,,)", "name": "Karakiyama", "net_slip_rate": "None", "slip_type": "Normal", "upper_seis_depth": "(0.0,,)", "downthrown_side_id": null, "reference": null, "epistemic_quality": null, "accuracy": null, "activity_confidence": "1", "fs_name": "Beppu-Haneyama", "last_movement": null, "downthrown_side_dir": "230", "vert_sep_rate": "(0.185, 0.05, 0.32)", "strike_slip_rate": null, "exposure_quality": null, "shortening_rate": null, "notes": null, "index_right": 189, "NAME_EN": "Japan" }, "geometry": { "type": "LineString", "coordinates": [ [ 131.360620982, 33.342167663000097 ], [ 131.417879508, 33.354499364 ], [ 131.446780370999988, 33.362408643 ], [ 131.467062651, 33.370707467 ], [ 131.480069418999989, 33.373083449 ], [ 131.491059330000013, 33.377474862 ], [ 131.507277799, 33.379622231 ], [ 131.515949014, 33.379915367 ], [ 131.528869921, 33.377565887000102 ], [ 131.544006392999989, 33.377942 ], [ 131.566320927, 33.364542107 ], [ 131.58084367, 33.3629835690001 ], [ 131.598923211, 33.357216582 ] ] } },
{ "type": "Feature", "properties": { "average_dip": "(45.0,,)", "average_rake": null, "catalog_id": "GFE_68480", "catalog_name": "GEM Faulted Earth", "dip_dir": "90", "lower_seis_depth": "(20.0,,)", "name": "Wakamatsu", "net_slip_rate": "None", "slip_type": "Reverse", "upper_seis_depth": "(0.0,,)", "downthrown_side_id": null, "reference": null, "epistemic_quality": null, "accuracy": null, "activity_confidence": "1", "fs_name": "Aizubonchi-toen", "last_movement": "(2905,2645,)", "downthrown_side_dir": "233", "vert_sep_rate": "(0.45499999999999996, 0.43, 0.48)", "strike_slip_rate": null, "exposure_quality": null, "shortening_rate": null, "notes": null, "index_right": 189, "NAME_EN": "Japan" }, "geometry": { "type": "LineString", "coordinates": [ [ 139.922562269999986, 37.579654653 ], [ 139.917370075, 37.57166843 ], [ 139.919601405, 37.559835861000103 ], [ 139.93445096, 37.540757482000103 ], [ 139.939053678, 37.538095919000099 ], [ 139.951740138, 37.518875216 ], [ 139.953014519, 37.514285061000102 ], [ 139.950945705, 37.491508633000102 ], [ 139.937857609, 37.476159902000099 ], [ 139.933312347, 37.466303680000102 ], [ 139.932856652, 37.460278363 ], [ 139.917839988, 37.43681665 ], [ 139.913904831, 37.425404857 ], [ 139.915189973, 37.419653557000103 ], [ 139.92234095500001, 37.405960336000099 ], [ 139.923540809, 37.384141887000098 ], [ 139.918779486, 37.3781164480001 ] ] } },
{ "type": "Feature", "properties": { "average_dip": "(45.0,,)", "average_rake": null, "catalog_id": "GFE_68481", "catalog_name": "GEM Faulted Earth", "dip_dir": "90", "lower_seis_depth": "(20.0,,)", "name": "Abashiriko-toho", "net_slip_rate": "(0.3,,)", "slip_type": "Reverse", "upper_seis_depth": "(0.0,,)", "downthrown_side_id": null, "reference": null, "epistemic_quality": null, "accuracy": null, "activity_confidence": "1", "fs_name": "Abashiriko-toho", "last_movement": null, "downthrown_side_dir": "233", "vert_sep_rate": null, "strike_slip_rate": null, "exposure_quality": null, "shortening_rate": null, "notes": null, "index_right": 189, "NAME_EN": "Japan" }, "geometry": { "type": "LineString", "coordinates": [ [ 144.223467371, 44.004378031 ], [ 144.222423919, 43.983003589000099 ], [ 144.217650759, 43.96005065 ], [ 144.198715701, 43.917250175 ], [ 144.183677609, 43.891821286 ], [ 144.176237889, 43.868034909000102 ] ] } },
{ "type": "Feature", "properties": { "average_dip": "(45.0,,)", "average_rake": null, "catalog_id": "GFE_68482", "catalog_name": "GEM Faulted Earth", "dip_dir": "90", "lower_seis_depth": "(20.0,,)", "name": "Kuroishi", "net_slip_rate": "(0.2,,)", "slip_type": "Reverse", "upper_seis_depth": "(0.0,,)", "downthrown_side_id": null, "reference": null, "epistemic_quality": null, "accuracy": null, "activity_confidence": "1", "fs_name": "Tsugarusanchi-seien", "last_movement": "(,,184)", "downthrown_side_dir": "233", "vert_sep_rate": null, "strike_slip_rate": null, "exposure_quality": null, "shortening_rate": null, "notes": null, "index_right": 189, "NAME_EN": "Japan" }, "geometry": { "type": "LineString", "coordinates": [ [ 140.640748304, 40.783016987000103 ], [ 140.636897094, 40.755761128000103 ], [ 140.632632129, 40.743478465000102 ], [ 140.622526328, 40.700129336 ], [ 140.623146252, 40.695402262000101 ], [ 140.620943610000012, 40.681733032000103 ], [ 140.623130543, 40.6675373200001 ], [ 140.628588291999989, 40.660204219 ], [ 140.630392050000012, 40.650497921000103 ], [ 140.622072162, 40.639804741 ], [ 140.620632091, 40.625917329000103 ], [ 140.602806273, 40.609054849000103 ], [ 140.601449745999986, 40.605755419 ], [ 140.602516142000013, 40.5947336790001 ], [ 140.590003768, 40.576219137000102 ] ] } },
{ "type": "Feature", "properties": { "average_dip": "(90.0,,)", "average_rake": null, "catalog_id": "GFE_68483", "catalog_name": "GEM Faulted Earth", "dip_dir": null, "lower_seis_depth": "(20.0,,)", "name": "Wakatochi", "net_slip_rate": "(0.1,,)", "slip_type": "Dextral", "upper_seis_depth": "(0.0,,)", "downthrown_side_id": null, "reference": null, "epistemic_quality": null, "accuracy": null, "activity_confidence": "1", "fs_name": "Wakatochi", "last_movement": null, "downthrown_side_dir": null, "vert_sep_rate": null, "strike_slip_rate": null, "exposure_quality": null, "shortening_rate": null, "notes": null, "index_right": 189, "NAME_EN": "Japan" }, "geometry": { "type": "LineString", "coordinates": [ [ 137.295436392, 35.793614535000103 ], [ 137.313489938, 35.816804328 ], [ 137.33169414, 35.848696127 ], [ 137.343634437, 35.866089431 ], [ 137.369112971, 35.898700330000104 ] ] } },
{ "type": "Feature", "properties": { "average_dip": "(45.0,,)", "average_rake": null, "catalog_id": "GFE_68484", "catalog_name": "GEM Faulted Earth", "dip_dir": "270", "lower_seis_depth": "(20.0,,)", "name": "Niitsuru", "net_slip_rate": "None", "slip_type": "Reverse", "upper_seis_depth": "(0.0,,)", "downthrown_side_id": null, "reference": null, "epistemic_quality": null, "accuracy": null, "activity_confidence": "1", "fs_name": "Aizubonchi-seien", "last_movement": null, "downthrown_side_dir": "226", "vert_sep_rate": "(0.17999999999999999, 0.13, 0.23)", "strike_slip_rate": null, "exposure_quality": null, "shortening_rate": null, "notes": null, "index_right": 189, "NAME_EN": "Japan" }, "geometry": { "type": "LineString", "coordinates": [ [ 139.794336521, 37.53199857 ], [ 139.808757725, 37.521623173000101 ], [ 139.818639077, 37.516835003 ], [ 139.822379057, 37.509917907 ], [ 139.821710382, 37.506134102 ], [ 139.815736991, 37.500399910000098 ], [ 139.813938123000014, 37.496537250000102 ], [ 139.813446109000012, 37.4809190080001 ], [ 139.803575937, 37.458837283 ], [ 139.796382208000011, 37.421325415000098 ] ] } },
{ "type": "Feature", "properties": { "average_dip": "(45.0,,)", "average_rake": null, "catalog_id": "GFE_68485", "catalog_name": "GEM Faulted Earth", "dip_dir": "90", "lower_seis_depth": "(20.0,,)", "name": "Yukyuzan", "net_slip_rate": "(0.5,,)", "slip_type": "Reverse", "upper_seis_depth": "(0.0,,)", "downthrown_side_id": null, "reference": null, "epistemic_quality": null, "accuracy": null, "activity_confidence": "1", "fs_name": "Yukyuzan", "last_movement": null, "downthrown_side_dir": "233", "vert_sep_rate": null, "strike_slip_rate": null, "exposure_quality": null, "shortening_rate": null, "notes": null, "index_right": 189, "NAME_EN": "Japan" }, "geometry": { "type": "LineString", "coordinates": [ [ 138.938102002, 37.516672688 ], [ 138.929018233, 37.506587611 ], [ 138.929614338, 37.490437423000103 ], [ 138.92521127, 37.482544204000099 ], [ 138.910533263, 37.4738349100001 ], [ 138.904266428, 37.459486405000099 ], [ 138.894661695, 37.449609289000101 ], [ 138.892138515, 37.43994352 ], [ 138.877540874, 37.433806657 ], [ 138.866894137, 37.426114260000098 ], [ 138.858851554000012, 37.409476972 ], [ 138.847889955, 37.399184868000098 ] ] } },
{ "type": "Feature", "properties": { "average_dip": "(45.0,,)", "average_rake": null, "catalog_id": "GFE_68486", "catalog_name": "GEM Faulted Earth", "dip_dir": "180", "lower_seis_depth": "(20.0,,)", "name": "Ayasegawa", "net_slip_rate": "(0.07,0.07,0.07)", "slip_type": "Reverse", "upper_seis_depth": "(0.0,,)", "downthrown_side_id": null, "reference": null, "epistemic_quality": null, "accuracy": null, "activity_confidence": "1", "fs_name": "Fukaya", "last_movement": null, "downthrown_side_dir": "227", "vert_sep_rate": "(0.05, 0.05, 0.050000000000000003)", "strike_slip_rate": null, "exposure_quality": null, "shortening_rate": null, "notes": null, "index_right": 189, "NAME_EN": "Japan" }, "geometry": { "type": "LineString", "coordinates": [ [ 139.493007049, 36.079320898 ], [ 139.546519225999987, 36.036135241000103 ], [ 139.584968761, 36.0159045710001 ], [ 139.61696489, 36.004882555000101 ], [ 139.628333709, 35.997552952 ], [ 139.648764772, 35.97999336 ], [ 139.654526701, 35.969629691000101 ] ] } },
{ "type": "Feature", "properties": { "average_dip": "(60.0,,)", "average_rake": null, "catalog_id": "GFE_68487", "catalog_name": "GEM Faulted Earth", "dip_dir": "270", "lower_seis_depth": "(20.0,,)", "name": "Kashimagawa", "net_slip_rate": "(0.0,,)", "slip_type": "Reverse", "upper_seis_depth": "(0.0,,)", "downthrown_side_id": null, "reference": null, "epistemic_quality": null, "accuracy": null, "activity_confidence": "1", "fs_name": "Itoshizusen", "last_movement": null, "downthrown_side_dir": "226", "vert_sep_rate": null, "strike_slip_rate": null, "exposure_quality": null, "shortening_rate": null, "notes": null, "index_right": 189, "NAME_EN": "Japan" }, "geometry": { "type": "LineString", "coordinates": [ [ 137.836384957, 36.669099543000101 ], [ 137.818134461, 36.646579672 ], [ 137.802112069, 36.61652073 ], [ 137.800222787, 36.602659282 ], [ 137.800343422999987, 36.561301062 ] ] } },
{ "type": "Feature", "properties": { "average_dip": "(90.0,,)", "average_rake": null, "catalog_id": "GFE_68489", "catalog_name": "GEM Faulted Earth", "dip_dir": null, "lower_seis_depth": "(20.0,,)", "name": "Kosaka", "net_slip_rate": "(0.3,,)", "slip_type": "Dextral", "upper_seis_depth": "(0.0,,)", "downthrown_side_id": null, "reference": null, "epistemic_quality": null, "accuracy": null, "activity_confidence": "1", "fs_name": "Inohana", "last_movement": null, "downthrown_side_dir": "230", "vert_sep_rate": null, "strike_slip_rate": null, "exposure_quality": null, "shortening_rate": null, "notes": null, "index_right": 189, "NAME_EN": "Japan" }, "geometry": { "type": "LineString", "coordinates": [ [ 137.273631374, 35.950075029000097 ], [ 137.295036883, 35.966289704000097 ], [ 137.308678192, 35.979303552 ], [ 137.325725254, 35.990991638 ], [ 137.345423147, 36.000978987000103 ] ] } },
{ "type": "Feature", "properties": { "average_dip": "(30.0,,)", "average_rake": null, "catalog_id": "GFE_68490", "catalog_name": "GEM Faulted Earth", "dip_dir": "270", "lower_seis_depth": "(20.0,,)", "name": "Iida", "net_slip_rate": "None", "slip_type": "Reverse", "upper_seis_depth": "(0.0,,)", "downthrown_side_id": null, "reference": null, "epistemic_quality": null, "accuracy": null, "activity_confidence": "1", "fs_name": "Inadani", "last_movement": "(2318,2318,)", "downthrown_side_dir": "226", "vert_sep_rate": "(0.58999999999999997, 0.18, 1.0)", "strike_slip_rate": null, "exposure_quality": null, "shortening_rate": null, "notes": null, "index_right": 189, "NAME_EN": "Japan" }, "geometry": { "type": "LineString", "coordinates": [ [ 137.930793805, 35.773945844 ], [ 137.923114594, 35.770756013 ], [ 137.917566365, 35.763204734000098 ], [ 137.90437192600001, 35.752360636 ], [ 137.896881718, 35.74864387 ], [ 137.894576061, 35.7449082380001 ], [ 137.897090082, 35.738684013000103 ], [ 137.895933428, 35.732250718 ], [ 137.902778482, 35.715315826000101 ], [ 137.898647262999987, 35.704265983 ], [ 137.906944826, 35.696889036000101 ], [ 137.908843818, 35.692775554 ], [ 137.909054043999987, 35.686393287 ], [ 137.907094480000012, 35.679427033 ], [ 137.900662305, 35.67240967 ], [ 137.899426634, 35.666617299000102 ], [ 137.894175202000014, 35.663657504000099 ], [ 137.892161664000014, 35.656103314000099 ], [ 137.896069454000013, 35.652735798 ], [ 137.896548596, 35.647929358000098 ], [ 137.893542296, 35.636396598 ], [ 137.88946785600001, 35.630953115000104 ], [ 137.890107959, 35.6267876060001 ], [ 137.886032573, 35.619956282 ], [ 137.885224886, 35.6135479920001 ], [ 137.8771849, 35.605224738000103 ], [ 137.881621091999989, 35.5900545800001 ], [ 137.880708317, 35.586210995 ], [ 137.871858748, 35.568702766000101 ], [ 137.857753811, 35.563568144 ], [ 137.85345686, 35.5599066360001 ], [ 137.840790971, 35.539657250000097 ], [ 137.821910396, 35.5271703 ], [ 137.806467520000012, 35.523662061 ], [ 137.797654726, 35.515747073000099 ], [ 137.795857116, 35.512165941 ], [ 137.796103190999986, 35.494117849000098 ], [ 137.789108142, 35.4833833960001 ] ] } },
{ "type": "Feature", "properties": { "average_dip": "(60.0,,)", "average_rake": null, "catalog_id": "GFE_68491", "catalog_name": "GEM Faulted Earth", "dip_dir": "270", "lower_seis_depth": "(20.0,,)", "name": "Kazakoshiyama", "net_slip_rate": "(0.3,,)", "slip_type": "Dextral", "upper_seis_depth": "(0.0,,)", "downthrown_side_id": null, "reference": null, "epistemic_quality": null, "accuracy": null, "activity_confidence": "1", "fs_name": "Kazakoshiyama", "last_movement": null, "downthrown_side_dir": "226", "vert_sep_rate": null, "strike_slip_rate": null, "exposure_quality": null, "shortening_rate": null, "notes": null, "index_right": 189, "NAME_EN": "Japan" }, "geometry": { "type": "LineString", "coordinates": [ [ 137.773626775999986, 35.555105832 ], [ 137.793775493, 35.569283724000101 ], [ 137.837286238, 35.608379367000097 ], [ 137.858077809, 35.624859014 ] ] } },
{ "type": "Feature", "properties": { "average_dip": "(60.0,,)", "average_rake": null, "catalog_id": "GFE_68536", "catalog_name": "GEM Faulted Earth", "dip_dir": "90", "lower_seis_depth": "(20.0,,)", "name": "Takatsukayama", "net_slip_rate": "(0.0,,)", "slip_type": "Reverse", "upper_seis_depth": "(0.0,,)", "downthrown_side_id": null, "reference": null, "epistemic_quality": null, "accuracy": null, "activity_confidence": "1", "fs_name": "Takatsukayama", "last_movement": null, "downthrown_side_dir": "233", "vert_sep_rate": null, "strike_slip_rate": null, "exposure_quality": null, "shortening_rate": null, "notes": null, "index_right": 189, "NAME_EN": "Japan" }, "geometry": { "type": "LineString", "coordinates": [ [ 135.063813204000013, 34.759948541 ], [ 135.07129298000001, 34.746926202000097 ], [ 135.073544334, 34.730430141000099 ], [ 135.068453379, 34.682681486 ], [ 135.07104695000001, 34.658720284 ], [ 135.068947470000012, 34.648649387 ] ] } },
{ "type": "Feature", "properties": { "average_dip": "(35.0,,)", "average_rake": null, "catalog_id": "GFE_68493", "catalog_name": "GEM Faulted Earth", "dip_dir": "180", "lower_seis_depth": "(20.0,,)", "name": "Nagao", "net_slip_rate": "None", "slip_type": "Reverse", "upper_seis_depth": "(0.0,,)", "downthrown_side_id": null, "reference": null, "epistemic_quality": null, "accuracy": null, "activity_confidence": "1", "fs_name": "Nagao", "last_movement": "(1046,249,)", "downthrown_side_dir": "227", "vert_sep_rate": "(0.075000000000000011, 0.05, 0.1)", "strike_slip_rate": null, "exposure_quality": null, "shortening_rate": null, "notes": null, "index_right": 189, "NAME_EN": "Japan" }, "geometry": { "type": "LineString", "coordinates": [ [ 133.994897774, 34.203635337 ], [ 134.003497008000011, 34.203796505000099 ], [ 134.024175975, 34.210220221 ], [ 134.03120561, 34.215590116 ], [ 134.038414739, 34.226330704000098 ], [ 134.043251688, 34.229178471000097 ], [ 134.08368714, 34.228171468 ], [ 134.098240818, 34.229236663000101 ], [ 134.103203343, 34.230388640000101 ], [ 134.10916068200001, 34.234592290000101 ], [ 134.139765648, 34.244886783 ], [ 134.159363873, 34.2461970620001 ], [ 134.199309134, 34.252695195000101 ], [ 134.218824411000014, 34.252603633 ], [ 134.243425032, 34.258249736 ], [ 134.248680592999989, 34.2581986490001 ] ] } },
{ "type": "Feature", "properties": { "average_dip": "(30.0,,)", "average_rake": null, "catalog_id": "GFE_68494", "catalog_name": "GEM Faulted Earth", "dip_dir": "270", "lower_seis_depth": "(20.0,,)", "name": "Koide", "net_slip_rate": "(1.0,,)", "slip_type": "Reverse", "upper_seis_depth": "(0.0,,)", "downthrown_side_id": null, "reference": null, "epistemic_quality": null, "accuracy": null, "activity_confidence": "1", "fs_name": "Muikamachi", "last_movement": "(4710,82,)", "downthrown_side_dir": "226", "vert_sep_rate": null, "strike_slip_rate": null, "exposure_quality": null, "shortening_rate": null, "notes": null, "index_right": 189, "NAME_EN": "Japan" }, "geometry": { "type": "LineString", "coordinates": [ [ 138.995310687, 37.313683789 ], [ 138.973923395000014, 37.294078477 ], [ 138.971286963000011, 37.284337466000103 ], [ 138.9722004, 37.274000755 ], [ 138.957209751, 37.249568176 ], [ 138.953922406, 37.217350814 ], [ 138.950486129000012, 37.2073898740001 ], [ 138.948300505, 37.203032318000098 ], [ 138.927849077, 37.184516906000098 ], [ 138.910722865999986, 37.151598704 ] ] } },
{ "type": "Feature", "properties": { "average_dip": "(60.0,,)", "average_rake": null, "catalog_id": "GFE_68495", "catalog_name": "GEM Faulted Earth", "dip_dir": "360", "lower_seis_depth": "(20.0,,)", "name": "Hitoyoshi", "net_slip_rate": "(0.3,,)", "slip_type": "Normal", "upper_seis_depth": "(0.0,,)", "downthrown_side_id": null, "reference": null, "epistemic_quality": null, "accuracy": null, "activity_confidence": "1", "fs_name": "Hitoyoshi", "last_movement": "(7250,3240,)", "downthrown_side_dir": "227", "vert_sep_rate": null, "strike_slip_rate": null, "exposure_quality": null, "shortening_rate": null, "notes": null, "index_right": 189, "NAME_EN": "Japan" }, "geometry": { "type": "LineString", "coordinates": [ [ 130.801349169, 32.160277386000097 ], [ 130.820398339, 32.165634132 ], [ 130.824733891, 32.168118931 ], [ 130.829462283999987, 32.175446191 ], [ 130.837212468, 32.180415773 ], [ 130.844569758, 32.182636657 ], [ 130.855078627000012, 32.190353980000097 ], [ 130.864274712999986, 32.194144722 ], [ 130.912884192, 32.201975735000097 ], [ 130.926414785, 32.209953084000098 ], [ 130.949402129, 32.233891807000099 ], [ 130.967530139, 32.248672474 ], [ 130.981323775, 32.254032125 ], [ 130.98973083300001, 32.261618424000098 ], [ 130.998400941, 32.266326054 ] ] } },
{ "type": "Feature", "properties": { "average_dip": "(60.0,,)", "average_rake": null, "catalog_id": "GFE_68496", "catalog_name": "GEM Faulted Earth", "dip_dir": "180", "lower_seis_depth": "(20.0,,)", "name": "Yunotake", "net_slip_rate": "(0.0,,)", "slip_type": "Normal", "upper_seis_depth": "(0.0,,)", "downthrown_side_id": null, "reference": null, "epistemic_quality": null, "accuracy": null, "activity_confidence": "1", "fs_name": "Yunotake", "last_movement": "(,,-61)", "downthrown_side_dir": "230", "vert_sep_rate": null, "strike_slip_rate": null, "exposure_quality": null, "shortening_rate": null, "notes": null, "index_right": 189, "NAME_EN": "Japan" }, "geometry": { "type": "LineString", "coordinates": [ [ 140.689340076, 37.06151685 ], [ 140.706099819, 37.057515782000102 ], [ 140.723596728, 37.048336327000101 ], [ 140.737087026000012, 37.038123877 ], [ 140.748655155, 37.035456509 ], [ 140.778750524, 37.014141797 ], [ 140.815971053, 36.998150679 ] ] } },
{ "type": "Feature", "properties": { "average_dip": "(45.0,,)", "average_rake": null, "catalog_id": "GFE_68497", "catalog_name": "GEM Faulted Earth", "dip_dir": "270", "lower_seis_depth": "(20.0,,)", "name": "Warikurayama", "net_slip_rate": "(0.0,,)", "slip_type": "Reverse", "upper_seis_depth": "(0.0,,)", "downthrown_side_id": null, "reference": null, "epistemic_quality": null, "accuracy": null, "activity_confidence": "1", "fs_name": "Kawafune", "last_movement": null, "downthrown_side_dir": "226", "vert_sep_rate": null, "strike_slip_rate": null, "exposure_quality": null, "shortening_rate": null, "notes": null, "index_right": 189, "NAME_EN": "Japan" }, "geometry": { "type": "LineString", "coordinates": [ [ 140.722159782, 39.422838799 ], [ 140.713846069999988, 39.411659866 ], [ 140.704640096, 39.387151475000103 ], [ 140.706561054, 39.364353214000097 ], [ 140.72092352300001, 39.329222772 ], [ 140.720011062, 39.3199338370001 ], [ 140.713565816999989, 39.295850475000101 ], [ 140.704895670000013, 39.273740815000103 ] ] } },
{ "type": "Feature", "properties": { "average_dip": "(45.0,,)", "average_rake": null, "catalog_id": "GFE_68499", "catalog_name": "GEM Faulted Earth", "dip_dir": "270", "lower_seis_depth": "(20.0,,)", "name": "Yonezawa", "net_slip_rate": "None", "slip_type": "Reverse", "upper_seis_depth": "(0.0,,)", "downthrown_side_id": null, "reference": null, "epistemic_quality": null, "accuracy": null, "activity_confidence": "1", "fs_name": "Nagaibonchi-seien", "last_movement": "(6628,82,)", "downthrown_side_dir": "226", "vert_sep_rate": "(0.20500000000000002, 0.15, 0.26)", "strike_slip_rate": null, "exposure_quality": null, "shortening_rate": null, "notes": null, "index_right": 189, "NAME_EN": "Japan" }, "geometry": { "type": "LineString", "coordinates": [ [ 140.048938249, 38.047513002000102 ], [ 140.045210988, 38.038422952000097 ], [ 140.045084515000013, 38.027060268000099 ], [ 140.039069985999987, 38.006249514 ], [ 140.045717184000011, 37.989109694 ], [ 140.065739265, 37.970869380000103 ], [ 140.06886735, 37.962980385 ], [ 140.070079904000011, 37.948433108000103 ], [ 140.077978592, 37.9401312950001 ], [ 140.079874036, 37.926670911 ], [ 140.08259407, 37.920686682000103 ], [ 140.083663955, 37.899071219000099 ], [ 140.09033667, 37.892537166000103 ], [ 140.095911842, 37.877985012000103 ], [ 140.09644440400001, 37.8645265870001 ], [ 140.093843121, 37.853654773000102 ] ] } },
{ "type": "Feature", "properties": { "average_dip": null, "average_rake": null, "catalog_id": "GFE_68501", "catalog_name": "GEM Faulted Earth", "dip_dir": null, "lower_seis_depth": "(20.0,,)", "name": "Kamogawachikotai-minami", "net_slip_rate": "(0.0,,)", "slip_type": null, "upper_seis_depth": "(0.0,,)", "downthrown_side_id": null, "reference": null, "epistemic_quality": null, "accuracy": null, "activity_confidence": "1", "fs_name": "Kamogawachikotai-minami", "last_movement": null, "downthrown_side_dir": null, "vert_sep_rate": null, "strike_slip_rate": null, "exposure_quality": null, "shortening_rate": null, "notes": null, "index_right": 189, "NAME_EN": "Japan" }, "geometry": { "type": "LineString", "coordinates": [ [ 139.827090723, 35.074787159 ], [ 139.849507482, 35.08381674 ], [ 139.86354419700001, 35.086459815000097 ], [ 139.909489353999987, 35.085806103 ], [ 139.915713767999989, 35.08739209 ], [ 139.931719623, 35.096552722000098 ], [ 139.935831888, 35.096794622000097 ], [ 139.943613981, 35.095950097000099 ], [ 139.952652889, 35.091852195000101 ], [ 139.976754653, 35.086871765000097 ], [ 139.999169673000011, 35.086338629000103 ], [ 140.018332286, 35.083590235 ], [ 140.034753838, 35.085297480000101 ], [ 140.048925513, 35.088719474000101 ], [ 140.102544212, 35.083554477000099 ] ] } },
{ "type": "Feature", "properties": { "average_dip": "(45.0,,)", "average_rake": null, "catalog_id": "GFE_68502", "catalog_name": "GEM Faulted Earth", "dip_dir": "270", "lower_seis_depth": "(20.0,,)", "name": "Ogose", "net_slip_rate": "(0.0,,)", "slip_type": "Reverse", "upper_seis_depth": "(0.0,,)", "downthrown_side_id": null, "reference": null, "epistemic_quality": null, "accuracy": null, "activity_confidence": "1", "fs_name": "Ogose", "last_movement": null, "downthrown_side_dir": "226", "vert_sep_rate": null, "strike_slip_rate": null, "exposure_quality": null, "shortening_rate": null, "notes": null, "index_right": 189, "NAME_EN": "Japan" }, "geometry": { "type": "LineString", "coordinates": [ [ 139.259677831, 36.010517492000098 ], [ 139.264462763000012, 36.002018586000098 ], [ 139.264630340999986, 35.987324261 ], [ 139.267114989, 35.977691577 ], [ 139.270536299000014, 35.9748766330001 ], [ 139.288422141000012, 35.970156403 ], [ 139.291693937, 35.967316253 ], [ 139.297886132, 35.941812903 ], [ 139.299550886, 35.939424246 ], [ 139.309084338, 35.934546928 ], [ 139.309642964, 35.900741297 ], [ 139.311233247, 35.890295526 ] ] } },
{ "type": "Feature", "properties": { "average_dip": "(90.0,,)", "average_rake": null, "catalog_id": "GFE_68503", "catalog_name": "GEM Faulted Earth", "dip_dir": null, "lower_seis_depth": "(20.0,,)", "name": "Morishige", "net_slip_rate": "(0.0,,)", "slip_type": "Sinistral", "upper_seis_depth": "(0.0,,)", "downthrown_side_id": null, "reference": null, "epistemic_quality": null, "accuracy": null, "activity_confidence": "1", "fs_name": "Shogawa", "last_movement": null, "downthrown_side_dir": null, "vert_sep_rate": null, "strike_slip_rate": null, "exposure_quality": null, "shortening_rate": null, "notes": null, "index_right": 189, "NAME_EN": "Japan" }, "geometry": { "type": "LineString", "coordinates": [ [ 136.913943773, 36.244809048 ], [ 136.916762904, 36.234862268 ], [ 136.927869713, 36.2141829340001 ], [ 136.934138435, 36.206962925 ], [ 136.966710627, 36.179051963000099 ], [ 136.985125442999987, 36.167533753 ] ] } },
{ "type": "Feature", "properties": { "average_dip": "(90.0,,)", "average_rake": null, "catalog_id": "GFE_68504", "catalog_name": "GEM Faulted Earth", "dip_dir": null, "lower_seis_depth": "(20.0,,)", "name": "Sakashita", "net_slip_rate": "None", "slip_type": "Sinistral", "upper_seis_depth": "(0.0,,)", "downthrown_side_id": null, "reference": null, "epistemic_quality": null, "accuracy": null, "activity_confidence": "1", "fs_name": "Atera", "last_movement": "(415,353,364)", "downthrown_side_dir": "233", "vert_sep_rate": "(0.60499999999999998, 0.38, 0.83)", "strike_slip_rate": "(2.8099999999999996, 2.8, 2.82)", "exposure_quality": null, "shortening_rate": null, "notes": null, "index_right": 189, "NAME_EN": "Japan" }, "geometry": { "type": "LineString", "coordinates": [ [ 137.344463344, 35.7343485540001 ], [ 137.356895701000013, 35.7226362070001 ], [ 137.375553524999987, 35.713842491 ], [ 137.389710068999989, 35.68996077 ], [ 137.401877281999987, 35.682685907000099 ], [ 137.443262825, 35.652156437 ], [ 137.492362162, 35.609309566 ], [ 137.529429045, 35.579870859 ], [ 137.54991052, 35.560971565 ], [ 137.55785382, 35.5466983600001 ], [ 137.564567535, 35.538776432000098 ], [ 137.603811487, 35.50254955 ] ] } },
{ "type": "Feature", "properties": { "average_dip": "(90.0,,)", "average_rake": null, "catalog_id": "GFE_68505", "catalog_name": "GEM Faulted Earth", "dip_dir": null, "lower_seis_depth": "(20.0,,)", "name": "Shirakawa", "net_slip_rate": "(0.3,,)", "slip_type": "Dextral", "upper_seis_depth": "(0.0,,)", "downthrown_side_id": null, "reference": null, "epistemic_quality": null, "accuracy": null, "activity_confidence": "1", "fs_name": "Shirakawa", "last_movement": null, "downthrown_side_dir": "227", "vert_sep_rate": null, "strike_slip_rate": null, "exposure_quality": null, "shortening_rate": null, "notes": null, "index_right": 189, "NAME_EN": "Japan" }, "geometry": { "type": "LineString", "coordinates": [ [ 137.29116005, 35.626375582 ], [ 137.304418406999986, 35.639361427 ], [ 137.312648566, 35.642656256000102 ], [ 137.334138101, 35.658404991000097 ], [ 137.361853585, 35.671495421 ], [ 137.368917182, 35.676756607000101 ], [ 137.370981302, 35.680381159 ], [ 137.386626312, 35.690639615000102 ] ] } },
{ "type": "Feature", "properties": { "average_dip": "(90.0,,)", "average_rake": null, "catalog_id": "GFE_68506", "catalog_name": "GEM Faulted Earth", "dip_dir": null, "lower_seis_depth": "(20.0,,)", "name": "Oppa", "net_slip_rate": "(0.1,,)", "slip_type": "Sinistral", "upper_seis_depth": "(0.0,,)", "downthrown_side_id": null, "reference": null, "epistemic_quality": null, "accuracy": null, "activity_confidence": "1", "fs_name": "Nobi", "last_movement": null, "downthrown_side_dir": null, "vert_sep_rate": null, "strike_slip_rate": null, "exposure_quality": null, "shortening_rate": null, "notes": null, "index_right": 189, "NAME_EN": "Japan" }, "geometry": { "type": "LineString", "coordinates": [ [ 136.542126569, 35.764323242 ], [ 136.559001392, 35.755925621000102 ], [ 136.589164175, 35.744066724 ], [ 136.601502203, 35.74098738 ], [ 136.630704156, 35.726860721 ], [ 136.652147518, 35.720147019 ], [ 136.671677168, 35.710224638000099 ] ] } },
{ "type": "Feature", "properties": { "average_dip": "(90.0,,)", "average_rake": null, "catalog_id": "GFE_68508", "catalog_name": "GEM Faulted Earth", "dip_dir": null, "lower_seis_depth": "(20.0,,)", "name": "Kawanishi", "net_slip_rate": "None", "slip_type": "Dextral", "upper_seis_depth": "(0.0,,)", "downthrown_side_id": null, "reference": null, "epistemic_quality": null, "accuracy": null, "activity_confidence": "1", "fs_name": "Rokko", "last_movement": "(382,82,354)", "downthrown_side_dir": null, "vert_sep_rate": null, "strike_slip_rate": "(0.78499999999999992, 0.57, 1.0)", "exposure_quality": null, "shortening_rate": null, "notes": null, "index_right": 189, "NAME_EN": "Japan" }, "geometry": { "type": "LineString", "coordinates": [ [ 135.252213194, 34.801389114000102 ], [ 135.288355894, 34.804800555 ], [ 135.338437076, 34.816803336000099 ], [ 135.419631649, 34.8249902740001 ], [ 135.463430454, 34.835002143000096 ], [ 135.480902856, 34.836764346000102 ], [ 135.499235022, 34.843250029 ], [ 135.526527564, 34.844955467 ] ] } },
{ "type": "Feature", "properties": { "average_dip": "(90.0,,)", "average_rake": null, "catalog_id": "GFE_68509", "catalog_name": "GEM Faulted Earth", "dip_dir": null, "lower_seis_depth": "(20.0,,)", "name": "Jumantsuji", "net_slip_rate": "(0.1,,)", "slip_type": "Sinistral", "upper_seis_depth": "(0.0,,)", "downthrown_side_id": null, "reference": null, "epistemic_quality": null, "accuracy": null, "activity_confidence": "1", "fs_name": "Jumantsuji", "last_movement": null, "downthrown_side_dir": null, "vert_sep_rate": null, "strike_slip_rate": null, "exposure_quality": null, "shortening_rate": null, "notes": null, "index_right": 189, "NAME_EN": "Japan" }, "geometry": { "type": "LineString", "coordinates": [ [ 135.278465342, 34.876332141 ], [ 135.327071210000014, 34.863273558000103 ], [ 135.354279278, 34.858119974 ], [ 135.382869066000012, 34.849106666000097 ], [ 135.420315069, 34.840276542 ] ] } },
{ "type": "Feature", "properties": { "average_dip": "(60.0,,)", "average_rake": null, "catalog_id": "GFE_68510", "catalog_name": "GEM Faulted Earth", "dip_dir": "360", "lower_seis_depth": "(20.0,,)", "name": "Iyo", "net_slip_rate": "(1.7,,)", "slip_type": "Dextral", "upper_seis_depth": "(0.0,,)", "downthrown_side_id": null, "reference": null, "epistemic_quality": null, "accuracy": null, "activity_confidence": "1", "fs_name": "Chuokozosen(MTL)", "last_movement": "(618,218,)", "downthrown_side_dir": "227", "vert_sep_rate": null, "strike_slip_rate": "(0.065000000000000002, 0.03, 0.1)", "exposure_quality": null, "shortening_rate": null, "notes": null, "index_right": 189, "NAME_EN": "Japan" }, "geometry": { "type": "LineString", "coordinates": [ [ 132.776001747, 33.787426072000102 ], [ 132.763962940999988, 33.783326292 ], [ 132.760731455000013, 33.7756731 ], [ 132.754155118999989, 33.773013268000099 ], [ 132.750190321, 33.76683316 ], [ 132.744792262, 33.762588266000101 ], [ 132.701879833, 33.737202284 ], [ 132.667214638, 33.712810359000102 ], [ 132.647820675, 33.702279164000103 ], [ 132.572241285, 33.672380033 ], [ 132.540085355, 33.665401174000102 ] ] } },
{ "type": "Feature", "properties": { "average_dip": "(60.0,,)", "average_rake": null, "catalog_id": "GFE_68511", "catalog_name": "GEM Faulted Earth", "dip_dir": "360", "lower_seis_depth": "(20.0,,)", "name": "Futagawa", "net_slip_rate": "None", "slip_type": "Dextral", "upper_seis_depth": "(0.0,,)", "downthrown_side_id": null, "reference": null, "epistemic_quality": null, "accuracy": null, "activity_confidence": "1", "fs_name": "Futagawa-Hinagu", "last_movement": "(6722,2220,)", "downthrown_side_dir": "227", "vert_sep_rate": "(0.77000000000000002, 0.47, 1.07)", "strike_slip_rate": null, "exposure_quality": null, "shortening_rate": null, "notes": null, "index_right": 189, "NAME_EN": "Japan" }, "geometry": { "type": "LineString", "coordinates": [ [ 130.779164006, 32.748180358000099 ], [ 130.824547064, 32.770807112000099 ], [ 130.835958963, 32.784837248 ], [ 130.85346708, 32.796873206 ], [ 130.862217041, 32.806606263 ], [ 130.869657231, 32.81207578 ], [ 130.897790436, 32.822592111000098 ], [ 130.919675047999988, 32.838892667 ], [ 130.963237588, 32.860131069 ], [ 130.969691860000012, 32.865819543 ], [ 130.986875073, 32.875231796 ] ] } },
{ "type": "Feature", "properties": { "average_dip": "(90.0,,)", "average_rake": null, "catalog_id": "GFE_68512", "catalog_name": "GEM Faulted Earth", "dip_dir": null, "lower_seis_depth": "(20.0,,)", "name": "Kusatani", "net_slip_rate": "None", "slip_type": "Dextral", "upper_seis_depth": "(0.0,,)", "downthrown_side_id": null, "reference": null, "epistemic_quality": null, "accuracy": null, "activity_confidence": "1", "fs_name": "Kusatani", "last_movement": "(1602,889,)", "downthrown_side_dir": null, "vert_sep_rate": null, "strike_slip_rate": "(0.17499999999999999, 0.15, 0.2)", "exposure_quality": null, "shortening_rate": null, "notes": null, "index_right": 189, "NAME_EN": "Japan" }, "geometry": { "type": "LineString", "coordinates": [ [ 134.888468759, 34.727890222 ], [ 134.919282542, 34.742717223000099 ], [ 134.930973116, 34.7544991400001 ], [ 134.993476593999986, 34.784443133 ], [ 135.009096112, 34.787491139000103 ] ] } },
{ "type": "Feature", "properties": { "average_dip": "(60.0,,)", "average_rake": null, "catalog_id": "GFE_68513", "catalog_name": "GEM Faulted Earth", "dip_dir": "360", "lower_seis_depth": "(20.0,,)", "name": "Taki", "net_slip_rate": "(0.0,,)", "slip_type": "Reverse", "upper_seis_depth": "(0.0,,)", "downthrown_side_id": null, "reference": null, "epistemic_quality": null, "accuracy": null, "activity_confidence": "1", "fs_name": "Taki", "last_movement": null, "downthrown_side_dir": "230", "vert_sep_rate": null, "strike_slip_rate": null, "exposure_quality": null, "shortening_rate": null, "notes": null, "index_right": 189, "NAME_EN": "Japan" }, "geometry": { "type": "LineString", "coordinates": [ [ 136.41269157, 34.453516745000101 ], [ 136.555732632, 34.469018376000101 ], [ 136.597057052999986, 34.468991360000103 ], [ 136.639026323, 34.471741046 ] ] } },
{ "type": "Feature", "properties": { "average_dip": "(90.0,,)", "average_rake": null, "catalog_id": "GFE_68514", "catalog_name": "GEM Faulted Earth", "dip_dir": null, "lower_seis_depth": "(20.0,,)", "name": "Goshodani", "net_slip_rate": "(0.1,,)", "slip_type": "Dextral", "upper_seis_depth": "(0.0,,)", "downthrown_side_id": null, "reference": null, "epistemic_quality": null, "accuracy": null, "activity_confidence": "1", "fs_name": "Goshodani", "last_movement": null, "downthrown_side_dir": "230", "vert_sep_rate": null, "strike_slip_rate": null, "exposure_quality": null, "shortening_rate": null, "notes": null, "index_right": 189, "NAME_EN": "Japan" }, "geometry": { "type": "LineString", "coordinates": [ [ 134.997111147999988, 34.936936734 ], [ 135.026165152, 34.949534953000096 ], [ 135.050443249000011, 34.971839950000103 ], [ 135.061212077, 34.978310454000102 ], [ 135.106675298, 35.000612939000099 ], [ 135.150082891000011, 35.017297023 ], [ 135.180508568, 35.035855594000097 ], [ 135.208367638999988, 35.049475673000103 ], [ 135.22870555, 35.057988166 ], [ 135.264591028000012, 35.068201824 ] ] } },
{ "type": "Feature", "properties": { "average_dip": "(35.0,,)", "average_rake": null, "catalog_id": "GFE_68515", "catalog_name": "GEM Faulted Earth", "dip_dir": "90", "lower_seis_depth": "(20.0,,)", "name": "Takadaheiya-toen", "net_slip_rate": "(1.51,1.51,1.51)", "slip_type": "Reverse", "upper_seis_depth": "(0.0,,)", "downthrown_side_id": null, "reference": null, "epistemic_quality": null, "accuracy": null, "activity_confidence": "1", "fs_name": "Takadaheiya-toen", "last_movement": "(450,82,)", "downthrown_side_dir": "233", "vert_sep_rate": "(0.87, 0.87, 0.87)", "strike_slip_rate": null, "exposure_quality": null, "shortening_rate": null, "notes": null, "index_right": 189, "NAME_EN": "Japan" }, "geometry": { "type": "LineString", "coordinates": [ [ 138.38241697, 37.206814650000098 ], [ 138.376337702, 37.202073038 ], [ 138.371977119, 37.201283013000101 ], [ 138.364971065, 37.193378743 ], [ 138.359682096, 37.179807177 ], [ 138.35928346, 37.171901083000101 ], [ 138.355713916000013, 37.168476385000098 ], [ 138.35399526, 37.1638638740001 ], [ 138.35306767, 37.155957767000103 ], [ 138.346987501, 37.1488444290001 ], [ 138.348625878, 37.136223032 ], [ 138.363017039, 37.125113211 ], [ 138.36711573, 37.113425068 ], [ 138.35754445, 37.103640951 ], [ 138.337590477, 37.097059183000098 ], [ 138.334021904999986, 37.094292409 ], [ 138.323974475999989, 37.0776920650001 ], [ 138.323705214, 37.0604290590001 ], [ 138.322117599, 37.054499703 ], [ 138.312203096, 37.039348195000102 ], [ 138.303217069999988, 37.034870475 ], [ 138.288417392000014, 37.034348143 ], [ 138.280752229, 37.030397398 ], [ 138.267141587, 37.0264484940001 ], [ 138.257704007, 37.019488752 ], [ 138.255373658, 37.001283097000098 ] ] } },
{ "type": "Feature", "properties": { "average_dip": "(60.0,,)", "average_rake": null, "catalog_id": "GFE_68516", "catalog_name": "GEM Faulted Earth", "dip_dir": "90", "lower_seis_depth": "(20.0,,)", "name": "Hatanagisan", "net_slip_rate": "(0.0,,)", "slip_type": "Reverse", "upper_seis_depth": "(0.0,,)", "downthrown_side_id": null, "reference": null, "epistemic_quality": null, "accuracy": null, "activity_confidence": "1", "fs_name": "Hatanagisan", "last_movement": null, "downthrown_side_dir": "233", "vert_sep_rate": null, "strike_slip_rate": null, "exposure_quality": null, "shortening_rate": null, "notes": null, "index_right": 189, "NAME_EN": "Japan" }, "geometry": { "type": "LineString", "coordinates": [ [ 138.143937994, 35.337763928000101 ], [ 138.160210863, 35.357060151 ], [ 138.17248168, 35.386785089000099 ], [ 138.201463692, 35.426044370000099 ], [ 138.212835012, 35.444455568 ] ] } },
{ "type": "Feature", "properties": { "average_dip": "(45.0,,)", "average_rake": null, "catalog_id": "GFE_68517", "catalog_name": "GEM Faulted Earth", "dip_dir": "270", "lower_seis_depth": "(20.0,,)", "name": "Higashitoikanbetsu", "net_slip_rate": "(0.24,,0.20)", "slip_type": "Reverse", "upper_seis_depth": "(0.0,,)", "downthrown_side_id": null, "reference": null, "epistemic_quality": null, "accuracy": null, "activity_confidence": "1", "fs_name": "Higashitoikanbetsu", "last_movement": null, "downthrown_side_dir": "226", "vert_sep_rate": "(0.17,,)", "strike_slip_rate": null, "exposure_quality": null, "shortening_rate": null, "notes": null, "index_right": 189, "NAME_EN": "Japan" }, "geometry": { "type": "LineString", "coordinates": [ [ 142.088483727000011, 45.055039489000102 ], [ 142.103527386, 45.024532789 ], [ 142.100009215999989, 45.0026103860001 ], [ 142.096119191000014, 44.993726354 ], [ 142.098481674999988, 44.983335723 ], [ 142.091939872000012, 44.966823815000097 ], [ 142.087317348999989, 44.960982665000103 ], [ 142.075655824, 44.9513007420001 ], [ 142.063017753, 44.9287002780001 ], [ 142.055664029000013, 44.920652874 ], [ 142.054482597, 44.91616435 ], [ 142.054949325, 44.902050303000102 ], [ 142.050774444000012, 44.8913714830001 ], [ 142.054742284000014, 44.873422842 ] ] } },
{ "type": "Feature", "properties": { "average_dip": "(45.0,,)", "average_rake": null, "catalog_id": "GFE_68518", "catalog_name": "GEM Faulted Earth", "dip_dir": "90", "lower_seis_depth": "(20.0,,)", "name": "Horonobe", "net_slip_rate": "None", "slip_type": "Reverse", "upper_seis_depth": "(0.0,,)", "downthrown_side_id": null, "reference": null, "epistemic_quality": null, "accuracy": null, "activity_confidence": "1", "fs_name": "Horonobe", "last_movement": null, "downthrown_side_dir": "233", "vert_sep_rate": "(0.29999999999999999, 0.1, 0.5)", "strike_slip_rate": null, "exposure_quality": null, "shortening_rate": null, "notes": null, "index_right": 189, "NAME_EN": "Japan" }, "geometry": { "type": "LineString", "coordinates": [ [ 141.841220666999988, 45.412907498 ], [ 141.848737885, 45.384929242000098 ], [ 141.855315262, 45.370367282000103 ], [ 141.863839033, 45.361884632000098 ], [ 141.871103154, 45.350076352 ], [ 141.873878577999989, 45.340099689000098 ], [ 141.878775735, 45.331046984000103 ], [ 141.879466326, 45.321528193000098 ], [ 141.894652829, 45.29320224 ], [ 141.909033568000012, 45.248017355000101 ], [ 141.908115713, 45.218085046000098 ], [ 141.905010915, 45.204896579 ], [ 141.900410085, 45.194230747000098 ] ] } },
{ "type": "Feature", "properties": { "average_dip": "(45.0,,)", "average_rake": null, "catalog_id": "GFE_68519", "catalog_name": "GEM Faulted Earth", "dip_dir": "90", "lower_seis_depth": "(20.0,,)", "name": "Tazawako-toho", "net_slip_rate": "(0.3,,)", "slip_type": "Reverse", "upper_seis_depth": "(0.0,,)", "downthrown_side_id": null, "reference": null, "epistemic_quality": null, "accuracy": null, "activity_confidence": "1", "fs_name": "Tazawako-toho", "last_movement": null, "downthrown_side_dir": "233", "vert_sep_rate": null, "strike_slip_rate": null, "exposure_quality": null, "shortening_rate": null, "notes": null, "index_right": 189, "NAME_EN": "Japan" }, "geometry": { "type": "LineString", "coordinates": [ [ 140.73666072, 39.758251687 ], [ 140.740680761, 39.750365739000102 ], [ 140.744320226000013, 39.734728695000101 ], [ 140.741615032, 39.7234939410001 ], [ 140.73812868600001, 39.716653644000097 ], [ 140.740086280000014, 39.701407502000102 ], [ 140.731685516999988, 39.691603407000102 ], [ 140.723681038, 39.675469072000098 ], [ 140.715280248, 39.666182916 ] ] } },
{ "type": "Feature", "properties": { "average_dip": "(45.0,,)", "average_rake": null, "catalog_id": "GFE_68520", "catalog_name": "GEM Faulted Earth", "dip_dir": "270", "lower_seis_depth": "(20.0,,)", "name": "Kuroiwayama", "net_slip_rate": "(0.1,,)", "slip_type": "Reverse", "upper_seis_depth": "(0.0,,)", "downthrown_side_id": null, "reference": null, "epistemic_quality": null, "accuracy": null, "activity_confidence": "1", "fs_name": "Tokamachi", "last_movement": null, "downthrown_side_dir": "226", "vert_sep_rate": null, "strike_slip_rate": null, "exposure_quality": null, "shortening_rate": null, "notes": null, "index_right": 189, "NAME_EN": "Japan" }, "geometry": { "type": "LineString", "coordinates": [ [ 138.36529275, 36.9832930950001 ], [ 138.352698951, 36.956686839 ], [ 138.343256782, 36.9294817090001 ], [ 138.337575002, 36.890417103000097 ], [ 138.331864182, 36.873849867 ] ] } },
{ "type": "Feature", "properties": { "average_dip": "(45.0,,)", "average_rake": null, "catalog_id": "GFE_68521", "catalog_name": "GEM Faulted Earth", "dip_dir": "90", "lower_seis_depth": "(20.0,,)", "name": "Mureyama-hokusei", "net_slip_rate": "(0.1,,)", "slip_type": "Reverse", "upper_seis_depth": "(0.0,,)", "downthrown_side_id": null, "reference": null, "epistemic_quality": null, "accuracy": null, "activity_confidence": "1", "fs_name": "Mureyama-hokusei", "last_movement": null, "downthrown_side_dir": "233", "vert_sep_rate": null, "strike_slip_rate": null, "exposure_quality": null, "shortening_rate": null, "notes": null, "index_right": 189, "NAME_EN": "Japan" }, "geometry": { "type": "LineString", "coordinates": [ [ 139.524921422, 38.04114693 ], [ 139.500808064000012, 38.023470758 ], [ 139.48699348, 38.0016170110001 ], [ 139.453792342000014, 37.981441891 ], [ 139.429216373, 37.939449094000103 ] ] } },
{ "type": "Feature", "properties": { "average_dip": "(45.0,,)", "average_rake": null, "catalog_id": "GFE_68522", "catalog_name": "GEM Faulted Earth", "dip_dir": "270", "lower_seis_depth": "(20.0,,)", "name": "Kajigawa", "net_slip_rate": "None", "slip_type": "Reverse", "upper_seis_depth": "(0.0,,)", "downthrown_side_id": null, "reference": null, "epistemic_quality": null, "accuracy": null, "activity_confidence": "1", "fs_name": "Kushigatasanmyaku", "last_movement": "(3150,2630,)", "downthrown_side_dir": "226", "vert_sep_rate": "(0.32500000000000001, 0.15, 0.5)", "strike_slip_rate": null, "exposure_quality": null, "shortening_rate": null, "notes": null, "index_right": 189, "NAME_EN": "Japan" }, "geometry": { "type": "LineString", "coordinates": [ [ 139.490369666, 38.103321712 ], [ 139.473733635, 38.09204756 ], [ 139.469446241000014, 38.086967032000103 ], [ 139.458397702000013, 38.078812125000098 ], [ 139.435101751, 38.052151372 ], [ 139.425302851, 38.043693804 ], [ 139.4064701, 38.035158308000099 ], [ 139.393506722000012, 38.024390201000102 ], [ 139.382480295, 38.010874468000097 ], [ 139.375458742, 37.99226944 ] ] } },
{ "type": "Feature", "properties": { "average_dip": "(45.0,,)", "average_rake": null, "catalog_id": "GFE_68523", "catalog_name": "GEM Faulted Earth", "dip_dir": "360", "lower_seis_depth": "(20.0,,)", "name": "Yamauchi", "net_slip_rate": "(0.0,,)", "slip_type": "Reverse", "upper_seis_depth": "(0.0,,)", "downthrown_side_id": null, "reference": null, "epistemic_quality": null, "accuracy": null, "activity_confidence": "1", "fs_name": "Yamauchi", "last_movement": null, "downthrown_side_dir": "230", "vert_sep_rate": null, "strike_slip_rate": null, "exposure_quality": null, "shortening_rate": null, "notes": null, "index_right": 189, "NAME_EN": "Japan" }, "geometry": { "type": "LineString", "coordinates": [ [ 132.872204905, 34.814309984 ], [ 132.890088281, 34.814718317 ], [ 132.911603678, 34.812889960000099 ], [ 132.920632527, 34.81439211 ], [ 132.949605131999988, 34.839909668000097 ], [ 132.966257901, 34.863194329000102 ] ] } },
{ "type": "Feature", "properties": { "average_dip": "(90.0,,)", "average_rake": null, "catalog_id": "GFE_68524", "catalog_name": "GEM Faulted Earth", "dip_dir": null, "lower_seis_depth": "(20.0,,)", "name": "Seinaiji", "net_slip_rate": "(0.5,,)", "slip_type": "Dextral", "upper_seis_depth": "(0.0,,)", "downthrown_side_id": null, "reference": null, "epistemic_quality": null, "accuracy": null, "activity_confidence": "1", "fs_name": "Seinaiji", "last_movement": null, "downthrown_side_dir": null, "vert_sep_rate": null, "strike_slip_rate": null, "exposure_quality": null, "shortening_rate": null, "notes": null, "index_right": 189, "NAME_EN": "Japan" }, "geometry": { "type": "LineString", "coordinates": [ [ 137.70815592400001, 35.674770521 ], [ 137.707127252, 35.668494212 ], [ 137.698328764, 35.64879324 ], [ 137.683227186000011, 35.619462208000101 ], [ 137.673338793999989, 35.573163243000103 ], [ 137.663514079, 35.546228877 ], [ 137.664511471999987, 35.49583784 ], [ 137.669621686999989, 35.4853601 ], [ 137.67063955, 35.469579774000103 ], [ 137.665235115, 35.4503990360001 ], [ 137.669834998999988, 35.416186049 ], [ 137.670241731, 35.395661396 ], [ 137.667428659, 35.377372407000102 ], [ 137.667556367, 35.358103603000103 ] ] } },
{ "type": "Feature", "properties": { "average_dip": "(90.0,,)", "average_rake": null, "catalog_id": "GFE_68526", "catalog_name": "GEM Faulted Earth", "dip_dir": null, "lower_seis_depth": "(20.0,,)", "name": "Kakarikitoge", "net_slip_rate": "(0.1,,)", "slip_type": "Dextral", "upper_seis_depth": "(0.0,,)", "downthrown_side_id": null, "reference": null, "epistemic_quality": null, "accuracy": null, "activity_confidence": "1", "fs_name": "Kakarikitoge", "last_movement": null, "downthrown_side_dir": "227", "vert_sep_rate": null, "strike_slip_rate": null, "exposure_quality": null, "shortening_rate": null, "notes": null, "index_right": 189, "NAME_EN": "Japan" }, "geometry": { "type": "LineString", "coordinates": [ [ 137.352958009, 35.563663295 ], [ 137.379790152999988, 35.57753338 ], [ 137.39488544400001, 35.588070553000101 ], [ 137.42140734, 35.609252795 ], [ 137.439232086, 35.627936106 ] ] } },
{ "type": "Feature", "properties": { "average_dip": "(90.0,,)", "average_rake": null, "catalog_id": "GFE_68527", "catalog_name": "GEM Faulted Earth", "dip_dir": null, "lower_seis_depth": "(20.0,,)", "name": "Atotsugawa", "net_slip_rate": "None", "slip_type": "Dextral", "upper_seis_depth": "(0.0,,)", "downthrown_side_id": null, "reference": null, "epistemic_quality": null, "accuracy": null, "activity_confidence": "1", "fs_name": "Atotsugawa", "last_movement": "(151,,92)", "downthrown_side_dir": "230", "vert_sep_rate": "(1.14, 1.14, 1.1399999999999999)", "strike_slip_rate": null, "exposure_quality": null, "shortening_rate": null, "notes": null, "index_right": 189, "NAME_EN": "Japan" }, "geometry": { "type": "LineString", "coordinates": [ [ 137.53788529, 36.541143625000103 ], [ 137.533076821, 36.538403818000099 ], [ 137.532734986, 36.534981205000101 ], [ 137.515905933, 36.5231661380001 ], [ 137.511955314, 36.522309136 ], [ 137.492036821999989, 36.503134842000101 ], [ 137.436740845, 36.473675831 ], [ 137.404800501000011, 36.452099508000103 ], [ 137.346927779999987, 36.421782535 ], [ 137.300903447, 36.406015186 ], [ 137.292660332999986, 36.4019044510001 ], [ 137.257972406, 36.375707597 ], [ 137.228092715, 36.358238857000103 ], [ 137.194432032, 36.349151055 ], [ 137.087958081000011, 36.305974353000103 ], [ 137.051208026000012, 36.287646545 ], [ 137.032147192, 36.274974529000097 ], [ 136.988129716, 36.258213360000099 ], [ 136.978164699, 36.255488424000099 ], [ 136.962880020999989, 36.25618996 ], [ 136.950173068999987, 36.258084422 ], [ 136.935926097, 36.264083372000101 ] ] } },
{ "type": "Feature", "properties": { "average_dip": "(90.0,,)", "average_rake": null, "catalog_id": "GFE_68528", "catalog_name": "GEM Faulted Earth", "dip_dir": null, "lower_seis_depth": "(20.0,,)", "name": "Kamiya", "net_slip_rate": "(0.1,,)", "slip_type": "Sinistral", "upper_seis_depth": "(0.0,,)", "downthrown_side_id": null, "reference": null, "epistemic_quality": null, "accuracy": null, "activity_confidence": "1", "fs_name": "Sakaitoge-Kamiya", "last_movement": null, "downthrown_side_dir": null, "vert_sep_rate": null, "strike_slip_rate": null, "exposure_quality": null, "shortening_rate": null, "notes": null, "index_right": 189, "NAME_EN": "Japan" }, "geometry": { "type": "LineString", "coordinates": [ [ 137.786590483, 35.926281741 ], [ 137.802975943, 35.903250796000101 ], [ 137.826680544, 35.885999376 ], [ 137.839038716, 35.879573426 ], [ 137.877757908, 35.865075073000099 ], [ 137.892638891, 35.857893274 ] ] } },
{ "type": "Feature", "properties": { "average_dip": "(90.0,,)", "average_rake": null, "catalog_id": "GFE_68529", "catalog_name": "GEM Faulted Earth", "dip_dir": null, "lower_seis_depth": "(20.0,,)", "name": "Sgo", "net_slip_rate": "(0.0,,)", "slip_type": "Dextral", "upper_seis_depth": "(0.0,,)", "downthrown_side_id": null, "reference": null, "epistemic_quality": null, "accuracy": null, "activity_confidence": "1", "fs_name": "Toichigawa", "last_movement": null, "downthrown_side_dir": "230", "vert_sep_rate": null, "strike_slip_rate": null, "exposure_quality": null, "shortening_rate": null, "notes": null, "index_right": 189, "NAME_EN": "Japan" }, "geometry": { "type": "LineString", "coordinates": [ [ 137.143055432000011, 36.300599364 ], [ 137.190008275, 36.301159485 ], [ 137.210994331, 36.303651728 ], [ 137.253854071, 36.316256358 ], [ 137.285155035, 36.323539311 ], [ 137.288889610000012, 36.326021119000103 ] ] } },
{ "type": "Feature", "properties": { "average_dip": "(90.0,,)", "average_rake": null, "catalog_id": "GFE_68530", "catalog_name": "GEM Faulted Earth", "dip_dir": null, "lower_seis_depth": "(20.0,,)", "name": "Sarake", "net_slip_rate": "(0.1,,)", "slip_type": "Dextral", "upper_seis_depth": "(0.0,,)", "downthrown_side_id": null, "reference": null, "epistemic_quality": null, "accuracy": null, "activity_confidence": "1", "fs_name": "Sarake", "last_movement": null, "downthrown_side_dir": "230", "vert_sep_rate": null, "strike_slip_rate": null, "exposure_quality": null, "shortening_rate": null, "notes": null, "index_right": 189, "NAME_EN": "Japan" }, "geometry": { "type": "LineString", "coordinates": [ [ 136.05108829, 36.027585891000101 ], [ 136.094058851999989, 36.044507976 ], [ 136.104897405, 36.0471428070001 ], [ 136.12952506, 36.061966819000098 ], [ 136.160398038000011, 36.069613686 ], [ 136.174145629, 36.074717431000103 ] ] } },
{ "type": "Feature", "properties": { "average_dip": "(90.0,,)", "average_rake": null, "catalog_id": "GFE_68531", "catalog_name": "GEM Faulted Earth", "dip_dir": null, "lower_seis_depth": "(20.0,,)", "name": "Naru", "net_slip_rate": "(0.1,,)", "slip_type": "Sinistral", "upper_seis_depth": "(0.0,,)", "downthrown_side_id": null, "reference": null, "epistemic_quality": null, "accuracy": null, "activity_confidence": "1", "fs_name": "Nagaragawa-joryu", "last_movement": null, "downthrown_side_dir": null, "vert_sep_rate": null, "strike_slip_rate": null, "exposure_quality": null, "shortening_rate": null, "notes": null, "index_right": 189, "NAME_EN": "Japan" }, "geometry": { "type": "LineString", "coordinates": [ [ 136.876984979000014, 35.875659683 ], [ 136.903758474999989, 35.853013952 ], [ 136.906246095, 35.857334517 ], [ 136.921785333, 35.841229754 ], [ 136.936906814, 35.819615613000103 ] ] } },
{ "type": "Feature", "properties": { "average_dip": "(45.0,,)", "average_rake": null, "catalog_id": "GFE_68532", "catalog_name": "GEM Faulted Earth", "dip_dir": "90", "lower_seis_depth": "(20.0,,)", "name": "Otokoyama", "net_slip_rate": "(0.14,0.14,0.14)", "slip_type": "Reverse", "upper_seis_depth": "(0.0,,)", "downthrown_side_id": null, "reference": null, "epistemic_quality": null, "accuracy": null, "activity_confidence": "1", "fs_name": "Ikoma", "last_movement": null, "downthrown_side_dir": "233", "vert_sep_rate": "(0.1, 0.1, 0.10000000000000001)", "strike_slip_rate": null, "exposure_quality": null, "shortening_rate": null, "notes": null, "index_right": 189, "NAME_EN": "Japan" }, "geometry": { "type": "LineString", "coordinates": [ [ 135.694366487, 34.883614956 ], [ 135.685698456000011, 34.877559446000099 ], [ 135.683557756, 34.874307767000097 ], [ 135.683780837, 34.871392106 ], [ 135.690303368, 34.868363604 ], [ 135.692551286, 34.864999041 ], [ 135.68894292600001, 34.855580033 ], [ 135.692762818, 34.848962877000098 ], [ 135.695004964, 34.83898207 ], [ 135.693989195, 34.834833520000103 ], [ 135.687568062999986, 34.825974382 ], [ 135.68722627, 34.820815963 ], [ 135.681820002, 34.813302695000097 ], [ 135.681027302, 34.806574444 ] ] } },
{ "type": "Feature", "properties": { "average_dip": "(45.0,,)", "average_rake": null, "catalog_id": "GFE_68533", "catalog_name": "GEM Faulted Earth", "dip_dir": "90", "lower_seis_depth": "(20.0,,)", "name": "Sahoda", "net_slip_rate": "(0.0,,)", "slip_type": "Reverse", "upper_seis_depth": "(0.0,,)", "downthrown_side_id": null, "reference": null, "epistemic_quality": null, "accuracy": null, "activity_confidence": "1", "fs_name": "Narabonchi-toen", "last_movement": null, "downthrown_side_dir": "233", "vert_sep_rate": null, "strike_slip_rate": null, "exposure_quality": null, "shortening_rate": null, "notes": null, "index_right": 189, "NAME_EN": "Japan" }, "geometry": { "type": "LineString", "coordinates": [ [ 135.78650378, 34.785268336000101 ], [ 135.783122884, 34.761708944000098 ], [ 135.7880485, 34.744632377000102 ], [ 135.792198295, 34.736025362000099 ], [ 135.79339156, 34.715704429 ], [ 135.795291569, 34.710568058 ], [ 135.803573207, 34.699959460000102 ], [ 135.800090901, 34.688570677 ] ] } },
{ "type": "Feature", "properties": { "average_dip": "(90.0,,)", "average_rake": null, "catalog_id": "GFE_68534", "catalog_name": "GEM Faulted Earth", "dip_dir": null, "lower_seis_depth": "(20.0,,)", "name": "Itami", "net_slip_rate": "(0.5,,)", "slip_type": "Dextral", "upper_seis_depth": "(0.0,,)", "downthrown_side_id": null, "reference": null, "epistemic_quality": null, "accuracy": null, "activity_confidence": "1", "fs_name": "Rokko", "last_movement": "(450,210,354)", "downthrown_side_dir": null, "vert_sep_rate": "(0.19500000000000001, 0.09, 0.3)", "strike_slip_rate": null, "exposure_quality": null, "shortening_rate": null, "notes": null, "index_right": 189, "NAME_EN": "Japan" }, "geometry": { "type": "LineString", "coordinates": [ [ 135.36680862, 34.786050506 ], [ 135.397139638, 34.790276225000099 ], [ 135.425913426, 34.797139471 ], [ 135.451770355, 34.809279813 ], [ 135.462581341, 34.811127852 ], [ 135.471541304, 34.818444223 ], [ 135.505513828, 34.832752375 ] ] } },
{ "type": "Feature", "properties": { "average_dip": "(90.0,,)", "average_rake": null, "catalog_id": "GFE_68535", "catalog_name": "GEM Faulted Earth", "dip_dir": null, "lower_seis_depth": "(20.0,,)", "name": "Biwako", "net_slip_rate": "None", "slip_type": "Sinistral", "upper_seis_depth": "(0.0,,)", "downthrown_side_id": null, "reference": null, "epistemic_quality": null, "accuracy": null, "activity_confidence": "1", "fs_name": "Yamasaki", "last_movement": "(1550,1530,)", "downthrown_side_dir": "230", "vert_sep_rate": null, "strike_slip_rate": "(0.52100000000000002, 0.375, 0.667)", "exposure_quality": null, "shortening_rate": null, "notes": null, "index_right": 189, "NAME_EN": "Japan" }, "geometry": { "type": "LineString", "coordinates": [ [ 134.752694942, 34.962649210000102 ], [ 134.763948965, 34.962019538 ], [ 134.779319857, 34.954404762 ], [ 134.810442448, 34.943913675 ], [ 134.843592174, 34.916161865 ], [ 134.861959748, 34.904252 ], [ 134.890885548, 34.8775311260001 ], [ 134.922476889, 34.843596737 ], [ 134.94496541, 34.828370994000103 ], [ 134.978692332, 34.801417851000103 ], [ 135.010438932999989, 34.789304962000102 ] ] } },
{ "type": "Feature", "properties": { "average_dip": "(45.0,,)", "average_rake": null, "catalog_id": "GFE_68537", "catalog_name": "GEM Faulted Earth", "dip_dir": "360", "lower_seis_depth": "(20.0,,)", "name": "Ayuhara", "net_slip_rate": "(0.0,,)", "slip_type": "Reverse", "upper_seis_depth": "(0.0,,)", "downthrown_side_id": null, "reference": null, "epistemic_quality": null, "accuracy": null, "activity_confidence": "1", "fs_name": "Ayuhara", "last_movement": null, "downthrown_side_dir": "230", "vert_sep_rate": null, "strike_slip_rate": null, "exposure_quality": null, "shortening_rate": null, "notes": null, "index_right": 189, "NAME_EN": "Japan" }, "geometry": { "type": "LineString", "coordinates": [ [ 134.876688613, 34.430634928000103 ], [ 134.865139576, 34.418556508000101 ], [ 134.83085246600001, 34.405677745 ], [ 134.794486395, 34.383457463000099 ], [ 134.778102688, 34.3711434310001 ], [ 134.754140048000011, 34.349665413 ] ] } },
{ "type": "Feature", "properties": { "average_dip": "(60.0,,)", "average_rake": null, "catalog_id": "GFE_68538", "catalog_name": "GEM Faulted Earth", "dip_dir": "270", "lower_seis_depth": "(20.0,,)", "name": "Inaba", "net_slip_rate": "(0.0,,)", "slip_type": "Reverse", "upper_seis_depth": "(0.0,,)", "downthrown_side_id": null, "reference": null, "epistemic_quality": null, "accuracy": null, "activity_confidence": "1", "fs_name": "Shimoina-ryuto", "last_movement": null, "downthrown_side_dir": "226", "vert_sep_rate": null, "strike_slip_rate": null, "exposure_quality": null, "shortening_rate": null, "notes": null, "index_right": 189, "NAME_EN": "Japan" }, "geometry": { "type": "LineString", "coordinates": [ [ 137.945045132, 35.523395782000101 ], [ 137.918905462999987, 35.495155335 ], [ 137.899452694, 35.480671492000099 ], [ 137.887898414, 35.476783218 ], [ 137.860037118, 35.453459169 ], [ 137.849397282000012, 35.420786042 ] ] } },
{ "type": "Feature", "properties": { "average_dip": "(60.0,,)", "average_rake": null, "catalog_id": "GFE_68540", "catalog_name": "GEM Faulted Earth", "dip_dir": "90", "lower_seis_depth": "(20.0,,)", "name": "Kimondaira", "net_slip_rate": "(1.0,,)", "slip_type": "Normal", "upper_seis_depth": "(0.0,,)", "downthrown_side_id": null, "reference": null, "epistemic_quality": null, "accuracy": null, "activity_confidence": "1", "fs_name": "Kimondaira", "last_movement": null, "downthrown_side_dir": "226", "vert_sep_rate": null, "strike_slip_rate": null, "exposure_quality": null, "shortening_rate": null, "notes": null, "index_right": 189, "NAME_EN": "Japan" }, "geometry": { "type": "LineString", "coordinates": [ [ 130.588574747, 31.282024121000099 ], [ 130.580507568, 31.2774894840001 ], [ 130.564374104, 31.272828717 ], [ 130.551098718, 31.254428535 ], [ 130.542120647, 31.2487280120001 ], [ 130.537564257000014, 31.2400459 ], [ 130.534827853, 31.2252715 ], [ 130.529492603, 31.214515349000099 ], [ 130.522071482, 31.204278616000099 ] ] } },
{ "type": "Feature", "properties": { "average_dip": "(60.0,,)", "average_rake": null, "catalog_id": "GFE_80861", "catalog_name": "GEM Faulted Earth", "dip_dir": "270", "lower_seis_depth": "(20.0,,)", "name": "Matsuya", "net_slip_rate": "(0.1,,)", "slip_type": "Reverse", "upper_seis_depth": "(0.0,,)", "downthrown_side_id": null, "reference": null, "epistemic_quality": null, "accuracy": null, "activity_confidence": "1", "fs_name": "Mimikawa", "last_movement": null, "downthrown_side_dir": "226", "vert_sep_rate": null, "strike_slip_rate": null, "exposure_quality": null, "shortening_rate": null, "notes": null, "index_right": 189, "NAME_EN": "Japan" }, "geometry": { "type": "LineString", "coordinates": [ [ 135.990074568000011, 35.618805613000099 ], [ 135.980548925, 35.576640239 ], [ 135.978040994, 35.553025897000097 ], [ 135.97846055, 35.533111717000097 ], [ 135.976183128, 35.525957967000103 ] ] } },
{ "type": "Feature", "properties": { "average_dip": "(60.0,,)", "average_rake": null, "catalog_id": "GFE_80862", "catalog_name": "GEM Faulted Earth", "dip_dir": "360", "lower_seis_depth": "(20.0,,)", "name": "Tokuyama", "net_slip_rate": "(0.0,,)", "slip_type": "Reverse", "upper_seis_depth": "(0.0,,)", "downthrown_side_id": null, "reference": null, "epistemic_quality": null, "accuracy": null, "activity_confidence": "1", "fs_name": "Iwakuni", "last_movement": null, "downthrown_side_dir": "230", "vert_sep_rate": null, "strike_slip_rate": null, "exposure_quality": null, "shortening_rate": null, "notes": null, "index_right": 189, "NAME_EN": "Japan" }, "geometry": { "type": "LineString", "coordinates": [ [ 131.782039504000011, 34.071511251000103 ], [ 131.790291843, 34.068636747 ], [ 131.831473315000011, 34.062318302000101 ] ] } },
{ "type": "Feature", "properties": { "average_dip": "(90.0,,)", "average_rake": null, "catalog_id": "GFE_80876", "catalog_name": "GEM Faulted Earth", "dip_dir": null, "lower_seis_depth": "(20.0,,)", "name": "Kuchiudo", "net_slip_rate": "(0.0,,)", "slip_type": "Dextral", "upper_seis_depth": "(0.0,,)", "downthrown_side_id": null, "reference": null, "epistemic_quality": null, "accuracy": null, "activity_confidence": "1", "fs_name": "Kuchiudo", "last_movement": null, "downthrown_side_dir": null, "vert_sep_rate": null, "strike_slip_rate": null, "exposure_quality": null, "shortening_rate": null, "notes": null, "index_right": 189, "NAME_EN": "Japan" }, "geometry": { "type": "LineString", "coordinates": [ [ 137.202484142, 35.962382829 ], [ 137.238888745999986, 35.990747811000098 ], [ 137.271034455, 36.006500479000103 ], [ 137.294584844000013, 36.020827424000103 ], [ 137.346156936, 36.057134549000097 ], [ 137.367407375999989, 36.075346991000103 ] ] } },
{ "type": "Feature", "properties": { "average_dip": "(90.0,,)", "average_rake": null, "catalog_id": "GFE_80877", "catalog_name": "GEM Faulted Earth", "dip_dir": null, "lower_seis_depth": "(20.0,,)", "name": "Shonokawa", "net_slip_rate": "(0.1,,)", "slip_type": "Dextral", "upper_seis_depth": "(0.0,,)", "downthrown_side_id": null, "reference": null, "epistemic_quality": null, "accuracy": null, "activity_confidence": "1", "fs_name": "Tsuruga", "last_movement": null, "downthrown_side_dir": "233", "vert_sep_rate": null, "strike_slip_rate": null, "exposure_quality": null, "shortening_rate": null, "notes": null, "index_right": 189, "NAME_EN": "Japan" }, "geometry": { "type": "LineString", "coordinates": [ [ 136.112477609, 35.678179718 ], [ 136.099971672, 35.660912617000101 ], [ 136.092954486, 35.646332916000098 ], [ 136.08757512, 35.641924294 ], [ 136.069684542, 35.618591550000097 ], [ 136.064740318, 35.609182514000103 ], [ 136.055117531, 35.599109442 ], [ 136.054239768, 35.594690930000098 ] ] } },
{ "type": "Feature", "properties": { "average_dip": "(60.0,,)", "average_rake": null, "catalog_id": "GFE_80878", "catalog_name": "GEM Faulted Earth", "dip_dir": "90", "lower_seis_depth": "(20.0,,)", "name": "Shimoina-ryuto", "net_slip_rate": "(0.0,,)", "slip_type": "Reverse", "upper_seis_depth": "(0.0,,)", "downthrown_side_id": null, "reference": null, "epistemic_quality": null, "accuracy": null, "activity_confidence": "1", "fs_name": "Shimoina-ryuto", "last_movement": null, "downthrown_side_dir": "233", "vert_sep_rate": null, "strike_slip_rate": null, "exposure_quality": null, "shortening_rate": null, "notes": null, "index_right": 189, "NAME_EN": "Japan" }, "geometry": { "type": "LineString", "coordinates": [ [ 137.83811058, 35.359001785 ], [ 137.865373939, 35.393204583000099 ], [ 137.880405470999989, 35.424232433 ], [ 137.907673556, 35.4655024260001 ], [ 137.940498376, 35.500948223000101 ], [ 137.953012953000012, 35.509944516000097 ], [ 137.960390679, 35.526705794000101 ], [ 137.969433396999989, 35.539861526 ], [ 137.991130678, 35.562014554 ] ] } },
{ "type": "Feature", "properties": { "average_dip": "(60.0,,)", "average_rake": null, "catalog_id": "GFE_80891", "catalog_name": "GEM Faulted Earth", "dip_dir": "360", "lower_seis_depth": "(20.0,,)", "name": "Takehara", "net_slip_rate": "(0.0,,)", "slip_type": "Reverse", "upper_seis_depth": "(0.0,,)", "downthrown_side_id": null, "reference": null, "epistemic_quality": null, "accuracy": null, "activity_confidence": "1", "fs_name": "Takehara", "last_movement": null, "downthrown_side_dir": "230", "vert_sep_rate": null, "strike_slip_rate": null, "exposure_quality": null, "shortening_rate": null, "notes": null, "index_right": 189, "NAME_EN": "Japan" }, "geometry": { "type": "LineString", "coordinates": [ [ 132.82024293, 34.316173366 ], [ 132.834103709, 34.315490735 ], [ 132.854700751, 34.319184742000097 ], [ 132.864454792, 34.321998623000098 ], [ 132.877690384, 34.329301061 ], [ 132.90762996, 34.3535978950001 ], [ 132.934668691000013, 34.381274279 ], [ 132.9529264, 34.402630207000101 ] ] } },
{ "type": "Feature", "properties": { "average_dip": "(90.0,,)", "average_rake": null, "catalog_id": "GFE_80942", "catalog_name": "GEM Faulted Earth", "dip_dir": null, "lower_seis_depth": "(20.0,,)", "name": "Saijitoge", "net_slip_rate": "(0.1,,)", "slip_type": "Dextral", "upper_seis_depth": "(0.0,,)", "downthrown_side_id": null, "reference": null, "epistemic_quality": null, "accuracy": null, "activity_confidence": "1", "fs_name": "Saijitoge", "last_movement": null, "downthrown_side_dir": "230", "vert_sep_rate": null, "strike_slip_rate": null, "exposure_quality": null, "shortening_rate": null, "notes": null, "index_right": 189, "NAME_EN": "Japan" }, "geometry": { "type": "LineString", "coordinates": [ [ 137.631415559, 35.781032432000103 ], [ 137.651472249, 35.795839245 ], [ 137.669136307, 35.806412482 ], [ 137.721722860999989, 35.829132215000101 ], [ 137.739118170000012, 35.8337491280001 ] ] } },
{ "type": "Feature", "properties": { "average_dip": "(45.0,,)", "average_rake": null, "catalog_id": "GFE_80937", "catalog_name": "GEM Faulted Earth", "dip_dir": "270", "lower_seis_depth": "(20.0,,)", "name": "Furano", "net_slip_rate": "(0.57,,0.60)", "slip_type": "Reverse", "upper_seis_depth": "(0.0,,)", "downthrown_side_id": null, "reference": null, "epistemic_quality": null, "accuracy": null, "activity_confidence": "1", "fs_name": "Furano", "last_movement": null, "downthrown_side_dir": "226", "vert_sep_rate": "(0.40,,)", "strike_slip_rate": null, "exposure_quality": null, "shortening_rate": null, "notes": null, "index_right": 189, "NAME_EN": "Japan" }, "geometry": { "type": "LineString", "coordinates": [ [ 142.449053322, 43.4490257530001 ], [ 142.440116689, 43.440375405000097 ], [ 142.432048367, 43.42933408 ], [ 142.42799046, 43.421055107 ], [ 142.425532142, 43.409886916000097 ], [ 142.420267532999986, 43.402348860000103 ], [ 142.414071461, 43.398147134000098 ], [ 142.399546351999987, 43.393547497 ], [ 142.387509722, 43.387274897000097 ], [ 142.371816083999988, 43.37032343 ], [ 142.36703577, 43.359482838000098 ], [ 142.369456482, 43.312517966 ], [ 142.367795307, 43.300634731000102 ], [ 142.363198431, 43.287514817 ], [ 142.361450825, 43.276449323000101 ], [ 142.358824393, 43.271233869000099 ], [ 142.350311732, 43.262347666 ], [ 142.345207901, 43.2511768540001 ], [ 142.344674231, 43.246686383000103 ], [ 142.346545695, 43.236539680000099 ], [ 142.351012744, 43.229218720000098 ], [ 142.349140483000014, 43.220147761000099 ], [ 142.35339273400001, 43.209909149000097 ] ] } },
{ "type": "Feature", "properties": { "average_dip": "(90.0,,)", "average_rake": null, "catalog_id": "GFE_80938", "catalog_name": "GEM Faulted Earth", "dip_dir": null, "lower_seis_depth": "(20.0,,)", "name": "Obohondani", "net_slip_rate": "(0.0,,)", "slip_type": "Dextral", "upper_seis_depth": "(0.0,,)", "downthrown_side_id": null, "reference": null, "epistemic_quality": null, "accuracy": null, "activity_confidence": "1", "fs_name": "Kuchiudo", "last_movement": null, "downthrown_side_dir": null, "vert_sep_rate": null, "strike_slip_rate": null, "exposure_quality": null, "shortening_rate": null, "notes": null, "index_right": 189, "NAME_EN": "Japan" }, "geometry": { "type": "LineString", "coordinates": [ [ 137.293963506000011, 36.004888241000103 ], [ 137.311562536999986, 36.016090396 ], [ 137.324107223999988, 36.021694068 ], [ 137.388893733, 36.042997254000099 ] ] } },
{ "type": "Feature", "properties": { "average_dip": "(45.0,,)", "average_rake": null, "catalog_id": "GFE_80939", "catalog_name": "GEM Faulted Earth", "dip_dir": "90", "lower_seis_depth": "(20.0,,)", "name": "Kanazawa", "net_slip_rate": "None", "slip_type": "Reverse", "upper_seis_depth": "(0.0,,)", "downthrown_side_id": null, "reference": null, "epistemic_quality": null, "accuracy": null, "activity_confidence": "1", "fs_name": "Yokotebonchi-toen", "last_movement": null, "downthrown_side_dir": "233", "vert_sep_rate": "(0.20999999999999999, 0.12, 0.3)", "strike_slip_rate": null, "exposure_quality": null, "shortening_rate": null, "notes": null, "index_right": 189, "NAME_EN": "Japan" }, "geometry": { "type": "LineString", "coordinates": [ [ 140.596222716, 39.406501971000097 ], [ 140.587085382, 39.389114746000097 ], [ 140.571702641, 39.370882435000098 ], [ 140.566078753, 39.3583977380001 ], [ 140.566698183, 39.348557914 ], [ 140.561237003, 39.341682561 ], [ 140.561487355999986, 39.334055466000102 ], [ 140.565839745, 39.3183374440001 ] ] } },
{ "type": "Feature", "properties": { "average_dip": "(45.0,,)", "average_rake": null, "catalog_id": "GFE_80940", "catalog_name": "GEM Faulted Earth", "dip_dir": "270", "lower_seis_depth": "(20.0,,)", "name": "Kamagadai", "net_slip_rate": "(0.1,,)", "slip_type": "Reverse", "upper_seis_depth": "(0.0,,)", "downthrown_side_id": null, "reference": null, "epistemic_quality": null, "accuracy": null, "activity_confidence": "1", "fs_name": "Kamagadai", "last_movement": null, "downthrown_side_dir": "226", "vert_sep_rate": null, "strike_slip_rate": null, "exposure_quality": null, "shortening_rate": null, "notes": null, "index_right": 189, "NAME_EN": "Japan" }, "geometry": { "type": "LineString", "coordinates": [ [ 140.017000935999988, 39.286126084 ], [ 140.022410055, 39.2737187050001 ], [ 140.030914016, 39.238200140000103 ], [ 140.023481352, 39.224197574000101 ], [ 140.009624530999986, 39.204495491 ], [ 140.005706365, 39.194392567000101 ] ] } },
{ "type": "Feature", "properties": { "average_dip": "(45.0,,)", "average_rake": null, "catalog_id": "GFE_80941", "catalog_name": "GEM Faulted Earth", "dip_dir": "270", "lower_seis_depth": "(20.0,,)", "name": "Todera", "net_slip_rate": "None", "slip_type": "Reverse", "upper_seis_depth": "(0.0,,)", "downthrown_side_id": null, "reference": null, "epistemic_quality": null, "accuracy": null, "activity_confidence": "1", "fs_name": "Aizubonchi-seien", "last_movement": "(,,339)", "downthrown_side_dir": "226", "vert_sep_rate": "(0.495, 0.13, 0.86)", "strike_slip_rate": null, "exposure_quality": null, "shortening_rate": null, "notes": null, "index_right": 189, "NAME_EN": "Japan" }, "geometry": { "type": "LineString", "coordinates": [ [ 139.872891147, 37.724614482 ], [ 139.872359477, 37.718230206 ], [ 139.859448958, 37.687533736 ], [ 139.848268717, 37.680295225000101 ], [ 139.844306681, 37.675107997000097 ], [ 139.846218541000013, 37.655576727 ], [ 139.844885905000012, 37.649989336 ], [ 139.83181208100001, 37.626577679 ], [ 139.827546065, 37.612743161 ], [ 139.820338934, 37.6072895900001 ], [ 139.813803162, 37.592391130000102 ], [ 139.80539514, 37.586803541000101 ], [ 139.802327647999988, 37.581350086 ], [ 139.797133597999988, 37.547428865 ], [ 139.791799677, 37.533462330000098 ] ] } },
{ "type": "Feature", "properties": { "average_dip": "(45.0,,)", "average_rake": null, "catalog_id": "GFE_80943", "catalog_name": "GEM Faulted Earth", "dip_dir": "90", "lower_seis_depth": "(20.0,,)", "name": "Nodera", "net_slip_rate": "(0.0,,)", "slip_type": "Reverse", "upper_seis_depth": "(0.0,,)", "downthrown_side_id": null, "reference": null, "epistemic_quality": null, "accuracy": null, "activity_confidence": "1", "fs_name": "Ochigata", "last_movement": null, "downthrown_side_dir": "233", "vert_sep_rate": null, "strike_slip_rate": null, "exposure_quality": null, "shortening_rate": null, "notes": null, "index_right": 189, "NAME_EN": "Japan" }, "geometry": { "type": "LineString", "coordinates": [ [ 136.778267387, 36.824923345000101 ], [ 136.777333944, 36.812797733 ], [ 136.77858307, 36.806734471 ], [ 136.775384836, 36.794438495000101 ], [ 136.760241122, 36.788086569 ], [ 136.756210507, 36.769693217000103 ], [ 136.747029693, 36.760224088 ], [ 136.739591993, 36.743808810000097 ], [ 136.733893826000013, 36.73544464 ], [ 136.72772308, 36.717292596 ], [ 136.721085182, 36.705950296 ], [ 136.731056395, 36.675777508000103 ] ] } },
{ "type": "Feature", "properties": { "average_dip": "(45.0,,)", "average_rake": null, "catalog_id": "GFE_80944", "catalog_name": "GEM Faulted Earth", "dip_dir": "270", "lower_seis_depth": "(20.0,,)", "name": "Aibano", "net_slip_rate": "None", "slip_type": "Reverse", "upper_seis_depth": "(0.0,,)", "downthrown_side_id": null, "reference": null, "epistemic_quality": null, "accuracy": null, "activity_confidence": "1", "fs_name": "Biwako-seigan", "last_movement": "(2577,2540,)", "downthrown_side_dir": "226", "vert_sep_rate": "(2.2000000000000002, 2.1, 2.3)", "strike_slip_rate": null, "exposure_quality": null, "shortening_rate": null, "notes": null, "index_right": 189, "NAME_EN": "Japan" }, "geometry": { "type": "LineString", "coordinates": [ [ 136.005256912, 35.488245001000102 ], [ 136.013606066, 35.49129285 ], [ 136.035800185, 35.517055419 ], [ 136.040655398000013, 35.527051386 ], [ 136.040337208000011, 35.533130679000102 ], [ 136.037184261, 35.539392883000097 ], [ 136.024318443999988, 35.482262145 ], [ 136.026287793, 35.467641872000101 ], [ 136.025277210000013, 35.4584909 ], [ 136.022436573, 35.455334195 ], [ 136.023028738, 35.449257907000103 ], [ 136.020238424000013, 35.436924257 ], [ 136.017085882, 35.431879762000101 ], [ 136.018249957, 35.426901361 ], [ 136.023212761, 35.4201372570001 ], [ 136.026045878, 35.409841507000102 ], [ 136.028913706999987, 35.407553838000098 ], [ 136.02649632, 35.396352067000102 ], [ 136.031700222000012, 35.386215355 ], [ 136.033524368, 35.377609387000099 ], [ 136.03339377, 35.3666516420001 ], [ 136.023006220000013, 35.351605121 ], [ 136.014000313999986, 35.3431278790001 ], [ 135.984470515999988, 35.326174120000097 ], [ 135.98247182, 35.322568486000101 ], [ 135.982588166999989, 35.312498645000097 ], [ 135.984206174, 35.308271168 ], [ 135.99792312, 35.303918994000099 ], [ 136.01088353, 35.288377085 ], [ 136.020358867999988, 35.283526867 ] ] } },
{ "type": "Feature", "properties": { "average_dip": "(60.0,,)", "average_rake": null, "catalog_id": "GFE_80945", "catalog_name": "GEM Faulted Earth", "dip_dir": "90", "lower_seis_depth": "(20.0,,)", "name": "Kameoka", "net_slip_rate": "(0.45,0.45,0.45)", "slip_type": "Sinistral", "upper_seis_depth": "(0.0,,)", "downthrown_side_id": null, "reference": null, "epistemic_quality": null, "accuracy": null, "activity_confidence": "1", "fs_name": "Kyoto-nishiyama", "last_movement": null, "downthrown_side_dir": "233", "vert_sep_rate": "(0.39, 0.39, 0.39000000000000001)", "strike_slip_rate": null, "exposure_quality": null, "shortening_rate": null, "notes": null, "index_right": 189, "NAME_EN": "Japan" }, "geometry": { "type": "LineString", "coordinates": [ [ 135.519236038, 35.111723750000102 ], [ 135.532239166000011, 35.103774966000103 ], [ 135.555595396, 35.095406471 ], [ 135.565357023, 35.088939227 ], [ 135.569905097, 35.083956094 ], [ 135.574462533, 35.072257566000097 ], [ 135.583546137000013, 35.060544121000099 ], [ 135.588572137999989, 35.0477147080001 ], [ 135.589680488, 35.03474722 ], [ 135.593592355, 35.028611014 ], [ 135.616240049, 35.008669827000098 ], [ 135.627979526, 34.993887793000098 ], [ 135.665034991999988, 34.97282907 ], [ 135.666291968, 34.970319386 ], [ 135.665588198, 34.965438928 ], [ 135.660125943, 34.957769678 ], [ 135.66054108, 34.952750262000102 ], [ 135.675914385999988, 34.933645806000101 ], [ 135.670029317, 34.921654040000099 ], [ 135.672822268, 34.915936759 ], [ 135.687219526, 34.900736832000099 ] ] } },
{ "type": "Feature", "properties": { "average_dip": "(45.0,,)", "average_rake": null, "catalog_id": "GFE_80946", "catalog_name": "GEM Faulted Earth", "dip_dir": "270", "lower_seis_depth": "(20.0,,)", "name": "Kagiya", "net_slip_rate": "(0.1,,)", "slip_type": "Reverse", "upper_seis_depth": "(0.0,,)", "downthrown_side_id": null, "reference": null, "epistemic_quality": null, "accuracy": null, "activity_confidence": "1", "fs_name": "Kagiya", "last_movement": null, "downthrown_side_dir": "226", "vert_sep_rate": null, "strike_slip_rate": null, "exposure_quality": null, "shortening_rate": null, "notes": null, "index_right": 189, "NAME_EN": "Japan" }, "geometry": { "type": "LineString", "coordinates": [ [ 136.907733724, 35.04618034 ], [ 136.909947274, 35.025509746000097 ], [ 136.905179241000013, 35.010143378000102 ], [ 136.905176998, 34.989030779000103 ], [ 136.907946059000011, 34.980629801000099 ], [ 136.926188545, 34.955467636 ], [ 136.937978165, 34.93276897 ], [ 136.941399611, 34.917232522000099 ], [ 136.941077766, 34.908450807000101 ] ] } },
{ "type": "Feature", "properties": { "average_dip": "(80.0,,)", "average_rake": null, "catalog_id": "GFE_80947", "catalog_name": "GEM Faulted Earth", "dip_dir": "360", "lower_seis_depth": "(20.0,,)", "name": "Nakafuji", "net_slip_rate": "(0.1,,)", "slip_type": "Dextral", "upper_seis_depth": "(0.0,,)", "downthrown_side_id": null, "reference": null, "epistemic_quality": null, "accuracy": null, "activity_confidence": "1", "fs_name": "Yamada", "last_movement": null, "downthrown_side_dir": "230", "vert_sep_rate": "(0.10500000000000001, 0.08, 0.13)", "strike_slip_rate": null, "exposure_quality": null, "shortening_rate": null, "notes": null, "index_right": 189, "NAME_EN": "Japan" }, "geometry": { "type": "LineString", "coordinates": [ [ 135.066006807, 35.527138355 ], [ 135.043445794, 35.527821752000101 ], [ 135.027091366, 35.524506755000097 ], [ 134.96770647, 35.501141078 ], [ 134.957194598, 35.495622472 ], [ 134.949791573, 35.486517353000103 ] ] } },
{ "type": "Feature", "properties": { "average_dip": "(45.0,,)", "average_rake": null, "catalog_id": "GFE_80948", "catalog_name": "GEM Faulted Earth", "dip_dir": "270", "lower_seis_depth": "(20.0,,)", "name": "Kongo", "net_slip_rate": "(0.85,0.85,0.85)", "slip_type": "Reverse", "upper_seis_depth": "(0.0,,)", "downthrown_side_id": null, "reference": null, "epistemic_quality": null, "accuracy": null, "activity_confidence": "1", "fs_name": "Chuokozosen(MTL)", "last_movement": "(1881,1656,)", "downthrown_side_dir": "226", "vert_sep_rate": "(0.6, 0.6, 0.59999999999999998)", "strike_slip_rate": null, "exposure_quality": null, "shortening_rate": null, "notes": null, "index_right": 189, "NAME_EN": "Japan" }, "geometry": { "type": "LineString", "coordinates": [ [ 135.682878243, 34.538973985 ], [ 135.688849914, 34.533227777 ], [ 135.702295535, 34.509637771 ], [ 135.706799212, 34.477908482 ], [ 135.71247606, 34.467698774 ], [ 135.710495544, 34.458474776000102 ], [ 135.712489563, 34.4527244760001 ], [ 135.712698929, 34.4413197760001 ], [ 135.707137709, 34.432587640000101 ], [ 135.705854168, 34.4222727820001 ], [ 135.702976646, 34.415527481 ], [ 135.701149426, 34.395797714 ], [ 135.696536111, 34.388646385000101 ] ] } },
{ "type": "Feature", "properties": { "average_dip": "(90.0,,)", "average_rake": null, "catalog_id": "GFE_80950", "catalog_name": "GEM Faulted Earth", "dip_dir": null, "lower_seis_depth": "(20.0,,)", "name": "Okamura", "net_slip_rate": "(3.6,,)", "slip_type": "Dextral", "upper_seis_depth": "(0.0,,)", "downthrown_side_id": null, "reference": null, "epistemic_quality": null, "accuracy": null, "activity_confidence": "1", "fs_name": "Chuokozosen(MTL)", "last_movement": "(518,82,)", "downthrown_side_dir": null, "vert_sep_rate": null, "strike_slip_rate": null, "exposure_quality": null, "shortening_rate": null, "notes": null, "index_right": 189, "NAME_EN": "Japan" }, "geometry": { "type": "LineString", "coordinates": [ [ 133.412822866, 33.962140427000101 ], [ 133.248779732, 33.919466837000101 ], [ 133.180799474, 33.896280057000098 ], [ 133.158513938999988, 33.890641738000099 ], [ 133.082911638000013, 33.880990754 ] ] } },
{ "type": "Feature", "properties": { "average_dip": "(60.0,,)", "average_rake": null, "catalog_id": "GFE_80951", "catalog_name": "GEM Faulted Earth", "dip_dir": "270", "lower_seis_depth": "(20.0,,)", "name": "Fukuchiyama", "net_slip_rate": "None", "slip_type": "Reverse", "upper_seis_depth": "(0.0,,)", "downthrown_side_id": null, "reference": null, "epistemic_quality": null, "accuracy": null, "activity_confidence": "1", "fs_name": "Fukuchiyama", "last_movement": "(29950,12950,)", "downthrown_side_dir": "226", "vert_sep_rate": "(0.029999999999999999, 0.02, 0.04)", "strike_slip_rate": null, "exposure_quality": null, "shortening_rate": null, "notes": null, "index_right": 189, "NAME_EN": "Japan" }, "geometry": { "type": "LineString", "coordinates": [ [ 130.73578322, 33.927401335000098 ], [ 130.742122297, 33.903794184 ], [ 130.748060986000013, 33.895543250000102 ], [ 130.751076851, 33.877647673000098 ], [ 130.760314197000014, 33.847619018 ], [ 130.758027753, 33.834967434000099 ], [ 130.758578992999986, 33.824445659 ], [ 130.750912961000012, 33.81449966 ], [ 130.751461330000012, 33.799280426000102 ], [ 130.757392078, 33.788902736000097 ], [ 130.765997943, 33.765435607 ], [ 130.770802731, 33.757327634 ], [ 130.771921887, 33.747942737000102 ], [ 130.775589855, 33.736992069000102 ], [ 130.802743363, 33.7018056430001 ], [ 130.815882777000013, 33.679812427000101 ] ] } },
{ "type": "Feature", "properties": { "average_dip": "(90.0,,)", "average_rake": null, "catalog_id": "GFE_80952", "catalog_name": "GEM Faulted Earth", "dip_dir": null, "lower_seis_depth": "(20.0,,)", "name": "Midorikawa", "net_slip_rate": "(0.0,,)", "slip_type": "Dextral", "upper_seis_depth": "(0.0,,)", "downthrown_side_id": null, "reference": null, "epistemic_quality": null, "accuracy": null, "activity_confidence": "1", "fs_name": "Midorikawa", "last_movement": null, "downthrown_side_dir": "227", "vert_sep_rate": null, "strike_slip_rate": null, "exposure_quality": null, "shortening_rate": null, "notes": null, "index_right": 189, "NAME_EN": "Japan" }, "geometry": { "type": "LineString", "coordinates": [ [ 130.750502391, 32.562647907 ], [ 130.797080725, 32.582170556000101 ], [ 130.823600823, 32.602684720000099 ], [ 130.837191442, 32.609120243000099 ], [ 130.874017001999988, 32.614890274000103 ], [ 130.923337234, 32.628843611 ], [ 130.951943602999989, 32.631778814 ], [ 130.968274054, 32.635265724000099 ], [ 130.992280062, 32.635987594 ], [ 131.002906897, 32.6377670890001 ], [ 131.027463428, 32.648363347 ], [ 131.065170869000013, 32.655789214 ], [ 131.074379943999986, 32.659720941 ] ] } },
{ "type": "Feature", "properties": { "average_dip": "(30.0,,)", "average_rake": null, "catalog_id": "GFE_80953", "catalog_name": "GEM Faulted Earth", "dip_dir": "90", "lower_seis_depth": "(20.0,,)", "name": "Shihoro", "net_slip_rate": "None", "slip_type": "Reverse", "upper_seis_depth": "(0.0,,)", "downthrown_side_id": null, "reference": null, "epistemic_quality": null, "accuracy": null, "activity_confidence": "1", "fs_name": "Tokachiheiya-toen", "last_movement": "(,13950,)", "downthrown_side_dir": "233", "vert_sep_rate": "(0.17500000000000002, 0.08, 0.27)", "strike_slip_rate": null, "exposure_quality": null, "shortening_rate": null, "notes": null, "index_right": 189, "NAME_EN": "Japan" }, "geometry": { "type": "LineString", "coordinates": [ [ 143.424294497, 43.298928675000099 ], [ 143.414831097, 43.287394746000103 ], [ 143.409872394, 43.274213172 ], [ 143.394645261, 43.251058451000098 ], [ 143.379021595000012, 43.2367366490001 ], [ 143.368221616, 43.220467247 ], [ 143.359715029, 43.194803061000101 ], [ 143.355348871, 43.1878137570001 ], [ 143.352704814, 43.176814997000101 ], [ 143.349487405, 43.172117455 ], [ 143.331107005, 43.1574526 ], [ 143.327314947, 43.148057607000098 ], [ 143.315710114000012, 43.130527330000099 ], [ 143.309387036, 43.1093316770001 ], [ 143.301342951, 43.09065666 ], [ 143.291583167, 43.039177438000102 ], [ 143.27663069, 43.0028519150001 ], [ 143.27460119, 42.994026757 ], [ 143.274549853, 42.985081534000102 ], [ 143.282535416, 42.968073829 ], [ 143.278721859, 42.950655803000103 ], [ 143.283533167, 42.938901385000101 ], [ 143.288768065, 42.901270105 ], [ 143.296258892999987, 42.881716961000102 ], [ 143.297454068, 42.872884825 ], [ 143.29637372900001, 42.863924869000101 ], [ 143.298382268000012, 42.85245632 ], [ 143.304630493, 42.839913045000102 ], [ 143.308361259, 42.822352289 ], [ 143.317483220000014, 42.809880102000101 ], [ 143.331419609, 42.799630811 ], [ 143.344203748000012, 42.779058724 ], [ 143.341324308, 42.758272130000101 ], [ 143.346780005999989, 42.739277603000097 ] ] } },
{ "type": "Feature", "properties": { "average_dip": "(45.0,,)", "average_rake": null, "catalog_id": "GFE_80954", "catalog_name": "GEM Faulted Earth", "dip_dir": "270", "lower_seis_depth": "(20.0,,)", "name": "Asahihama", "net_slip_rate": "(0.5,,)", "slip_type": "Reverse", "upper_seis_depth": "(0.0,,)", "downthrown_side_id": null, "reference": null, "epistemic_quality": null, "accuracy": null, "activity_confidence": "1", "fs_name": "Kuromatsunai", "last_movement": null, "downthrown_side_dir": "226", "vert_sep_rate": null, "strike_slip_rate": null, "exposure_quality": null, "shortening_rate": null, "notes": null, "index_right": 189, "NAME_EN": "Japan" }, "geometry": { "type": "LineString", "coordinates": [ [ 140.412586336, 42.570560974 ], [ 140.39104583, 42.544661455 ], [ 140.382265679, 42.524631577 ], [ 140.382882525000014, 42.510993305000099 ] ] } },
{ "type": "Feature", "properties": { "average_dip": "(60.0,,)", "average_rake": null, "catalog_id": "GFE_80955", "catalog_name": "GEM Faulted Earth", "dip_dir": "270", "lower_seis_depth": "(20.0,,)", "name": "Sensakihara", "net_slip_rate": "None", "slip_type": "Reverse", "upper_seis_depth": "(0.0,,)", "downthrown_side_id": null, "reference": null, "epistemic_quality": null, "accuracy": null, "activity_confidence": "1", "fs_name": "Aizubonchi-seien", "last_movement": null, "downthrown_side_dir": "226", "vert_sep_rate": "(0.80000000000000004, 0.6, 1.0)", "strike_slip_rate": null, "exposure_quality": null, "shortening_rate": null, "notes": null, "index_right": 189, "NAME_EN": "Japan" }, "geometry": { "type": "LineString", "coordinates": [ [ 139.771867788, 37.638148660000098 ], [ 139.772010811, 37.6147373740001 ], [ 139.77562342600001, 37.593719908 ], [ 139.775763219, 37.575496020000102 ] ] } },
{ "type": "Feature", "properties": { "average_dip": "(90.0,,)", "average_rake": null, "catalog_id": "GFE_80956", "catalog_name": "GEM Faulted Earth", "dip_dir": null, "lower_seis_depth": "(20.0,,)", "name": "Kinugasa", "net_slip_rate": "(1.2,,)", "slip_type": "Dextral", "upper_seis_depth": "(0.0,,)", "downthrown_side_id": null, "reference": null, "epistemic_quality": null, "accuracy": null, "activity_confidence": "1", "fs_name": "Kitatake", "last_movement": "(2865,1259,)", "downthrown_side_dir": null, "vert_sep_rate": null, "strike_slip_rate": "(1.7, 0.4, 3.0)", "exposure_quality": null, "shortening_rate": null, "notes": null, "index_right": 189, "NAME_EN": "Japan" }, "geometry": { "type": "LineString", "coordinates": [ [ 139.572181590000014, 35.270708447000104 ], [ 139.613183999, 35.268263653000098 ], [ 139.62817714, 35.264237505 ], [ 139.636488236, 35.260383144000102 ], [ 139.686744613, 35.226928389000101 ], [ 139.696984932, 35.222202190000097 ], [ 139.7115068, 35.219794844 ] ] } },
{ "type": "Feature", "properties": { "average_dip": "(45.0,,)", "average_rake": null, "catalog_id": "GFE_80957", "catalog_name": "GEM Faulted Earth", "dip_dir": "270", "lower_seis_depth": "(20.0,,)", "name": "Hakushu", "net_slip_rate": "None", "slip_type": "Reverse", "upper_seis_depth": "(0.0,,)", "downthrown_side_id": null, "reference": null, "epistemic_quality": null, "accuracy": null, "activity_confidence": "1", "fs_name": "Itoshizusen", "last_movement": "(2527,1723,)", "downthrown_side_dir": "226", "vert_sep_rate": "(0.42499999999999999, 0.1, 0.75)", "strike_slip_rate": null, "exposure_quality": null, "shortening_rate": null, "notes": null, "index_right": 189, "NAME_EN": "Japan" }, "geometry": { "type": "LineString", "coordinates": [ [ 138.296720287999989, 35.846540942 ], [ 138.294025373000011, 35.82465037 ], [ 138.302595073, 35.813299886 ], [ 138.302851704, 35.796480811 ], [ 138.308744454, 35.789803724000102 ], [ 138.307398876, 35.781928588 ], [ 138.311016631, 35.780190879 ], [ 138.311682786, 35.77471752 ], [ 138.3150316, 35.772046911000103 ], [ 138.318108624, 35.764569843000103 ], [ 138.324804331, 35.757224853 ], [ 138.343411949999989, 35.7255809380001 ], [ 138.345004702000011, 35.702619594000097 ] ] } },
{ "type": "Feature", "properties": { "average_dip": "(90.0,,)", "average_rake": null, "catalog_id": "GFE_80958", "catalog_name": "GEM Faulted Earth", "dip_dir": null, "lower_seis_depth": "(20.0,,)", "name": "Suzugasawa", "net_slip_rate": "(0.1,,)", "slip_type": "Sinistral", "upper_seis_depth": "(0.0,,)", "downthrown_side_id": null, "reference": null, "epistemic_quality": null, "accuracy": null, "activity_confidence": "1", "fs_name": "Suzugasawa", "last_movement": null, "downthrown_side_dir": "227", "vert_sep_rate": null, "strike_slip_rate": null, "exposure_quality": null, "shortening_rate": null, "notes": null, "index_right": 189, "NAME_EN": "Japan" }, "geometry": { "type": "LineString", "coordinates": [ [ 137.661447737, 35.335572014 ], [ 137.6722811, 35.327498203000097 ], [ 137.692717679, 35.318190774000101 ], [ 137.711781438, 35.307241496000103 ], [ 137.741136221, 35.298615213000097 ], [ 137.763217695, 35.288348933000101 ] ] } },
{ "type": "Feature", "properties": { "average_dip": "(70.0,,)", "average_rake": null, "catalog_id": "GFE_80959", "catalog_name": "GEM Faulted Earth", "dip_dir": "90", "lower_seis_depth": "(20.0,,)", "name": "Sakaitoge", "net_slip_rate": "(0.98,,)", "slip_type": "Sinistral", "upper_seis_depth": "(0.0,,)", "downthrown_side_id": null, "reference": null, "epistemic_quality": null, "accuracy": null, "activity_confidence": "1", "fs_name": "Sakaitoge-Kamiya", "last_movement": "(3515,2595,)", "downthrown_side_dir": "233", "vert_sep_rate": "(0.3, 0.3, 0.29999999999999999)", "strike_slip_rate": null, "exposure_quality": null, "shortening_rate": null, "notes": null, "index_right": 189, "NAME_EN": "Japan" }, "geometry": { "type": "LineString", "coordinates": [ [ 137.599259217999986, 36.200928432000097 ], [ 137.627336866, 36.172431427 ], [ 137.652918331, 36.154335160000102 ], [ 137.684564994, 36.117465206000098 ], [ 137.690025894, 36.107736463 ], [ 137.693112047, 36.096838793000103 ], [ 137.69392657, 36.081484577 ], [ 137.70624222, 36.062763041 ], [ 137.708248709, 36.045571066 ], [ 137.742411106, 35.984023997000101 ], [ 137.746552977, 35.978009792000101 ], [ 137.76005626, 35.966083504 ], [ 137.782860392, 35.937082409 ] ] } },
{ "type": "Feature", "properties": { "average_dip": "(90.0,,)", "average_rake": null, "catalog_id": "GFE_80960", "catalog_name": "GEM Faulted Earth", "dip_dir": null, "lower_seis_depth": "(20.0,,)", "name": "Kurotsu", "net_slip_rate": "(0.1,,)", "slip_type": "Sinistral", "upper_seis_depth": "(0.0,,)", "downthrown_side_id": null, "reference": null, "epistemic_quality": null, "accuracy": null, "activity_confidence": "1", "fs_name": "Nobi", "last_movement": "(,,59)", "downthrown_side_dir": "233", "vert_sep_rate": null, "strike_slip_rate": null, "exposure_quality": null, "shortening_rate": null, "notes": null, "index_right": 189, "NAME_EN": "Japan" }, "geometry": { "type": "LineString", "coordinates": [ [ 136.583646373, 35.724740811000103 ], [ 136.590932505000012, 35.703745403 ], [ 136.600403207999989, 35.689191308 ], [ 136.615741995, 35.658307232 ] ] } },
{ "type": "Feature", "properties": { "average_dip": "(45.0,,)", "average_rake": null, "catalog_id": "GFE_80961", "catalog_name": "GEM Faulted Earth", "dip_dir": "270", "lower_seis_depth": "(20.0,,)", "name": "Karegawa", "net_slip_rate": "(0.1,,)", "slip_type": "Reverse", "upper_seis_depth": "(0.0,,)", "downthrown_side_id": null, "reference": null, "epistemic_quality": null, "accuracy": null, "activity_confidence": "1", "fs_name": "Yoro", "last_movement": null, "downthrown_side_dir": "226", "vert_sep_rate": null, "strike_slip_rate": null, "exposure_quality": null, "shortening_rate": null, "notes": null, "index_right": 189, "NAME_EN": "Japan" }, "geometry": { "type": "LineString", "coordinates": [ [ 136.63685985, 35.142892751 ], [ 136.631474513, 35.137521234000097 ], [ 136.621526142, 35.133545204 ], [ 136.620703072, 35.120228946000097 ], [ 136.622512498, 35.112042585 ], [ 136.619730929000013, 35.0986413850001 ], [ 136.616499444999988, 35.092090054 ], [ 136.607667576000011, 35.081992992 ], [ 136.597220607, 35.07866212 ] ] } },
{ "type": "Feature", "properties": { "average_dip": "(45.0,,)", "average_rake": null, "catalog_id": "GFE_80962", "catalog_name": "GEM Faulted Earth", "dip_dir": "90", "lower_seis_depth": "(20.0,,)", "name": "Hokusei", "net_slip_rate": "(0.0,,)", "slip_type": "Reverse", "upper_seis_depth": "(0.0,,)", "downthrown_side_id": null, "reference": null, "epistemic_quality": null, "accuracy": null, "activity_confidence": "1", "fs_name": "Ichinohara", "last_movement": null, "downthrown_side_dir": "233", "vert_sep_rate": null, "strike_slip_rate": null, "exposure_quality": null, "shortening_rate": null, "notes": null, "index_right": 189, "NAME_EN": "Japan" }, "geometry": { "type": "LineString", "coordinates": [ [ 136.475385924, 35.255641971 ], [ 136.503145008, 35.241309280000102 ], [ 136.518139082, 35.230558871 ], [ 136.529414605, 35.216346767000097 ], [ 136.534188108, 35.192194476000097 ], [ 136.542931079, 35.175940729 ], [ 136.558406204, 35.1567782710001 ], [ 136.573896165, 35.148004646000103 ] ] } },
{ "type": "Feature", "properties": { "average_dip": "(60.0,,)", "average_rake": null, "catalog_id": "GFE_80963", "catalog_name": "GEM Faulted Earth", "dip_dir": "90", "lower_seis_depth": "(20.0,,)", "name": "Shizuki", "net_slip_rate": "(0.1,,)", "slip_type": "Reverse", "upper_seis_depth": "(0.0,,)", "downthrown_side_id": null, "reference": null, "epistemic_quality": null, "accuracy": null, "activity_confidence": "1", "fs_name": "Shizuki", "last_movement": null, "downthrown_side_dir": "233", "vert_sep_rate": null, "strike_slip_rate": null, "exposure_quality": null, "shortening_rate": null, "notes": null, "index_right": 189, "NAME_EN": "Japan" }, "geometry": { "type": "LineString", "coordinates": [ [ 134.861034924, 34.554427442000097 ], [ 134.866330172, 34.532725041 ], [ 134.872730039, 34.489219154000097 ], [ 134.885988761, 34.462113546000097 ], [ 134.893031409, 34.453960635 ], [ 134.895369647, 34.4404092340001 ], [ 134.902515244999989, 34.433478185000098 ] ] } },
{ "type": "Feature", "properties": { "average_dip": "(90.0,,)", "average_rake": null, "catalog_id": "GFE_80964", "catalog_name": "GEM Faulted Earth", "dip_dir": null, "lower_seis_depth": "(20.0,,)", "name": "Kawakami", "net_slip_rate": "(1.74,,)", "slip_type": "Dextral", "upper_seis_depth": "(0.0,,)", "downthrown_side_id": null, "reference": null, "epistemic_quality": null, "accuracy": null, "activity_confidence": "1", "fs_name": "Chuokozosen(MTL)", "last_movement": "(1220,82,)", "downthrown_side_dir": null, "vert_sep_rate": "(0.6, 0.6, 0.59999999999999998)", "strike_slip_rate": null, "exposure_quality": null, "shortening_rate": null, "notes": null, "index_right": 189, "NAME_EN": "Japan" }, "geometry": { "type": "LineString", "coordinates": [ [ 133.229880078, 33.930486181 ], [ 133.213339618, 33.928162098 ], [ 133.182760635, 33.918292583 ], [ 133.157945913, 33.915944331 ], [ 133.115707163, 33.899558318000103 ], [ 133.036106299000011, 33.86441467 ], [ 132.999635867, 33.853617144000097 ], [ 132.983770543, 33.844761825 ], [ 132.983430704999989, 33.840363321 ] ] } },
{ "type": "Feature", "properties": { "average_dip": "(90.0,,)", "average_rake": null, "catalog_id": "GFE_80965", "catalog_name": "GEM Faulted Earth", "dip_dir": null, "lower_seis_depth": "(20.0,,)", "name": "Tsurukiba", "net_slip_rate": "(0.0,,)", "slip_type": "Dextral", "upper_seis_depth": "(0.0,,)", "downthrown_side_id": null, "reference": null, "epistemic_quality": null, "accuracy": null, "activity_confidence": "1", "fs_name": "Ropponsugiyama", "last_movement": null, "downthrown_side_dir": null, "vert_sep_rate": null, "strike_slip_rate": null, "exposure_quality": null, "shortening_rate": null, "notes": null, "index_right": 189, "NAME_EN": "Japan" }, "geometry": { "type": "LineString", "coordinates": [ [ 130.709748286, 32.475207072 ], [ 130.725807842, 32.475600324 ], [ 130.750431526999989, 32.480122267000098 ], [ 130.764883048, 32.487447704 ], [ 130.776658784, 32.495706985 ], [ 130.807424239, 32.521989231000099 ], [ 130.814392655, 32.525151346 ] ] } },
{ "type": "Feature", "properties": { "average_dip": "(90.0,,)", "average_rake": null, "catalog_id": "GFE_80966", "catalog_name": "GEM Faulted Earth", "dip_dir": null, "lower_seis_depth": "(20.0,,)", "name": "Yudachiyama", "net_slip_rate": "(0.0,,)", "slip_type": "Dextral", "upper_seis_depth": "(0.0,,)", "downthrown_side_id": null, "reference": null, "epistemic_quality": null, "accuracy": null, "activity_confidence": "1", "fs_name": "Byobuyama", "last_movement": null, "downthrown_side_dir": null, "vert_sep_rate": null, "strike_slip_rate": null, "exposure_quality": null, "shortening_rate": null, "notes": null, "index_right": 189, "NAME_EN": "Japan" }, "geometry": { "type": "LineString", "coordinates": [ [ 137.322419663, 35.3484431 ], [ 137.348204839, 35.364206943000099 ], [ 137.394234659, 35.3960914520001 ] ] } },
{ "type": "Feature", "properties": { "average_dip": "(60.0,,)", "average_rake": null, "catalog_id": "GFE_80967", "catalog_name": "GEM Faulted Earth", "dip_dir": "180", "lower_seis_depth": "(20.0,,)", "name": "Kawakubo", "net_slip_rate": "(0.0,,)", "slip_type": "Normal", "upper_seis_depth": "(0.0,,)", "downthrown_side_id": null, "reference": null, "epistemic_quality": null, "accuracy": null, "activity_confidence": "1", "fs_name": "Kawakubo", "last_movement": null, "downthrown_side_dir": "230", "vert_sep_rate": null, "strike_slip_rate": null, "exposure_quality": null, "shortening_rate": null, "notes": null, "index_right": 189, "NAME_EN": "Japan" }, "geometry": { "type": "LineString", "coordinates": [ [ 130.212123297, 33.310831489000101 ], [ 130.248679764, 33.3194121820001 ], [ 130.269761628, 33.328069578000097 ], [ 130.298308902, 33.333518483 ], [ 130.315105894999988, 33.333729414000103 ], [ 130.342358813, 33.327988437 ], [ 130.365098092000011, 33.324849722000103 ], [ 130.370531584, 33.325498749000097 ] ] } },
{ "type": "Feature", "properties": { "average_dip": "(60.0,,)", "average_rake": null, "catalog_id": "GFE_80968", "catalog_name": "GEM Faulted Earth", "dip_dir": "270", "lower_seis_depth": "(20.0,,)", "name": "Oritsume", "net_slip_rate": "None", "slip_type": "Reverse", "upper_seis_depth": "(0.0,,)", "downthrown_side_id": null, "reference": null, "epistemic_quality": null, "accuracy": null, "activity_confidence": "1", "fs_name": "Oritsume", "last_movement": null, "downthrown_side_dir": "226", "vert_sep_rate": "(0.17999999999999999, 0.15, 0.21)", "strike_slip_rate": null, "exposure_quality": null, "shortening_rate": null, "notes": null, "index_right": 189, "NAME_EN": "Japan" }, "geometry": { "type": "LineString", "coordinates": [ [ 141.310803016, 40.4107479400001 ], [ 141.35788749, 40.336928441000097 ], [ 141.363511063, 40.321193187000098 ], [ 141.36859380300001, 40.312712062000102 ], [ 141.379120521, 40.305185566 ], [ 141.38245945700001, 40.300779191000103 ], [ 141.382642763, 40.294665921 ], [ 141.379668254, 40.29035234 ], [ 141.384992165999989, 40.283069367000103 ], [ 141.395643342999989, 40.261760219000102 ], [ 141.403584121, 40.25258755 ], [ 141.406473192, 40.246383374000096 ], [ 141.408369359, 40.240000188000103 ], [ 141.408739545, 40.216807944 ], [ 141.413524867, 40.202602772 ], [ 141.414159202, 40.195141674000098 ], [ 141.411097081, 40.183545952 ], [ 141.410651818, 40.170242511 ], [ 141.416431163, 40.153879624000098 ], [ 141.416257138, 40.135541787000101 ], [ 141.42330406100001, 40.1059635 ], [ 141.430708528999986, 40.084476266 ], [ 141.43928364300001, 40.067752506 ] ] } },
{ "type": "Feature", "properties": { "average_dip": "(30.0,,)", "average_rake": null, "catalog_id": "GFE_80969", "catalog_name": "GEM Faulted Earth", "dip_dir": "90", "lower_seis_depth": "(20.0,,)", "name": "Senya", "net_slip_rate": "None", "slip_type": "Reverse", "upper_seis_depth": "(0.0,,)", "downthrown_side_id": null, "reference": null, "epistemic_quality": null, "accuracy": null, "activity_confidence": "1", "fs_name": "Yokotebonchi-toen", "last_movement": "(452,,54)", "downthrown_side_dir": "233", "vert_sep_rate": "(0.45499999999999996, 0.22, 0.69)", "strike_slip_rate": null, "exposure_quality": null, "shortening_rate": null, "notes": null, "index_right": 189, "NAME_EN": "Japan" }, "geometry": { "type": "LineString", "coordinates": [ [ 140.638639246, 39.622143818 ], [ 140.63552127, 39.607171491 ], [ 140.634291474, 39.605273679 ], [ 140.626010386, 39.601710851000099 ], [ 140.621206258, 39.592776762 ], [ 140.619761931999989, 39.581826011 ], [ 140.621231419999987, 39.569417518000101 ], [ 140.625041239000012, 39.566281002 ], [ 140.625604328, 39.563486348 ], [ 140.624601679, 39.558234938000098 ], [ 140.621471128, 39.554775252000098 ], [ 140.623820287, 39.549793955 ], [ 140.63410201, 39.547280115 ], [ 140.648076068, 39.536183119 ], [ 140.647033531, 39.52131296 ], [ 140.650846476999988, 39.515606746000103 ], [ 140.652646774, 39.506437880000099 ], [ 140.651863294, 39.503658686000101 ], [ 140.644087694, 39.499955015000097 ], [ 140.637098764, 39.494057875000102 ], [ 140.632073852, 39.481101252 ], [ 140.62121903900001, 39.476536466 ], [ 140.613723962, 39.471295861 ], [ 140.606896670999987, 39.469183906000097 ], [ 140.600190806, 39.458241995 ], [ 140.59863027, 39.451650726 ], [ 140.588225516, 39.445073191000098 ], [ 140.58823388, 39.437697060000097 ], [ 140.592942763, 39.431652912000096 ], [ 140.593056851999989, 39.429641152 ], [ 140.58757664, 39.423502712000101 ], [ 140.589494089999988, 39.410981243 ], [ 140.592522081999988, 39.405722952000097 ] ] } },
{ "type": "Feature", "properties": { "average_dip": "(45.0,,)", "average_rake": null, "catalog_id": "GFE_80970", "catalog_name": "GEM Faulted Earth", "dip_dir": "270", "lower_seis_depth": "(20.0,,)", "name": "Yamanobe", "net_slip_rate": "(1.41,1.41,1.41)", "slip_type": "Reverse", "upper_seis_depth": "(0.0,,)", "downthrown_side_id": null, "reference": null, "epistemic_quality": null, "accuracy": null, "activity_confidence": "1", "fs_name": "Yamagatabonchi-seien", "last_movement": null, "downthrown_side_dir": "226", "vert_sep_rate": "(1.0, 1.0, 1.0)", "strike_slip_rate": null, "exposure_quality": null, "shortening_rate": null, "notes": null, "index_right": 189, "NAME_EN": "Japan" }, "geometry": { "type": "LineString", "coordinates": [ [ 140.27014207900001, 38.41297981 ], [ 140.270368479000012, 38.403956868000101 ], [ 140.281621050000012, 38.392039582000102 ], [ 140.284165495, 38.377694327 ], [ 140.274173058, 38.3628887630001 ], [ 140.262717611, 38.353155550000103 ], [ 140.258723156, 38.346812191 ], [ 140.259638102, 38.32471679 ], [ 140.267407965, 38.313031375 ], [ 140.265779392000013, 38.306901042 ], [ 140.259726849, 38.297284776 ], [ 140.26504091000001, 38.279919911 ], [ 140.26528831600001, 38.266296753000098 ], [ 140.268416503, 38.256347001000101 ], [ 140.268169604, 38.232979712 ], [ 140.270369776, 38.225112690000103 ], [ 140.268508231999988, 38.218750377 ], [ 140.257819827, 38.204407738 ] ] } },
{ "type": "Feature", "properties": { "average_dip": "(45.0,,)", "average_rake": null, "catalog_id": "GFE_80971", "catalog_name": "GEM Faulted Earth", "dip_dir": "360", "lower_seis_depth": "(20.0,,)", "name": "Hango", "net_slip_rate": "None", "slip_type": "Reverse", "upper_seis_depth": "(0.0,,)", "downthrown_side_id": null, "reference": null, "epistemic_quality": null, "accuracy": null, "activity_confidence": "1", "fs_name": "Hango", "last_movement": "(3720,82,)", "downthrown_side_dir": "230", "vert_sep_rate": "(0.27500000000000002, 0.25, 0.3)", "strike_slip_rate": null, "exposure_quality": null, "shortening_rate": null, "notes": null, "index_right": 189, "NAME_EN": "Japan" }, "geometry": { "type": "LineString", "coordinates": [ [ 140.376755064, 38.21282518 ], [ 140.355213279999987, 38.200583046000098 ], [ 140.334691561, 38.196669975000098 ], [ 140.328248252, 38.1920781950001 ], [ 140.31994344, 38.182025125000102 ], [ 140.284945262, 38.165329059 ], [ 140.276314447, 38.155924904000102 ], [ 140.262801110999987, 38.145386741 ], [ 140.259051929, 38.134683877 ], [ 140.252536892, 38.126090688 ] ] } },
{ "type": "Feature", "properties": { "average_dip": "(60.0,,)", "average_rake": null, "catalog_id": "GFE_80972", "catalog_name": "GEM Faulted Earth", "dip_dir": "90", "lower_seis_depth": "(20.0,,)", "name": "Misakajinja", "net_slip_rate": "(0.0,,)", "slip_type": "Reverse", "upper_seis_depth": "(0.0,,)", "downthrown_side_id": null, "reference": null, "epistemic_quality": null, "accuracy": null, "activity_confidence": "1", "fs_name": "Seinaiji", "last_movement": null, "downthrown_side_dir": "233", "vert_sep_rate": null, "strike_slip_rate": null, "exposure_quality": null, "shortening_rate": null, "notes": null, "index_right": 189, "NAME_EN": "Japan" }, "geometry": { "type": "LineString", "coordinates": [ [ 137.61702987000001, 35.381505674 ], [ 137.623276538, 35.4026854190001 ], [ 137.633912935000012, 35.420894611000101 ], [ 137.647949, 35.440089777 ], [ 137.65532954, 35.461973469 ], [ 137.66483297900001, 35.481596471 ] ] } },
{ "type": "Feature", "properties": { "average_dip": "(90.0,,)", "average_rake": null, "catalog_id": "GFE_80973", "catalog_name": "GEM Faulted Earth", "dip_dir": null, "lower_seis_depth": "(20.0,,)", "name": "Hiraoka", "net_slip_rate": "(0.1,,)", "slip_type": "Dextral", "upper_seis_depth": "(0.0,,)", "downthrown_side_id": null, "reference": null, "epistemic_quality": null, "accuracy": null, "activity_confidence": "1", "fs_name": "Hiraoka", "last_movement": null, "downthrown_side_dir": "227", "vert_sep_rate": null, "strike_slip_rate": null, "exposure_quality": null, "shortening_rate": null, "notes": null, "index_right": 189, "NAME_EN": "Japan" }, "geometry": { "type": "LineString", "coordinates": [ [ 137.750157943, 35.231451069000101 ], [ 137.779274519000012, 35.23802898 ], [ 137.81184388, 35.251210371000099 ], [ 137.857111838, 35.281572061000098 ], [ 137.882951103000011, 35.295065178000101 ], [ 137.934455432, 35.327733766000101 ] ] } },
{ "type": "Feature", "properties": { "average_dip": "(45.0,,)", "average_rake": null, "catalog_id": "GFE_80974", "catalog_name": "GEM Faulted Earth", "dip_dir": "270", "lower_seis_depth": "(20.0,,)", "name": "Suzukaoki", "net_slip_rate": "(0.3,,)", "slip_type": "Reverse", "upper_seis_depth": "(0.0,,)", "downthrown_side_id": null, "reference": null, "epistemic_quality": null, "accuracy": null, "activity_confidence": "1", "fs_name": "Suzukaoki", "last_movement": null, "downthrown_side_dir": "226", "vert_sep_rate": null, "strike_slip_rate": null, "exposure_quality": null, "shortening_rate": null, "notes": null, "index_right": 189, "NAME_EN": "Japan" }, "geometry": { "type": "LineString", "coordinates": [ [ 136.635615818, 34.978735431000104 ], [ 136.668716115, 34.945539007 ], [ 136.68236982900001, 34.935115913000097 ], [ 136.696220049, 34.908156922 ], [ 136.704890727, 34.8959755160001 ], [ 136.70740777200001, 34.888536422000101 ], [ 136.707779971, 34.882026171000099 ], [ 136.705727413, 34.874585967 ], [ 136.702275969999988, 34.867331708000101 ], [ 136.697985501, 34.862867113 ], [ 136.691830214, 34.857844535 ], [ 136.678121627, 34.851610914 ], [ 136.666091771, 34.848819942 ] ] } },
{ "type": "Feature", "properties": { "average_dip": "(45.0,,)", "average_rake": null, "catalog_id": "GFE_80975", "catalog_name": "GEM Faulted Earth", "dip_dir": "270", "lower_seis_depth": "(20.0,,)", "name": "Yoro", "net_slip_rate": "None", "slip_type": "Reverse", "upper_seis_depth": "(0.0,,)", "downthrown_side_id": null, "reference": null, "epistemic_quality": null, "accuracy": null, "activity_confidence": "1", "fs_name": "Yoro", "last_movement": "(509,,364)", "downthrown_side_dir": "226", "vert_sep_rate": "(3.415, 3.33, 3.5)", "strike_slip_rate": null, "exposure_quality": null, "shortening_rate": null, "notes": null, "index_right": 189, "NAME_EN": "Japan" }, "geometry": { "type": "LineString", "coordinates": [ [ 136.504425788, 35.327761422 ], [ 136.52467594, 35.325911066000103 ], [ 136.534747947, 35.316398894 ], [ 136.550613389, 35.2964807930001 ], [ 136.558895141, 35.282585031000103 ], [ 136.565988251, 35.275073168000098 ], [ 136.566695508, 35.269604793 ], [ 136.564944000999986, 35.263436302000102 ], [ 136.566937286000012, 35.254956371 ], [ 136.584208781, 35.236634857000098 ], [ 136.597404262, 35.228688047 ], [ 136.608274723, 35.2196403290001 ], [ 136.613544772000012, 35.201812461 ], [ 136.620951567, 35.189499047 ], [ 136.624594976999987, 35.169208451 ], [ 136.634352877999987, 35.148216083000101 ], [ 136.641526496000012, 35.141415032000097 ], [ 136.642230727999987, 35.133204986000102 ], [ 136.647167894, 35.116551005000098 ], [ 136.659160494, 35.098490355 ], [ 136.665744419, 35.084535105 ], [ 136.676768727, 35.075021626000101 ], [ 136.676403138000012, 35.059528423000103 ], [ 136.671991012, 35.046858394 ], [ 136.660137295, 35.036146941 ], [ 136.64870027500001, 35.030717788000103 ], [ 136.63562936400001, 35.019554783 ], [ 136.624808683, 35.008997724 ], [ 136.62198517600001, 35.002077445000097 ], [ 136.616103904999989, 34.9959779980001 ], [ 136.616455983, 34.992928353 ], [ 136.622688694, 34.985774318 ], [ 136.624333718, 34.9810838920001 ] ] } },
{ "type": "Feature", "properties": { "average_dip": "(45.0,,)", "average_rake": null, "catalog_id": "GFE_80976", "catalog_name": "GEM Faulted Earth", "dip_dir": "270", "lower_seis_depth": "(20.0,,)", "name": "Nopporo", "net_slip_rate": "None", "slip_type": "Reverse", "upper_seis_depth": "(0.0,,)", "downthrown_side_id": null, "reference": null, "epistemic_quality": null, "accuracy": null, "activity_confidence": "1", "fs_name": "Nopporo", "last_movement": "(2580,82,)", "downthrown_side_dir": "226", "vert_sep_rate": "(0.17499999999999999, 0.14, 0.21)", "strike_slip_rate": null, "exposure_quality": null, "shortening_rate": null, "notes": null, "index_right": 189, "NAME_EN": "Japan" }, "geometry": { "type": "LineString", "coordinates": [ [ 141.517233417999989, 43.118107653 ], [ 141.522812204, 43.098808125000097 ], [ 141.526969192, 43.066950735 ], [ 141.533487842, 43.045633679 ], [ 141.556221774, 43.0037498740001 ], [ 141.563883388, 42.981973778000103 ], [ 141.569623245, 42.959103752 ], [ 141.569749871999988, 42.948562040000098 ], [ 141.564254858999988, 42.940627826 ], [ 141.556291965000014, 42.934476315 ] ] } },
{ "type": "Feature", "properties": { "average_dip": "(90.0,,)", "average_rake": null, "catalog_id": "GFE_80977", "catalog_name": "GEM Faulted Earth", "dip_dir": null, "lower_seis_depth": "(20.0,,)", "name": "Yabu", "net_slip_rate": "(0.1,,)", "slip_type": "Sinistral", "upper_seis_depth": "(0.0,,)", "downthrown_side_id": null, "reference": null, "epistemic_quality": null, "accuracy": null, "activity_confidence": "1", "fs_name": "Yabu", "last_movement": null, "downthrown_side_dir": "227", "vert_sep_rate": null, "strike_slip_rate": null, "exposure_quality": null, "shortening_rate": null, "notes": null, "index_right": 189, "NAME_EN": "Japan" }, "geometry": { "type": "LineString", "coordinates": [ [ 134.553877281000013, 35.388206622 ], [ 134.6309154, 35.388173385000101 ], [ 134.747714445000014, 35.382303113 ], [ 134.780144502000013, 35.3759652150001 ], [ 134.790486748, 35.3710350220001 ], [ 134.83036863, 35.358301409 ], [ 134.865436771, 35.350569108000101 ], [ 134.891097594, 35.347441060000101 ], [ 134.91745026800001, 35.346848736 ], [ 134.936110744, 35.342877624 ] ] } },
{ "type": "Feature", "properties": { "average_dip": "(90.0,,)", "average_rake": null, "catalog_id": "GFE_80978", "catalog_name": "GEM Faulted Earth", "dip_dir": null, "lower_seis_depth": "(20.0,,)", "name": "Kumage", "net_slip_rate": "(0.0,,)", "slip_type": "Dextral", "upper_seis_depth": "(0.0,,)", "downthrown_side_id": null, "reference": null, "epistemic_quality": null, "accuracy": null, "activity_confidence": "1", "fs_name": "Iwakuni", "last_movement": null, "downthrown_side_dir": null, "vert_sep_rate": null, "strike_slip_rate": null, "exposure_quality": null, "shortening_rate": null, "notes": null, "index_right": 189, "NAME_EN": "Japan" }, "geometry": { "type": "LineString", "coordinates": [ [ 132.092923044, 34.1557428240001 ], [ 132.077079854, 34.142698005000099 ], [ 132.057410999000012, 34.129925077000102 ], [ 132.038741158, 34.113584580000101 ], [ 132.029974249, 34.103272590000103 ], [ 132.020346962, 34.083784086 ], [ 132.0156163, 34.077307288 ], [ 131.99988102, 34.066901168000101 ], [ 131.98101994000001, 34.059254667000097 ], [ 131.946747663, 34.037296502000103 ], [ 131.919581769, 34.014510577000102 ], [ 131.907863221000014, 34.000812918000101 ], [ 131.887752441, 33.986652142 ] ] } },
{ "type": "Feature", "properties": { "average_dip": "(90.0,,)", "average_rake": null, "catalog_id": "GFE_80979", "catalog_name": "GEM Faulted Earth", "dip_dir": null, "lower_seis_depth": "(20.0,,)", "name": "Kokura-higashi", "net_slip_rate": "(0.22,,)", "slip_type": "Dextral", "upper_seis_depth": "(0.0,,)", "downthrown_side_id": null, "reference": null, "epistemic_quality": null, "accuracy": null, "activity_confidence": "1", "fs_name": "Kokura-higashi", "last_movement": "(4434,2522,)", "downthrown_side_dir": "226", "vert_sep_rate": null, "strike_slip_rate": null, "exposure_quality": null, "shortening_rate": null, "notes": null, "index_right": 189, "NAME_EN": "Japan" }, "geometry": { "type": "LineString", "coordinates": [ [ 130.908728626, 33.888147199000102 ], [ 130.90145050000001, 33.880397953000099 ], [ 130.892981156, 33.848340488000098 ], [ 130.878857377, 33.8143211390001 ], [ 130.8715537, 33.79036576 ], [ 130.866073271, 33.751361149 ], [ 130.858552366, 33.736319738000098 ] ] } },
{ "type": "Feature", "properties": { "average_dip": "(60.0,,)", "average_rake": null, "catalog_id": "GFE_80980", "catalog_name": "GEM Faulted Earth", "dip_dir": "360", "lower_seis_depth": "(20.0,,)", "name": "Nabari", "net_slip_rate": "(0.0,,)", "slip_type": "Reverse", "upper_seis_depth": "(0.0,,)", "downthrown_side_id": null, "reference": null, "epistemic_quality": null, "accuracy": null, "activity_confidence": "1", "fs_name": "Nabari", "last_movement": null, "downthrown_side_dir": "230", "vert_sep_rate": null, "strike_slip_rate": null, "exposure_quality": null, "shortening_rate": null, "notes": null, "index_right": 189, "NAME_EN": "Japan" }, "geometry": { "type": "LineString", "coordinates": [ [ 135.888229784, 34.524598386 ], [ 135.895818031, 34.527239262000101 ], [ 135.957926427, 34.539459783 ], [ 135.983258726, 34.547068049000103 ], [ 136.009353873, 34.563933743000099 ], [ 136.042038448, 34.580706602000099 ], [ 136.05557974300001, 34.596010181000104 ], [ 136.062351802, 34.60621518 ], [ 136.079359726, 34.623492615 ], [ 136.101150401000012, 34.635826725000101 ], [ 136.110230371, 34.642736153 ] ] } },
{ "type": "Feature", "properties": { "average_dip": "(45.0,,)", "average_rake": null, "catalog_id": "GFE_80981", "catalog_name": "GEM Faulted Earth", "dip_dir": "360", "lower_seis_depth": "(20.0,,)", "name": "Senmata", "net_slip_rate": "(0.0,,)", "slip_type": "Reverse", "upper_seis_depth": "(0.0,,)", "downthrown_side_id": null, "reference": null, "epistemic_quality": null, "accuracy": null, "activity_confidence": "1", "fs_name": "Senmata", "last_movement": null, "downthrown_side_dir": "230", "vert_sep_rate": null, "strike_slip_rate": null, "exposure_quality": null, "shortening_rate": null, "notes": null, "index_right": 189, "NAME_EN": "Japan" }, "geometry": { "type": "LineString", "coordinates": [ [ 135.708093287999986, 34.383104281 ], [ 135.762266996, 34.399853631 ], [ 135.768990370000012, 34.401043651000101 ], [ 135.772947064, 34.399863877 ], [ 135.790478374, 34.404613743 ], [ 135.817113103, 34.403060536000098 ], [ 135.832009754000012, 34.404520715 ], [ 135.871954057000011, 34.410868921 ], [ 135.901349231000012, 34.418654720000099 ], [ 135.923499282, 34.419201173 ], [ 135.997458612, 34.42584414 ] ] } },
{ "type": "Feature", "properties": { "average_dip": "(90.0,,)", "average_rake": null, "catalog_id": "GFE_80984", "catalog_name": "GEM Faulted Earth", "dip_dir": null, "lower_seis_depth": "(20.0,,)", "name": "Shiiba", "net_slip_rate": "(0.0,,)", "slip_type": "Dextral", "upper_seis_depth": "(0.0,,)", "downthrown_side_id": null, "reference": null, "epistemic_quality": null, "accuracy": null, "activity_confidence": "1", "fs_name": "Ropponsugiyama", "last_movement": null, "downthrown_side_dir": null, "vert_sep_rate": null, "strike_slip_rate": null, "exposure_quality": null, "shortening_rate": null, "notes": null, "index_right": 189, "NAME_EN": "Japan" }, "geometry": { "type": "LineString", "coordinates": [ [ 130.756355538, 32.459135755 ], [ 130.776314733, 32.4600740180001 ], [ 130.797817650000013, 32.466454693000102 ], [ 130.836189809, 32.482651569 ], [ 130.862442005, 32.500510033000097 ], [ 130.872777955, 32.505475662 ], [ 130.882994976, 32.508074558 ] ] } },
{ "type": "Feature", "properties": { "average_dip": "(60.0,,)", "average_rake": null, "catalog_id": "GFE_80985", "catalog_name": "GEM Faulted Earth", "dip_dir": null, "lower_seis_depth": "(20.0,,)", "name": "Rausudake", "net_slip_rate": "(1.0,,)", "slip_type": "Normal", "upper_seis_depth": "(0.0,,)", "downthrown_side_id": null, "reference": null, "epistemic_quality": null, "accuracy": null, "activity_confidence": "1", "fs_name": "Rausudake", "last_movement": null, "downthrown_side_dir": null, "vert_sep_rate": null, "strike_slip_rate": null, "exposure_quality": null, "shortening_rate": null, "notes": null, "index_right": 189, "NAME_EN": "Japan" }, "geometry": { "type": "LineString", "coordinates": [ [ 145.220159818000013, 44.159414017000103 ], [ 145.209756309, 44.142328299 ], [ 145.182929529, 44.125515767000103 ], [ 145.172308761000011, 44.121504866000102 ], [ 145.167188625, 44.115712382 ], [ 145.158659691, 44.111390595 ], [ 145.145699232999988, 44.091617517 ], [ 145.124207028, 44.074274350000103 ], [ 145.121034026, 44.068916370000103 ], [ 145.121029333, 44.064511903 ] ] } },
{ "type": "Feature", "properties": { "average_dip": "(45.0,,)", "average_rake": null, "catalog_id": "GFE_80986", "catalog_name": "GEM Faulted Earth", "dip_dir": "90", "lower_seis_depth": "(20.0,,)", "name": "Yoshizumi", "net_slip_rate": "(0.0,,)", "slip_type": "Reverse", "upper_seis_depth": "(0.0,,)", "downthrown_side_id": null, "reference": null, "epistemic_quality": null, "accuracy": null, "activity_confidence": "1", "fs_name": "Yoshizumi", "last_movement": null, "downthrown_side_dir": "233", "vert_sep_rate": null, "strike_slip_rate": null, "exposure_quality": null, "shortening_rate": null, "notes": null, "index_right": 189, "NAME_EN": "Japan" }, "geometry": { "type": "LineString", "coordinates": [ [ 142.207936638, 43.629585095 ], [ 142.193223223, 43.641767111 ], [ 142.162719923, 43.675082012000097 ], [ 142.136341236, 43.692818955000099 ], [ 142.1185769, 43.708224473 ] ] } },
{ "type": "Feature", "properties": { "average_dip": "(45.0,,)", "average_rake": null, "catalog_id": "GFE_80987", "catalog_name": "GEM Faulted Earth", "dip_dir": "90", "lower_seis_depth": "(20.0,,)", "name": "Doichi", "net_slip_rate": "(0.5,,)", "slip_type": "Reverse", "upper_seis_depth": "(0.0,,)", "downthrown_side_id": null, "reference": null, "epistemic_quality": null, "accuracy": null, "activity_confidence": "1", "fs_name": "Tokamachi", "last_movement": "(3751,82,)", "downthrown_side_dir": "233", "vert_sep_rate": null, "strike_slip_rate": null, "exposure_quality": null, "shortening_rate": null, "notes": null, "index_right": 189, "NAME_EN": "Japan" }, "geometry": { "type": "LineString", "coordinates": [ [ 138.816814696, 37.281264698 ], [ 138.80834891500001, 37.255853164 ], [ 138.801085073, 37.246030807000103 ], [ 138.791141732, 37.238435563000102 ], [ 138.787100259999988, 37.229336182000097 ], [ 138.782206812, 37.160925698 ], [ 138.778355989, 37.148103398 ], [ 138.775800874, 37.143260158 ], [ 138.754485878, 37.1219364620001 ], [ 138.744250607999987, 37.102053486 ], [ 138.72896834, 37.092632165000097 ], [ 138.723916107, 37.084885925 ], [ 138.722054069, 37.079610814 ], [ 138.722525131999987, 37.074161291000102 ], [ 138.727086003000011, 37.062374951 ], [ 138.731284283, 37.041366154000102 ], [ 138.725841352, 37.027163649 ] ] } },
{ "type": "Feature", "properties": { "average_dip": "(45.0,,)", "average_rake": null, "catalog_id": "GFE_80988", "catalog_name": "GEM Faulted Earth", "dip_dir": "180", "lower_seis_depth": "(20.0,,)", "name": "Fukaya", "net_slip_rate": "None", "slip_type": "Reverse", "upper_seis_depth": "(0.0,,)", "downthrown_side_id": null, "reference": null, "epistemic_quality": null, "accuracy": null, "activity_confidence": "1", "fs_name": "Fukaya", "last_movement": "(6070,2759,)", "downthrown_side_dir": "227", "vert_sep_rate": "(0.25, 0.1, 0.4)", "strike_slip_rate": null, "exposure_quality": null, "shortening_rate": null, "notes": null, "index_right": 189, "NAME_EN": "Japan" }, "geometry": { "type": "LineString", "coordinates": [ [ 139.153506717, 36.263455834000098 ], [ 139.192256126, 36.245115962000099 ], [ 139.239783123, 36.218391281 ], [ 139.245465787, 36.214648860000104 ], [ 139.265598884000013, 36.194270722000098 ], [ 139.276712024, 36.191938285 ], [ 139.290275094, 36.18612431 ], [ 139.308863190000011, 36.169096748000101 ], [ 139.336235647, 36.149225744 ], [ 139.355290155, 36.139456174 ], [ 139.436111576, 36.087842404000099 ], [ 139.455861226, 36.079420891 ], [ 139.473629202000012, 36.067166760000099 ], [ 139.496916559, 36.058534366000103 ] ] } },
{ "type": "Feature", "properties": { "average_dip": "(45.0,,)", "average_rake": null, "catalog_id": "GFE_80989", "catalog_name": "GEM Faulted Earth", "dip_dir": "180", "lower_seis_depth": "(20.0,,)", "name": "Takasaki", "net_slip_rate": "(0.35,,0.40)", "slip_type": "Reverse", "upper_seis_depth": "(0.0,,)", "downthrown_side_id": null, "reference": null, "epistemic_quality": null, "accuracy": null, "activity_confidence": "1", "fs_name": "Fukaya", "last_movement": "(,1822,)", "downthrown_side_dir": "227", "vert_sep_rate": "(0.25,,)", "strike_slip_rate": null, "exposure_quality": null, "shortening_rate": null, "notes": null, "index_right": 189, "NAME_EN": "Japan" }, "geometry": { "type": "LineString", "coordinates": [ [ 138.852417798, 36.384626961 ], [ 138.887177150000014, 36.375729903 ], [ 138.90053824, 36.369669952 ], [ 138.919221189000012, 36.35576904 ], [ 138.936139414, 36.3388194300001 ], [ 138.942820759, 36.336140198000102 ], [ 138.966816015, 36.332590958 ], [ 138.974489479999988, 36.329440523000102 ], [ 138.996781385, 36.308993454000102 ], [ 139.030192448, 36.285666010000099 ], [ 139.052805952, 36.274454894 ], [ 139.099348637, 36.257249099 ] ] } },
{ "type": "Feature", "properties": { "average_dip": "(60.0,,)", "average_rake": null, "catalog_id": "GFE_80990", "catalog_name": "GEM Faulted Earth", "dip_dir": "180", "lower_seis_depth": "(20.0,,)", "name": "Tomikusa", "net_slip_rate": "(0.1,,)", "slip_type": "Sinistral", "upper_seis_depth": "(0.0,,)", "downthrown_side_id": null, "reference": null, "epistemic_quality": null, "accuracy": null, "activity_confidence": "1", "fs_name": "Shimojo-sanroku", "last_movement": null, "downthrown_side_dir": "227", "vert_sep_rate": null, "strike_slip_rate": null, "exposure_quality": null, "shortening_rate": null, "notes": null, "index_right": 189, "NAME_EN": "Japan" }, "geometry": { "type": "LineString", "coordinates": [ [ 137.806588498999986, 35.300379655 ], [ 137.810248605, 35.315824991000099 ], [ 137.80987344, 35.321098383 ], [ 137.801695427999988, 35.340313993000102 ], [ 137.80056622, 35.348477037000102 ], [ 137.801831635000013, 35.361159626000102 ], [ 137.797700652, 35.3702444890001 ], [ 137.79195565500001, 35.376110448000098 ], [ 137.780751695, 35.380984238000103 ], [ 137.713808889, 35.424204240000101 ] ] } },
{ "type": "Feature", "properties": { "average_dip": "(90.0,,)", "average_rake": null, "catalog_id": "GFE_80991", "catalog_name": "GEM Faulted Earth", "dip_dir": null, "lower_seis_depth": "(20.0,,)", "name": "Tachikawa", "net_slip_rate": "(0.3,,)", "slip_type": "Sinistral", "upper_seis_depth": "(0.0,,)", "downthrown_side_id": null, "reference": null, "epistemic_quality": null, "accuracy": null, "activity_confidence": "1", "fs_name": "Tachikawa", "last_movement": "(13595,12893,)", "downthrown_side_dir": "233", "vert_sep_rate": "(0.20500000000000002, 0.18, 0.23)", "strike_slip_rate": null, "exposure_quality": null, "shortening_rate": null, "notes": null, "index_right": 189, "NAME_EN": "Japan" }, "geometry": { "type": "LineString", "coordinates": [ [ 139.187754302, 35.878324612 ], [ 139.2141853, 35.871757057 ], [ 139.25445362100001, 35.8524873120001 ], [ 139.276163055000012, 35.844377769000097 ], [ 139.283241748, 35.836960098000098 ], [ 139.302818257000013, 35.808094631000102 ], [ 139.311901893, 35.797765044000101 ], [ 139.320289449, 35.790925042 ], [ 139.336930227000011, 35.785896053 ], [ 139.348674502, 35.778914156 ], [ 139.364888713999989, 35.763977279000102 ], [ 139.399132266, 35.726986378 ], [ 139.408075932, 35.716237832 ], [ 139.425541538, 35.688741408000098 ], [ 139.434626175, 35.678411818 ], [ 139.43616316, 35.67548119 ], [ 139.438945795, 35.653570743 ] ] } },
{ "type": "Feature", "properties": { "average_dip": "(90.0,,)", "average_rake": null, "catalog_id": "GFE_80992", "catalog_name": "GEM Faulted Earth", "dip_dir": null, "lower_seis_depth": "(20.0,,)", "name": "Gofukuji", "net_slip_rate": "None", "slip_type": "Sinistral", "upper_seis_depth": "(0.0,,)", "downthrown_side_id": null, "reference": null, "epistemic_quality": null, "accuracy": null, "activity_confidence": "1", "fs_name": "Itoshizusen", "last_movement": "(1415,648,)", "downthrown_side_dir": null, "vert_sep_rate": null, "strike_slip_rate": "(9.1179999999999986, 8.636, 9.6)", "exposure_quality": null, "shortening_rate": null, "notes": null, "index_right": 189, "NAME_EN": "Japan" }, "geometry": { "type": "LineString", "coordinates": [ [ 137.979744337999989, 36.216952354000099 ], [ 137.988676394, 36.195681027 ], [ 138.000250556999987, 36.178158229000097 ], [ 138.00011136, 36.171145138 ], [ 137.996499785999987, 36.168322369000101 ], [ 137.997185903, 36.163819904 ], [ 138.000811793999986, 36.1585356040001 ], [ 138.006693387000013, 36.155847064000099 ], [ 138.006699536000013, 36.1520185030001 ], [ 138.003314942, 36.14919674 ], [ 138.003665167, 36.142666498 ], [ 138.006962324999989, 36.131301887000099 ], [ 138.014604222, 36.116220997 ], [ 138.014803611, 36.106548928000102 ], [ 138.016620638, 36.101824517000097 ], [ 138.027025916000014, 36.0971183240001 ], [ 138.038799344000012, 36.085546954000101 ], [ 138.045259191000014, 36.075090319 ], [ 138.054008466999989, 36.048537587000098 ], [ 138.060118093, 36.044498207000103 ], [ 138.07200859, 36.030900071000097 ], [ 138.079699049, 36.027652641 ], [ 138.084578064, 36.016404055000102 ], [ 138.087857831, 36.015059294 ], [ 138.094198539, 36.008431216000098 ], [ 138.10528072, 36.004739924 ], [ 138.112846280000014, 35.999170756000098 ], [ 138.12527441200001, 35.993761695 ], [ 138.138495387, 35.990604398000102 ] ] } },
{ "type": "Feature", "properties": { "average_dip": "(60.0,,)", "average_rake": null, "catalog_id": "GFE_80993", "catalog_name": "GEM Faulted Earth", "dip_dir": "180", "lower_seis_depth": "(20.0,,)", "name": "Mitsumoriyama", "net_slip_rate": "(0.0,,)", "slip_type": "Reverse", "upper_seis_depth": "(0.0,,)", "downthrown_side_id": null, "reference": null, "epistemic_quality": null, "accuracy": null, "activity_confidence": "1", "fs_name": "Enasan", "last_movement": null, "downthrown_side_dir": "227", "vert_sep_rate": null, "strike_slip_rate": null, "exposure_quality": null, "shortening_rate": null, "notes": null, "index_right": 189, "NAME_EN": "Japan" }, "geometry": { "type": "LineString", "coordinates": [ [ 137.40573297, 35.333757842000097 ], [ 137.44947722500001, 35.359348015000101 ], [ 137.486667553, 35.3713255770001 ], [ 137.516738798, 35.375270877 ], [ 137.549660504, 35.387062356000101 ], [ 137.574324252999986, 35.390066631 ], [ 137.585706308999988, 35.388922046000097 ], [ 137.655032052, 35.368812071 ] ] } },
{ "type": "Feature", "properties": { "average_dip": "(90.0,,)", "average_rake": null, "catalog_id": "GFE_80994", "catalog_name": "GEM Faulted Earth", "dip_dir": null, "lower_seis_depth": "(20.0,,)", "name": "Inohana", "net_slip_rate": "(0.1,,)", "slip_type": "Dextral", "upper_seis_depth": "(0.0,,)", "downthrown_side_id": null, "reference": null, "epistemic_quality": null, "accuracy": null, "activity_confidence": "1", "fs_name": "Inohana", "last_movement": null, "downthrown_side_dir": null, "vert_sep_rate": null, "strike_slip_rate": null, "exposure_quality": null, "shortening_rate": null, "notes": null, "index_right": 189, "NAME_EN": "Japan" }, "geometry": { "type": "LineString", "coordinates": [ [ 137.388842108, 36.007196368000102 ], [ 137.409457764, 36.02127827 ], [ 137.454262121999989, 36.0400652450001 ], [ 137.487704872, 36.048495123000102 ], [ 137.500204566, 36.054001807000098 ] ] } },
{ "type": "Feature", "properties": { "average_dip": "(45.0,,)", "average_rake": null, "catalog_id": "GFE_80995", "catalog_name": "GEM Faulted Earth", "dip_dir": "270", "lower_seis_depth": "(20.0,,)", "name": "Ikedayama", "net_slip_rate": "None", "slip_type": "Reverse", "upper_seis_depth": "(0.0,,)", "downthrown_side_id": null, "reference": null, "epistemic_quality": null, "accuracy": null, "activity_confidence": "1", "fs_name": "Ikedayama", "last_movement": "(906,550,)", "downthrown_side_dir": "226", "vert_sep_rate": "(0.65000000000000002, 0.5, 0.8)", "strike_slip_rate": null, "exposure_quality": null, "shortening_rate": null, "notes": null, "index_right": 189, "NAME_EN": "Japan" }, "geometry": { "type": "LineString", "coordinates": [ [ 136.534943840000011, 35.501034311000097 ], [ 136.535186139, 35.4922053290001 ], [ 136.532441721, 35.482831338 ], [ 136.532316998999988, 35.4754901760001 ], [ 136.546261414000014, 35.45791453 ], [ 136.550881896, 35.433444446000102 ], [ 136.556638549000013, 35.4291060830001 ], [ 136.560677451, 35.422028992 ], [ 136.568665899, 35.417943654000098 ], [ 136.576246506, 35.410459695 ], [ 136.580931443, 35.400894905 ], [ 136.585563824, 35.379171504000098 ], [ 136.585407049999986, 35.373288174 ], [ 136.575122352, 35.362216192000098 ] ] } },
{ "type": "Feature", "properties": { "average_dip": "(45.0,,)", "average_rake": null, "catalog_id": "GFE_80996", "catalog_name": "GEM Faulted Earth", "dip_dir": "90", "lower_seis_depth": "(20.0,,)", "name": "Tenri", "net_slip_rate": "None", "slip_type": "Reverse", "upper_seis_depth": "(0.0,,)", "downthrown_side_id": null, "reference": null, "epistemic_quality": null, "accuracy": null, "activity_confidence": "1", "fs_name": "Narabonchi-toen", "last_movement": "(10945,756,)", "downthrown_side_dir": "233", "vert_sep_rate": "(0.16, 0.11, 0.21)", "strike_slip_rate": null, "exposure_quality": null, "shortening_rate": null, "notes": null, "index_right": 189, "NAME_EN": "Japan" }, "geometry": { "type": "LineString", "coordinates": [ [ 135.833953009999988, 34.715672379000097 ], [ 135.835611269, 34.703864763000098 ], [ 135.84077631400001, 34.689345537000101 ], [ 135.846560119, 34.6802487080001 ], [ 135.844981321, 34.649095219000102 ], [ 135.847226742, 34.632444741 ], [ 135.846481232, 34.61855273 ], [ 135.849445635, 34.599147007000099 ], [ 135.846199324, 34.587235286000102 ], [ 135.846903497, 34.580354085000103 ], [ 135.844822137, 34.566897567000098 ], [ 135.852070922, 34.525148482000098 ] ] } },
{ "type": "Feature", "properties": { "average_dip": "(70.0,,)", "average_rake": null, "catalog_id": "GFE_80997", "catalog_name": "GEM Faulted Earth", "dip_dir": "360", "lower_seis_depth": "(20.0,,)", "name": "Ujigawa", "net_slip_rate": "None", "slip_type": "Reverse", "upper_seis_depth": "(0.0,,)", "downthrown_side_id": null, "reference": null, "epistemic_quality": null, "accuracy": null, "activity_confidence": "1", "fs_name": "Rokko", "last_movement": "(3045,82,)", "downthrown_side_dir": "230", "vert_sep_rate": "(0.105, 0.09, 0.12)", "strike_slip_rate": null, "exposure_quality": null, "shortening_rate": null, "notes": null, "index_right": 189, "NAME_EN": "Japan" }, "geometry": { "type": "LineString", "coordinates": [ [ 135.807375220000011, 34.951477846 ], [ 135.797953189, 34.947382093 ], [ 135.788224281, 34.935178714000102 ], [ 135.783554966999986, 34.932533453000097 ], [ 135.757344593, 34.9231479110001 ], [ 135.721365418, 34.903862273000101 ], [ 135.709027795999987, 34.89532796 ], [ 135.696351056, 34.891062151 ] ] } },
{ "type": "Feature", "properties": { "average_dip": "(90.0,,)", "average_rake": null, "catalog_id": "GFE_80998", "catalog_name": "GEM Faulted Earth", "dip_dir": null, "lower_seis_depth": "(20.0,,)", "name": "Ohara", "net_slip_rate": "(1.00,1.00,1.00)", "slip_type": "Sinistral", "upper_seis_depth": "(0.0,,)", "downthrown_side_id": null, "reference": null, "epistemic_quality": null, "accuracy": null, "activity_confidence": "1", "fs_name": "Yamasaki", "last_movement": "(1238,1087,1082)", "downthrown_side_dir": null, "vert_sep_rate": null, "strike_slip_rate": "(1.0, 1.0, 1.0)", "exposure_quality": null, "shortening_rate": null, "notes": null, "index_right": 189, "NAME_EN": "Japan" }, "geometry": { "type": "LineString", "coordinates": [ [ 134.193323086, 35.192912046000103 ], [ 134.278537113, 35.143531663 ], [ 134.306369069999988, 35.130234824000098 ], [ 134.331602352, 35.114179244000098 ], [ 134.362897923, 35.103295204000098 ], [ 134.402658998, 35.084644250000103 ], [ 134.469569836, 35.060630526000097 ], [ 134.495502884, 35.049921345 ], [ 134.508465989, 35.042152532 ] ] } },
{ "type": "Feature", "properties": { "average_dip": "(45.0,,)", "average_rake": null, "catalog_id": "GFE_80999", "catalog_name": "GEM Faulted Earth", "dip_dir": "360", "lower_seis_depth": "(20.0,,)", "name": "Izumi", "net_slip_rate": "None", "slip_type": "Dextral", "upper_seis_depth": "(0.0,,)", "downthrown_side_id": null, "reference": null, "epistemic_quality": null, "accuracy": null, "activity_confidence": "1", "fs_name": "Izumi", "last_movement": "(7250,2629,)", "downthrown_side_dir": "227", "vert_sep_rate": "(0.33000000000000002, 0.16, 0.5)", "strike_slip_rate": "(0.5, 0.5, 0.5)", "exposure_quality": null, "shortening_rate": null, "notes": null, "index_right": 189, "NAME_EN": "Japan" }, "geometry": { "type": "LineString", "coordinates": [ [ 130.262898801, 32.012893252 ], [ 130.278509250000013, 32.019343803 ], [ 130.298353119000012, 32.033964509 ], [ 130.317801236, 32.040018174000103 ], [ 130.35444861, 32.054499198 ], [ 130.372321197, 32.065297857000097 ], [ 130.388575468999989, 32.077746356 ], [ 130.405391365000014, 32.095441585000103 ], [ 130.426756454000014, 32.121931837 ], [ 130.432308729, 32.1323948040001 ], [ 130.436817201, 32.137423318000103 ] ] } },
{ "type": "Feature", "properties": { "average_dip": "(60.0,,)", "average_rake": null, "catalog_id": "GFE_81000", "catalog_name": "GEM Faulted Earth", "dip_dir": "360", "lower_seis_depth": "(20.0,,)", "name": "Katsuchi", "net_slip_rate": "(0.0,,)", "slip_type": "Dextral", "upper_seis_depth": "(0.0,,)", "downthrown_side_id": null, "reference": null, "epistemic_quality": null, "accuracy": null, "activity_confidence": "1", "fs_name": "Nabari", "last_movement": null, "downthrown_side_dir": "230", "vert_sep_rate": null, "strike_slip_rate": null, "exposure_quality": null, "shortening_rate": null, "notes": null, "index_right": 189, "NAME_EN": "Japan" }, "geometry": { "type": "LineString", "coordinates": [ [ 136.131314944, 34.630765010000097 ], [ 136.15572038900001, 34.648792449 ], [ 136.170667931999986, 34.664933642000101 ], [ 136.197831694, 34.682240719 ], [ 136.213224572, 34.695364597 ], [ 136.237718973999989, 34.708717658000097 ] ] } },
{ "type": "Feature", "properties": { "average_dip": "(90.0,,)", "average_rake": null, "catalog_id": "GFE_91026", "catalog_name": "GEM Faulted Earth", "dip_dir": null, "lower_seis_depth": "(20.0,,)", "name": "Mitahora", "net_slip_rate": "(0.1,,)", "slip_type": "Sinistral", "upper_seis_depth": "(0.0,,)", "downthrown_side_id": null, "reference": null, "epistemic_quality": null, "accuracy": null, "activity_confidence": "1", "fs_name": "Nobi", "last_movement": null, "downthrown_side_dir": null, "vert_sep_rate": null, "strike_slip_rate": null, "exposure_quality": null, "shortening_rate": null, "notes": null, "index_right": 189, "NAME_EN": "Japan" }, "geometry": { "type": "LineString", "coordinates": [ [ 136.745727292, 35.502880243 ], [ 136.770168852000012, 35.4837440330001 ], [ 136.787958675, 35.4733606570001 ], [ 136.821184238, 35.460534939000098 ], [ 136.863614266000013, 35.440374287000097 ] ] } },
{ "type": "Feature", "properties": { "average_dip": "(45.0,,)", "average_rake": null, "catalog_id": "GFE_91045", "catalog_name": "GEM Faulted Earth", "dip_dir": "270", "lower_seis_depth": "(20.0,,)", "name": "Yoroushi", "net_slip_rate": "(0.1,,)", "slip_type": "Reverse", "upper_seis_depth": "(0.0,,)", "downthrown_side_id": null, "reference": null, "epistemic_quality": null, "accuracy": null, "activity_confidence": "1", "fs_name": "Kaiyo", "last_movement": null, "downthrown_side_dir": "226", "vert_sep_rate": null, "strike_slip_rate": null, "exposure_quality": null, "shortening_rate": null, "notes": null, "index_right": 189, "NAME_EN": "Japan" }, "geometry": { "type": "LineString", "coordinates": [ [ 144.795747174000013, 43.616400338000098 ], [ 144.736995216, 43.574994238 ] ] } },
{ "type": "Feature", "properties": { "average_dip": "(90.0,,)", "average_rake": null, "catalog_id": "GFE_91068", "catalog_name": "GEM Faulted Earth", "dip_dir": null, "lower_seis_depth": "(20.0,,)", "name": "Mannamitoge", "net_slip_rate": "(0.1,,)", "slip_type": "Dextral", "upper_seis_depth": "(0.0,,)", "downthrown_side_id": null, "reference": null, "epistemic_quality": null, "accuracy": null, "activity_confidence": "1", "fs_name": "Ushikubi", "last_movement": "(7250,82,)", "downthrown_side_dir": null, "vert_sep_rate": null, "strike_slip_rate": null, "exposure_quality": null, "shortening_rate": null, "notes": null, "index_right": 189, "NAME_EN": "Japan" }, "geometry": { "type": "LineString", "coordinates": [ [ 137.101045917, 36.384042661 ], [ 137.177628239, 36.407874843000101 ] ] } },
{ "type": "Feature", "properties": { "average_dip": "(90.0,,)", "average_rake": null, "catalog_id": "GFE_91069", "catalog_name": "GEM Faulted Earth", "dip_dir": null, "lower_seis_depth": "(20.0,,)", "name": "Azehata", "net_slip_rate": "(0.0,,)", "slip_type": "Dextral", "upper_seis_depth": "(0.0,,)", "downthrown_side_id": null, "reference": null, "epistemic_quality": null, "accuracy": null, "activity_confidence": "1", "fs_name": "Toichigawa", "last_movement": null, "downthrown_side_dir": null, "vert_sep_rate": null, "strike_slip_rate": null, "exposure_quality": null, "shortening_rate": null, "notes": null, "index_right": 189, "NAME_EN": "Japan" }, "geometry": { "type": "LineString", "coordinates": [ [ 137.062871341, 36.1742309300001 ], [ 137.100570012, 36.20065183 ], [ 137.115508398, 36.208456305 ], [ 137.148408094, 36.219105905 ], [ 137.166370194, 36.227443396000098 ], [ 137.176506049000011, 36.234004895000098 ] ] } },
{ "type": "Feature", "properties": { "average_dip": "(45.0,,)", "average_rake": null, "catalog_id": "GFE_91094", "catalog_name": "GEM Faulted Earth", "dip_dir": "270", "lower_seis_depth": "(20.0,,)", "name": "Shizukuishibonchi-seien", "net_slip_rate": "None", "slip_type": "Reverse", "upper_seis_depth": "(0.0,,)", "downthrown_side_id": null, "reference": null, "epistemic_quality": null, "accuracy": null, "activity_confidence": "1", "fs_name": "Shizukuishibonchi-seien", "last_movement": "(2776,605,)", "downthrown_side_dir": "226", "vert_sep_rate": "(0.40000000000000002, 0.3, 0.5)", "strike_slip_rate": null, "exposure_quality": null, "shortening_rate": null, "notes": null, "index_right": 189, "NAME_EN": "Japan" }, "geometry": { "type": "LineString", "coordinates": [ [ 140.95203513300001, 39.807621351000101 ], [ 140.951315492, 39.801821014 ], [ 140.952777841, 39.792392172000099 ], [ 140.950088453, 39.7850419580001 ], [ 140.946150022000012, 39.780698351000098 ], [ 140.945956712, 39.767438910000102 ], [ 140.939539005, 39.753154402000099 ], [ 140.933839907, 39.745292158 ], [ 140.934371448, 39.733688543 ], [ 140.929401354, 39.724477479 ], [ 140.932940587, 39.713698857000097 ], [ 140.924352193, 39.703690449000099 ], [ 140.91636949, 39.685239714 ], [ 140.910271132, 39.6633931060001 ], [ 140.916823269, 39.649190977 ], [ 140.920044188, 39.645145551 ], [ 140.929804645, 39.638809592 ], [ 140.935520543, 39.630823705000097 ], [ 140.952961432, 39.622300235000097 ], [ 140.961056796, 39.620733663000102 ] ] } },
{ "type": "Feature", "properties": { "average_dip": "(45.0,,)", "average_rake": null, "catalog_id": "GFE_91095", "catalog_name": "GEM Faulted Earth", "dip_dir": "90", "lower_seis_depth": "(20.0,,)", "name": "Toridame", "net_slip_rate": "(0.0,,)", "slip_type": "Reverse", "upper_seis_depth": "(0.0,,)", "downthrown_side_id": null, "reference": null, "epistemic_quality": null, "accuracy": null, "activity_confidence": "1", "fs_name": "Toridame", "last_movement": null, "downthrown_side_dir": "233", "vert_sep_rate": null, "strike_slip_rate": null, "exposure_quality": null, "shortening_rate": null, "notes": null, "index_right": 189, "NAME_EN": "Japan" }, "geometry": { "type": "LineString", "coordinates": [ [ 140.16946968900001, 39.444298892000099 ], [ 140.161419896000012, 39.434253841 ], [ 140.156192911, 39.422997016000103 ], [ 140.150986876, 39.392225494000101 ], [ 140.149201315, 39.365975538 ], [ 140.150430073, 39.348169674000097 ] ] } },
{ "type": "Feature", "properties": { "average_dip": "(90.0,,)", "average_rake": null, "catalog_id": "GFE_91096", "catalog_name": "GEM Faulted Earth", "dip_dir": null, "lower_seis_depth": "(20.0,,)", "name": "Kitatake", "net_slip_rate": "(1.2,,)", "slip_type": "Dextral", "upper_seis_depth": "(0.0,,)", "downthrown_side_id": null, "reference": null, "epistemic_quality": null, "accuracy": null, "activity_confidence": "1", "fs_name": "Kitatake", "last_movement": "(1388,1284,)", "downthrown_side_dir": null, "vert_sep_rate": null, "strike_slip_rate": "(2.25, 0.5, 4.0)", "exposure_quality": null, "shortening_rate": null, "notes": null, "index_right": 189, "NAME_EN": "Japan" }, "geometry": { "type": "LineString", "coordinates": [ [ 139.592215831, 35.246770667000099 ], [ 139.60566965000001, 35.247870897 ], [ 139.620833495, 35.244578667 ], [ 139.643087009, 35.234455392 ], [ 139.652380309, 35.232260883 ], [ 139.711698158, 35.210247921000096 ], [ 139.718656614999986, 35.209108233000102 ] ] } },
{ "type": "Feature", "properties": { "average_dip": "(60.0,,)", "average_rake": null, "catalog_id": "GFE_91130", "catalog_name": "GEM Faulted Earth", "dip_dir": "270", "lower_seis_depth": "(20.0,,)", "name": "Ishikawa-Gushikawa", "net_slip_rate": "(0.1,,)", "slip_type": "Normal", "upper_seis_depth": "(0.0,,)", "downthrown_side_id": null, "reference": null, "epistemic_quality": null, "accuracy": null, "activity_confidence": "1", "fs_name": "Ishikawa-Gushikawa", "last_movement": null, "downthrown_side_dir": "233", "vert_sep_rate": null, "strike_slip_rate": null, "exposure_quality": null, "shortening_rate": null, "notes": null, "index_right": 189, "NAME_EN": "Japan" }, "geometry": { "type": "LineString", "coordinates": [ [ 127.806679194, 26.432685669 ], [ 127.822090098, 26.419046314000099 ], [ 127.834752411, 26.395088006 ], [ 127.841717924, 26.388461798 ], [ 127.849314348, 26.383885382000098 ], [ 127.863723532, 26.358719224 ], [ 127.876941621, 26.345307813 ] ] } },
{ "type": "Feature", "properties": { "average_dip": "(45.0,,)", "average_rake": null, "catalog_id": "GFE_91097", "catalog_name": "GEM Faulted Earth", "dip_dir": "270", "lower_seis_depth": "(20.0,,)", "name": "Juchihara", "net_slip_rate": "None", "slip_type": "Reverse", "upper_seis_depth": "(0.0,,)", "downthrown_side_id": null, "reference": null, "epistemic_quality": null, "accuracy": null, "activity_confidence": "1", "fs_name": "Naganobnchi-seien", "last_movement": null, "downthrown_side_dir": "226", "vert_sep_rate": "(0.35499999999999998, 0.14, 0.57)", "strike_slip_rate": null, "exposure_quality": null, "shortening_rate": null, "notes": null, "index_right": 189, "NAME_EN": "Japan" }, "geometry": { "type": "LineString", "coordinates": [ [ 138.457645337, 36.966736466 ], [ 138.45299197, 36.961270974000101 ], [ 138.438383767, 36.954007974 ], [ 138.431586305, 36.9456753380001 ], [ 138.425550585, 36.9413829820001 ], [ 138.423767524999988, 36.937660523 ], [ 138.420684532, 36.913895581000098 ], [ 138.409467295000013, 36.8982416 ], [ 138.409838437, 36.890748385000101 ], [ 138.416747334, 36.859561766000098 ], [ 138.416578682, 36.8514437 ] ] } },
{ "type": "Feature", "properties": { "average_dip": "(60.0,,)", "average_rake": null, "catalog_id": "GFE_91098", "catalog_name": "GEM Faulted Earth", "dip_dir": null, "lower_seis_depth": "(20.0,,)", "name": "Kirigamine", "net_slip_rate": "(1.0,,)", "slip_type": "Normal", "upper_seis_depth": "(0.0,,)", "downthrown_side_id": null, "reference": null, "epistemic_quality": null, "accuracy": null, "activity_confidence": "1", "fs_name": "Kirigamine", "last_movement": null, "downthrown_side_dir": null, "vert_sep_rate": null, "strike_slip_rate": null, "exposure_quality": null, "shortening_rate": null, "notes": null, "index_right": 189, "NAME_EN": "Japan" }, "geometry": { "type": "LineString", "coordinates": [ [ 138.145478042, 36.137060804 ], [ 138.178003980999989, 36.115027964 ], [ 138.191782096999987, 36.109555155000102 ], [ 138.202002391, 36.107351919000102 ], [ 138.210541006999989, 36.101995714000097 ], [ 138.216789404999986, 36.10054137 ], [ 138.242400029, 36.101177426 ], [ 138.259099686000013, 36.098471169 ], [ 138.27624053, 36.090020581 ], [ 138.289944822, 36.077790336000099 ] ] } },
{ "type": "Feature", "properties": { "average_dip": "(60.0,,)", "average_rake": null, "catalog_id": "GFE_91099", "catalog_name": "GEM Faulted Earth", "dip_dir": "270", "lower_seis_depth": "(20.0,,)", "name": "Shibakawa", "net_slip_rate": "None", "slip_type": "Reverse", "upper_seis_depth": "(0.0,,)", "downthrown_side_id": null, "reference": null, "epistemic_quality": null, "accuracy": null, "activity_confidence": "1", "fs_name": "Fujigawa-kako", "last_movement": "(,1375,)", "downthrown_side_dir": "226", "vert_sep_rate": "(1.5600000000000001, 1.33, 1.79)", "strike_slip_rate": null, "exposure_quality": null, "shortening_rate": null, "notes": null, "index_right": 189, "NAME_EN": "Japan" }, "geometry": { "type": "LineString", "coordinates": [ [ 138.588200188, 35.3021603030001 ], [ 138.586651458, 35.298572670000098 ], [ 138.575243771, 35.289788371 ], [ 138.569836525999989, 35.2821141 ], [ 138.564515119, 35.278539368000096 ], [ 138.557807006, 35.270329125 ], [ 138.554535506, 35.264565693000101 ], [ 138.55364891, 35.255965643 ], [ 138.565091319, 35.219458063 ], [ 138.568605227, 35.213981772000103 ], [ 138.569358365, 35.2086443950001 ], [ 138.577070168, 35.196468968 ], [ 138.576931355999989, 35.191814490000098 ], [ 138.574943644, 35.188709790000097 ], [ 138.563716882, 35.181414327 ], [ 138.561427243, 35.177048762 ], [ 138.561071799, 35.163210316000097 ], [ 138.558457376, 35.153873303000097 ], [ 138.56132951, 35.143844509000097 ], [ 138.556679433999989, 35.129956959 ], [ 138.556541845, 35.119391148 ], [ 138.558152035, 35.110731167 ], [ 138.567068973, 35.092217484000102 ], [ 138.570618148, 35.079555003000102 ], [ 138.577180885, 35.045168049 ] ] } },
{ "type": "Feature", "properties": { "average_dip": "(30.0,,)", "average_rake": null, "catalog_id": "GFE_91100", "catalog_name": "GEM Faulted Earth", "dip_dir": "270", "lower_seis_depth": "(20.0,,)", "name": "Ina", "net_slip_rate": "None", "slip_type": "Reverse", "upper_seis_depth": "(0.0,,)", "downthrown_side_id": null, "reference": null, "epistemic_quality": null, "accuracy": null, "activity_confidence": "1", "fs_name": "Inadani", "last_movement": null, "downthrown_side_dir": "226", "vert_sep_rate": "(0.28499999999999998, 0.22, 0.35)", "strike_slip_rate": null, "exposure_quality": null, "shortening_rate": null, "notes": null, "index_right": 189, "NAME_EN": "Japan" }, "geometry": { "type": "LineString", "coordinates": [ [ 137.982678192, 35.983795169000103 ], [ 137.976197537, 35.9636843050001 ], [ 137.971622251000014, 35.955521123 ], [ 137.958509768, 35.945818897 ], [ 137.957385988999988, 35.942638233 ], [ 137.951533891999986, 35.937714443000097 ], [ 137.951430862, 35.933445132 ], [ 137.938231422, 35.922797013 ], [ 137.930289644, 35.909048383 ], [ 137.928647016000014, 35.9031180200001 ], [ 137.918898202, 35.894357773 ], [ 137.916911577, 35.889115322000102 ], [ 137.918114678, 35.883784963 ], [ 137.917162960000013, 35.878627529 ], [ 137.915436236, 35.875361858000097 ], [ 137.90939791, 35.871499146000097 ], [ 137.908100297, 35.864363929 ], [ 137.903611919000014, 35.8583505020001 ], [ 137.903693207, 35.850699379 ], [ 137.905072157, 35.848892621000097 ], [ 137.912571658, 35.844931265000099 ], [ 137.919290452000013, 35.835124558000103 ], [ 137.927478932000014, 35.830131338000101 ] ] } },
{ "type": "Feature", "properties": { "average_dip": "(90.0,,)", "average_rake": null, "catalog_id": "GFE_91101", "catalog_name": "GEM Faulted Earth", "dip_dir": null, "lower_seis_depth": "(20.0,,)", "name": "Chihara", "net_slip_rate": "(0.3,,)", "slip_type": "Dextral", "upper_seis_depth": "(0.0,,)", "downthrown_side_id": null, "reference": null, "epistemic_quality": null, "accuracy": null, "activity_confidence": "1", "fs_name": "Chihara", "last_movement": null, "downthrown_side_dir": null, "vert_sep_rate": null, "strike_slip_rate": null, "exposure_quality": null, "shortening_rate": null, "notes": null, "index_right": 189, "NAME_EN": "Japan" }, "geometry": { "type": "LineString", "coordinates": [ [ 136.048936315, 35.48107787 ], [ 136.062842776, 35.489825198000098 ], [ 136.080096665000013, 35.506261723000101 ], [ 136.095636665, 35.523806079000103 ], [ 136.117071118000013, 35.542059495 ], [ 136.123486272, 35.549858752 ], [ 136.127942558, 35.558766835 ], [ 136.127342496000011, 35.561948455 ] ] } },
{ "type": "Feature", "properties": { "average_dip": "(45.0,,)", "average_rake": null, "catalog_id": "GFE_91102", "catalog_name": "GEM Faulted Earth", "dip_dir": "180", "lower_seis_depth": "(20.0,,)", "name": "Byobuyama", "net_slip_rate": "(0.0,,)", "slip_type": "Reverse", "upper_seis_depth": "(0.0,,)", "downthrown_side_id": null, "reference": null, "epistemic_quality": null, "accuracy": null, "activity_confidence": "1", "fs_name": "Byobuyama", "last_movement": null, "downthrown_side_dir": "227", "vert_sep_rate": null, "strike_slip_rate": null, "exposure_quality": null, "shortening_rate": null, "notes": null, "index_right": 189, "NAME_EN": "Japan" }, "geometry": { "type": "LineString", "coordinates": [ [ 137.280894754, 35.335356563000097 ], [ 137.294961159, 35.345449761000097 ], [ 137.307230672, 35.356848765000102 ], [ 137.317542113, 35.374769978000103 ], [ 137.326539042, 35.3825863100001 ], [ 137.336515928000011, 35.389259796 ], [ 137.381815243, 35.409431622000099 ], [ 137.423356743999989, 35.433355928 ] ] } },
{ "type": "Feature", "properties": { "average_dip": "(30.0,,)", "average_rake": null, "catalog_id": "GFE_91103", "catalog_name": "GEM Faulted Earth", "dip_dir": "360", "lower_seis_depth": "(20.0,,)", "name": "Bijosan", "net_slip_rate": "(0.5,,)", "slip_type": "Reverse", "upper_seis_depth": "(0.0,,)", "downthrown_side_id": null, "reference": null, "epistemic_quality": null, "accuracy": null, "activity_confidence": "1", "fs_name": "Ochigata", "last_movement": null, "downthrown_side_dir": "230", "vert_sep_rate": null, "strike_slip_rate": null, "exposure_quality": null, "shortening_rate": null, "notes": null, "index_right": 189, "NAME_EN": "Japan" }, "geometry": { "type": "LineString", "coordinates": [ [ 136.792511272000013, 36.92298428 ], [ 136.819838196, 36.939252077 ], [ 136.853997535, 36.954888121000103 ], [ 136.904316344, 36.991496756000103 ], [ 136.92851395, 37.004072283 ], [ 136.95672432, 37.0321987230001 ] ] } },
{ "type": "Feature", "properties": { "average_dip": "(90.0,,)", "average_rake": null, "catalog_id": "GFE_91104", "catalog_name": "GEM Faulted Earth", "dip_dir": null, "lower_seis_depth": "(20.0,,)", "name": "Neodani", "net_slip_rate": "None", "slip_type": "Sinistral", "upper_seis_depth": "(0.0,,)", "downthrown_side_id": null, "reference": null, "epistemic_quality": null, "accuracy": null, "activity_confidence": "1", "fs_name": "Nobi", "last_movement": "(,,59)", "downthrown_side_dir": null, "vert_sep_rate": null, "strike_slip_rate": "(2.0, 2.0, 2.0)", "exposure_quality": null, "shortening_rate": null, "notes": null, "index_right": 189, "NAME_EN": "Japan" }, "geometry": { "type": "LineString", "coordinates": [ [ 136.502758336, 35.756155218000103 ], [ 136.542372704, 35.7328998630001 ], [ 136.546536478, 35.729096402 ], [ 136.559876608, 35.693643804 ], [ 136.576692952, 35.6712387910001 ], [ 136.58843138200001, 35.658654524 ], [ 136.616104863, 35.633786057000101 ], [ 136.623552655, 35.621645633000099 ], [ 136.61858912400001, 35.620746615 ], [ 136.619730127999986, 35.617897970000101 ], [ 136.642111631, 35.577845114000098 ], [ 136.654499148000014, 35.561362307 ], [ 136.682190646, 35.536025890000097 ], [ 136.701980352, 35.523993753000099 ], [ 136.736002914000011, 35.5091462870001 ], [ 136.753178514000012, 35.506318031 ] ] } },
{ "type": "Feature", "properties": { "average_dip": "(60.0,,)", "average_rake": null, "catalog_id": "GFE_91105", "catalog_name": "GEM Faulted Earth", "dip_dir": "180", "lower_seis_depth": "(20.0,,)", "name": "Takimoto", "net_slip_rate": "(0.0,,)", "slip_type": "Reverse", "upper_seis_depth": "(0.0,,)", "downthrown_side_id": null, "reference": null, "epistemic_quality": null, "accuracy": null, "activity_confidence": "1", "fs_name": "Takimoto", "last_movement": null, "downthrown_side_dir": "227", "vert_sep_rate": null, "strike_slip_rate": null, "exposure_quality": null, "shortening_rate": null, "notes": null, "index_right": 189, "NAME_EN": "Japan" }, "geometry": { "type": "LineString", "coordinates": [ [ 132.795723124, 33.951118754 ], [ 132.812351564000011, 33.953672806 ], [ 132.836898091, 33.963119234 ], [ 132.865515585, 33.970617696 ], [ 132.911133051, 33.97707618 ], [ 132.946765555000013, 33.987700706000098 ] ] } },
{ "type": "Feature", "properties": { "average_dip": "(90.0,,)", "average_rake": null, "catalog_id": "GFE_91106", "catalog_name": "GEM Faulted Earth", "dip_dir": null, "lower_seis_depth": "(20.0,,)", "name": "Kunogawa", "net_slip_rate": "(0.3,,)", "slip_type": "Dextral", "upper_seis_depth": "(0.0,,)", "downthrown_side_id": null, "reference": null, "epistemic_quality": null, "accuracy": null, "activity_confidence": "1", "fs_name": "Kunogawa", "last_movement": null, "downthrown_side_dir": null, "vert_sep_rate": null, "strike_slip_rate": null, "exposure_quality": null, "shortening_rate": null, "notes": null, "index_right": 189, "NAME_EN": "Japan" }, "geometry": { "type": "LineString", "coordinates": [ [ 137.171927557, 35.677241788000103 ], [ 137.190078322, 35.694580253 ], [ 137.217577153, 35.715016597 ], [ 137.237741877, 35.728700532000097 ], [ 137.276784671, 35.749857083000101 ], [ 137.291816958999988, 35.760440247000098 ] ] } },
{ "type": "Feature", "properties": { "average_dip": "(60.0,,)", "average_rake": null, "catalog_id": "GFE_91107", "catalog_name": "GEM Faulted Earth", "dip_dir": "90", "lower_seis_depth": "(20.0,,)", "name": "Kagoshimawan-seien", "net_slip_rate": "(0.0,,)", "slip_type": "Normal", "upper_seis_depth": "(0.0,,)", "downthrown_side_id": null, "reference": null, "epistemic_quality": null, "accuracy": null, "activity_confidence": "1", "fs_name": "Kagoshimawan-seien", "last_movement": null, "downthrown_side_dir": "226", "vert_sep_rate": null, "strike_slip_rate": null, "exposure_quality": null, "shortening_rate": null, "notes": null, "index_right": 189, "NAME_EN": "Japan" }, "geometry": { "type": "LineString", "coordinates": [ [ 130.609339942, 31.650516256000099 ], [ 130.597157614, 31.626363746 ], [ 130.577979645, 31.612791924000099 ], [ 130.566641933999989, 31.601140027 ], [ 130.547947177, 31.577111386000102 ], [ 130.544450012, 31.555597735 ], [ 130.542158344, 31.550310286000101 ], [ 130.52503139800001, 31.5282034570001 ] ] } },
{ "type": "Feature", "properties": { "average_dip": "(50.0,,)", "average_rake": null, "catalog_id": "GFE_91108", "catalog_name": "GEM Faulted Earth", "dip_dir": "270", "lower_seis_depth": "(20.0,,)", "name": "Ishiuchi", "net_slip_rate": "None", "slip_type": "Reverse", "upper_seis_depth": "(0.0,,)", "downthrown_side_id": null, "reference": null, "epistemic_quality": null, "accuracy": null, "activity_confidence": "1", "fs_name": "Muikamachi", "last_movement": "(2798,2055,)", "downthrown_side_dir": "226", "vert_sep_rate": "(1.3999999999999999, 0.8, 2.0)", "strike_slip_rate": null, "exposure_quality": null, "shortening_rate": null, "notes": null, "index_right": 189, "NAME_EN": "Japan" }, "geometry": { "type": "LineString", "coordinates": [ [ 138.904585432, 37.153238893 ], [ 138.905204950000012, 37.139697476 ], [ 138.90239359, 37.130359479 ], [ 138.898490095, 37.126468823 ], [ 138.898019457, 37.118842692 ], [ 138.887246014999988, 37.104215092000103 ], [ 138.875236187000013, 37.097040337000102 ], [ 138.872050566000013, 37.091975221 ], [ 138.871474557999989, 37.0765148670001 ], [ 138.868195203999989, 37.067954767000103 ], [ 138.862994848, 37.063442149 ], [ 138.860701238, 37.058929608 ], [ 138.843686083, 37.050374138000102 ], [ 138.841969344, 37.047729397000097 ], [ 138.841497769999989, 37.038546445000101 ], [ 138.834366721, 37.030710158 ], [ 138.82463877, 37.025943447 ], [ 138.800906203000011, 36.993420564000097 ], [ 138.798405818, 36.983926593 ], [ 138.802148017, 36.971318149000098 ], [ 138.798711675, 36.962759045 ], [ 138.799020985, 36.9546649870001 ] ] } },
{ "type": "Feature", "properties": { "average_dip": "(90.0,,)", "average_rake": null, "catalog_id": "GFE_91109", "catalog_name": "GEM Faulted Earth", "dip_dir": null, "lower_seis_depth": "(20.0,,)", "name": "Odorii", "net_slip_rate": "(0.0,,)", "slip_type": "Dextral", "upper_seis_depth": "(0.0,,)", "downthrown_side_id": null, "reference": null, "epistemic_quality": null, "accuracy": null, "activity_confidence": "1", "fs_name": "Odorii", "last_movement": null, "downthrown_side_dir": "230", "vert_sep_rate": null, "strike_slip_rate": null, "exposure_quality": null, "shortening_rate": null, "notes": null, "index_right": 189, "NAME_EN": "Japan" }, "geometry": { "type": "LineString", "coordinates": [ [ 135.997153156, 34.905885518 ], [ 136.039821154, 34.942198381 ], [ 136.104484182, 34.979648636 ] ] } },
{ "type": "Feature", "properties": { "average_dip": "(90.0,,)", "average_rake": null, "catalog_id": "GFE_91111", "catalog_name": "GEM Faulted Earth", "dip_dir": null, "lower_seis_depth": "(20.0,,)", "name": "Tanna", "net_slip_rate": "(3.52,,)", "slip_type": "Sinistral", "upper_seis_depth": "(0.0,,)", "downthrown_side_id": null, "reference": null, "epistemic_quality": null, "accuracy": null, "activity_confidence": "1", "fs_name": "Tanna", "last_movement": "(463,,20)", "downthrown_side_dir": null, "vert_sep_rate": null, "strike_slip_rate": null, "exposure_quality": null, "shortening_rate": null, "notes": null, "index_right": 189, "NAME_EN": "Japan" }, "geometry": { "type": "LineString", "coordinates": [ [ 139.002546811, 35.171381752000102 ], [ 139.00633184, 35.162242879000097 ], [ 139.010575593, 35.139690686000101 ], [ 139.015471391, 35.12757702 ], [ 139.016403254000011, 35.102995812000103 ], [ 139.019704913, 35.078414664 ], [ 139.019616457000012, 35.064390240000101 ], [ 139.011548841, 35.046110088 ], [ 139.006393486, 35.014436517 ] ] } },
{ "type": "Feature", "properties": { "average_dip": "(45.0,,)", "average_rake": null, "catalog_id": "GFE_91112", "catalog_name": "GEM Faulted Earth", "dip_dir": "270", "lower_seis_depth": "(20.0,,)", "name": "Tokamachibonchi-seien", "net_slip_rate": "(1.0,,)", "slip_type": "Reverse", "upper_seis_depth": "(0.0,,)", "downthrown_side_id": null, "reference": null, "epistemic_quality": null, "accuracy": null, "activity_confidence": "1", "fs_name": "Tokamachi", "last_movement": null, "downthrown_side_dir": "226", "vert_sep_rate": null, "strike_slip_rate": null, "exposure_quality": null, "shortening_rate": null, "notes": null, "index_right": 189, "NAME_EN": "Japan" }, "geometry": { "type": "LineString", "coordinates": [ [ 138.768311662, 37.240750080000097 ], [ 138.763587427, 37.232427917000102 ], [ 138.751393065, 37.218960147000097 ], [ 138.744466701, 37.194538789 ], [ 138.716557241, 37.144713805 ], [ 138.712813879, 37.113500316000099 ], [ 138.707429681, 37.105616084000097 ], [ 138.708525874, 37.098715911000099 ], [ 138.704014507000011, 37.06914621 ], [ 138.688303723, 37.048998118 ], [ 138.671716778, 37.034546344 ], [ 138.658129482, 37.019093218000101 ], [ 138.639919352, 37.004548838000098 ], [ 138.606130383, 36.991199144000099 ], [ 138.590937555000011, 36.988925134000098 ], [ 138.572823398, 36.989571826 ], [ 138.55776744, 36.993955987 ] ] } },
{ "type": "Feature", "properties": { "average_dip": "(60.0,,)", "average_rake": null, "catalog_id": "GFE_91113", "catalog_name": "GEM Faulted Earth", "dip_dir": null, "lower_seis_depth": "(20.0,,)", "name": "Sekidatoge", "net_slip_rate": "(1.0,,)", "slip_type": "Normal", "upper_seis_depth": "(0.0,,)", "downthrown_side_id": null, "reference": null, "epistemic_quality": null, "accuracy": null, "activity_confidence": "1", "fs_name": "Tokamachi", "last_movement": null, "downthrown_side_dir": null, "vert_sep_rate": null, "strike_slip_rate": null, "exposure_quality": null, "shortening_rate": null, "notes": null, "index_right": 189, "NAME_EN": "Japan" }, "geometry": { "type": "LineString", "coordinates": [ [ 138.368479753, 36.976430974 ], [ 138.372845087, 36.983291296000097 ], [ 138.386104627, 36.990483816000101 ], [ 138.392482819, 36.996506288 ], [ 138.443672486, 37.016908290000103 ] ] } },
{ "type": "Feature", "properties": { "average_dip": "(90.0,,)", "average_rake": null, "catalog_id": "GFE_91114", "catalog_name": "GEM Faulted Earth", "dip_dir": null, "lower_seis_depth": "(20.0,,)", "name": "Ushikubi", "net_slip_rate": "(1.46,,)", "slip_type": "Dextral", "upper_seis_depth": "(0.0,,)", "downthrown_side_id": null, "reference": null, "epistemic_quality": null, "accuracy": null, "activity_confidence": "1", "fs_name": "Ushikubi", "last_movement": "(937,851,)", "downthrown_side_dir": null, "vert_sep_rate": null, "strike_slip_rate": null, "exposure_quality": null, "shortening_rate": null, "notes": null, "index_right": 189, "NAME_EN": "Japan" }, "geometry": { "type": "LineString", "coordinates": [ [ 136.88949297, 36.270008524 ], [ 136.912056418, 36.2846403980001 ], [ 136.940038609, 36.293509074 ], [ 136.992640998000013, 36.318751477 ], [ 137.002096804, 36.328117632 ], [ 137.064893020999989, 36.360362486 ], [ 137.077986218, 36.377144876 ], [ 137.138140926, 36.428437465000101 ], [ 137.178385445, 36.452380715000103 ], [ 137.19849141200001, 36.459052453 ], [ 137.259475363, 36.501878048 ], [ 137.345174142, 36.545760323 ], [ 137.368548345, 36.563073749000097 ] ] } },
{ "type": "Feature", "properties": { "average_dip": "(80.0,,)", "average_rake": null, "catalog_id": "GFE_91115", "catalog_name": "GEM Faulted Earth", "dip_dir": "360", "lower_seis_depth": "(20.0,,)", "name": "Rokkosan", "net_slip_rate": "(1.84,,2.52)", "slip_type": "Dextral", "upper_seis_depth": "(0.0,,)", "downthrown_side_id": null, "reference": null, "epistemic_quality": null, "accuracy": null, "activity_confidence": "1", "fs_name": "Rokko", "last_movement": "(389,133,354)", "downthrown_side_dir": "230", "vert_sep_rate": "(0.21,,)", "strike_slip_rate": "(1.830,,)", "exposure_quality": null, "shortening_rate": null, "notes": null, "index_right": 189, "NAME_EN": "Japan" }, "geometry": { "type": "LineString", "coordinates": [ [ 135.079520365, 34.623838463 ], [ 135.112036651000011, 34.649349289 ], [ 135.12235554, 34.655390834000102 ], [ 135.137285758, 34.669350579 ], [ 135.143508491, 34.678890634 ], [ 135.148763511999988, 34.682572081 ], [ 135.16545998, 34.692577661 ], [ 135.180624779999988, 34.694412007 ], [ 135.225583806, 34.725150101000096 ], [ 135.241032579, 34.730194999 ], [ 135.307011633, 34.793471280000098 ] ] } },
{ "type": "Feature", "properties": { "average_dip": "(90.0,,)", "average_rake": null, "catalog_id": "GFE_91116", "catalog_name": "GEM Faulted Earth", "dip_dir": null, "lower_seis_depth": "(20.0,,)", "name": "Shikano", "net_slip_rate": "(0.02,,)", "slip_type": "Dextral", "upper_seis_depth": "(0.0,,)", "downthrown_side_id": null, "reference": null, "epistemic_quality": null, "accuracy": null, "activity_confidence": "1", "fs_name": "Shikano", "last_movement": "(,,7)", "downthrown_side_dir": null, "vert_sep_rate": null, "strike_slip_rate": null, "exposure_quality": null, "shortening_rate": null, "notes": null, "index_right": 189, "NAME_EN": "Japan" }, "geometry": { "type": "LineString", "coordinates": [ [ 134.187863935, 35.4805316220001 ], [ 134.146787423, 35.463528985 ], [ 134.135883915, 35.461232616000103 ], [ 134.118450303, 35.460601836000102 ], [ 134.090718312, 35.454980977 ], [ 134.07893763300001, 35.454616646 ], [ 134.063187981999988, 35.448477373000102 ], [ 134.053969062, 35.447759408 ] ] } },
{ "type": "Feature", "properties": { "average_dip": "(90.0,,)", "average_rake": null, "catalog_id": "GFE_91117", "catalog_name": "GEM Faulted Earth", "dip_dir": null, "lower_seis_depth": "(20.0,,)", "name": "Yomikaki", "net_slip_rate": "(1.08,,)", "slip_type": "Dextral", "upper_seis_depth": "(0.0,,)", "downthrown_side_id": null, "reference": null, "epistemic_quality": null, "accuracy": null, "activity_confidence": "1", "fs_name": "Kisogawa", "last_movement": "(673,120,)", "downthrown_side_dir": "226", "vert_sep_rate": "(0.65,,)", "strike_slip_rate": null, "exposure_quality": null, "shortening_rate": null, "notes": null, "index_right": 189, "NAME_EN": "Japan" }, "geometry": { "type": "LineString", "coordinates": [ [ 137.602045661, 35.5817834650001 ], [ 137.623855627000012, 35.611971567000097 ], [ 137.664026787000012, 35.647648505000099 ], [ 137.688514067999989, 35.663250341 ], [ 137.703148334, 35.675439318 ] ] } },
{ "type": "Feature", "properties": { "average_dip": "(90.0,,)", "average_rake": null, "catalog_id": "GFE_91118", "catalog_name": "GEM Faulted Earth", "dip_dir": null, "lower_seis_depth": "(20.0,,)", "name": "Kakizore", "net_slip_rate": "(0.1,,)", "slip_type": "Dextral", "upper_seis_depth": "(0.0,,)", "downthrown_side_id": null, "reference": null, "epistemic_quality": null, "accuracy": null, "activity_confidence": "1", "fs_name": "Kisogawa", "last_movement": null, "downthrown_side_dir": "226", "vert_sep_rate": null, "strike_slip_rate": null, "exposure_quality": null, "shortening_rate": null, "notes": null, "index_right": 189, "NAME_EN": "Japan" }, "geometry": { "type": "LineString", "coordinates": [ [ 137.557344199999989, 35.590978292 ], [ 137.559452775000011, 35.597373614 ], [ 137.568929403, 35.611943188000097 ], [ 137.581665864, 35.623364204 ], [ 137.591352472000011, 35.637933783000101 ], [ 137.609249154999986, 35.658054935000102 ], [ 137.622355131, 35.669827445000102 ], [ 137.636901499, 35.674330628000099 ], [ 137.654818054, 35.688115649000103 ], [ 137.66250208, 35.696183921000099 ], [ 137.706361963, 35.756716110000099 ], [ 137.720454894999989, 35.7787869430001 ] ] } },
{ "type": "Feature", "properties": { "average_dip": "(90.0,,)", "average_rake": null, "catalog_id": "GFE_91156", "catalog_name": "GEM Faulted Earth", "dip_dir": null, "lower_seis_depth": "(20.0,,)", "name": "Kurokogawa", "net_slip_rate": "(0.5,,)", "slip_type": "Dextral", "upper_seis_depth": "(0.0,,)", "downthrown_side_id": null, "reference": null, "epistemic_quality": null, "accuracy": null, "activity_confidence": "1", "fs_name": "Tsuruga", "last_movement": "(773,688,)", "downthrown_side_dir": null, "vert_sep_rate": null, "strike_slip_rate": null, "exposure_quality": null, "shortening_rate": null, "notes": null, "index_right": 189, "NAME_EN": "Japan" }, "geometry": { "type": "LineString", "coordinates": [ [ 136.049209209999987, 35.594741803 ], [ 136.037387997, 35.560129676 ], [ 136.004567313, 35.506664866000101 ], [ 135.985550909000011, 35.481002362 ] ] } },
{ "type": "Feature", "properties": { "average_dip": "(90.0,,)", "average_rake": null, "catalog_id": "GFE_91119", "catalog_name": "GEM Faulted Earth", "dip_dir": null, "lower_seis_depth": "(20.0,,)", "name": "Takatsuki", "net_slip_rate": "(1.12,,)", "slip_type": "Dextral", "upper_seis_depth": "(0.0,,)", "downthrown_side_id": null, "reference": null, "epistemic_quality": null, "accuracy": null, "activity_confidence": "1", "fs_name": "Rokko", "last_movement": "(612,195,354)", "downthrown_side_dir": null, "vert_sep_rate": "(0.43500000000000005, 0.33, 0.54)", "strike_slip_rate": null, "exposure_quality": null, "shortening_rate": null, "notes": null, "index_right": 189, "NAME_EN": "Japan" }, "geometry": { "type": "LineString", "coordinates": [ [ 135.707643466, 34.908443429 ], [ 135.696835536, 34.904951575 ], [ 135.68787554, 34.898646087 ], [ 135.661682205, 34.888073684000098 ], [ 135.647844091, 34.86857359 ], [ 135.638105143, 34.862850017 ], [ 135.626325254, 34.8606199970001 ], [ 135.61999591, 34.857710182000098 ], [ 135.569955631, 34.848303093 ], [ 135.555252152, 34.841610517 ], [ 135.535782914, 34.840157231 ], [ 135.519807062000012, 34.835805905 ], [ 135.497045192, 34.834601194000101 ], [ 135.476858924999988, 34.830079093000101 ], [ 135.452414678999986, 34.827487747000099 ] ] } },
{ "type": "Feature", "properties": { "average_dip": "(90.0,,)", "average_rake": null, "catalog_id": "GFE_91120", "catalog_name": "GEM Faulted Earth", "dip_dir": null, "lower_seis_depth": "(20.0,,)", "name": "Hijima", "net_slip_rate": "(1.0,,)", "slip_type": "Sinistral", "upper_seis_depth": "(0.0,,)", "downthrown_side_id": null, "reference": null, "epistemic_quality": null, "accuracy": null, "activity_confidence": "1", "fs_name": "Yamasaki", "last_movement": "(,,1082)", "downthrown_side_dir": null, "vert_sep_rate": null, "strike_slip_rate": null, "exposure_quality": null, "shortening_rate": null, "notes": null, "index_right": 189, "NAME_EN": "Japan" }, "geometry": { "type": "LineString", "coordinates": [ [ 134.335110478, 35.101007842000101 ], [ 134.355162997, 35.091749361 ], [ 134.379263111, 35.083834816 ], [ 134.401500610999989, 35.069362985000097 ], [ 134.461831015, 35.045959042 ], [ 134.518611953, 35.016168754 ], [ 134.540350322, 35.007077291 ] ] } },
{ "type": "Feature", "properties": { "average_dip": "(60.0,,)", "average_rake": null, "catalog_id": "GFE_91122", "catalog_name": "GEM Faulted Earth", "dip_dir": null, "lower_seis_depth": "(20.0,,)", "name": "Tobiyozaki", "net_slip_rate": "(1.0,,)", "slip_type": "Normal", "upper_seis_depth": "(0.0,,)", "downthrown_side_id": null, "reference": null, "epistemic_quality": null, "accuracy": null, "activity_confidence": "1", "fs_name": "Tobiyozaki", "last_movement": null, "downthrown_side_dir": null, "vert_sep_rate": null, "strike_slip_rate": null, "exposure_quality": null, "shortening_rate": null, "notes": null, "index_right": 189, "NAME_EN": "Japan" }, "geometry": { "type": "LineString", "coordinates": [ [ 130.023975406, 28.376613732000099 ], [ 130.003880728000013, 28.347479538000101 ], [ 129.946105005, 28.283120525000101 ] ] } },
{ "type": "Feature", "properties": { "average_dip": "(45.0,,)", "average_rake": null, "catalog_id": "GFE_91123", "catalog_name": "GEM Faulted Earth", "dip_dir": "270", "lower_seis_depth": "(20.0,,)", "name": "Nasuyumoto-kita", "net_slip_rate": "(0.0,,)", "slip_type": "Reverse", "upper_seis_depth": "(0.0,,)", "downthrown_side_id": null, "reference": null, "epistemic_quality": null, "accuracy": null, "activity_confidence": "1", "fs_name": "Nasuyumoto-kita", "last_movement": null, "downthrown_side_dir": "226", "vert_sep_rate": null, "strike_slip_rate": null, "exposure_quality": null, "shortening_rate": null, "notes": null, "index_right": 189, "NAME_EN": "Japan" }, "geometry": { "type": "LineString", "coordinates": [ [ 140.049180911, 37.224999096 ], [ 140.035913279, 37.196995946000101 ], [ 140.035132788, 37.190343822 ], [ 140.037676301, 37.170056092 ], [ 140.037130729000012, 37.161315082 ], [ 140.032097219, 37.137054729000099 ], [ 140.025458598, 37.118503675000099 ] ] } },
{ "type": "Feature", "properties": { "average_dip": "(90.0,,)", "average_rake": null, "catalog_id": "GFE_91124", "catalog_name": "GEM Faulted Earth", "dip_dir": null, "lower_seis_depth": "(20.0,,)", "name": "Imasu", "net_slip_rate": "(0.3,,)", "slip_type": "Sinistral", "upper_seis_depth": "(0.0,,)", "downthrown_side_id": null, "reference": null, "epistemic_quality": null, "accuracy": null, "activity_confidence": "1", "fs_name": "Imasu", "last_movement": null, "downthrown_side_dir": "227", "vert_sep_rate": null, "strike_slip_rate": null, "exposure_quality": null, "shortening_rate": null, "notes": null, "index_right": 189, "NAME_EN": "Japan" }, "geometry": { "type": "LineString", "coordinates": [ [ 136.362212013, 35.334536212 ], [ 136.444885148999987, 35.323784438000096 ], [ 136.466468471000013, 35.317829641000102 ] ] } },
{ "type": "Feature", "properties": { "average_dip": "(90.0,,)", "average_rake": null, "catalog_id": "GFE_91125", "catalog_name": "GEM Faulted Earth", "dip_dir": null, "lower_seis_depth": "(20.0,,)", "name": "Tsutsuga", "net_slip_rate": "(0.0,,)", "slip_type": "Dextral", "upper_seis_depth": "(0.0,,)", "downthrown_side_id": null, "reference": null, "epistemic_quality": null, "accuracy": null, "activity_confidence": "1", "fs_name": "Tsutsuga", "last_movement": null, "downthrown_side_dir": null, "vert_sep_rate": null, "strike_slip_rate": null, "exposure_quality": null, "shortening_rate": null, "notes": null, "index_right": 189, "NAME_EN": "Japan" }, "geometry": { "type": "LineString", "coordinates": [ [ 132.17260249, 34.504819164 ], [ 132.187003868, 34.515524222000103 ], [ 132.200041641000013, 34.528174796 ], [ 132.223915694999988, 34.543456752000097 ], [ 132.241980166, 34.558640359 ], [ 132.263865923, 34.570400291000098 ], [ 132.270526917000012, 34.580520768 ], [ 132.299401210000013, 34.5986609240001 ] ] } },
{ "type": "Feature", "properties": { "average_dip": "(45.0,,)", "average_rake": null, "catalog_id": "GFE_91126", "catalog_name": "GEM Faulted Earth", "dip_dir": "90", "lower_seis_depth": "(20.0,,)", "name": "Tahara", "net_slip_rate": "(0.0,,)", "slip_type": "Reverse", "upper_seis_depth": "(0.0,,)", "downthrown_side_id": null, "reference": null, "epistemic_quality": null, "accuracy": null, "activity_confidence": "1", "fs_name": "Tahara", "last_movement": null, "downthrown_side_dir": "233", "vert_sep_rate": null, "strike_slip_rate": null, "exposure_quality": null, "shortening_rate": null, "notes": null, "index_right": 189, "NAME_EN": "Japan" }, "geometry": { "type": "LineString", "coordinates": [ [ 135.932808363, 34.744663389 ], [ 135.94459683, 34.730187314 ], [ 135.944133247, 34.719218553000097 ], [ 135.922267131000012, 34.681023792000097 ], [ 135.921080366000012, 34.671896068 ], [ 135.913429887, 34.655583250000099 ], [ 135.892912109, 34.639702389 ], [ 135.883874884, 34.620877337 ], [ 135.871407465, 34.606496683 ] ] } },
{ "type": "Feature", "properties": { "average_dip": "(90.0,,)", "average_rake": null, "catalog_id": "GFE_91128", "catalog_name": "GEM Faulted Earth", "dip_dir": null, "lower_seis_depth": "(20.0,,)", "name": "Chojagahara-Yoshii", "net_slip_rate": "(0.1,,)", "slip_type": "Dextral", "upper_seis_depth": "(0.0,,)", "downthrown_side_id": null, "reference": null, "epistemic_quality": null, "accuracy": null, "activity_confidence": "1", "fs_name": "Chojagahara-Yoshii", "last_movement": "(1811,82,)", "downthrown_side_dir": null, "vert_sep_rate": null, "strike_slip_rate": null, "exposure_quality": null, "shortening_rate": null, "notes": null, "index_right": 189, "NAME_EN": "Japan" }, "geometry": { "type": "LineString", "coordinates": [ [ 133.476229368, 34.671806051 ], [ 133.465229591, 34.6626683920001 ], [ 133.452584888, 34.655141933 ], [ 133.433318842, 34.635906089000102 ], [ 133.39099383300001, 34.603542441000101 ], [ 133.373598402999988, 34.574999356 ], [ 133.34807093, 34.549390827 ], [ 133.333845511, 34.540843897000101 ], [ 133.323492679, 34.530525075000099 ], [ 133.31270754900001, 34.524820482000102 ], [ 133.290018992, 34.5041803350001 ], [ 133.255226865999987, 34.480080478 ], [ 133.245939560000011, 34.475352055 ] ] } },
{ "type": "Feature", "properties": { "average_dip": "(45.0,,)", "average_rake": null, "catalog_id": "GFE_91129", "catalog_name": "GEM Faulted Earth", "dip_dir": "270", "lower_seis_depth": "(20.0,,)", "name": "Kaiyo", "net_slip_rate": "(0.3,,)", "slip_type": "Reverse", "upper_seis_depth": "(0.0,,)", "downthrown_side_id": null, "reference": null, "epistemic_quality": null, "accuracy": null, "activity_confidence": "1", "fs_name": "Kaiyo", "last_movement": null, "downthrown_side_dir": "226", "vert_sep_rate": null, "strike_slip_rate": null, "exposure_quality": null, "shortening_rate": null, "notes": null, "index_right": 189, "NAME_EN": "Japan" }, "geometry": { "type": "LineString", "coordinates": [ [ 144.970641892, 43.685202293 ], [ 144.962382416, 43.673636392 ], [ 144.961649899, 43.667488107000104 ], [ 144.958199618, 43.661444712 ], [ 144.952763556, 43.654776321 ], [ 144.928198036, 43.646014152000099 ], [ 144.916757280000013, 43.639754885000102 ], [ 144.909505424, 43.6325129250001 ], [ 144.897122465, 43.626137061000101 ], [ 144.889381578000012, 43.618742663 ], [ 144.884407557, 43.609991354 ], [ 144.872282549, 43.598511226 ], [ 144.839568727999989, 43.579861306000097 ], [ 144.811039569, 43.575486816000101 ], [ 144.806023982, 43.576008574000099 ] ] } },
{ "type": "Feature", "properties": { "average_dip": "(45.0,,)", "average_rake": null, "catalog_id": "GFE_91131", "catalog_name": "GEM Faulted Earth", "dip_dir": "270", "lower_seis_depth": "(20.0,,)", "name": "Komaba", "net_slip_rate": "(0.3,,)", "slip_type": "Reverse", "upper_seis_depth": "(0.0,,)", "downthrown_side_id": null, "reference": null, "epistemic_quality": null, "accuracy": null, "activity_confidence": "1", "fs_name": "Inadani", "last_movement": null, "downthrown_side_dir": "226", "vert_sep_rate": null, "strike_slip_rate": null, "exposure_quality": null, "shortening_rate": null, "notes": null, "index_right": 189, "NAME_EN": "Japan" }, "geometry": { "type": "LineString", "coordinates": [ [ 137.760484634, 35.483040713 ], [ 137.755652247, 35.477893178 ], [ 137.753785621, 35.472235775000101 ], [ 137.753351282000011, 35.45568065 ], [ 137.744446558, 35.442257954000098 ], [ 137.745034814, 35.434064902 ], [ 137.741556379, 35.427056613 ], [ 137.732909463, 35.418111413000098 ] ] } },
{ "type": "Feature", "properties": { "average_dip": "(90.0,,)", "average_rake": null, "catalog_id": "GFE_91132", "catalog_name": "GEM Faulted Earth", "dip_dir": null, "lower_seis_depth": "(20.0,,)", "name": "Sangunmori", "net_slip_rate": "(0.1,,)", "slip_type": "Sinistral", "upper_seis_depth": "(0.0,,)", "downthrown_side_id": null, "reference": null, "epistemic_quality": null, "accuracy": null, "activity_confidence": "1", "fs_name": "Sangunmori", "last_movement": null, "downthrown_side_dir": "233", "vert_sep_rate": null, "strike_slip_rate": null, "exposure_quality": null, "shortening_rate": null, "notes": null, "index_right": 189, "NAME_EN": "Japan" }, "geometry": { "type": "LineString", "coordinates": [ [ 140.857566556, 37.467527111 ], [ 140.866042396000012, 37.388390438 ], [ 140.863722949, 37.335985382 ] ] } },
{ "type": "Feature", "properties": { "average_dip": "(45.0,,)", "average_rake": null, "catalog_id": "GFE_91133", "catalog_name": "GEM Faulted Earth", "dip_dir": "90", "lower_seis_depth": "(20.0,,)", "name": "Anchi", "net_slip_rate": "(0.5,,)", "slip_type": "Reverse", "upper_seis_depth": "(0.0,,)", "downthrown_side_id": null, "reference": null, "epistemic_quality": null, "accuracy": null, "activity_confidence": "1", "fs_name": "Tsukioka", "last_movement": null, "downthrown_side_dir": "233", "vert_sep_rate": null, "strike_slip_rate": null, "exposure_quality": null, "shortening_rate": null, "notes": null, "index_right": 189, "NAME_EN": "Japan" }, "geometry": { "type": "LineString", "coordinates": [ [ 139.260824115, 37.827651419000098 ], [ 139.253728632, 37.8084384960001 ], [ 139.240414011000013, 37.779882411000102 ] ] } },
{ "type": "Feature", "properties": { "average_dip": "(50.0,,)", "average_rake": null, "catalog_id": "GFE_91134", "catalog_name": "GEM Faulted Earth", "dip_dir": "90", "lower_seis_depth": "(20.0,,)", "name": "Isehara", "net_slip_rate": "None", "slip_type": "Reverse", "upper_seis_depth": "(0.0,,)", "downthrown_side_id": null, "reference": null, "epistemic_quality": null, "accuracy": null, "activity_confidence": "1", "fs_name": "Isehara", "last_movement": "(1461,243,)", "downthrown_side_dir": "233", "vert_sep_rate": "(0.41000000000000003, 0.37, 0.45)", "strike_slip_rate": null, "exposure_quality": null, "shortening_rate": null, "notes": null, "index_right": 189, "NAME_EN": "Japan" }, "geometry": { "type": "LineString", "coordinates": [ [ 139.21858705, 35.540689696000101 ], [ 139.243382899000011, 35.516152122000101 ], [ 139.272793256, 35.494177378000103 ], [ 139.287801841, 35.472189256 ], [ 139.291099947, 35.462346455 ], [ 139.297474836, 35.451319867000102 ], [ 139.300051853000014, 35.445306614000103 ], [ 139.304581157, 35.402188599000098 ], [ 139.29899905100001, 35.365918544000102 ] ] } },
{ "type": "Feature", "properties": { "average_dip": "(45.0,,)", "average_rake": null, "catalog_id": "GFE_91135", "catalog_name": "GEM Faulted Earth", "dip_dir": "270", "lower_seis_depth": "(20.0,,)", "name": "Hirugami", "net_slip_rate": "(1.4449999999999998, 1.0, 1.89)", "slip_type": "Reverse", "upper_seis_depth": "(0.0,,)", "downthrown_side_id": null, "reference": null, "epistemic_quality": null, "accuracy": null, "activity_confidence": "1", "fs_name": "Inadani", "last_movement": "(520,82,)", "downthrown_side_dir": "226", "vert_sep_rate": "(1.33,,)", "strike_slip_rate": null, "exposure_quality": null, "shortening_rate": null, "notes": null, "index_right": 189, "NAME_EN": "Japan" }, "geometry": { "type": "LineString", "coordinates": [ [ 137.79051775, 35.517050596 ], [ 137.780278138, 35.503783849000101 ], [ 137.76756046, 35.497944194000098 ], [ 137.760407416, 35.4890250300001 ], [ 137.727671835, 35.473527971000102 ], [ 137.714495613999986, 35.456588569000097 ], [ 137.701392492, 35.436798494000101 ], [ 137.702361927999988, 35.4229220980001 ], [ 137.700853289, 35.4167727600001 ], [ 137.684357838000011, 35.386859752000099 ], [ 137.683451174, 35.379960514000103 ], [ 137.675844293000011, 35.367666723000099 ], [ 137.671398137000011, 35.3553690110001 ], [ 137.658746009999987, 35.334529065 ] ] } },
{ "type": "Feature", "properties": { "average_dip": "(90.0,,)", "average_rake": null, "catalog_id": "GFE_91136", "catalog_name": "GEM Faulted Earth", "dip_dir": null, "lower_seis_depth": "(20.0,,)", "name": "Shirosutoge", "net_slip_rate": "(0.3,,)", "slip_type": "Dextral", "upper_seis_depth": "(0.0,,)", "downthrown_side_id": null, "reference": null, "epistemic_quality": null, "accuracy": null, "activity_confidence": "1", "fs_name": "Shirosutoge", "last_movement": null, "downthrown_side_dir": null, "vert_sep_rate": null, "strike_slip_rate": null, "exposure_quality": null, "shortening_rate": null, "notes": null, "index_right": 189, "NAME_EN": "Japan" }, "geometry": { "type": "LineString", "coordinates": [ [ 137.379545369, 35.7320706940001 ], [ 137.425279846, 35.772635197000099 ], [ 137.454159159, 35.803428395 ] ] } },
{ "type": "Feature", "properties": { "average_dip": "(60.0,,)", "average_rake": null, "catalog_id": "GFE_91137", "catalog_name": "GEM Faulted Earth", "dip_dir": "270", "lower_seis_depth": "(20.0,,)", "name": "Sanage-Sakaigawa", "net_slip_rate": "None", "slip_type": "Reverse", "upper_seis_depth": "(0.0,,)", "downthrown_side_id": null, "reference": null, "epistemic_quality": null, "accuracy": null, "activity_confidence": "1", "fs_name": "Sanageyama", "last_movement": "(13950,13950,)", "downthrown_side_dir": "226", "vert_sep_rate": "(0.074999999999999997, 0.04, 0.11)", "strike_slip_rate": null, "exposure_quality": null, "shortening_rate": null, "notes": null, "index_right": 189, "NAME_EN": "Japan" }, "geometry": { "type": "LineString", "coordinates": [ [ 137.079444861000013, 35.09996541 ], [ 137.091679113, 35.108004611000098 ], [ 137.100089553, 35.116413654 ], [ 137.115525781, 35.126075323000101 ], [ 137.124314678, 35.135413476000103 ], [ 137.142033731, 35.146647632000096 ], [ 137.145403236, 35.152193084 ], [ 137.151846479999989, 35.157591628 ], [ 137.167953794999988, 35.165468127000103 ], [ 137.184503783, 35.181227740000097 ], [ 137.190511851, 35.192464609000098 ], [ 137.196085556000014, 35.214649221000101 ], [ 137.200626862, 35.222822402000098 ], [ 137.198202722, 35.233268902000098 ], [ 137.200619069999988, 35.244497933 ] ] } },
{ "type": "Feature", "properties": { "average_dip": "(45.0,,)", "average_rake": null, "catalog_id": "GFE_91138", "catalog_name": "GEM Faulted Earth", "dip_dir": "270", "lower_seis_depth": "(20.0,,)", "name": "Horinji", "net_slip_rate": "None", "slip_type": "Reverse", "upper_seis_depth": "(0.0,,)", "downthrown_side_id": null, "reference": null, "epistemic_quality": null, "accuracy": null, "activity_confidence": "1", "fs_name": "Isurugi", "last_movement": "(6823,2654,)", "downthrown_side_dir": "226", "vert_sep_rate": "(0.35499999999999998, 0.32, 0.39)", "strike_slip_rate": null, "exposure_quality": null, "shortening_rate": null, "notes": null, "index_right": 189, "NAME_EN": "Japan" }, "geometry": { "type": "LineString", "coordinates": [ [ 136.877568309, 36.626164964000097 ], [ 136.88771868500001, 36.613544631 ], [ 136.888990373000013, 36.607078208000097 ], [ 136.877604170000012, 36.584225165000099 ], [ 136.866475349000012, 36.573141839000101 ], [ 136.856425406, 36.568869082 ], [ 136.850086349, 36.559009066 ], [ 136.844013109, 36.553302575 ], [ 136.83537475, 36.5306569850001 ], [ 136.835434881999987, 36.527086401000098 ] ] } },
{ "type": "Feature", "properties": { "average_dip": "(45.0,,)", "average_rake": null, "catalog_id": "GFE_91140", "catalog_name": "GEM Faulted Earth", "dip_dir": "270", "lower_seis_depth": "(20.0,,)", "name": "Chisato", "net_slip_rate": "(0.1,,)", "slip_type": "Reverse", "upper_seis_depth": "(0.0,,)", "downthrown_side_id": null, "reference": null, "epistemic_quality": null, "accuracy": null, "activity_confidence": "1", "fs_name": "Yoro", "last_movement": null, "downthrown_side_dir": "226", "vert_sep_rate": null, "strike_slip_rate": null, "exposure_quality": null, "shortening_rate": null, "notes": null, "index_right": 189, "NAME_EN": "Japan" }, "geometry": { "type": "LineString", "coordinates": [ [ 136.544377669999989, 34.868450790000097 ], [ 136.54662692, 34.855796283000103 ], [ 136.548672875, 34.852020762000102 ], [ 136.544679085000013, 34.827526451 ], [ 136.551096858, 34.815429695 ], [ 136.548665833, 34.796399085000097 ], [ 136.547436901999987, 34.792924295 ], [ 136.526660518, 34.774454052000102 ], [ 136.514253819, 34.760039171000102 ], [ 136.512264996999988, 34.755557268000103 ], [ 136.510386003, 34.743937130000099 ], [ 136.516727201, 34.7225057160001 ] ] } },
{ "type": "Feature", "properties": { "average_dip": "(45.0,,)", "average_rake": null, "catalog_id": "GFE_91141", "catalog_name": "GEM Faulted Earth", "dip_dir": "270", "lower_seis_depth": "(20.0,,)", "name": "Misato", "net_slip_rate": "None", "slip_type": "Reverse", "upper_seis_depth": "(0.0,,)", "downthrown_side_id": null, "reference": null, "epistemic_quality": null, "accuracy": null, "activity_confidence": "1", "fs_name": "Nunobikisanchi-toen", "last_movement": null, "downthrown_side_dir": "226", "vert_sep_rate": "(0.22500000000000001, 0.2, 0.25)", "strike_slip_rate": null, "exposure_quality": null, "shortening_rate": null, "notes": null, "index_right": 189, "NAME_EN": "Japan" }, "geometry": { "type": "LineString", "coordinates": [ [ 136.400798886, 34.791278139 ], [ 136.405240713000012, 34.778403166 ], [ 136.405131577, 34.772373166000101 ], [ 136.401239949, 34.763267562000102 ], [ 136.391432126000012, 34.750533548000099 ], [ 136.388699937000013, 34.734099351000097 ], [ 136.383628683000012, 34.7253472250001 ] ] } },
{ "type": "Feature", "properties": { "average_dip": "(60.0,,)", "average_rake": null, "catalog_id": "GFE_91143", "catalog_name": "GEM Faulted Earth", "dip_dir": "360", "lower_seis_depth": "(20.0,,)", "name": "Ishizuchi", "net_slip_rate": "(1.97,,)", "slip_type": "Dextral", "upper_seis_depth": "(0.0,,)", "downthrown_side_id": null, "reference": null, "epistemic_quality": null, "accuracy": null, "activity_confidence": "1", "fs_name": "Chuokozosen(MTL)", "last_movement": "(366,157,)", "downthrown_side_dir": "227", "vert_sep_rate": null, "strike_slip_rate": null, "exposure_quality": null, "shortening_rate": null, "notes": null, "index_right": 189, "NAME_EN": "Japan" }, "geometry": { "type": "LineString", "coordinates": [ [ 133.604020352, 33.980265422000102 ], [ 133.58845076, 33.979366193 ], [ 133.540763293, 33.969423312000103 ], [ 133.478430396, 33.959718259000098 ], [ 133.456705217, 33.954117273000101 ], [ 133.414111239, 33.946178277000101 ], [ 133.357938654, 33.932090697 ], [ 133.338266489, 33.9291916130001 ], [ 133.210504902999986, 33.89401194 ] ] } },
{ "type": "Feature", "properties": { "average_dip": "(90.0,,)", "average_rake": null, "catalog_id": "GFE_91144", "catalog_name": "GEM Faulted Earth", "dip_dir": null, "lower_seis_depth": "(20.0,,)", "name": "Yasutomi", "net_slip_rate": "(0.88,,)", "slip_type": "Sinistral", "upper_seis_depth": "(0.0,,)", "downthrown_side_id": null, "reference": null, "epistemic_quality": null, "accuracy": null, "activity_confidence": "1", "fs_name": "Yamasaki", "last_movement": "(1082,682,1082)", "downthrown_side_dir": null, "vert_sep_rate": null, "strike_slip_rate": null, "exposure_quality": null, "shortening_rate": null, "notes": null, "index_right": 189, "NAME_EN": "Japan" }, "geometry": { "type": "LineString", "coordinates": [ [ 134.54582308, 34.999739259000101 ], [ 134.594263215000012, 34.986487879 ], [ 134.687198669999987, 34.965200431 ], [ 134.723910765, 34.954626479000098 ], [ 134.734610131000011, 34.945210803000101 ], [ 134.745315347, 34.940245617000102 ] ] } },
{ "type": "Feature", "properties": { "average_dip": "(60.0,,)", "average_rake": null, "catalog_id": "GFE_91145", "catalog_name": "GEM Faulted Earth", "dip_dir": "360", "lower_seis_depth": "(20.0,,)", "name": "Kiragawa", "net_slip_rate": "None", "slip_type": "Reverse", "upper_seis_depth": "(0.0,,)", "downthrown_side_id": null, "reference": null, "epistemic_quality": null, "accuracy": null, "activity_confidence": "1", "fs_name": "Gyodozaki", "last_movement": null, "downthrown_side_dir": "230", "vert_sep_rate": "(0.38, 0.38, 0.38)", "strike_slip_rate": null, "exposure_quality": null, "shortening_rate": null, "notes": null, "index_right": 189, "NAME_EN": "Japan" }, "geometry": { "type": "LineString", "coordinates": [ [ 134.099089518, 33.3316196 ], [ 134.111179066, 33.3446073920001 ], [ 134.155591959, 33.38473781 ], [ 134.20570251, 33.419558951000099 ], [ 134.223487689, 33.428186358000097 ] ] } },
{ "type": "Feature", "properties": { "average_dip": "(60.0,,)", "average_rake": null, "catalog_id": "GFE_91147", "catalog_name": "GEM Faulted Earth", "dip_dir": "360", "lower_seis_depth": "(20.0,,)", "name": "Obama", "net_slip_rate": "None", "slip_type": "Normal", "upper_seis_depth": "(0.0,,)", "downthrown_side_id": null, "reference": null, "epistemic_quality": null, "accuracy": null, "activity_confidence": "1", "fs_name": "Unzen-chiko", "last_movement": "(1732,896,)", "downthrown_side_dir": "227", "vert_sep_rate": "(0.67000000000000004, 0.31, 1.03)", "strike_slip_rate": null, "exposure_quality": null, "shortening_rate": null, "notes": null, "index_right": 189, "NAME_EN": "Japan" }, "geometry": { "type": "LineString", "coordinates": [ [ 129.95417, 32.699791 ], [ 129.972266956, 32.7066989200001 ], [ 130.000952662, 32.723066937000098 ], [ 130.019188949000011, 32.729757912 ], [ 130.029410754, 32.731088069000101 ], [ 130.038817288, 32.734400354000101 ], [ 130.071137953, 32.733839971000101 ], [ 130.098311841, 32.7292160860001 ], [ 130.114298608000013, 32.720418468 ], [ 130.149709291, 32.707875369000099 ], [ 130.177426553, 32.708245756000103 ], [ 130.212904664, 32.703564827 ], [ 130.233954743999988, 32.708003794 ], [ 130.254803315, 32.716979876 ], [ 130.262515539, 32.723830332 ] ] } },
{ "type": "Feature", "properties": { "average_dip": "(45.0,,)", "average_rake": null, "catalog_id": "GFE_91148", "catalog_name": "GEM Faulted Earth", "dip_dir": "270", "lower_seis_depth": "(20.0,,)", "name": "Ebana-Mushikasa", "net_slip_rate": "(0.0,,)", "slip_type": "Reverse", "upper_seis_depth": "(0.0,,)", "downthrown_side_id": null, "reference": null, "epistemic_quality": null, "accuracy": null, "activity_confidence": "1", "fs_name": "Ebana-Mushikasa", "last_movement": null, "downthrown_side_dir": "226", "vert_sep_rate": null, "strike_slip_rate": null, "exposure_quality": null, "shortening_rate": null, "notes": null, "index_right": 189, "NAME_EN": "Japan" }, "geometry": { "type": "LineString", "coordinates": [ [ 140.154263238, 37.28436121 ], [ 140.148143419, 37.246721367000099 ], [ 140.124822202, 37.183398993 ], [ 140.121189246, 37.176958278 ], [ 140.113603401, 37.169005123 ], [ 140.100497361, 37.1616870020001 ], [ 140.092049374, 37.152549622 ], [ 140.087387234, 37.1420267 ], [ 140.083257258, 37.126685347 ] ] } },
{ "type": "Feature", "properties": { "average_dip": "(45.0,,)", "average_rake": null, "catalog_id": "GFE_91150", "catalog_name": "GEM Faulted Earth", "dip_dir": "270", "lower_seis_depth": "(20.0,,)", "name": "Muramatsu", "net_slip_rate": "None", "slip_type": "Reverse", "upper_seis_depth": "(0.0,,)", "downthrown_side_id": null, "reference": null, "epistemic_quality": null, "accuracy": null, "activity_confidence": "1", "fs_name": "Tsukioka", "last_movement": null, "downthrown_side_dir": "226", "vert_sep_rate": "(0.35499999999999998, 0.3, 0.41)", "strike_slip_rate": null, "exposure_quality": null, "shortening_rate": null, "notes": null, "index_right": 189, "NAME_EN": "Japan" }, "geometry": { "type": "LineString", "coordinates": [ [ 139.239198681, 37.744300515000099 ], [ 139.226756789, 37.721110867 ], [ 139.204680825, 37.696002176 ], [ 139.194460542, 37.677244073000097 ], [ 139.157269428, 37.640023372 ], [ 139.151047366, 37.631013248 ] ] } },
{ "type": "Feature", "properties": { "average_dip": "(45.0,,)", "average_rake": null, "catalog_id": "GFE_91151", "catalog_name": "GEM Faulted Earth", "dip_dir": "360", "lower_seis_depth": "(20.0,,)", "name": "Ogiyama", "net_slip_rate": "(0.1,,)", "slip_type": "Reverse", "upper_seis_depth": "(0.0,,)", "downthrown_side_id": null, "reference": null, "epistemic_quality": null, "accuracy": null, "activity_confidence": "1", "fs_name": "Ogiyama", "last_movement": null, "downthrown_side_dir": "230", "vert_sep_rate": null, "strike_slip_rate": null, "exposure_quality": null, "shortening_rate": null, "notes": null, "index_right": 189, "NAME_EN": "Japan" }, "geometry": { "type": "LineString", "coordinates": [ [ 138.880920568, 35.600768055000103 ], [ 138.905986788, 35.616913878 ], [ 138.920369040999987, 35.630043764 ], [ 138.944109817, 35.634893834 ], [ 138.955186878, 35.634626154 ], [ 138.983929741999987, 35.626337846000098 ], [ 139.005027044, 35.623560713000103 ], [ 139.028768775, 35.629605649 ], [ 139.036417125000014, 35.629471865 ], [ 139.070449649000011, 35.643803133000098 ], [ 139.08310953, 35.644720361000097 ], [ 139.095240585999989, 35.642347948000101 ], [ 139.098931394, 35.639189403 ] ] } },
{ "type": "Feature", "properties": { "average_dip": "(90.0,,)", "average_rake": null, "catalog_id": "GFE_91152", "catalog_name": "GEM Faulted Earth", "dip_dir": null, "lower_seis_depth": "(20.0,,)", "name": "Mio", "net_slip_rate": "(0.5,,)", "slip_type": "Dextral", "upper_seis_depth": "(0.0,,)", "downthrown_side_id": null, "reference": null, "epistemic_quality": null, "accuracy": null, "activity_confidence": "1", "fs_name": "Makigahora", "last_movement": null, "downthrown_side_dir": null, "vert_sep_rate": null, "strike_slip_rate": null, "exposure_quality": null, "shortening_rate": null, "notes": null, "index_right": 189, "NAME_EN": "Japan" }, "geometry": { "type": "LineString", "coordinates": [ [ 137.086523187000012, 36.123720348000099 ], [ 137.095962025, 36.132433580000097 ], [ 137.106102066, 36.1341816340001 ], [ 137.11519310700001, 36.13836738 ], [ 137.160821088, 36.164693492 ], [ 137.213792541, 36.1878891530001 ], [ 137.22078478, 36.191724888000103 ], [ 137.229874626, 36.200961052 ] ] } },
{ "type": "Feature", "properties": { "average_dip": "(90.0,,)", "average_rake": null, "catalog_id": "GFE_91153", "catalog_name": "GEM Faulted Earth", "dip_dir": null, "lower_seis_depth": "(20.0,,)", "name": "Hagiwara", "net_slip_rate": "(0.78,,)", "slip_type": "Sinistral", "upper_seis_depth": "(0.0,,)", "downthrown_side_id": null, "reference": null, "epistemic_quality": null, "accuracy": null, "activity_confidence": "1", "fs_name": "Atera", "last_movement": "(3349,3218,)", "downthrown_side_dir": "233", "vert_sep_rate": null, "strike_slip_rate": null, "exposure_quality": null, "shortening_rate": null, "notes": null, "index_right": 189, "NAME_EN": "Japan" }, "geometry": { "type": "LineString", "coordinates": [ [ 137.183660208, 36.004112558 ], [ 137.185643261, 35.985677522000103 ], [ 137.183876856000012, 35.971568045 ], [ 137.192452573999986, 35.9214072870001 ], [ 137.197797597, 35.908434911 ], [ 137.206056942, 35.8801903620001 ], [ 137.216339779, 35.860663861 ], [ 137.224155001000014, 35.836657812000098 ], [ 137.237949716, 35.812227961000097 ] ] } },
{ "type": "Feature", "properties": { "average_dip": "(60.0,,)", "average_rake": null, "catalog_id": "GFE_91155", "catalog_name": "GEM Faulted Earth", "dip_dir": "90", "lower_seis_depth": "(20.0,,)", "name": "Jobana-Kaminashi", "net_slip_rate": "(0.1,,)", "slip_type": "Reverse", "upper_seis_depth": "(0.0,,)", "downthrown_side_id": null, "reference": null, "epistemic_quality": null, "accuracy": null, "activity_confidence": "1", "fs_name": "Takashozu", "last_movement": null, "downthrown_side_dir": "233", "vert_sep_rate": null, "strike_slip_rate": null, "exposure_quality": null, "shortening_rate": null, "notes": null, "index_right": 189, "NAME_EN": "Japan" }, "geometry": { "type": "LineString", "coordinates": [ [ 136.910337004000013, 36.481582561 ], [ 136.913474238, 36.468323176000098 ], [ 136.938616630000013, 36.400445669000099 ], [ 136.96887754, 36.359249197000103 ] ] } },
{ "type": "Feature", "properties": { "average_dip": "(90.0,,)", "average_rake": null, "catalog_id": "GFE_91158", "catalog_name": "GEM Faulted Earth", "dip_dir": null, "lower_seis_depth": "(20.0,,)", "name": "Kitashirakawa", "net_slip_rate": "(0.65,,)", "slip_type": "Dextral", "upper_seis_depth": "(0.0,,)", "downthrown_side_id": null, "reference": null, "epistemic_quality": null, "accuracy": null, "activity_confidence": "1", "fs_name": "Hanaore", "last_movement": "(2462,1522,)", "downthrown_side_dir": "233", "vert_sep_rate": null, "strike_slip_rate": null, "exposure_quality": null, "shortening_rate": null, "notes": null, "index_right": 189, "NAME_EN": "Japan" }, "geometry": { "type": "LineString", "coordinates": [ [ 135.85964231, 35.190005774 ], [ 135.85512859, 35.164826553000097 ], [ 135.841748582, 35.1415849 ], [ 135.83553978, 35.1229428890001 ], [ 135.824590511999986, 35.100911154000102 ], [ 135.820083454000013, 35.085294836000102 ], [ 135.801107353, 35.049948436000101 ], [ 135.785786462, 35.028038583000097 ], [ 135.784075062, 35.015085025000097 ], [ 135.776663115, 34.992735458 ], [ 135.771353280999989, 34.954439662 ], [ 135.763609415, 34.941308982000102 ], [ 135.763460641, 34.935171680000103 ], [ 135.765747642, 34.9293194030001 ] ] } },
{ "type": "Feature", "properties": { "average_dip": "(60.0,,)", "average_rake": null, "catalog_id": "GFE_91159", "catalog_name": "GEM Faulted Earth", "dip_dir": "90", "lower_seis_depth": "(20.0,,)", "name": "Kikugawa", "net_slip_rate": "(0.3,,)", "slip_type": "Sinistral", "upper_seis_depth": "(0.0,,)", "downthrown_side_id": null, "reference": null, "epistemic_quality": null, "accuracy": null, "activity_confidence": "1", "fs_name": "Kikugawa", "last_movement": "(8450,2038,)", "downthrown_side_dir": "233", "vert_sep_rate": null, "strike_slip_rate": null, "exposure_quality": null, "shortening_rate": null, "notes": null, "index_right": 189, "NAME_EN": "Japan" }, "geometry": { "type": "LineString", "coordinates": [ [ 130.89646557, 34.251024990000097 ], [ 130.900354242, 34.250106173000098 ], [ 130.936655716, 34.222667061 ], [ 130.961473876000014, 34.207940251 ], [ 131.019492178, 34.152328823000097 ], [ 131.037084988, 34.137909835000102 ], [ 131.049749216, 34.124551628000098 ], [ 131.066521112, 34.109783664000098 ], [ 131.08317888, 34.099931129 ] ] } },
{ "type": "Feature", "properties": { "average_dip": "(45.0,,)", "average_rake": null, "catalog_id": "GFE_91161", "catalog_name": "GEM Faulted Earth", "dip_dir": "90", "lower_seis_depth": "(20.0,,)", "name": "Kurobishiyama", "net_slip_rate": "None", "slip_type": "Reverse", "upper_seis_depth": "(0.0,,)", "downthrown_side_id": null, "reference": null, "epistemic_quality": null, "accuracy": null, "activity_confidence": "1", "fs_name": "Kurobishiyama", "last_movement": null, "downthrown_side_dir": "233", "vert_sep_rate": "(0.28500000000000003, 0.17, 0.4)", "strike_slip_rate": null, "exposure_quality": null, "shortening_rate": null, "notes": null, "index_right": 189, "NAME_EN": "Japan" }, "geometry": { "type": "LineString", "coordinates": [ [ 137.658665127, 36.979626940000102 ], [ 137.634558392, 36.974612357000098 ], [ 137.629367753999986, 36.972507071000102 ], [ 137.622744813999986, 36.966986474000102 ], [ 137.60234187, 36.935912553 ], [ 137.601599956, 36.910567476 ], [ 137.597162905, 36.896719968000099 ], [ 137.591693661, 36.889946613000099 ], [ 137.565378908000014, 36.866982596000099 ], [ 137.549422828, 36.8508276640001 ], [ 137.534767302, 36.8417951610001 ], [ 137.500491222, 36.829091076000097 ], [ 137.44652549700001, 36.789725490000102 ] ] } },
{ "type": "Feature", "properties": { "average_dip": "(90.0,,)", "average_rake": null, "catalog_id": "GFE_91162", "catalog_name": "GEM Faulted Earth", "dip_dir": null, "lower_seis_depth": "(20.0,,)", "name": "Ozori", "net_slip_rate": "(0.0,,)", "slip_type": "Dextral", "upper_seis_depth": "(0.0,,)", "downthrown_side_id": null, "reference": null, "epistemic_quality": null, "accuracy": null, "activity_confidence": "1", "fs_name": "Ozori", "last_movement": null, "downthrown_side_dir": null, "vert_sep_rate": null, "strike_slip_rate": null, "exposure_quality": null, "shortening_rate": null, "notes": null, "index_right": 189, "NAME_EN": "Japan" }, "geometry": { "type": "LineString", "coordinates": [ [ 136.39190729500001, 35.668976545000099 ], [ 136.37416819500001, 35.652013053000097 ], [ 136.37081648, 35.6430300970001 ], [ 136.3657096, 35.614178209 ], [ 136.359413869, 35.5945273150001 ], [ 136.349283578000012, 35.572035654 ] ] } },
{ "type": "Feature", "properties": { "average_dip": "(60.0,,)", "average_rake": null, "catalog_id": "GFE_2195", "catalog_name": "GEM Faulted Earth", "dip_dir": "270", "lower_seis_depth": "(20.0,,)", "name": "Mimikawa", "net_slip_rate": "(0.1,,)", "slip_type": "Reverse", "upper_seis_depth": "(0.0,,)", "downthrown_side_id": null, "reference": null, "epistemic_quality": null, "accuracy": null, "activity_confidence": "1", "fs_name": "Mimikawa", "last_movement": null, "downthrown_side_dir": "226", "vert_sep_rate": null, "strike_slip_rate": null, "exposure_quality": null, "shortening_rate": null, "notes": null, "index_right": 189, "NAME_EN": "Japan" }, "geometry": { "type": "LineString", "coordinates": [ [ 135.934812017000013, 35.603095098 ], [ 135.940101879, 35.593913282000102 ], [ 135.951649256, 35.582843833 ], [ 135.962109886, 35.567399861000098 ], [ 135.968233215999987, 35.552220322 ], [ 135.969350956, 35.547590315 ], [ 135.967425582, 35.534856734000101 ], [ 135.967335298, 35.515081007 ] ] } },
{ "type": "Feature", "properties": { "average_dip": "(45.0,,)", "average_rake": null, "catalog_id": "GFE_2196", "catalog_name": "GEM Faulted Earth", "dip_dir": "270", "lower_seis_depth": "(20.0,,)", "name": "Kazahayaike", "net_slip_rate": "(0.12,0.12,0.12)", "slip_type": "Reverse", "upper_seis_depth": "(0.0,,)", "downthrown_side_id": null, "reference": null, "epistemic_quality": null, "accuracy": null, "activity_confidence": "1", "fs_name": "Nunobikisanchi-toen", "last_movement": null, "downthrown_side_dir": "226", "vert_sep_rate": "(0.084999999999999992, 0.08, 0.09)", "strike_slip_rate": null, "exposure_quality": null, "shortening_rate": null, "notes": null, "index_right": 189, "NAME_EN": "Japan" }, "geometry": { "type": "LineString", "coordinates": [ [ 136.466529677000011, 34.719353877000103 ], [ 136.462448905, 34.707331416 ], [ 136.461206956000012, 34.695976405000103 ], [ 136.458047347, 34.692659707000097 ], [ 136.456217777, 34.684867548000099 ], [ 136.449900418999988, 34.682213699 ], [ 136.448736624, 34.67922901 ], [ 136.447606211, 34.650325002 ], [ 136.445013237000012, 34.6421811270001 ], [ 136.442700244, 34.619002701000099 ] ] } },
{ "type": "Feature", "properties": { "average_dip": "(60.0,,)", "average_rake": null, "catalog_id": "GFE_2197", "catalog_name": "GEM Faulted Earth", "dip_dir": "360", "lower_seis_depth": "(20.0,,)", "name": "Tsuyama", "net_slip_rate": "(0.0,,)", "slip_type": "Reverse", "upper_seis_depth": "(0.0,,)", "downthrown_side_id": null, "reference": null, "epistemic_quality": null, "accuracy": null, "activity_confidence": "1", "fs_name": "Nagisen", "last_movement": null, "downthrown_side_dir": "230", "vert_sep_rate": null, "strike_slip_rate": null, "exposure_quality": null, "shortening_rate": null, "notes": null, "index_right": 189, "NAME_EN": "Japan" }, "geometry": { "type": "LineString", "coordinates": [ [ 133.887228033000014, 35.1159921140001 ], [ 133.930946143999989, 35.11516018 ], [ 133.99472367300001, 35.107840443 ] ] } },
{ "type": "Feature", "properties": { "average_dip": "(90.0,,)", "average_rake": null, "catalog_id": "GFE_2211", "catalog_name": "GEM Faulted Earth", "dip_dir": null, "lower_seis_depth": "(20.0,,)", "name": "Okudaira", "net_slip_rate": "(0.0,,)", "slip_type": "Dextral", "upper_seis_depth": "(0.0,,)", "downthrown_side_id": null, "reference": null, "epistemic_quality": null, "accuracy": null, "activity_confidence": "1", "fs_name": "Enasan", "last_movement": null, "downthrown_side_dir": null, "vert_sep_rate": null, "strike_slip_rate": null, "exposure_quality": null, "shortening_rate": null, "notes": null, "index_right": 189, "NAME_EN": "Japan" }, "geometry": { "type": "LineString", "coordinates": [ [ 137.529036383, 35.384630118000103 ], [ 137.563844955, 35.449164635 ] ] } },
{ "type": "Feature", "properties": { "average_dip": "(45.0,,)", "average_rake": null, "catalog_id": "GFE_2221", "catalog_name": "GEM Faulted Earth", "dip_dir": "90", "lower_seis_depth": "(20.0,,)", "name": "Omoriyama", "net_slip_rate": "(0.0,,)", "slip_type": "Reverse", "upper_seis_depth": "(0.0,,)", "downthrown_side_id": null, "reference": null, "epistemic_quality": null, "accuracy": null, "activity_confidence": "1", "fs_name": "Yokotebonchi-toen", "last_movement": null, "downthrown_side_dir": "233", "vert_sep_rate": null, "strike_slip_rate": null, "exposure_quality": null, "shortening_rate": null, "notes": null, "index_right": 189, "NAME_EN": "Japan" }, "geometry": { "type": "LineString", "coordinates": [ [ 140.566751867, 39.314196958 ], [ 140.566811648, 39.298199841 ], [ 140.562294138, 39.275960323 ], [ 140.569592031000013, 39.244595226000101 ], [ 140.576012463000012, 39.162783026000099 ], [ 140.582596153, 39.11619269 ] ] } },
{ "type": "Feature", "properties": { "average_dip": "(90.0,,)", "average_rake": null, "catalog_id": "GFE_2222", "catalog_name": "GEM Faulted Earth", "dip_dir": null, "lower_seis_depth": "(20.0,,)", "name": "Kurokura", "net_slip_rate": "(0.5,,)", "slip_type": "Sinistral", "upper_seis_depth": "(0.0,,)", "downthrown_side_id": null, "reference": null, "epistemic_quality": null, "accuracy": null, "activity_confidence": "1", "fs_name": "Kurokura", "last_movement": null, "downthrown_side_dir": "230", "vert_sep_rate": null, "strike_slip_rate": null, "exposure_quality": null, "shortening_rate": null, "notes": null, "index_right": 189, "NAME_EN": "Japan" }, "geometry": { "type": "LineString", "coordinates": [ [ 139.000745237, 35.345892018 ], [ 139.013899938, 35.378509817000101 ], [ 139.020768939, 35.386881909000103 ], [ 139.040360885000013, 35.396714308000099 ], [ 139.062011399999989, 35.41310602 ], [ 139.074204189999989, 35.417475844000101 ], [ 139.085025213, 35.418838973 ], [ 139.089546732, 35.421296813 ], [ 139.094892041, 35.427308273000101 ], [ 139.108320544, 35.436323605 ], [ 139.119696099, 35.448481529 ], [ 139.132850598, 35.458179776000101 ] ] } },
{ "type": "Feature", "properties": { "average_dip": "(90.0,,)", "average_rake": null, "catalog_id": "GFE_2223", "catalog_name": "GEM Faulted Earth", "dip_dir": null, "lower_seis_depth": "(20.0,,)", "name": "Yogogawa", "net_slip_rate": "(0.5,,)", "slip_type": "Sinistral", "upper_seis_depth": "(0.0,,)", "downthrown_side_id": null, "reference": null, "epistemic_quality": null, "accuracy": null, "activity_confidence": "1", "fs_name": "Yanagase", "last_movement": "(4690,601,)", "downthrown_side_dir": "233", "vert_sep_rate": null, "strike_slip_rate": null, "exposure_quality": null, "shortening_rate": null, "notes": null, "index_right": 189, "NAME_EN": "Japan" }, "geometry": { "type": "LineString", "coordinates": [ [ 136.168994602999987, 35.623385390000102 ], [ 136.189741096, 35.586816098 ], [ 136.20300111200001, 35.554014189 ], [ 136.218786693999988, 35.527075666 ], [ 136.256195556, 35.467267437 ], [ 136.282715405, 35.434444843000101 ] ] } },
{ "type": "Feature", "properties": { "average_dip": "(90.0,,)", "average_rake": null, "catalog_id": "GFE_2224", "catalog_name": "GEM Faulted Earth", "dip_dir": null, "lower_seis_depth": "(20.0,,)", "name": "Shinanozaka", "net_slip_rate": "(0.0,,)", "slip_type": "Sinistral", "upper_seis_depth": "(0.0,,)", "downthrown_side_id": null, "reference": null, "epistemic_quality": null, "accuracy": null, "activity_confidence": "1", "fs_name": "Jonendake", "last_movement": null, "downthrown_side_dir": "233", "vert_sep_rate": null, "strike_slip_rate": null, "exposure_quality": null, "shortening_rate": null, "notes": null, "index_right": 189, "NAME_EN": "Japan" }, "geometry": { "type": "LineString", "coordinates": [ [ 137.70857257, 36.4326365410001 ], [ 137.749194669, 36.390478447000099 ], [ 137.768642109000012, 36.361440293 ], [ 137.78132731, 36.348351147000102 ], [ 137.798210942999987, 36.325245223 ], [ 137.806602573, 36.315964507 ], [ 137.818721888, 36.306421917000101 ] ] } },
{ "type": "Feature", "properties": { "average_dip": "(90.0,,)", "average_rake": null, "catalog_id": "GFE_2225", "catalog_name": "GEM Faulted Earth", "dip_dir": null, "lower_seis_depth": "(20.0,,)", "name": "Miyaji", "net_slip_rate": "(2.7850000000000001, 0.5, 5.07)", "slip_type": "Sinistral", "upper_seis_depth": "(0.0,,)", "downthrown_side_id": null, "reference": null, "epistemic_quality": null, "accuracy": null, "activity_confidence": "1", "fs_name": "Atera", "last_movement": null, "downthrown_side_dir": null, "vert_sep_rate": null, "strike_slip_rate": "(5.04,,)", "exposure_quality": null, "shortening_rate": null, "notes": null, "index_right": 189, "NAME_EN": "Japan" }, "geometry": { "type": "LineString", "coordinates": [ [ 137.105136329, 35.8657265 ], [ 137.151017685, 35.855739793000097 ], [ 137.185159230000011, 35.841552275 ], [ 137.202521161, 35.829602081000097 ], [ 137.233215357, 35.795038551000097 ], [ 137.242279219000011, 35.788847751 ], [ 137.300470232, 35.7596615530001 ] ] } },
{ "type": "Feature", "properties": { "average_dip": "(60.0,,)", "average_rake": null, "catalog_id": "GFE_2226", "catalog_name": "GEM Faulted Earth", "dip_dir": "180", "lower_seis_depth": "(20.0,,)", "name": "Hokyoji", "net_slip_rate": "(0.1,,)", "slip_type": "Dextral", "upper_seis_depth": "(0.0,,)", "downthrown_side_id": null, "reference": null, "epistemic_quality": null, "accuracy": null, "activity_confidence": "1", "fs_name": "Hokyoji", "last_movement": null, "downthrown_side_dir": "227", "vert_sep_rate": null, "strike_slip_rate": null, "exposure_quality": null, "shortening_rate": null, "notes": null, "index_right": 189, "NAME_EN": "Japan" }, "geometry": { "type": "LineString", "coordinates": [ [ 136.425625235000012, 35.889113016000103 ], [ 136.466576908, 35.908344801000098 ], [ 136.525294968, 35.928781886 ], [ 136.561491479000011, 35.936734858000101 ], [ 136.602809658000012, 35.941469330000103 ] ] } },
{ "type": "Feature", "properties": { "average_dip": "(90.0,,)", "average_rake": null, "catalog_id": "GFE_2229", "catalog_name": "GEM Faulted Earth", "dip_dir": null, "lower_seis_depth": "(20.0,,)", "name": "Baba", "net_slip_rate": "(0.0,,)", "slip_type": "Dextral", "upper_seis_depth": "(0.0,,)", "downthrown_side_id": null, "reference": null, "epistemic_quality": null, "accuracy": null, "activity_confidence": "1", "fs_name": "Rokko", "last_movement": null, "downthrown_side_dir": null, "vert_sep_rate": null, "strike_slip_rate": null, "exposure_quality": null, "shortening_rate": null, "notes": null, "index_right": 189, "NAME_EN": "Japan" }, "geometry": { "type": "LineString", "coordinates": [ [ 135.528438881999989, 34.860005791 ], [ 135.560440459, 34.877763504 ], [ 135.592015971, 34.898515866 ] ] } },
{ "type": "Feature", "properties": { "average_dip": "(60.0,,)", "average_rake": null, "catalog_id": "GFE_2230", "catalog_name": "GEM Faulted Earth", "dip_dir": "360", "lower_seis_depth": "(20.0,,)", "name": "Nagisen", "net_slip_rate": "(0.1,,)", "slip_type": "Dextral", "upper_seis_depth": "(0.0,,)", "downthrown_side_id": null, "reference": null, "epistemic_quality": null, "accuracy": null, "activity_confidence": "1", "fs_name": "Nagisen", "last_movement": null, "downthrown_side_dir": "230", "vert_sep_rate": "(0.074999999999999997, 0.06, 0.09)", "strike_slip_rate": null, "exposure_quality": null, "shortening_rate": null, "notes": null, "index_right": 189, "NAME_EN": "Japan" }, "geometry": { "type": "LineString", "coordinates": [ [ 134.043769106000013, 35.11324591 ], [ 134.081208378000014, 35.124677423 ], [ 134.170142706, 35.146347907000099 ], [ 134.18836396, 35.1498919060001 ], [ 134.222623786000014, 35.153229289 ] ] } },
{ "type": "Feature", "properties": { "average_dip": "(60.0,,)", "average_rake": null, "catalog_id": "GFE_2231", "catalog_name": "GEM Faulted Earth", "dip_dir": "90", "lower_seis_depth": "(20.0,,)", "name": "Soyabaru", "net_slip_rate": "(0.0,,)", "slip_type": "Normal", "upper_seis_depth": "(0.0,,)", "downthrown_side_id": null, "reference": null, "epistemic_quality": null, "accuracy": null, "activity_confidence": "1", "fs_name": "Soyabaru", "last_movement": null, "downthrown_side_dir": "226", "vert_sep_rate": null, "strike_slip_rate": null, "exposure_quality": null, "shortening_rate": null, "notes": null, "index_right": 189, "NAME_EN": "Japan" }, "geometry": { "type": "LineString", "coordinates": [ [ 131.549926660000011, 32.318469525000097 ], [ 131.551049823999989, 32.308449676000102 ], [ 131.550012143, 32.299833627000098 ], [ 131.545310777999987, 32.291499477000102 ], [ 131.537603636999989, 32.2847580910001 ], [ 131.534335653999989, 32.264825279 ], [ 131.531482176, 32.258403045000101 ], [ 131.525629902, 32.251708247000103 ], [ 131.518999231, 32.247967617 ], [ 131.51425767, 32.241818203 ], [ 131.510146434, 32.232598446000097 ], [ 131.493132471, 32.212277413 ], [ 131.481104675000012, 32.2069407870001 ] ] } },
{ "type": "Feature", "properties": { "average_dip": null, "average_rake": null, "catalog_id": "GFE_2232", "catalog_name": "GEM Faulted Earth", "dip_dir": null, "lower_seis_depth": "(20.0,,)", "name": "Tajima", "net_slip_rate": "(0.0,,)", "slip_type": null, "upper_seis_depth": "(0.0,,)", "downthrown_side_id": null, "reference": null, "epistemic_quality": null, "accuracy": null, "activity_confidence": "1", "fs_name": "Aizubonchi-toen", "last_movement": null, "downthrown_side_dir": null, "vert_sep_rate": null, "strike_slip_rate": null, "exposure_quality": null, "shortening_rate": null, "notes": null, "index_right": 189, "NAME_EN": "Japan" }, "geometry": { "type": "LineString", "coordinates": [ [ 139.877109435, 37.255977731 ], [ 139.870500576000012, 37.242912052000101 ], [ 139.862803374, 37.239881187 ], [ 139.848082088000012, 37.229770942000101 ], [ 139.833112654, 37.223539243000097 ] ] } },
{ "type": "Feature", "properties": { "average_dip": "(60.0,,)", "average_rake": null, "catalog_id": "GFE_2233", "catalog_name": "GEM Faulted Earth", "dip_dir": "270", "lower_seis_depth": "(20.0,,)", "name": "Musashi-Itsukaichi", "net_slip_rate": "(0.0,,)", "slip_type": "Reverse", "upper_seis_depth": "(0.0,,)", "downthrown_side_id": null, "reference": null, "epistemic_quality": null, "accuracy": null, "activity_confidence": "1", "fs_name": "Musashi-Itsukaichi", "last_movement": null, "downthrown_side_dir": "226", "vert_sep_rate": null, "strike_slip_rate": null, "exposure_quality": null, "shortening_rate": null, "notes": null, "index_right": 189, "NAME_EN": "Japan" }, "geometry": { "type": "LineString", "coordinates": [ [ 139.173755834, 35.769582587000102 ], [ 139.182902466, 35.759126015 ], [ 139.193367400999989, 35.738213663000103 ], [ 139.210335751, 35.7180204 ], [ 139.253542342, 35.685632210000101 ] ] } },
{ "type": "Feature", "properties": { "average_dip": "(90.0,,)", "average_rake": null, "catalog_id": "GFE_2234", "catalog_name": "GEM Faulted Earth", "dip_dir": null, "lower_seis_depth": "(20.0,,)", "name": "Shuzenji", "net_slip_rate": "(0.5,,)", "slip_type": "Sinistral", "upper_seis_depth": "(0.0,,)", "downthrown_side_id": null, "reference": null, "epistemic_quality": null, "accuracy": null, "activity_confidence": "1", "fs_name": "Tanna", "last_movement": "(,,20)", "downthrown_side_dir": "226", "vert_sep_rate": null, "strike_slip_rate": null, "exposure_quality": null, "shortening_rate": null, "notes": null, "index_right": 189, "NAME_EN": "Japan" }, "geometry": { "type": "LineString", "coordinates": [ [ 138.995969495, 35.03745066 ], [ 138.993389407, 35.019268639000103 ], [ 138.988926228, 35.007676827000097 ], [ 138.969945185, 34.9720274700001 ], [ 138.953368245, 34.961328408 ], [ 138.95034212600001, 34.957411452 ], [ 138.946048451, 34.934092385 ], [ 138.948026877, 34.924062173 ] ] } },
{ "type": "Feature", "properties": { "average_dip": "(60.0,,)", "average_rake": null, "catalog_id": "GFE_2235", "catalog_name": "GEM Faulted Earth", "dip_dir": "270", "lower_seis_depth": "(20.0,,)", "name": "Nekomatayama", "net_slip_rate": "(0.3,,)", "slip_type": "Reverse", "upper_seis_depth": "(0.0,,)", "downthrown_side_id": null, "reference": null, "epistemic_quality": null, "accuracy": null, "activity_confidence": "1", "fs_name": "Nekomatayama", "last_movement": null, "downthrown_side_dir": "226", "vert_sep_rate": null, "strike_slip_rate": null, "exposure_quality": null, "shortening_rate": null, "notes": null, "index_right": 189, "NAME_EN": "Japan" }, "geometry": { "type": "LineString", "coordinates": [ [ 137.641976906, 36.872880897000101 ], [ 137.658577255000012, 36.852605680000103 ], [ 137.67388716, 36.821344701 ], [ 137.679038975, 36.814634613000102 ], [ 137.686764243999988, 36.790942558 ], [ 137.685044208, 36.770683861000101 ], [ 137.687333298, 36.763404763 ], [ 137.702073531, 36.750122684000097 ], [ 137.704934633, 36.7412737820001 ], [ 137.70307149300001, 36.7238677490001 ], [ 137.714091088, 36.709732670000101 ], [ 137.720673049999988, 36.69617241 ] ] } },
{ "type": "Feature", "properties": { "average_dip": "(60.0,,)", "average_rake": null, "catalog_id": "GFE_2236", "catalog_name": "GEM Faulted Earth", "dip_dir": "180", "lower_seis_depth": "(20.0,,)", "name": "Sogi", "net_slip_rate": "(0.4,,)", "slip_type": "Reverse", "upper_seis_depth": "(0.0,,)", "downthrown_side_id": null, "reference": null, "epistemic_quality": null, "accuracy": null, "activity_confidence": "1", "fs_name": "Enasan", "last_movement": null, "downthrown_side_dir": "227", "vert_sep_rate": null, "strike_slip_rate": null, "exposure_quality": null, "shortening_rate": null, "notes": null, "index_right": 189, "NAME_EN": "Japan" }, "geometry": { "type": "LineString", "coordinates": [ [ 137.213219317000011, 35.262445199000098 ], [ 137.242083962, 35.271795259 ], [ 137.262353055, 35.289471333000101 ], [ 137.275393611, 35.297938691000098 ], [ 137.308106415, 35.307561404000097 ], [ 137.327898345, 35.317071811000098 ], [ 137.34432465, 35.316404270000099 ], [ 137.353130045, 35.3200231 ], [ 137.378046307, 35.3355669480001 ] ] } },
{ "type": "Feature", "properties": { "average_dip": "(45.0,,)", "average_rake": null, "catalog_id": "GFE_2237", "catalog_name": "GEM Faulted Earth", "dip_dir": "270", "lower_seis_depth": "(20.0,,)", "name": "Hosenji", "net_slip_rate": "(0.1,,)", "slip_type": "Reverse", "upper_seis_depth": "(0.0,,)", "downthrown_side_id": null, "reference": null, "epistemic_quality": null, "accuracy": null, "activity_confidence": "1", "fs_name": "Hosenji", "last_movement": null, "downthrown_side_dir": "226", "vert_sep_rate": null, "strike_slip_rate": null, "exposure_quality": null, "shortening_rate": null, "notes": null, "index_right": 189, "NAME_EN": "Japan" }, "geometry": { "type": "LineString", "coordinates": [ [ 136.091000306000012, 36.039567474000101 ], [ 136.11253673600001, 36.0031532100001 ], [ 136.11753274, 35.991000737 ], [ 136.12123397, 35.975819582 ], [ 136.124815859, 35.970217317 ], [ 136.124549114, 35.963913039 ], [ 136.117160912, 35.960031308000097 ], [ 136.11656824, 35.952531161 ], [ 136.113650992, 35.948182783 ], [ 136.114707557, 35.935630706 ], [ 136.112685336999988, 35.930115551 ], [ 136.111300338, 35.908062172 ], [ 136.107133638, 35.882640007000099 ] ] } },
{ "type": "Feature", "properties": { "average_dip": "(80.0,,)", "average_rake": null, "catalog_id": "GFE_2238", "catalog_name": "GEM Faulted Earth", "dip_dir": "270", "lower_seis_depth": "(20.0,,)", "name": "Higashiura", "net_slip_rate": "None", "slip_type": "Dextral", "upper_seis_depth": "(0.0,,)", "downthrown_side_id": null, "reference": null, "epistemic_quality": null, "accuracy": null, "activity_confidence": "1", "fs_name": "Rokko", "last_movement": "(385,147,354)", "downthrown_side_dir": "226", "vert_sep_rate": "(0.375, 0.28, 0.47)", "strike_slip_rate": "(0.66500000000000004, 0.5, 0.83)", "exposure_quality": null, "shortening_rate": null, "notes": null, "index_right": 189, "NAME_EN": "Japan" }, "geometry": { "type": "LineString", "coordinates": [ [ 134.897218062, 34.453288806 ], [ 134.931226179, 34.491983632 ], [ 134.940175559000011, 34.499140404000102 ], [ 134.947884639, 34.5128521520001 ], [ 134.975762583, 34.531054704 ], [ 134.986412334, 34.542461815 ], [ 135.007924196, 34.5536223880001 ], [ 135.015257631999987, 34.559118334000097 ], [ 135.045277369, 34.594151075000099 ], [ 135.058732743, 34.607438863 ], [ 135.076676725, 34.620576771000103 ] ] } },
{ "type": "Feature", "properties": { "average_dip": "(90.0,,)", "average_rake": null, "catalog_id": "GFE_2239", "catalog_name": "GEM Faulted Earth", "dip_dir": null, "lower_seis_depth": "(20.0,,)", "name": "Kamano", "net_slip_rate": "(0.1,,)", "slip_type": "Dextral", "upper_seis_depth": "(0.0,,)", "downthrown_side_id": null, "reference": null, "epistemic_quality": null, "accuracy": null, "activity_confidence": "1", "fs_name": "Midorikawa", "last_movement": null, "downthrown_side_dir": null, "vert_sep_rate": null, "strike_slip_rate": null, "exposure_quality": null, "shortening_rate": null, "notes": null, "index_right": 189, "NAME_EN": "Japan" }, "geometry": { "type": "LineString", "coordinates": [ [ 131.078541739, 32.653383738000102 ], [ 131.118445777, 32.668676755 ], [ 131.135309019, 32.678298981000097 ], [ 131.142207222, 32.685186329 ] ] } },
{ "type": "Feature", "properties": { "average_dip": "(45.0,,)", "average_rake": null, "catalog_id": "GFE_2240", "catalog_name": "GEM Faulted Earth", "dip_dir": "270", "lower_seis_depth": "(20.0,,)", "name": "Numata", "net_slip_rate": "(0.3,,)", "slip_type": "Reverse", "upper_seis_depth": "(0.0,,)", "downthrown_side_id": null, "reference": null, "epistemic_quality": null, "accuracy": null, "activity_confidence": "1", "fs_name": "Numata-Sunagawa", "last_movement": null, "downthrown_side_dir": "226", "vert_sep_rate": null, "strike_slip_rate": null, "exposure_quality": null, "shortening_rate": null, "notes": null, "index_right": 189, "NAME_EN": "Japan" }, "geometry": { "type": "LineString", "coordinates": [ [ 141.913444502, 43.8407183570001 ], [ 141.923043228000012, 43.831019868000098 ], [ 141.934284543, 43.825350940000099 ], [ 141.982025467, 43.788317081000102 ] ] } },
{ "type": "Feature", "properties": { "average_dip": "(90.0,,)", "average_rake": null, "catalog_id": "GFE_2241", "catalog_name": "GEM Faulted Earth", "dip_dir": null, "lower_seis_depth": "(20.0,,)", "name": "Itayatoge", "net_slip_rate": "(0.0,,)", "slip_type": "Sinistral", "upper_seis_depth": "(0.0,,)", "downthrown_side_id": null, "reference": null, "epistemic_quality": null, "accuracy": null, "activity_confidence": "1", "fs_name": "Itayatoge", "last_movement": null, "downthrown_side_dir": null, "vert_sep_rate": null, "strike_slip_rate": null, "exposure_quality": null, "shortening_rate": null, "notes": null, "index_right": 189, "NAME_EN": "Japan" }, "geometry": { "type": "LineString", "coordinates": [ [ 130.372012903000012, 33.459082425000098 ], [ 130.386398012, 33.443653468 ], [ 130.434512252, 33.383860242 ] ] } },
{ "type": "Feature", "properties": { "average_dip": "(90.0,,)", "average_rake": null, "catalog_id": "GFE_2242", "catalog_name": "GEM Faulted Earth", "dip_dir": null, "lower_seis_depth": "(20.0,,)", "name": "Nichinanko", "net_slip_rate": "(0.0,,)", "slip_type": "Sinistral", "upper_seis_depth": "(0.0,,)", "downthrown_side_id": null, "reference": null, "epistemic_quality": null, "accuracy": null, "activity_confidence": "1", "fs_name": "Nichinanko", "last_movement": "(69950,27950,)", "downthrown_side_dir": null, "vert_sep_rate": null, "strike_slip_rate": null, "exposure_quality": null, "shortening_rate": null, "notes": null, "index_right": 189, "NAME_EN": "Japan" }, "geometry": { "type": "LineString", "coordinates": [ [ 133.265543417, 35.2640183030001 ], [ 133.28254726, 35.260552064 ], [ 133.293784419, 35.253006646000102 ], [ 133.314409538, 35.230010166000099 ], [ 133.337232597, 35.20909256 ], [ 133.346160621, 35.196350878 ], [ 133.350321094, 35.182986032 ], [ 133.368091013999987, 35.160799489000098 ] ] } },
{ "type": "Feature", "properties": { "average_dip": "(90.0,,)", "average_rake": null, "catalog_id": "GFE_2243", "catalog_name": "GEM Faulted Earth", "dip_dir": null, "lower_seis_depth": "(20.0,,)", "name": "Niino", "net_slip_rate": "(0.1,,)", "slip_type": "Dextral", "upper_seis_depth": "(0.0,,)", "downthrown_side_id": null, "reference": null, "epistemic_quality": null, "accuracy": null, "activity_confidence": "1", "fs_name": "Shimojo-sanroku", "last_movement": null, "downthrown_side_dir": "233", "vert_sep_rate": null, "strike_slip_rate": null, "exposure_quality": null, "shortening_rate": null, "notes": null, "index_right": 189, "NAME_EN": "Japan" }, "geometry": { "type": "LineString", "coordinates": [ [ 137.719153626, 35.231324307000101 ], [ 137.780643042, 35.29231092 ], [ 137.806037677, 35.3236259990001 ] ] } },
{ "type": "Feature", "properties": { "average_dip": "(45.0,,)", "average_rake": null, "catalog_id": "GFE_2244", "catalog_name": "GEM Faulted Earth", "dip_dir": "270", "lower_seis_depth": "(20.0,,)", "name": "Kushigata", "net_slip_rate": "None", "slip_type": "Reverse", "upper_seis_depth": "(0.0,,)", "downthrown_side_id": null, "reference": null, "epistemic_quality": null, "accuracy": null, "activity_confidence": "1", "fs_name": "Kushigatasanmyaku", "last_movement": null, "downthrown_side_dir": "226", "vert_sep_rate": "(0.060000000000000005, 0.05, 0.07)", "strike_slip_rate": null, "exposure_quality": null, "shortening_rate": null, "notes": null, "index_right": 189, "NAME_EN": "Japan" }, "geometry": { "type": "LineString", "coordinates": [ [ 139.517503823999988, 38.091227885000102 ], [ 139.497710651, 38.067022151000103 ], [ 139.483219849, 38.046419145000101 ], [ 139.468865647, 38.034449138000099 ], [ 139.463429545999986, 38.025048081000101 ], [ 139.455799493, 38.018870587 ], [ 139.452561198000012, 38.0094675920001 ], [ 139.43459479500001, 37.986668745 ], [ 139.421932247, 37.979070276000101 ], [ 139.412115723999989, 37.965291607 ], [ 139.397258563, 37.953314587000101 ], [ 139.395579848000011, 37.9502239 ], [ 139.396622833, 37.9260147480001 ], [ 139.393656792, 37.910304494000101 ], [ 139.397156754, 37.881715919 ] ] } },
{ "type": "Feature", "properties": { "average_dip": "(90.0,,)", "average_rake": null, "catalog_id": "GFE_2245", "catalog_name": "GEM Faulted Earth", "dip_dir": null, "lower_seis_depth": "(20.0,,)", "name": "Mizunuki-Yoichizaka", "net_slip_rate": "(0.1,,)", "slip_type": "Dextral", "upper_seis_depth": "(0.0,,)", "downthrown_side_id": null, "reference": null, "epistemic_quality": null, "accuracy": null, "activity_confidence": "1", "fs_name": "Mizunuki-Yoichizaka", "last_movement": null, "downthrown_side_dir": null, "vert_sep_rate": null, "strike_slip_rate": null, "exposure_quality": null, "shortening_rate": null, "notes": null, "index_right": 189, "NAME_EN": "Japan" }, "geometry": { "type": "LineString", "coordinates": [ [ 138.893389782000014, 34.890630526000102 ], [ 138.925910476000013, 34.879994471 ], [ 138.948275012000011, 34.867051581000098 ], [ 138.954496462, 34.8621893440001 ], [ 138.962024828000011, 34.846157819 ], [ 138.970918258000012, 34.836110635000097 ], [ 138.976240947, 34.832402187000099 ] ] } },
{ "type": "Feature", "properties": { "average_dip": "(90.0,,)", "average_rake": null, "catalog_id": "GFE_2246", "catalog_name": "GEM Faulted Earth", "dip_dir": null, "lower_seis_depth": "(20.0,,)", "name": "Narai", "net_slip_rate": "(0.3,,)", "slip_type": "Dextral", "upper_seis_depth": "(0.0,,)", "downthrown_side_id": null, "reference": null, "epistemic_quality": null, "accuracy": null, "activity_confidence": "1", "fs_name": "Narai", "last_movement": null, "downthrown_side_dir": null, "vert_sep_rate": null, "strike_slip_rate": null, "exposure_quality": null, "shortening_rate": null, "notes": null, "index_right": 189, "NAME_EN": "Japan" }, "geometry": { "type": "LineString", "coordinates": [ [ 137.788670732000014, 35.9410651 ], [ 137.809618117000014, 35.961541289 ], [ 137.843204146, 35.988587047000102 ], [ 137.907664114999989, 36.025124510000097 ], [ 137.923174601, 36.029332425000099 ], [ 137.960261443, 36.053203641 ], [ 137.985674798, 36.089922085000097 ] ] } },
{ "type": "Feature", "properties": { "average_dip": "(45.0,,)", "average_rake": null, "catalog_id": "GFE_2247", "catalog_name": "GEM Faulted Earth", "dip_dir": "270", "lower_seis_depth": "(20.0,,)", "name": "Fukozu", "net_slip_rate": "(0.03,,)", "slip_type": "Reverse", "upper_seis_depth": "(0.0,,)", "downthrown_side_id": null, "reference": null, "epistemic_quality": null, "accuracy": null, "activity_confidence": "1", "fs_name": "Mikawa", "last_movement": "(4372,,5)", "downthrown_side_dir": "226", "vert_sep_rate": null, "strike_slip_rate": null, "exposure_quality": null, "shortening_rate": null, "notes": null, "index_right": 189, "NAME_EN": "Japan" }, "geometry": { "type": "LineString", "coordinates": [ [ 137.177149882, 34.836775681000098 ], [ 137.196863176, 34.781034475000098 ], [ 137.200673598, 34.760020947 ], [ 137.201038883, 34.751173957 ], [ 137.198193914, 34.729178377 ], [ 137.192762975, 34.7125921210001 ] ] } },
{ "type": "Feature", "properties": { "average_dip": "(90.0,,)", "average_rake": null, "catalog_id": "GFE_2248", "catalog_name": "GEM Faulted Earth", "dip_dir": null, "lower_seis_depth": "(20.0,,)", "name": "Tanigumi", "net_slip_rate": "(0.1,,)", "slip_type": "Sinistral", "upper_seis_depth": "(0.0,,)", "downthrown_side_id": null, "reference": null, "epistemic_quality": null, "accuracy": null, "activity_confidence": "1", "fs_name": "Tanigumi", "last_movement": null, "downthrown_side_dir": null, "vert_sep_rate": null, "strike_slip_rate": null, "exposure_quality": null, "shortening_rate": null, "notes": null, "index_right": 189, "NAME_EN": "Japan" }, "geometry": { "type": "LineString", "coordinates": [ [ 136.511780101999989, 35.5496931650001 ], [ 136.534210498, 35.539650863000098 ], [ 136.663413028, 35.515903738000098 ], [ 136.699495717, 35.519962154 ] ] } },
{ "type": "Feature", "properties": { "average_dip": "(80.0,,)", "average_rake": null, "catalog_id": "GFE_2249", "catalog_name": "GEM Faulted Earth", "dip_dir": "270", "lower_seis_depth": "(20.0,,)", "name": "Yatsushiro", "net_slip_rate": "(0.80,0.80,0.80)", "slip_type": "Dextral", "upper_seis_depth": "(0.0,,)", "downthrown_side_id": null, "reference": null, "epistemic_quality": null, "accuracy": null, "activity_confidence": "1", "fs_name": "Futagawa-Hinagu", "last_movement": "(8245,2300,)", "downthrown_side_dir": "233", "vert_sep_rate": null, "strike_slip_rate": "(0.8, 0.8, 0.80000000000000004)", "exposure_quality": null, "shortening_rate": null, "notes": null, "index_right": 189, "NAME_EN": "Japan" }, "geometry": { "type": "LineString", "coordinates": [ [ 130.738890546, 32.635374433 ], [ 130.73050179, 32.6163354400001 ], [ 130.719696186, 32.599704128 ], [ 130.707694221, 32.583642563000097 ], [ 130.69720191, 32.574817937 ], [ 130.675550193, 32.539175409000102 ], [ 130.64934635, 32.504689428000098 ], [ 130.633867243, 32.488538950000098 ], [ 130.607963837999989, 32.4682274950001 ], [ 130.601677828, 32.457597749000101 ], [ 130.59431669, 32.4499818950001 ], [ 130.581842392999988, 32.439975069000099 ], [ 130.542058943, 32.414836934 ], [ 130.518337509, 32.391979989 ], [ 130.509244676, 32.378002407000103 ], [ 130.500262740000011, 32.367715409 ] ] } },
{ "type": "Feature", "properties": { "average_dip": "(40.0,,)", "average_rake": null, "catalog_id": "GFE_2250", "catalog_name": "GEM Faulted Earth", "dip_dir": "90", "lower_seis_depth": "(20.0,,)", "name": "Hyakusaiji", "net_slip_rate": "None", "slip_type": "Reverse", "upper_seis_depth": "(0.0,,)", "downthrown_side_id": null, "reference": null, "epistemic_quality": null, "accuracy": null, "activity_confidence": "1", "fs_name": "Suzukasanchi-seien", "last_movement": null, "downthrown_side_dir": "233", "vert_sep_rate": "(0.22500000000000001, 0.2, 0.25)", "strike_slip_rate": null, "exposure_quality": null, "shortening_rate": null, "notes": null, "index_right": 189, "NAME_EN": "Japan" }, "geometry": { "type": "LineString", "coordinates": [ [ 136.284252792, 35.196194174 ], [ 136.286778427, 35.177999116 ], [ 136.283604081, 35.161515124000097 ], [ 136.288662005, 35.15114943 ], [ 136.292616167, 35.136838161000099 ], [ 136.292799323, 35.131975721000103 ], [ 136.287922186, 35.119681009 ], [ 136.288472442999989, 35.111058007000103 ], [ 136.29463529, 35.100141402000098 ], [ 136.310823402000011, 35.085189497 ], [ 136.316618170999988, 35.077391526 ] ] } },
{ "type": "Feature", "properties": { "average_dip": "(60.0,,)", "average_rake": null, "catalog_id": "GFE_2251", "catalog_name": "GEM Faulted Earth", "dip_dir": "360", "lower_seis_depth": "(20.0,,)", "name": "Shimagahara", "net_slip_rate": "(0.7,,)", "slip_type": "Dextral", "upper_seis_depth": "(0.0,,)", "downthrown_side_id": null, "reference": null, "epistemic_quality": null, "accuracy": null, "activity_confidence": "1", "fs_name": "Kizugawa", "last_movement": "(533,427,)", "downthrown_side_dir": "230", "vert_sep_rate": null, "strike_slip_rate": null, "exposure_quality": null, "shortening_rate": null, "notes": null, "index_right": 189, "NAME_EN": "Japan" }, "geometry": { "type": "LineString", "coordinates": [ [ 135.941403105, 34.759368915 ], [ 135.964846834000014, 34.765752738000103 ], [ 135.988445635, 34.769643849 ], [ 136.032667327000013, 34.782418433 ], [ 136.066105171, 34.789120457 ], [ 136.089547641, 34.802996429000103 ], [ 136.131270432, 34.819208567 ], [ 136.161275208, 34.836510306 ] ] } },
{ "type": "Feature", "properties": { "average_dip": "(90.0,,)", "average_rake": null, "catalog_id": "GFE_2252", "catalog_name": "GEM Faulted Earth", "dip_dir": null, "lower_seis_depth": "(20.0,,)", "name": "Kumagawa", "net_slip_rate": "(0.3,,)", "slip_type": "Sinistral", "upper_seis_depth": "(0.0,,)", "downthrown_side_id": null, "reference": null, "epistemic_quality": null, "accuracy": null, "activity_confidence": "1", "fs_name": "Kumagawa", "last_movement": null, "downthrown_side_dir": "227", "vert_sep_rate": null, "strike_slip_rate": null, "exposure_quality": null, "shortening_rate": null, "notes": null, "index_right": 189, "NAME_EN": "Japan" }, "geometry": { "type": "LineString", "coordinates": [ [ 135.822564674, 35.470518681 ], [ 135.83767856, 35.4642907570001 ], [ 135.858820886, 35.458844887000097 ], [ 135.872465926, 35.451974002 ], [ 135.889867548000012, 35.447517928 ], [ 135.916194609, 35.4366998 ], [ 135.949384876000011, 35.4311992230001 ] ] } },
{ "type": "Feature", "properties": { "average_dip": "(90.0,,)", "average_rake": null, "catalog_id": "GFE_2253", "catalog_name": "GEM Faulted Earth", "dip_dir": null, "lower_seis_depth": "(20.0,,)", "name": "Shinji", "net_slip_rate": "(0.1,,)", "slip_type": "Dextral", "upper_seis_depth": "(0.0,,)", "downthrown_side_id": null, "reference": null, "epistemic_quality": null, "accuracy": null, "activity_confidence": "1", "fs_name": "Shinji", "last_movement": null, "downthrown_side_dir": null, "vert_sep_rate": null, "strike_slip_rate": null, "exposure_quality": null, "shortening_rate": null, "notes": null, "index_right": 189, "NAME_EN": "Japan" }, "geometry": { "type": "LineString", "coordinates": [ [ 132.972240503, 35.516386537000102 ], [ 132.989644833, 35.519160591000102 ], [ 133.025010665, 35.517848513 ], [ 133.082773339999989, 35.520436467 ], [ 133.156844275999987, 35.531053844 ], [ 133.179189986000011, 35.5391343900001 ] ] } },
{ "type": "Feature", "properties": { "average_dip": "(80.0,,)", "average_rake": null, "catalog_id": "GFE_2254", "catalog_name": "GEM Faulted Earth", "dip_dir": "270", "lower_seis_depth": "(20.0,,)", "name": "Mifune", "net_slip_rate": "(0.5,,)", "slip_type": "Dextral", "upper_seis_depth": "(0.0,,)", "downthrown_side_id": null, "reference": null, "epistemic_quality": null, "accuracy": null, "activity_confidence": "1", "fs_name": "Futagawa-Hinagu", "last_movement": "(1409,1262,)", "downthrown_side_dir": "233", "vert_sep_rate": null, "strike_slip_rate": null, "exposure_quality": null, "shortening_rate": null, "notes": null, "index_right": 189, "NAME_EN": "Japan" }, "geometry": { "type": "LineString", "coordinates": [ [ 130.804857408, 32.759592539 ], [ 130.786272367, 32.710005832 ], [ 130.765363365000013, 32.676181903 ], [ 130.761265794, 32.664286563000097 ], [ 130.75499351, 32.658336123 ], [ 130.750926114, 32.649091098 ], [ 130.746433659, 32.643561643000098 ] ] } },
{ "type": "Feature", "properties": { "average_dip": "(60.0,,)", "average_rake": null, "catalog_id": "GFE_2255", "catalog_name": "GEM Faulted Earth", "dip_dir": "180", "lower_seis_depth": "(20.0,,)", "name": "Onoma", "net_slip_rate": "(0.1,,)", "slip_type": "Normal", "upper_seis_depth": "(0.0,,)", "downthrown_side_id": null, "reference": null, "epistemic_quality": null, "accuracy": null, "activity_confidence": "1", "fs_name": "Onoma", "last_movement": null, "downthrown_side_dir": "230", "vert_sep_rate": null, "strike_slip_rate": null, "exposure_quality": null, "shortening_rate": null, "notes": null, "index_right": 189, "NAME_EN": "Japan" }, "geometry": { "type": "LineString", "coordinates": [ [ 130.460931394999989, 30.238842527 ], [ 130.467597807, 30.2390616180001 ], [ 130.472155464999986, 30.236616965000099 ], [ 130.490041842000011, 30.239272980000099 ], [ 130.521153121999987, 30.2393705040001 ], [ 130.557261896, 30.2425737730001 ], [ 130.595695183, 30.2582067160001 ], [ 130.610351573, 30.272630382 ], [ 130.633782083999989, 30.291933663000101 ] ] } },
{ "type": "Feature", "properties": { "average_dip": "(20.0,,)", "average_rake": null, "catalog_id": "GFE_2257", "catalog_name": "GEM Faulted Earth", "dip_dir": "90", "lower_seis_depth": "(20.0,,)", "name": "Sarobetsu", "net_slip_rate": "(1.0,,)", "slip_type": "Reverse", "upper_seis_depth": "(0.0,,)", "downthrown_side_id": null, "reference": null, "epistemic_quality": null, "accuracy": null, "activity_confidence": "1", "fs_name": "Sarobetsu", "last_movement": "(4880,4380,)", "downthrown_side_dir": "233", "vert_sep_rate": null, "strike_slip_rate": null, "exposure_quality": null, "shortening_rate": null, "notes": null, "index_right": 189, "NAME_EN": "Japan" }, "geometry": { "type": "LineString", "coordinates": [ [ 141.741960117, 45.224841515 ], [ 141.738721683, 45.221097870000101 ], [ 141.735335684, 45.211188988000103 ], [ 141.741356776, 45.193234629000102 ], [ 141.745040014000011, 45.173800043 ], [ 141.759350452, 45.119908345000098 ], [ 141.764790998, 45.089198195000101 ], [ 141.761355199, 45.061852417000097 ], [ 141.761165009, 45.043342397000103 ], [ 141.765104195, 44.9967075 ], [ 141.75923086, 44.9425251750001 ], [ 141.76560493400001, 44.920306633000102 ], [ 141.765603714, 44.908499735000099 ], [ 141.770990611, 44.877926872 ], [ 141.774419607, 44.868545503000099 ], [ 141.783237264, 44.858133338000101 ], [ 141.7915583, 44.842511794000103 ], [ 141.788807129, 44.8310673020001 ], [ 141.781237811000011, 44.823487613000097 ] ] } },
{ "type": "Feature", "properties": { "average_dip": "(30.0,,)", "average_rake": null, "catalog_id": "GFE_2258", "catalog_name": "GEM Faulted Earth", "dip_dir": "90", "lower_seis_depth": "(20.0,,)", "name": "Otofuke", "net_slip_rate": "(0.0,,)", "slip_type": "Reverse", "upper_seis_depth": "(0.0,,)", "downthrown_side_id": null, "reference": null, "epistemic_quality": null, "accuracy": null, "activity_confidence": "1", "fs_name": "Tokachiheiya-toen", "last_movement": null, "downthrown_side_dir": "233", "vert_sep_rate": null, "strike_slip_rate": null, "exposure_quality": null, "shortening_rate": null, "notes": null, "index_right": 189, "NAME_EN": "Japan" }, "geometry": { "type": "LineString", "coordinates": [ [ 143.216721775, 43.040612824 ], [ 143.219544567000014, 43.024064921 ], [ 143.222349392000012, 42.9435867380001 ], [ 143.213848320000011, 42.87739744 ] ] } },
{ "type": "Feature", "properties": { "average_dip": "(45.0,,)", "average_rake": null, "catalog_id": "GFE_2259", "catalog_name": "GEM Faulted Earth", "dip_dir": "270", "lower_seis_depth": "(20.0,,)", "name": "Mashikesanchi-toen", "net_slip_rate": "None", "slip_type": "Reverse", "upper_seis_depth": "(0.0,,)", "downthrown_side_id": null, "reference": null, "epistemic_quality": null, "accuracy": null, "activity_confidence": "1", "fs_name": "Mashikesanchi-toen", "last_movement": "(1844,224,)", "downthrown_side_dir": "226", "vert_sep_rate": "(0.54500000000000004, 0.09, 1.0)", "strike_slip_rate": null, "exposure_quality": null, "shortening_rate": null, "notes": null, "index_right": 189, "NAME_EN": "Japan" }, "geometry": { "type": "LineString", "coordinates": [ [ 141.887852953, 43.855314709 ], [ 141.885120095, 43.841441320000101 ], [ 141.890581231999988, 43.831325744 ], [ 141.894090279000011, 43.809801502 ], [ 141.898252264, 43.803965357 ], [ 141.897860813, 43.79592633 ], [ 141.905012693, 43.787367618000097 ], [ 141.905792975999987, 43.781791328000097 ], [ 141.881013634999988, 43.740138886000103 ], [ 141.872214292, 43.720010894 ], [ 141.869307553, 43.702198093 ], [ 141.861125978, 43.685109291000103 ], [ 141.858702085, 43.675864738 ], [ 141.855318622, 43.656545992000098 ], [ 141.860907545, 43.633723974000098 ], [ 141.859192211, 43.625887311 ], [ 141.851280962, 43.609607606000097 ], [ 141.85075985200001, 43.596253224000101 ], [ 141.857781894999988, 43.585229807000097 ], [ 141.858430594, 43.573171304 ], [ 141.848153952, 43.5508706910001 ], [ 141.842880154, 43.533359696 ], [ 141.843207162999988, 43.507044889 ], [ 141.844766563, 43.498358003000099 ], [ 141.835518048000012, 43.480315675 ], [ 141.819415286, 43.460479793 ], [ 141.814856225999989, 43.452207653000102 ], [ 141.793000654999986, 43.4297256770001 ], [ 141.786456371000014, 43.427979673 ], [ 141.75770727, 43.408178142000096 ], [ 141.744033255, 43.396646099000101 ], [ 141.733748483, 43.392221299 ], [ 141.730009055000011, 43.388609617 ], [ 141.713063748, 43.386632299 ], [ 141.707514675, 43.381368646000098 ], [ 141.71019881, 43.373816770000097 ], [ 141.709381074, 43.370788114 ], [ 141.701901309, 43.362050934000102 ], [ 141.681799915999989, 43.350053737000103 ], [ 141.667191552, 43.345512810000102 ], [ 141.654803104, 43.338991198 ] ] } },
{ "type": "Feature", "properties": { "average_dip": "(45.0,,)", "average_rake": null, "catalog_id": "GFE_2260", "catalog_name": "GEM Faulted Earth", "dip_dir": "270", "lower_seis_depth": "(20.0,,)", "name": "Tsutani", "net_slip_rate": "None", "slip_type": "Reverse", "upper_seis_depth": "(0.0,,)", "downthrown_side_id": null, "reference": null, "epistemic_quality": null, "accuracy": null, "activity_confidence": "1", "fs_name": "Sakekawa", "last_movement": null, "downthrown_side_dir": "226", "vert_sep_rate": "(0.075000000000000011, 0.05, 0.1)", "strike_slip_rate": null, "exposure_quality": null, "shortening_rate": null, "notes": null, "index_right": 189, "NAME_EN": "Japan" }, "geometry": { "type": "LineString", "coordinates": [ [ 140.18720062700001, 38.811307857 ], [ 140.189590915999986, 38.800766162000102 ], [ 140.188603498, 38.790334355 ], [ 140.182054852, 38.773928087000101 ], [ 140.18128358300001, 38.759910706 ], [ 140.173647779, 38.748829782 ], [ 140.175494084, 38.738939994000098 ], [ 140.180066031, 38.731548991000103 ] ] } },
{ "type": "Feature", "properties": { "average_dip": "(45.0,,)", "average_rake": null, "catalog_id": "GFE_2261", "catalog_name": "GEM Faulted Earth", "dip_dir": "270", "lower_seis_depth": "(20.0,,)", "name": "Aterazawa", "net_slip_rate": "(0.5,,)", "slip_type": "Reverse", "upper_seis_depth": "(0.0,,)", "downthrown_side_id": null, "reference": null, "epistemic_quality": null, "accuracy": null, "activity_confidence": "1", "fs_name": "Nagaibonchi-seien", "last_movement": null, "downthrown_side_dir": "226", "vert_sep_rate": null, "strike_slip_rate": null, "exposure_quality": null, "shortening_rate": null, "notes": null, "index_right": 189, "NAME_EN": "Japan" }, "geometry": { "type": "LineString", "coordinates": [ [ 140.192195354, 38.381759203000101 ], [ 140.186143571, 38.366971752 ], [ 140.175428161000013, 38.352924081 ], [ 140.176904594, 38.340776539 ], [ 140.173705409, 38.32783705 ], [ 140.165409565, 38.319952635 ], [ 140.15820267, 38.309692624 ], [ 140.154175154, 38.306837841000103 ], [ 140.133175232000013, 38.279990365000103 ], [ 140.117810557000013, 38.26987989 ], [ 140.110380233, 38.260964804 ], [ 140.106905339, 38.253254617 ], [ 140.09737564, 38.246359949000102 ], [ 140.095054627, 38.23527848 ], [ 140.092309113999988, 38.229915025 ] ] } },
{ "type": "Feature", "properties": { "average_dip": "(45.0,,)", "average_rake": null, "catalog_id": "GFE_2262", "catalog_name": "GEM Faulted Earth", "dip_dir": "270", "lower_seis_depth": "(20.0,,)", "name": "Yahiko", "net_slip_rate": "None", "slip_type": "Reverse", "upper_seis_depth": "(0.0,,)", "downthrown_side_id": null, "reference": null, "epistemic_quality": null, "accuracy": null, "activity_confidence": "1", "fs_name": "Nagaokaheiya-seien", "last_movement": null, "downthrown_side_dir": "226", "vert_sep_rate": "(4.165, 3.33, 5.0)", "strike_slip_rate": null, "exposure_quality": null, "shortening_rate": null, "notes": null, "index_right": 189, "NAME_EN": "Japan" }, "geometry": { "type": "LineString", "coordinates": [ [ 138.867516489, 38.061254287000096 ], [ 138.866859612000013, 38.037115091 ], [ 138.870175495000012, 38.010421303 ], [ 138.87948026, 37.983690333 ], [ 138.884063557, 37.965336071 ], [ 138.894463386000012, 37.937809267 ], [ 138.896958243, 37.9253574090001 ], [ 138.897377084, 37.900452875 ], [ 138.894791664, 37.8658568600001 ], [ 138.886593944999987, 37.835560652 ], [ 138.867102318, 37.802116713 ], [ 138.858153439, 37.784648323000098 ], [ 138.856392895, 37.777742080000102 ], [ 138.849750967, 37.766558201000102 ], [ 138.841353948, 37.761015617000098 ], [ 138.837447529, 37.755570145 ], [ 138.836468881, 37.749442832000099 ], [ 138.841440928, 37.738256271000097 ], [ 138.84231345500001, 37.724346916000101 ], [ 138.839525734, 37.718832967 ], [ 138.839171883, 37.704639139000101 ], [ 138.836836017, 37.699447666 ], [ 138.829023114, 37.690014551 ], [ 138.82687264, 37.682234398 ], [ 138.82696321200001, 37.668810963000098 ], [ 138.820654033000011, 37.648100805000098 ], [ 138.816848975999989, 37.640709925000102 ], [ 138.800006358, 37.627771004000103 ] ] } },
{ "type": "Feature", "properties": { "average_dip": "(45.0,,)", "average_rake": null, "catalog_id": "GFE_2263", "catalog_name": "GEM Faulted Earth", "dip_dir": "360", "lower_seis_depth": "(20.0,,)", "name": "Hirai", "net_slip_rate": "None", "slip_type": "Reverse", "upper_seis_depth": "(0.0,,)", "downthrown_side_id": null, "reference": null, "epistemic_quality": null, "accuracy": null, "activity_confidence": "1", "fs_name": "Fukaya", "last_movement": "(6480,5810,)", "downthrown_side_dir": "230", "vert_sep_rate": "(0.095000000000000001, 0.08, 0.11)", "strike_slip_rate": null, "exposure_quality": null, "shortening_rate": null, "notes": null, "index_right": 189, "NAME_EN": "Japan" }, "geometry": { "type": "LineString", "coordinates": [ [ 138.99651172, 36.251981965 ], [ 139.005644749999988, 36.231761518 ], [ 139.025903500999988, 36.219461461 ], [ 139.038590462, 36.208107195 ], [ 139.05141009, 36.199969364 ], [ 139.09328632, 36.179259841 ], [ 139.170310548, 36.158058309000097 ], [ 139.208124341, 36.132263257 ] ] } },
{ "type": "Feature", "properties": { "average_dip": "(45.0,,)", "average_rake": null, "catalog_id": "GFE_2264", "catalog_name": "GEM Faulted Earth", "dip_dir": "90", "lower_seis_depth": "(20.0,,)", "name": "Kouzu-Matsuda", "net_slip_rate": "None", "slip_type": "Reverse", "upper_seis_depth": "(0.0,,)", "downthrown_side_id": null, "reference": null, "epistemic_quality": null, "accuracy": null, "activity_confidence": "1", "fs_name": "Kannawa-Kouzu-Matsuda", "last_movement": "(800,600,)", "downthrown_side_dir": "233", "vert_sep_rate": "(2.625, 2.25, 3.0)", "strike_slip_rate": null, "exposure_quality": null, "shortening_rate": null, "notes": null, "index_right": 189, "NAME_EN": "Japan" }, "geometry": { "type": "LineString", "coordinates": [ [ 139.099853964, 35.367039211000098 ], [ 139.102148788, 35.366543326000098 ], [ 139.106322968, 35.360639916 ], [ 139.115166142, 35.354596015 ], [ 139.149459524, 35.346787791000096 ], [ 139.164626084, 35.324878658 ], [ 139.178594432000011, 35.3132402150001 ], [ 139.185410248000011, 35.30942292 ], [ 139.192408342, 35.308863190000103 ], [ 139.195168172, 35.307191450000097 ], [ 139.200583189000014, 35.294897978000101 ], [ 139.207776794000011, 35.289292798000098 ], [ 139.210727971000011, 35.278278116 ], [ 139.230040119, 35.257920914000103 ], [ 139.266292940999989, 35.208847387 ], [ 139.30006675300001, 35.139611057 ], [ 139.314452149, 35.1236802230001 ], [ 139.340574348, 35.112963109000098 ], [ 139.360974205, 35.097819343 ] ] } },
{ "type": "Feature", "properties": { "average_dip": "(90.0,,)", "average_rake": null, "catalog_id": "GFE_2274", "catalog_name": "GEM Faulted Earth", "dip_dir": null, "lower_seis_depth": "(20.0,,)", "name": "Shigenobu", "net_slip_rate": "(1.7,,)", "slip_type": "Dextral", "upper_seis_depth": "(0.0,,)", "downthrown_side_id": null, "reference": null, "epistemic_quality": null, "accuracy": null, "activity_confidence": "1", "fs_name": "Chuokozosen(MTL)", "last_movement": "(880,82,)", "downthrown_side_dir": "230", "vert_sep_rate": "(0.22, 0.22, 0.22)", "strike_slip_rate": null, "exposure_quality": null, "shortening_rate": null, "notes": null, "index_right": 189, "NAME_EN": "Japan" }, "geometry": { "type": "LineString", "coordinates": [ [ 132.983804776, 33.836881726000101 ], [ 132.981622075, 33.83338308 ], [ 132.972528966, 33.8306112080001 ], [ 132.948886466, 33.817347232 ], [ 132.928637505000012, 33.8093917200001 ], [ 132.920029325, 33.807584748000103 ], [ 132.909088102999988, 33.807603837 ], [ 132.891798795, 33.8101286610001 ], [ 132.885079015, 33.809500257 ], [ 132.839763799, 33.79651735 ], [ 132.814908087, 33.7939941240001 ], [ 132.786414793, 33.788334183000103 ] ] } },
{ "type": "Feature", "properties": { "average_dip": "(60.0,,)", "average_rake": null, "catalog_id": "GFE_2265", "catalog_name": "GEM Faulted Earth", "dip_dir": "270", "lower_seis_depth": "(20.0,,)", "name": "Iriyamase", "net_slip_rate": "None", "slip_type": "Reverse", "upper_seis_depth": "(0.0,,)", "downthrown_side_id": null, "reference": null, "epistemic_quality": null, "accuracy": null, "activity_confidence": "1", "fs_name": "Fujigawa-kako", "last_movement": "(2132,82,)", "downthrown_side_dir": "226", "vert_sep_rate": "(5.7050000000000001, 5.14, 6.27)", "strike_slip_rate": null, "exposure_quality": null, "shortening_rate": null, "notes": null, "index_right": 189, "NAME_EN": "Japan" }, "geometry": { "type": "LineString", "coordinates": [ [ 138.585847410000014, 35.353929384 ], [ 138.589729637, 35.339293141 ], [ 138.585387981, 35.313885904000102 ], [ 138.591670058, 35.297792887000099 ], [ 138.58878987, 35.284902002 ], [ 138.590364040999987, 35.274968435000098 ], [ 138.588373565000012, 35.265692433 ], [ 138.583120763000011, 35.254844543 ], [ 138.586806405, 35.248865034000097 ], [ 138.587091007, 35.238829121 ], [ 138.589101969000012, 35.232791655 ], [ 138.59426646, 35.2241601590001 ], [ 138.60454302, 35.217418305 ], [ 138.624328666, 35.208542815 ], [ 138.645400711, 35.186270871 ], [ 138.634420165, 35.172736117000099 ], [ 138.628126375, 35.155021956 ], [ 138.627642355, 35.110097915 ], [ 138.630971394, 35.09537476 ], [ 138.63593527, 35.087452781 ] ] } },
{ "type": "Feature", "properties": { "average_dip": "(20.0,,)", "average_rake": null, "catalog_id": "GFE_2266", "catalog_name": "GEM Faulted Earth", "dip_dir": "90", "lower_seis_depth": "(20.0,,)", "name": "Sekidosan", "net_slip_rate": "(1.25,1.25,1.25)", "slip_type": "Reverse", "upper_seis_depth": "(0.0,,)", "downthrown_side_id": null, "reference": null, "epistemic_quality": null, "accuracy": null, "activity_confidence": "1", "fs_name": "Ochigata", "last_movement": "(2998,1211,)", "downthrown_side_dir": "233", "vert_sep_rate": "(0.43, 0.43, 0.42999999999999999)", "strike_slip_rate": null, "exposure_quality": null, "shortening_rate": null, "notes": null, "index_right": 189, "NAME_EN": "Japan" }, "geometry": { "type": "LineString", "coordinates": [ [ 136.766571172999988, 36.831455289000097 ], [ 136.781847936, 36.853838068000101 ], [ 136.796813994, 36.869381636000099 ], [ 136.808350618, 36.878240896000101 ], [ 136.819261969, 36.895495162 ], [ 136.836254966000013, 36.907928144 ], [ 136.848571429, 36.919119153000103 ], [ 136.853403717, 36.926269442 ], [ 136.859639983, 36.930776075 ], [ 136.877726066, 36.9385456300001 ], [ 136.884273164, 36.946628854 ], [ 136.895186884999987, 36.954399226000099 ], [ 136.921691996, 36.967764343000098 ], [ 136.92777114, 36.975691573000098 ], [ 136.932446047000013, 36.992790699000103 ], [ 136.935095632000014, 36.9972992410001 ], [ 136.948814965999986, 37.008489286 ], [ 136.960974352, 37.0218570380001 ], [ 136.971888084, 37.029316446000102 ], [ 136.981084732999989, 37.042685122000101 ] ] } },
{ "type": "Feature", "properties": { "average_dip": "(40.0,,)", "average_rake": null, "catalog_id": "GFE_2267", "catalog_name": "GEM Faulted Earth", "dip_dir": "90", "lower_seis_depth": "(20.0,,)", "name": "Kaburagi", "net_slip_rate": "(1.03,,1.71)", "slip_type": "Reverse", "upper_seis_depth": "(0.0,,)", "downthrown_side_id": null, "reference": null, "epistemic_quality": null, "accuracy": null, "activity_confidence": "1", "fs_name": "Yanagase", "last_movement": "(350,250,)", "downthrown_side_dir": "233", "vert_sep_rate": "(0.66,,)", "strike_slip_rate": null, "exposure_quality": null, "shortening_rate": null, "notes": null, "index_right": 189, "NAME_EN": "Japan" }, "geometry": { "type": "LineString", "coordinates": [ [ 136.040876794000013, 36.092811091 ], [ 136.035369573999986, 36.084921871000098 ], [ 136.028975708, 36.080668024 ], [ 136.025153642, 36.075421478000102 ], [ 136.020028731, 36.063367994 ], [ 135.986736839, 36.032100807000099 ], [ 135.954687003, 35.996195188000101 ], [ 135.934862412, 35.978487758 ], [ 135.928185125, 35.947836143000103 ], [ 135.928663519, 35.935880538 ], [ 135.932229484, 35.928160517 ], [ 135.949614656, 35.908557203 ], [ 136.042623033000012, 35.836578765000098 ], [ 136.051617648, 35.825281286000099 ], [ 136.060778112, 35.8177373790001 ], [ 136.082512202, 35.789873119 ], [ 136.088949004999989, 35.779637455000099 ], [ 136.091166181, 35.769419687 ] ] } },
{ "type": "Feature", "properties": { "average_dip": "(90.0,,)", "average_rake": null, "catalog_id": "GFE_2268", "catalog_name": "GEM Faulted Earth", "dip_dir": null, "lower_seis_depth": "(20.0,,)", "name": "Okukawanami", "net_slip_rate": "(0.1,,)", "slip_type": "Sinistral", "upper_seis_depth": "(0.0,,)", "downthrown_side_id": null, "reference": null, "epistemic_quality": null, "accuracy": null, "activity_confidence": "1", "fs_name": "Okukawanami", "last_movement": null, "downthrown_side_dir": null, "vert_sep_rate": null, "strike_slip_rate": null, "exposure_quality": null, "shortening_rate": null, "notes": null, "index_right": 189, "NAME_EN": "Japan" }, "geometry": { "type": "LineString", "coordinates": [ [ 136.167935068, 35.668353188 ], [ 136.181553059, 35.663013132000103 ], [ 136.208621206, 35.648256485 ], [ 136.269880865, 35.619016331000097 ], [ 136.295925777, 35.613323616000102 ] ] } },
{ "type": "Feature", "properties": { "average_dip": "(90.0,,)", "average_rake": null, "catalog_id": "GFE_2269", "catalog_name": "GEM Faulted Earth", "dip_dir": null, "lower_seis_depth": "(20.0,,)", "name": "Sakunami-Yashikidaira", "net_slip_rate": "(0.0,,)", "slip_type": null, "upper_seis_depth": "(0.0,,)", "downthrown_side_id": null, "reference": null, "epistemic_quality": null, "accuracy": null, "activity_confidence": "1", "fs_name": "Sakunami-Yashikidaira", "last_movement": null, "downthrown_side_dir": null, "vert_sep_rate": null, "strike_slip_rate": null, "exposure_quality": null, "shortening_rate": null, "notes": null, "index_right": 189, "NAME_EN": "Japan" }, "geometry": { "type": "LineString", "coordinates": [ [ 140.62105606, 38.292977934000099 ], [ 140.620557108000014, 38.27483289 ], [ 140.624624233, 38.261238725000098 ], [ 140.610098115, 38.226523334 ], [ 140.604553485, 38.207451387 ], [ 140.602458764, 38.205366568 ] ] } },
{ "type": "Feature", "properties": { "average_dip": "(90.0,,)", "average_rake": null, "catalog_id": "GFE_2270", "catalog_name": "GEM Faulted Earth", "dip_dir": null, "lower_seis_depth": "(20.0,,)", "name": "Hokudan", "net_slip_rate": "(0.79,0.79,0.79)", "slip_type": "Dextral", "upper_seis_depth": "(0.0,,)", "downthrown_side_id": null, "reference": null, "epistemic_quality": null, "accuracy": null, "activity_confidence": "1", "fs_name": "Rokko", "last_movement": "(128,,-45)", "downthrown_side_dir": "233", "vert_sep_rate": "(0.34, 0.34, 0.34000000000000002)", "strike_slip_rate": "(0.71, 0.71, 0.70999999999999996)", "exposure_quality": null, "shortening_rate": null, "notes": null, "index_right": 189, "NAME_EN": "Japan" }, "geometry": { "type": "LineString", "coordinates": [ [ 134.909613345, 34.5027024460001 ], [ 134.910862914, 34.51246336 ], [ 134.929353541000012, 34.535001204 ], [ 134.94314799, 34.545168355 ], [ 134.945913419, 34.555065287 ], [ 134.952397653, 34.560973759 ], [ 134.973788803, 34.590109915 ], [ 134.989377978, 34.603712714 ], [ 134.993654501, 34.606735466 ], [ 135.013556575, 34.6118863290001 ], [ 135.041503016, 34.614795631 ], [ 135.053813771, 34.619612361000101 ], [ 135.071374156, 34.621658526 ] ] } },
{ "type": "Feature", "properties": { "average_dip": "(90.0,,)", "average_rake": null, "catalog_id": "GFE_2272", "catalog_name": "GEM Faulted Earth", "dip_dir": null, "lower_seis_depth": "(20.0,,)", "name": "Habu", "net_slip_rate": "(0.3,,)", "slip_type": "Sinistral", "upper_seis_depth": "(0.0,,)", "downthrown_side_id": null, "reference": null, "epistemic_quality": null, "accuracy": null, "activity_confidence": "1", "fs_name": "Habu", "last_movement": null, "downthrown_side_dir": "230", "vert_sep_rate": null, "strike_slip_rate": null, "exposure_quality": null, "shortening_rate": null, "notes": null, "index_right": 189, "NAME_EN": "Japan" }, "geometry": { "type": "LineString", "coordinates": [ [ 135.349812428, 35.070202569000102 ], [ 135.370715585999989, 35.070048072000098 ], [ 135.412056099000011, 35.065295578000097 ], [ 135.445248418, 35.058092176000102 ], [ 135.467220764, 35.0498176360001 ], [ 135.513459673, 35.021165997 ], [ 135.528671543, 35.015037054000103 ] ] } },
{ "type": "Feature", "properties": { "average_dip": "(60.0,,)", "average_rake": null, "catalog_id": "GFE_2273", "catalog_name": "GEM Faulted Earth", "dip_dir": "360", "lower_seis_depth": "(20.0,,)", "name": "Ikeda", "net_slip_rate": "None", "slip_type": "Dextral", "upper_seis_depth": "(0.0,,)", "downthrown_side_id": null, "reference": null, "epistemic_quality": null, "accuracy": null, "activity_confidence": "1", "fs_name": "Chuokozosen(MTL)", "last_movement": "(302,140,)", "downthrown_side_dir": null, "vert_sep_rate": null, "strike_slip_rate": "(4.9500000000000002, 4.5, 5.4)", "exposure_quality": null, "shortening_rate": null, "notes": null, "index_right": 189, "NAME_EN": "Japan" }, "geometry": { "type": "LineString", "coordinates": [ [ 134.092043892, 34.085665911 ], [ 134.077227585, 34.073414985000099 ], [ 134.074150032, 34.067844554 ], [ 134.060042278, 34.067850247 ], [ 134.034894683, 34.062011367 ], [ 134.008913052999986, 34.0596540720001 ], [ 133.997317165, 34.056875138000102 ], [ 133.970776581, 34.054655816 ], [ 133.957046841, 34.055717945 ], [ 133.946199877, 34.050714734000103 ], [ 133.902097903999987, 34.046644246 ], [ 133.853334445, 34.039372024 ], [ 133.80738181000001, 34.029775129 ], [ 133.767451715, 34.017854631 ], [ 133.73001428500001, 34.0096167680001 ], [ 133.687495475, 33.995878424000097 ], [ 133.596739136, 33.975767780000098 ] ] } },
{ "type": "Feature", "properties": { "average_dip": "(60.0,,)", "average_rake": null, "catalog_id": "GFE_2276", "catalog_name": "GEM Faulted Earth", "dip_dir": "360", "lower_seis_depth": "(20.0,,)", "name": "Kameishiyama", "net_slip_rate": "(0.33,0.33,0.33)", "slip_type": "Normal", "upper_seis_depth": "(0.0,,)", "downthrown_side_id": null, "reference": null, "epistemic_quality": null, "accuracy": null, "activity_confidence": "1", "fs_name": "Beppu-Haneyama", "last_movement": "(693,82,)", "downthrown_side_dir": "227", "vert_sep_rate": "(0.29, 0.29, 0.28999999999999998)", "strike_slip_rate": null, "exposure_quality": null, "shortening_rate": null, "notes": null, "index_right": 189, "NAME_EN": "Japan" }, "geometry": { "type": "LineString", "coordinates": [ [ 130.995449493, 33.204998334 ], [ 131.01718265400001, 33.200800228 ], [ 131.033526153, 33.202059395 ], [ 131.057278126, 33.1981492950001 ], [ 131.074205798, 33.191072427000101 ], [ 131.111090779, 33.180320360000103 ], [ 131.145975834000012, 33.173491808000101 ], [ 131.158882849, 33.167121782 ], [ 131.1773225, 33.161060613000103 ], [ 131.211926328, 33.158497783 ], [ 131.220434656, 33.155171326000101 ], [ 131.232003153, 33.154642284 ], [ 131.254301906, 33.156874497 ], [ 131.261908944, 33.15501514 ], [ 131.270799272, 33.1504508310001 ] ] } },
{ "type": "Feature", "properties": { "average_dip": "(60.0,,)", "average_rake": null, "catalog_id": "GFE_2277", "catalog_name": "GEM Faulted Earth", "dip_dir": "360", "lower_seis_depth": "(20.0,,)", "name": "Yufuin", "net_slip_rate": "None", "slip_type": "Normal", "upper_seis_depth": "(0.0,,)", "downthrown_side_id": null, "reference": null, "epistemic_quality": null, "accuracy": null, "activity_confidence": "1", "fs_name": "Beppu-Haneyama", "last_movement": null, "downthrown_side_dir": "227", "vert_sep_rate": "(1.0350000000000001, 0.7, 1.37)", "strike_slip_rate": null, "exposure_quality": null, "shortening_rate": null, "notes": null, "index_right": 189, "NAME_EN": "Japan" }, "geometry": { "type": "LineString", "coordinates": [ [ 131.290280683, 33.254850285 ], [ 131.336496047, 33.263005050000103 ], [ 131.342260866, 33.26110958 ], [ 131.351422138, 33.254328660000098 ], [ 131.359218254000012, 33.251625177000101 ], [ 131.384449163, 33.257783769000099 ], [ 131.41074548200001, 33.269638924 ], [ 131.428858741, 33.273938784000102 ] ] } },
{ "type": "Feature", "properties": { "average_dip": "(90.0,,)", "average_rake": null, "catalog_id": "GFE_2278", "catalog_name": "GEM Faulted Earth", "dip_dir": null, "lower_seis_depth": "(20.0,,)", "name": "Kego", "net_slip_rate": "(0.56,,)", "slip_type": "Sinistral", "upper_seis_depth": "(0.0,,)", "downthrown_side_id": null, "reference": null, "epistemic_quality": null, "accuracy": null, "activity_confidence": "1", "fs_name": "Kego", "last_movement": "(4510,1500,)", "downthrown_side_dir": "227", "vert_sep_rate": null, "strike_slip_rate": null, "exposure_quality": null, "shortening_rate": null, "notes": null, "index_right": 189, "NAME_EN": "Japan" }, "geometry": { "type": "LineString", "coordinates": [ [ 130.31208497, 33.651954017 ], [ 130.331186185, 33.635444111 ], [ 130.349097791, 33.624230761 ], [ 130.378420663000014, 33.600568238000101 ], [ 130.41168812, 33.567523736000098 ], [ 130.437879762, 33.551406104000101 ], [ 130.48203067, 33.515291048000101 ], [ 130.497682322, 33.505768337000099 ], [ 130.525021437, 33.47737004 ] ] } },
{ "type": "Feature", "properties": { "average_dip": "(60.0,,)", "average_rake": null, "catalog_id": "GFE_2279", "catalog_name": "GEM Faulted Earth", "dip_dir": "270", "lower_seis_depth": "(20.0,,)", "name": "Kerizaki-Tanowaki", "net_slip_rate": "(0.1,,)", "slip_type": "Sinistral", "upper_seis_depth": "(0.0,,)", "downthrown_side_id": null, "reference": null, "epistemic_quality": null, "accuracy": null, "activity_confidence": "1", "fs_name": "Kerizaki-Tanowaki", "last_movement": null, "downthrown_side_dir": "233", "vert_sep_rate": null, "strike_slip_rate": null, "exposure_quality": null, "shortening_rate": null, "notes": null, "index_right": 189, "NAME_EN": "Japan" }, "geometry": { "type": "LineString", "coordinates": [ [ 130.98371774, 30.793833412 ], [ 131.000267708, 30.776400636000101 ], [ 131.044138198000013, 30.7208385610001 ], [ 131.072711399000013, 30.691577302 ] ] } },
{ "type": "Feature", "properties": { "average_dip": "(60.0,,)", "average_rake": null, "catalog_id": "GFE_2280", "catalog_name": "GEM Faulted Earth", "dip_dir": "90", "lower_seis_depth": "(20.0,,)", "name": "Miyakojima", "net_slip_rate": "(0.3,,)", "slip_type": "Normal", "upper_seis_depth": "(0.0,,)", "downthrown_side_id": null, "reference": null, "epistemic_quality": null, "accuracy": null, "activity_confidence": "1", "fs_name": "Miyakojima", "last_movement": null, "downthrown_side_dir": "226", "vert_sep_rate": null, "strike_slip_rate": null, "exposure_quality": null, "shortening_rate": null, "notes": null, "index_right": 189, "NAME_EN": "Japan" }, "geometry": { "type": "LineString", "coordinates": [ [ 125.233010744, 24.9345612320001 ], [ 125.243570902, 24.9294988780001 ], [ 125.245625776, 24.925701296000099 ], [ 125.270572389, 24.9046048710001 ], [ 125.282495108, 24.888309601000099 ], [ 125.288071816, 24.8744811 ], [ 125.30078694, 24.8584149120001 ], [ 125.311029426, 24.837786231000099 ], [ 125.335901226, 24.804169343000101 ], [ 125.382873031, 24.762897038000101 ], [ 125.403531953, 24.7479038600001 ], [ 125.426456924, 24.7260830600001 ] ] } },
{ "type": "Feature", "properties": { "average_dip": "(45.0,,)", "average_rake": null, "catalog_id": "GFE_2282", "catalog_name": "GEM Faulted Earth", "dip_dir": "90", "lower_seis_depth": "(20.0,,)", "name": "Nekoma", "net_slip_rate": "None", "slip_type": "Reverse", "upper_seis_depth": "(0.0,,)", "downthrown_side_id": null, "reference": null, "epistemic_quality": null, "accuracy": null, "activity_confidence": "1", "fs_name": "Aizubonchi-toen", "last_movement": null, "downthrown_side_dir": "233", "vert_sep_rate": "(0.19, 0.17, 0.21)", "strike_slip_rate": null, "exposure_quality": null, "shortening_rate": null, "notes": null, "index_right": 189, "NAME_EN": "Japan" }, "geometry": { "type": "LineString", "coordinates": [ [ 139.955335010999988, 37.656414697000102 ], [ 139.950645299, 37.650883416000099 ], [ 139.9454, 37.631123343000098 ], [ 139.945550217, 37.625946946000099 ], [ 139.948818268, 37.61840491 ], [ 139.947041896, 37.607756092 ], [ 139.948085298, 37.596663403 ], [ 139.952097507, 37.58409197 ], [ 139.956849442, 37.576254009 ] ] } },
{ "type": "Feature", "properties": { "average_dip": "(60.0,,)", "average_rake": null, "catalog_id": "GFE_2283", "catalog_name": "GEM Faulted Earth", "dip_dir": "90", "lower_seis_depth": "(20.0,,)", "name": "Ieki", "net_slip_rate": "(0.0,,)", "slip_type": "Reverse", "upper_seis_depth": "(0.0,,)", "downthrown_side_id": null, "reference": null, "epistemic_quality": null, "accuracy": null, "activity_confidence": "1", "fs_name": "Ieki", "last_movement": null, "downthrown_side_dir": "233", "vert_sep_rate": null, "strike_slip_rate": null, "exposure_quality": null, "shortening_rate": null, "notes": null, "index_right": 189, "NAME_EN": "Japan" }, "geometry": { "type": "LineString", "coordinates": [ [ 136.349825544, 34.641377961 ], [ 136.34355523, 34.637316273000103 ], [ 136.320664023, 34.614192357 ], [ 136.310623523, 34.596063177000097 ], [ 136.2835026, 34.575286894 ], [ 136.260135688, 34.544657818000097 ], [ 136.253388742, 34.531060202 ], [ 136.251658295999988, 34.519335491 ] ] } },
{ "type": "Feature", "properties": { "average_dip": "(60.0,,)", "average_rake": null, "catalog_id": "GFE_2284", "catalog_name": "GEM Faulted Earth", "dip_dir": "180", "lower_seis_depth": "(20.0,,)", "name": "Nangan-kotei", "net_slip_rate": "(0.3,,)", "slip_type": "Reverse", "upper_seis_depth": "(0.0,,)", "downthrown_side_id": null, "reference": null, "epistemic_quality": null, "accuracy": null, "activity_confidence": "1", "fs_name": "Nangan-kotei", "last_movement": null, "downthrown_side_dir": "227", "vert_sep_rate": null, "strike_slip_rate": null, "exposure_quality": null, "shortening_rate": null, "notes": null, "index_right": 189, "NAME_EN": "Japan" }, "geometry": { "type": "LineString", "coordinates": [ [ 135.962067475999987, 35.156520036000103 ], [ 135.969653736, 35.158597978 ], [ 135.98728680100001, 35.169551142 ], [ 136.017249262, 35.195272907000103 ], [ 136.037160011, 35.209457756000099 ], [ 136.079446599, 35.2291305090001 ], [ 136.092910255, 35.23367031 ] ] } },
{ "type": "Feature", "properties": { "average_dip": "(45.0,,)", "average_rake": null, "catalog_id": "GFE_31231", "catalog_name": "GEM Faulted Earth", "dip_dir": "270", "lower_seis_depth": "(20.0,,)", "name": "Matsumoto-kita", "net_slip_rate": "None", "slip_type": "Reverse", "upper_seis_depth": "(0.0,,)", "downthrown_side_id": null, "reference": null, "epistemic_quality": null, "accuracy": null, "activity_confidence": "1", "fs_name": "Itoshizusen", "last_movement": null, "downthrown_side_dir": "226", "vert_sep_rate": "(0.625, 0.55, 0.7)", "strike_slip_rate": null, "exposure_quality": null, "shortening_rate": null, "notes": null, "index_right": 189, "NAME_EN": "Japan" }, "geometry": { "type": "LineString", "coordinates": [ [ 137.955494461, 36.242198828 ], [ 137.960293195, 36.245786013 ], [ 137.972059366, 36.259658569000102 ], [ 137.982237680999987, 36.2789112990001 ] ] } },
{ "type": "Feature", "properties": { "average_dip": "(45.0,,)", "average_rake": null, "catalog_id": "GFE_31247", "catalog_name": "GEM Faulted Earth", "dip_dir": "360", "lower_seis_depth": "(20.0,,)", "name": "Ichinohara", "net_slip_rate": "None", "slip_type": "Reverse", "upper_seis_depth": "(0.0,,)", "downthrown_side_id": null, "reference": null, "epistemic_quality": null, "accuracy": null, "activity_confidence": "1", "fs_name": "Ichinohara", "last_movement": null, "downthrown_side_dir": "230", "vert_sep_rate": "(0.25, 0.1, 0.4)", "strike_slip_rate": null, "exposure_quality": null, "shortening_rate": null, "notes": null, "index_right": 189, "NAME_EN": "Japan" }, "geometry": { "type": "LineString", "coordinates": [ [ 136.511064487999988, 35.152692595000097 ], [ 136.523828571, 35.147132538000101 ], [ 136.545143814, 35.144169390000101 ], [ 136.567822089, 35.137003755000102 ], [ 136.583684818, 35.133792504 ], [ 136.591196279, 35.130211890000098 ], [ 136.602789681, 35.129655593000102 ], [ 136.615906292, 35.125764199000102 ] ] } },
{ "type": "Feature", "properties": { "average_dip": "(45.0,,)", "average_rake": null, "catalog_id": "GFE_31249", "catalog_name": "GEM Faulted Earth", "dip_dir": "270", "lower_seis_depth": "(20.0,,)", "name": "Shimokanayama", "net_slip_rate": "(0.09,0.09,0.09)", "slip_type": "Reverse", "upper_seis_depth": "(0.0,,)", "downthrown_side_id": null, "reference": null, "epistemic_quality": null, "accuracy": null, "activity_confidence": "1", "fs_name": "Furano", "last_movement": null, "downthrown_side_dir": "226", "vert_sep_rate": "(0.06, 0.06, 0.059999999999999998)", "strike_slip_rate": null, "exposure_quality": null, "shortening_rate": null, "notes": null, "index_right": 189, "NAME_EN": "Japan" }, "geometry": { "type": "LineString", "coordinates": [ [ 142.404828422, 43.187504596000103 ], [ 142.401922662, 43.171921393 ], [ 142.396314221000011, 43.155185239 ] ] } },
{ "type": "Feature", "properties": { "average_dip": "(60.0,,)", "average_rake": null, "catalog_id": "GFE_31370", "catalog_name": "GEM Faulted Earth", "dip_dir": "90", "lower_seis_depth": "(20.0,,)", "name": "Agematsu", "net_slip_rate": "(0.72,,)", "slip_type": "Dextral", "upper_seis_depth": "(0.0,,)", "downthrown_side_id": null, "reference": null, "epistemic_quality": null, "accuracy": null, "activity_confidence": "1", "fs_name": "Kisogawa", "last_movement": "(1620,734,)", "downthrown_side_dir": "233", "vert_sep_rate": "(0.25, 0.25, 0.25)", "strike_slip_rate": null, "exposure_quality": null, "shortening_rate": null, "notes": null, "index_right": 189, "NAME_EN": "Japan" }, "geometry": { "type": "LineString", "coordinates": [ [ 137.724159466, 35.781592716 ], [ 137.725364788, 35.796591031 ], [ 137.728560077999987, 35.807911817 ], [ 137.732350501000013, 35.814365174 ], [ 137.761065748, 35.847120156000102 ], [ 137.788887832, 35.886033409 ], [ 137.798563339999987, 35.902911723 ] ] } },
{ "type": "Feature", "properties": { "average_dip": "(45.0,,)", "average_rake": null, "catalog_id": "GFE_31371", "catalog_name": "GEM Faulted Earth", "dip_dir": "270", "lower_seis_depth": "(20.0,,)", "name": "Hakodatenishi", "net_slip_rate": "None", "slip_type": "Reverse", "upper_seis_depth": "(0.0,,)", "downthrown_side_id": null, "reference": null, "epistemic_quality": null, "accuracy": null, "activity_confidence": "1", "fs_name": "Hakodatenishi", "last_movement": "(9785,8716,)", "downthrown_side_dir": "226", "vert_sep_rate": "(0.27000000000000002, 0.16, 0.38)", "strike_slip_rate": null, "exposure_quality": null, "shortening_rate": null, "notes": null, "index_right": 189, "NAME_EN": "Japan" }, "geometry": { "type": "LineString", "coordinates": [ [ 140.654668299, 41.932690102 ], [ 140.646019698, 41.921913135000104 ], [ 140.644031825000013, 41.905086110000099 ], [ 140.634699424, 41.873974582000102 ], [ 140.628410841, 41.864983203000101 ], [ 140.627306866, 41.860313004 ], [ 140.635020503, 41.836289151000102 ], [ 140.633481997, 41.829964868 ], [ 140.62988042500001, 41.824118580000103 ], [ 140.629777169, 41.815545039 ], [ 140.619422529, 41.789743292 ], [ 140.606940134000013, 41.768827636 ], [ 140.600694857, 41.742774384 ], [ 140.600605869, 41.739374539 ], [ 140.612956296, 41.722054024 ], [ 140.613282661999989, 41.707540033 ] ] } },
{ "type": "Feature", "properties": { "average_dip": "(90.0,,)", "average_rake": null, "catalog_id": "GFE_31372", "catalog_name": "GEM Faulted Earth", "dip_dir": null, "lower_seis_depth": "(20.0,,)", "name": "Toichigawa", "net_slip_rate": "(0.0,,)", "slip_type": "Dextral", "upper_seis_depth": "(0.0,,)", "downthrown_side_id": null, "reference": null, "epistemic_quality": null, "accuracy": null, "activity_confidence": "1", "fs_name": "Toichigawa", "last_movement": null, "downthrown_side_dir": "230", "vert_sep_rate": null, "strike_slip_rate": null, "exposure_quality": null, "shortening_rate": null, "notes": null, "index_right": 189, "NAME_EN": "Japan" }, "geometry": { "type": "LineString", "coordinates": [ [ 137.001334883, 36.171005759 ], [ 137.006848357, 36.172071774000102 ], [ 137.023386596, 36.180054267000102 ], [ 137.035834188, 36.188211639 ], [ 137.052016248, 36.20168549 ], [ 137.09202770600001, 36.228284426000101 ], [ 137.111587242000013, 36.247607689000098 ], [ 137.130435976, 36.263387342 ], [ 137.156044161000011, 36.277930309000098 ], [ 137.180228355, 36.295483893 ] ] } },
{ "type": "Feature", "properties": { "average_dip": "(90.0,,)", "average_rake": null, "catalog_id": "GFE_31373", "catalog_name": "GEM Faulted Earth", "dip_dir": null, "lower_seis_depth": "(20.0,,)", "name": "Natsumaya", "net_slip_rate": "(0.5,,)", "slip_type": "Dextral", "upper_seis_depth": "(0.0,,)", "downthrown_side_id": null, "reference": null, "epistemic_quality": null, "accuracy": null, "activity_confidence": "1", "fs_name": "Makigahora", "last_movement": null, "downthrown_side_dir": null, "vert_sep_rate": null, "strike_slip_rate": null, "exposure_quality": null, "shortening_rate": null, "notes": null, "index_right": 189, "NAME_EN": "Japan" }, "geometry": { "type": "LineString", "coordinates": [ [ 137.022747977, 36.092733321 ], [ 137.030194137, 36.097605946 ], [ 137.039733856, 36.109202848000102 ], [ 137.052531280000011, 36.1210348050001 ], [ 137.077094856, 36.140531795000101 ], [ 137.113497562, 36.156540242000098 ], [ 137.149798605, 36.176499854 ], [ 137.192849098000011, 36.195303770000102 ], [ 137.207974403, 36.204818055 ] ] } },
{ "type": "Feature", "properties": { "average_dip": "(90.0,,)", "average_rake": null, "catalog_id": "GFE_31375", "catalog_name": "GEM Faulted Earth", "dip_dir": null, "lower_seis_depth": "(20.0,,)", "name": "Shufukuji", "net_slip_rate": "(0.3,,)", "slip_type": "Sinistral", "upper_seis_depth": "(0.0,,)", "downthrown_side_id": null, "reference": null, "epistemic_quality": null, "accuracy": null, "activity_confidence": "1", "fs_name": "Shufukuji", "last_movement": null, "downthrown_side_dir": "233", "vert_sep_rate": null, "strike_slip_rate": null, "exposure_quality": null, "shortening_rate": null, "notes": null, "index_right": 189, "NAME_EN": "Japan" }, "geometry": { "type": "LineString", "coordinates": [ [ 136.084251484, 35.612283626000099 ], [ 136.124133549, 35.568340642000102 ], [ 136.153036216, 35.550973643000098 ], [ 136.179412131, 35.527940618000102 ] ] } },
{ "type": "Feature", "properties": { "average_dip": null, "average_rake": null, "catalog_id": "GFE_31376", "catalog_name": "GEM Faulted Earth", "dip_dir": null, "lower_seis_depth": "(20.0,,)", "name": "Tenpaku-kako", "net_slip_rate": "(0.0,,)", "slip_type": null, "upper_seis_depth": "(0.0,,)", "downthrown_side_id": null, "reference": null, "epistemic_quality": null, "accuracy": null, "activity_confidence": "1", "fs_name": "Tenpaku-kako", "last_movement": null, "downthrown_side_dir": null, "vert_sep_rate": null, "strike_slip_rate": null, "exposure_quality": null, "shortening_rate": null, "notes": null, "index_right": 189, "NAME_EN": "Japan" }, "geometry": { "type": "LineString", "coordinates": [ [ 136.817507632, 35.016614514 ], [ 136.91085665, 35.064791517000103 ], [ 136.938156109, 35.073136013000102 ] ] } },
{ "type": "Feature", "properties": { "average_dip": "(90.0,,)", "average_rake": null, "catalog_id": "GFE_31377", "catalog_name": "GEM Faulted Earth", "dip_dir": null, "lower_seis_depth": "(20.0,,)", "name": "Umehara", "net_slip_rate": "(0.1,,)", "slip_type": "Sinistral", "upper_seis_depth": "(0.0,,)", "downthrown_side_id": null, "reference": null, "epistemic_quality": null, "accuracy": null, "activity_confidence": "1", "fs_name": "Nobi", "last_movement": "(,,59)", "downthrown_side_dir": null, "vert_sep_rate": null, "strike_slip_rate": null, "exposure_quality": null, "shortening_rate": null, "notes": null, "index_right": 189, "NAME_EN": "Japan" }, "geometry": { "type": "LineString", "coordinates": [ [ 136.653273686, 35.576910494000103 ], [ 136.666358923, 35.566394020000097 ], [ 136.683381822, 35.555696663 ], [ 136.68698953, 35.555027828 ], [ 136.733798541999988, 35.524590463 ], [ 136.752164304, 35.514452074000097 ], [ 136.783992003, 35.501189373 ], [ 136.765415458, 35.50588738 ], [ 136.786420032, 35.494609186 ], [ 136.814304829, 35.488132612000101 ], [ 136.828255657999989, 35.486779109000103 ], [ 136.845055147000011, 35.487889394 ], [ 136.844549468, 35.4803502440001 ], [ 136.861936937, 35.480632639000099 ], [ 136.875412821, 35.478928165000099 ], [ 136.922327069, 35.469428404 ] ] } },
{ "type": "Feature", "properties": { "average_dip": "(60.0,,)", "average_rake": null, "catalog_id": "GFE_31378", "catalog_name": "GEM Faulted Earth", "dip_dir": "360", "lower_seis_depth": "(20.0,,)", "name": "Yamada", "net_slip_rate": "(0.1,,)", "slip_type": "Dextral", "upper_seis_depth": "(0.0,,)", "downthrown_side_id": null, "reference": null, "epistemic_quality": null, "accuracy": null, "activity_confidence": "1", "fs_name": "Yamada", "last_movement": "(,,23)", "downthrown_side_dir": "230", "vert_sep_rate": null, "strike_slip_rate": null, "exposure_quality": null, "shortening_rate": null, "notes": null, "index_right": 189, "NAME_EN": "Japan" }, "geometry": { "type": "LineString", "coordinates": [ [ 135.209156951000011, 35.587495719000103 ], [ 135.182474587, 35.580062954 ], [ 135.17359559, 35.574002447000098 ], [ 135.160369758, 35.574256109 ], [ 135.149552879, 35.569754377 ], [ 135.136839544, 35.554511842000103 ], [ 135.126586763, 35.545746616 ], [ 135.104740168, 35.5325796280001 ], [ 135.083935957, 35.534416931000102 ], [ 135.064477738, 35.533052636 ] ] } },
{ "type": "Feature", "properties": { "average_dip": "(60.0,,)", "average_rake": null, "catalog_id": "GFE_31379", "catalog_name": "GEM Faulted Earth", "dip_dir": "90", "lower_seis_depth": "(20.0,,)", "name": "Satsukiyama", "net_slip_rate": "(0.0,,)", "slip_type": "Reverse", "upper_seis_depth": "(0.0,,)", "downthrown_side_id": null, "reference": null, "epistemic_quality": null, "accuracy": null, "activity_confidence": "1", "fs_name": "Rokko", "last_movement": null, "downthrown_side_dir": "233", "vert_sep_rate": null, "strike_slip_rate": null, "exposure_quality": null, "shortening_rate": null, "notes": null, "index_right": 189, "NAME_EN": "Japan" }, "geometry": { "type": "LineString", "coordinates": [ [ 135.497608647, 34.916956561000099 ], [ 135.485552071, 34.906368493000102 ], [ 135.46011544000001, 34.8732936870001 ], [ 135.44881712, 34.853207722 ], [ 135.440157205, 34.843711608 ], [ 135.43598981, 34.836725310000098 ], [ 135.428756636, 34.831157780000098 ] ] } },
{ "type": "Feature", "properties": { "average_dip": "(45.0,,)", "average_rake": null, "catalog_id": "GFE_31380", "catalog_name": "GEM Faulted Earth", "dip_dir": "90", "lower_seis_depth": "(20.0,,)", "name": "Uemachi", "net_slip_rate": "(0.57,0.57,0.57)", "slip_type": "Reverse", "upper_seis_depth": "(0.0,,)", "downthrown_side_id": null, "reference": null, "epistemic_quality": null, "accuracy": null, "activity_confidence": "1", "fs_name": "Uemachi", "last_movement": "(9503,9158,)", "downthrown_side_dir": "233", "vert_sep_rate": "(0.4, 0.4, 0.40000000000000002)", "strike_slip_rate": null, "exposure_quality": null, "shortening_rate": null, "notes": null, "index_right": 189, "NAME_EN": "Japan" }, "geometry": { "type": "LineString", "coordinates": [ [ 135.480482492, 34.819193345 ], [ 135.480063994, 34.8055308960001 ], [ 135.48209499, 34.800390531000097 ], [ 135.490910504999988, 34.791867709 ], [ 135.493877989, 34.769953281 ], [ 135.498755882000012, 34.7604834750001 ], [ 135.50524823, 34.733428715000102 ], [ 135.510787748000013, 34.703803224000097 ], [ 135.511981793, 34.669849125 ], [ 135.496472679, 34.6247279130001 ], [ 135.49379635, 34.611787326000098 ], [ 135.494628819000013, 34.595704178000098 ], [ 135.48786186800001, 34.582177564000098 ], [ 135.4849495, 34.570985772 ], [ 135.479350407, 34.558625051 ], [ 135.4679135, 34.546945899 ], [ 135.460591908, 34.535117297000099 ], [ 135.456667274000012, 34.5234397790001 ], [ 135.442021664, 34.502238941 ], [ 135.435039839000012, 34.481607591000099 ], [ 135.425906284, 34.463350672 ], [ 135.425210551, 34.457172359 ], [ 135.419255314, 34.449941046 ], [ 135.41575794, 34.440380053000098 ], [ 135.405362096, 34.433027652000099 ] ] } },
{ "type": "Feature", "properties": { "average_dip": "(60.0,,)", "average_rake": null, "catalog_id": "GFE_31400", "catalog_name": "GEM Faulted Earth", "dip_dir": "360", "lower_seis_depth": "(20.0,,)", "name": "Asogairin-nanroku", "net_slip_rate": "(0.0,,)", "slip_type": "Normal", "upper_seis_depth": "(0.0,,)", "downthrown_side_id": null, "reference": null, "epistemic_quality": null, "accuracy": null, "activity_confidence": "1", "fs_name": "Asogairin-nanroku", "last_movement": null, "downthrown_side_dir": "227", "vert_sep_rate": null, "strike_slip_rate": null, "exposure_quality": null, "shortening_rate": null, "notes": null, "index_right": 189, "NAME_EN": "Japan" }, "geometry": { "type": "LineString", "coordinates": [ [ 131.02297453700001, 32.735530365 ], [ 131.034817535, 32.733415828 ], [ 131.067343649, 32.73501 ], [ 131.10414135900001, 32.739611488 ], [ 131.117346733, 32.743334843000099 ], [ 131.140812062, 32.755911533000102 ], [ 131.149376311999987, 32.764279822 ], [ 131.163607689, 32.784266483000103 ] ] } },
{ "type": "Feature", "properties": { "average_dip": "(45.0,,)", "average_rake": null, "catalog_id": "GFE_31382", "catalog_name": "GEM Faulted Earth", "dip_dir": "360", "lower_seis_depth": "(20.0,,)", "name": "Shobudani", "net_slip_rate": "(0.0,,)", "slip_type": "Reverse", "upper_seis_depth": "(0.0,,)", "downthrown_side_id": null, "reference": null, "epistemic_quality": null, "accuracy": null, "activity_confidence": "1", "fs_name": "Chuokozosen(MTL)", "last_movement": null, "downthrown_side_dir": "230", "vert_sep_rate": null, "strike_slip_rate": null, "exposure_quality": null, "shortening_rate": null, "notes": null, "index_right": 189, "NAME_EN": "Japan" }, "geometry": { "type": "LineString", "coordinates": [ [ 135.701927905, 34.380768404 ], [ 135.681069961, 34.373773717000098 ], [ 135.668037387999988, 34.3651323980001 ], [ 135.654879541000014, 34.36500111 ], [ 135.642009922, 34.358380583 ], [ 135.624657483, 34.355988438000097 ], [ 135.607236171000011, 34.351006603 ], [ 135.601192802000014, 34.347927814000101 ], [ 135.595271536000013, 34.341420416000098 ], [ 135.585316536, 34.337509632 ], [ 135.539925976, 34.323281206 ], [ 135.528308996, 34.3231519550001 ], [ 135.514682451, 34.3152185430001 ], [ 135.491095662, 34.310703516 ], [ 135.474623307, 34.304540839 ], [ 135.453761191000012, 34.302748566 ], [ 135.443214250000011, 34.298600796000102 ], [ 135.436929741, 34.300368452 ], [ 135.429226513, 34.297405613 ], [ 135.406823575, 34.294310453 ] ] } },
{ "type": "Feature", "properties": { "average_dip": "(60.0,,)", "average_rake": null, "catalog_id": "GFE_31383", "catalog_name": "GEM Faulted Earth", "dip_dir": "270", "lower_seis_depth": "(20.0,,)", "name": "Shibuki", "net_slip_rate": "(0.0,,)", "slip_type": "Reverse", "upper_seis_depth": "(0.0,,)", "downthrown_side_id": null, "reference": null, "epistemic_quality": null, "accuracy": null, "activity_confidence": "1", "fs_name": "Shibuki", "last_movement": null, "downthrown_side_dir": "226", "vert_sep_rate": null, "strike_slip_rate": null, "exposure_quality": null, "shortening_rate": null, "notes": null, "index_right": 189, "NAME_EN": "Japan" }, "geometry": { "type": "LineString", "coordinates": [ [ 131.235400685, 34.358598179000097 ], [ 131.210002215, 34.316039609 ], [ 131.192801296999988, 34.297927367000099 ], [ 131.176765324, 34.277982361000099 ], [ 131.164735944, 34.259530262000098 ], [ 131.144360444, 34.236764497 ] ] } },
{ "type": "Feature", "properties": { "average_dip": "(90.0,,)", "average_rake": null, "catalog_id": "GFE_31384", "catalog_name": "GEM Faulted Earth", "dip_dir": null, "lower_seis_depth": "(20.0,,)", "name": "Genkaijima", "net_slip_rate": "(0.6,,)", "slip_type": "Sinistral", "upper_seis_depth": "(0.0,,)", "downthrown_side_id": null, "reference": null, "epistemic_quality": null, "accuracy": null, "activity_confidence": "1", "fs_name": "Kego", "last_movement": "(,,-55)", "downthrown_side_dir": null, "vert_sep_rate": null, "strike_slip_rate": null, "exposure_quality": null, "shortening_rate": null, "notes": null, "index_right": 189, "NAME_EN": "Japan" }, "geometry": { "type": "LineString", "coordinates": [ [ 130.093054604, 33.801059131 ], [ 130.101508445, 33.785810446 ], [ 130.104530402, 33.776092551 ], [ 130.108381576, 33.769846992000097 ], [ 130.11423515300001, 33.764435856 ], [ 130.170617205000013, 33.738627714000103 ], [ 130.263464336999988, 33.688775688000099 ], [ 130.28863076, 33.673716235 ], [ 130.298097646, 33.6700601410001 ] ] } },
{ "type": "Feature", "properties": { "average_dip": "(90.0,,)", "average_rake": null, "catalog_id": "GFE_31385", "catalog_name": "GEM Faulted Earth", "dip_dir": null, "lower_seis_depth": "(20.0,,)", "name": "Kamigamo", "net_slip_rate": "(0.1,,)", "slip_type": "Dextral", "upper_seis_depth": "(0.0,,)", "downthrown_side_id": null, "reference": null, "epistemic_quality": null, "accuracy": null, "activity_confidence": "1", "fs_name": "Kamigamo", "last_movement": null, "downthrown_side_dir": null, "vert_sep_rate": null, "strike_slip_rate": null, "exposure_quality": null, "shortening_rate": null, "notes": null, "index_right": 189, "NAME_EN": "Japan" }, "geometry": { "type": "LineString", "coordinates": [ [ 138.794989977, 34.681524477 ], [ 138.808497168, 34.672495833 ], [ 138.868102741, 34.655703231000103 ], [ 138.888133139, 34.653167025000101 ], [ 138.919444835, 34.643820869 ] ] } },
{ "type": "Feature", "properties": { "average_dip": "(45.0,,)", "average_rake": null, "catalog_id": "GFE_31386", "catalog_name": "GEM Faulted Earth", "dip_dir": "270", "lower_seis_depth": "(20.0,,)", "name": "Tobetsu", "net_slip_rate": "None", "slip_type": "Reverse", "upper_seis_depth": "(0.0,,)", "downthrown_side_id": null, "reference": null, "epistemic_quality": null, "accuracy": null, "activity_confidence": "1", "fs_name": "Tobetsu", "last_movement": "(11074,5051,)", "downthrown_side_dir": "226", "vert_sep_rate": "(0.26000000000000001, 0.12, 0.4)", "strike_slip_rate": null, "exposure_quality": null, "shortening_rate": null, "notes": null, "index_right": 189, "NAME_EN": "Japan" }, "geometry": { "type": "LineString", "coordinates": [ [ 141.581406088, 43.481234375 ], [ 141.58189907900001, 43.464569432000097 ], [ 141.58464958, 43.454907813 ], [ 141.581485513, 43.441776053000098 ], [ 141.584867713, 43.433830292 ], [ 141.582636901, 43.418030152 ], [ 141.584121384000014, 43.408030425 ], [ 141.581891997000014, 43.401488152000098 ], [ 141.581767483, 43.393834084 ], [ 141.589072316999989, 43.385562336000099 ], [ 141.59030947, 43.381240906000102 ], [ 141.581765813, 43.372354711000099 ], [ 141.581089763, 43.368375427 ], [ 141.581698826, 43.363159390000099 ], [ 141.590458821, 43.343025584 ], [ 141.586890923999988, 43.330533994000099 ], [ 141.593416767, 43.307072077 ], [ 141.591433564, 43.297138225 ], [ 141.58298816300001, 43.283898565000101 ], [ 141.586561759, 43.268854521 ], [ 141.576556724, 43.219450227 ] ] } },
{ "type": "Feature", "properties": { "average_dip": "(45.0,,)", "average_rake": null, "catalog_id": "GFE_31387", "catalog_name": "GEM Faulted Earth", "dip_dir": "270", "lower_seis_depth": "(20.0,,)", "name": "Koori", "net_slip_rate": "None", "slip_type": "Reverse", "upper_seis_depth": "(0.0,,)", "downthrown_side_id": null, "reference": null, "epistemic_quality": null, "accuracy": null, "activity_confidence": "1", "fs_name": "Fukushimabonchi-Nagamachi-Rifu", "last_movement": "(4031,2746,)", "downthrown_side_dir": "226", "vert_sep_rate": "(0.59499999999999997, 0.33, 0.86)", "strike_slip_rate": null, "exposure_quality": null, "shortening_rate": null, "notes": null, "index_right": 189, "NAME_EN": "Japan" }, "geometry": { "type": "LineString", "coordinates": [ [ 140.626125945000013, 38.049313346000098 ], [ 140.626954023, 38.046078745 ], [ 140.623859364, 38.044500838 ], [ 140.620308912000013, 38.039312336000101 ], [ 140.614798482999987, 38.037282412 ], [ 140.611550928000014, 38.033748728 ], [ 140.615174153, 38.017205987000096 ], [ 140.614781498000013, 38.013087261000102 ], [ 140.606986692, 37.996888324000103 ], [ 140.605312572, 37.989320144 ], [ 140.605709007, 37.980186772 ], [ 140.612411927000011, 37.967030476 ], [ 140.6123331, 37.963418892 ], [ 140.611424328, 37.96018424 ], [ 140.601603655, 37.949811157000099 ], [ 140.601292113999989, 37.940405236000103 ], [ 140.603851214, 37.93340412 ], [ 140.603696417, 37.9292655940001 ], [ 140.591460001, 37.917841563 ], [ 140.58277696, 37.913337834000103 ], [ 140.574996954, 37.906348419 ], [ 140.560124513, 37.900421677000097 ], [ 140.555970069000011, 37.896138053000101 ], [ 140.550837316000013, 37.894186883 ], [ 140.544272227, 37.88647818 ], [ 140.541015429, 37.88470691 ], [ 140.525171697, 37.882955894000098 ], [ 140.518734698, 37.878606992000101 ], [ 140.512320283, 37.857623549 ], [ 140.49992240200001, 37.841874718 ], [ 140.482781343999989, 37.831812391 ], [ 140.474629184, 37.828887495000103 ], [ 140.471383487999987, 37.828364463000099 ], [ 140.454936714000013, 37.8327494850001 ] ] } },
{ "type": "Feature", "properties": { "average_dip": "(90.0,,)", "average_rake": null, "catalog_id": "GFE_31389", "catalog_name": "GEM Faulted Earth", "dip_dir": null, "lower_seis_depth": "(20.0,,)", "name": "Chino", "net_slip_rate": "None", "slip_type": "Sinistral", "upper_seis_depth": "(0.0,,)", "downthrown_side_id": null, "reference": null, "epistemic_quality": null, "accuracy": null, "activity_confidence": "1", "fs_name": "Itoshizusen", "last_movement": "(1186,1048,)", "downthrown_side_dir": null, "vert_sep_rate": null, "strike_slip_rate": "(3.4525000000000001, 2.857, 4.048)", "exposure_quality": null, "shortening_rate": null, "notes": null, "index_right": 189, "NAME_EN": "Japan" }, "geometry": { "type": "LineString", "coordinates": [ [ 138.058031975, 36.103306414 ], [ 138.081242642, 36.093599015000102 ], [ 138.089671825000011, 36.0799424530001 ], [ 138.094225583999986, 36.076649564 ], [ 138.096055503, 36.072495737000096 ], [ 138.118375547, 36.047030556 ], [ 138.124821848000011, 36.034784988000098 ], [ 138.13465346000001, 36.022860607 ], [ 138.140967576, 36.0058817130001 ], [ 138.145672456, 35.99849068 ], [ 138.165513444999988, 35.980264277000103 ], [ 138.18036089200001, 35.9614178160001 ], [ 138.199998015, 35.940245743 ], [ 138.228964530000013, 35.913931498000103 ], [ 138.253507547999988, 35.884561486000102 ], [ 138.28431877700001, 35.861548909000099 ], [ 138.297329147, 35.8488206970001 ] ] } },
{ "type": "Feature", "properties": { "average_dip": "(90.0,,)", "average_rake": null, "catalog_id": "GFE_31401", "catalog_name": "GEM Faulted Earth", "dip_dir": null, "lower_seis_depth": "(20.0,,)", "name": "Sakota-Ikumo", "net_slip_rate": "(0.0,,)", "slip_type": "Dextral", "upper_seis_depth": "(0.0,,)", "downthrown_side_id": null, "reference": null, "epistemic_quality": null, "accuracy": null, "activity_confidence": "1", "fs_name": "Sakota-Ikumo", "last_movement": "(17600,9513,)", "downthrown_side_dir": null, "vert_sep_rate": null, "strike_slip_rate": null, "exposure_quality": null, "shortening_rate": null, "notes": null, "index_right": 189, "NAME_EN": "Japan" }, "geometry": { "type": "LineString", "coordinates": [ [ 131.678292154, 34.452909987000098 ], [ 131.664796884, 34.440677182000101 ], [ 131.650749435, 34.422100601000103 ], [ 131.64139416, 34.412363091 ], [ 131.59549128, 34.374781447 ], [ 131.575429436, 34.348957987000098 ], [ 131.560593942999986, 34.333323496 ], [ 131.547683498999987, 34.322896840000098 ] ] } },
{ "type": "Feature", "properties": { "average_dip": "(45.0,,)", "average_rake": null, "catalog_id": "GFE_31390", "catalog_name": "GEM Faulted Earth", "dip_dir": "270", "lower_seis_depth": "(20.0,,)", "name": "Kurehayama", "net_slip_rate": "None", "slip_type": "Reverse", "upper_seis_depth": "(0.0,,)", "downthrown_side_id": null, "reference": null, "epistemic_quality": null, "accuracy": null, "activity_confidence": "1", "fs_name": "Kurehayama", "last_movement": "(3430,2530,)", "downthrown_side_dir": "226", "vert_sep_rate": "(0.5, 0.4, 0.6)", "strike_slip_rate": null, "exposure_quality": null, "shortening_rate": null, "notes": null, "index_right": 189, "NAME_EN": "Japan" }, "geometry": { "type": "LineString", "coordinates": [ [ 137.264281726, 36.761752055 ], [ 137.239774423, 36.723064918 ], [ 137.231352487, 36.714969642 ], [ 137.20006504700001, 36.694885173 ], [ 137.16387283200001, 36.680084967 ], [ 137.148244541999986, 36.671768534000101 ], [ 137.141080511000013, 36.663227342 ], [ 137.137481152, 36.655005204000098 ], [ 137.123390878, 36.642794262000102 ], [ 137.118142834, 36.630220587000103 ], [ 137.115805257, 36.618729257 ], [ 137.127175032999986, 36.6047177740001 ], [ 137.130493134, 36.594627028 ], [ 137.130770335, 36.588846705 ] ] } },
{ "type": "Feature", "properties": { "average_dip": "(90.0,,)", "average_rake": null, "catalog_id": "GFE_31392", "catalog_name": "GEM Faulted Earth", "dip_dir": null, "lower_seis_depth": "(20.0,,)", "name": "Takakura-Akasawa", "net_slip_rate": "(0.0,,)", "slip_type": "Dextral", "upper_seis_depth": "(0.0,,)", "downthrown_side_id": null, "reference": null, "epistemic_quality": null, "accuracy": null, "activity_confidence": "1", "fs_name": "Saijitoge", "last_movement": null, "downthrown_side_dir": "230", "vert_sep_rate": null, "strike_slip_rate": null, "exposure_quality": null, "shortening_rate": null, "notes": null, "index_right": 189, "NAME_EN": "Japan" }, "geometry": { "type": "LineString", "coordinates": [ [ 137.519783999, 35.709421809 ], [ 137.558983448, 35.739431363000101 ], [ 137.567376209, 35.743541265 ], [ 137.631941284, 35.760793761000102 ], [ 137.680696403000013, 35.77752408 ] ] } },
{ "type": "Feature", "properties": { "average_dip": "(45.0,,)", "average_rake": null, "catalog_id": "GFE_31393", "catalog_name": "GEM Faulted Earth", "dip_dir": "90", "lower_seis_depth": "(20.0,,)", "name": "Ikoma", "net_slip_rate": "None", "slip_type": "Reverse", "upper_seis_depth": "(0.0,,)", "downthrown_side_id": null, "reference": null, "epistemic_quality": null, "accuracy": null, "activity_confidence": "1", "fs_name": "Ikoma", "last_movement": "(1500,1016,)", "downthrown_side_dir": "233", "vert_sep_rate": "(0.17499999999999999, 0.12, 0.23)", "strike_slip_rate": null, "exposure_quality": null, "shortening_rate": null, "notes": null, "index_right": 189, "NAME_EN": "Japan" }, "geometry": { "type": "LineString", "coordinates": [ [ 135.63168195, 34.797344350000103 ], [ 135.631064171, 34.792444895000102 ], [ 135.634840366, 34.7770307420001 ], [ 135.633187114, 34.7593717190001 ], [ 135.641065718, 34.750694892000098 ], [ 135.645970733000013, 34.7376294970001 ], [ 135.646782922999989, 34.729973389000101 ], [ 135.643188665999986, 34.717418738 ], [ 135.645840850000013, 34.705169196 ], [ 135.649316813000013, 34.6973091730001 ], [ 135.650538970000014, 34.689552086 ], [ 135.648894374, 34.681896921 ], [ 135.651552353, 34.675669692 ], [ 135.651380714, 34.665481849000102 ], [ 135.655176656, 34.657416857 ], [ 135.650781353000013, 34.648221803000098 ], [ 135.649558696000014, 34.641275566 ], [ 135.652946707000012, 34.632189679000099 ], [ 135.652032064, 34.624018589000102 ], [ 135.650396304999987, 34.621157877 ], [ 135.638620707, 34.614453977 ], [ 135.634534124, 34.608478954000098 ], [ 135.633931647, 34.594589522 ], [ 135.63537383100001, 34.585399602000102 ], [ 135.63236202600001, 34.574974326000103 ], [ 135.624731308, 34.566250428 ], [ 135.615502852, 34.549517578000099 ], [ 135.609406833, 34.534209829000098 ], [ 135.611271464999987, 34.510619556000101 ], [ 135.609946839, 34.502959397 ] ] } },
{ "type": "Feature", "properties": { "average_dip": "(90.0,,)", "average_rake": null, "catalog_id": "GFE_31394", "catalog_name": "GEM Faulted Earth", "dip_dir": null, "lower_seis_depth": "(20.0,,)", "name": "Mitoke", "net_slip_rate": "None", "slip_type": "Sinistral", "upper_seis_depth": "(0.0,,)", "downthrown_side_id": null, "reference": null, "epistemic_quality": null, "accuracy": null, "activity_confidence": "1", "fs_name": "Mitoke", "last_movement": "(,1799,)", "downthrown_side_dir": "230", "vert_sep_rate": "(0.01, 0.01, 0.01)", "strike_slip_rate": "(0.34399999999999997, 0.25, 0.438)", "exposure_quality": null, "shortening_rate": null, "notes": null, "index_right": 189, "NAME_EN": "Japan" }, "geometry": { "type": "LineString", "coordinates": [ [ 135.186078794, 35.277254970000101 ], [ 135.326548767, 35.240341775 ], [ 135.359086923, 35.235063849 ], [ 135.390791511, 35.223695895 ], [ 135.419739107999987, 35.219165091 ], [ 135.448423577, 35.218984782000099 ], [ 135.465526133, 35.217029406000101 ] ] } },
{ "type": "Feature", "properties": { "average_dip": "(45.0,,)", "average_rake": null, "catalog_id": "GFE_31395", "catalog_name": "GEM Faulted Earth", "dip_dir": "360", "lower_seis_depth": "(20.0,,)", "name": "Gojodani", "net_slip_rate": "(2.7,,)", "slip_type": "Dextral", "upper_seis_depth": "(0.0,,)", "downthrown_side_id": null, "reference": null, "epistemic_quality": null, "accuracy": null, "activity_confidence": "1", "fs_name": "Chuokozosen(MTL)", "last_movement": "(3270,1000,)", "downthrown_side_dir": "230", "vert_sep_rate": null, "strike_slip_rate": null, "exposure_quality": null, "shortening_rate": null, "notes": null, "index_right": 189, "NAME_EN": "Japan" }, "geometry": { "type": "LineString", "coordinates": [ [ 135.689247759000011, 34.388318254000097 ], [ 135.642933362, 34.371661079 ], [ 135.610551251, 34.369857539000101 ], [ 135.58892906, 34.372263768 ], [ 135.58247269, 34.370297843000102 ], [ 135.57162184500001, 34.364127295000102 ], [ 135.558810382, 34.351608423000101 ], [ 135.49341099, 34.324853962000098 ], [ 135.477881609, 34.3169984990001 ], [ 135.449062436, 34.307731893 ], [ 135.403582675, 34.29984875 ] ] } },
{ "type": "Feature", "properties": { "average_dip": "(60.0,,)", "average_rake": null, "catalog_id": "GFE_31397", "catalog_name": "GEM Faulted Earth", "dip_dir": "360", "lower_seis_depth": "(20.0,,)", "name": "Ojikayama", "net_slip_rate": "None", "slip_type": "Normal", "upper_seis_depth": "(0.0,,)", "downthrown_side_id": null, "reference": null, "epistemic_quality": null, "accuracy": null, "activity_confidence": "1", "fs_name": "Beppu-Haneyama", "last_movement": null, "downthrown_side_dir": "227", "vert_sep_rate": "(0.075000000000000011, 0.07, 0.08)", "strike_slip_rate": null, "exposure_quality": null, "shortening_rate": null, "notes": null, "index_right": 189, "NAME_EN": "Japan" }, "geometry": { "type": "LineString", "coordinates": [ [ 131.443298606000013, 33.268203719 ], [ 131.465103866, 33.259494875 ], [ 131.478310927, 33.251609293000101 ], [ 131.494096512, 33.251696590000101 ], [ 131.498935030000013, 33.253481480000097 ] ] } },
{ "type": "Feature", "properties": { "average_dip": "(90.0,,)", "average_rake": null, "catalog_id": "GFE_31398", "catalog_name": "GEM Faulted Earth", "dip_dir": null, "lower_seis_depth": "(20.0,,)", "name": "Ikenohara", "net_slip_rate": "(0.0,,)", "slip_type": "Dextral", "upper_seis_depth": "(0.0,,)", "downthrown_side_id": null, "reference": null, "epistemic_quality": null, "accuracy": null, "activity_confidence": "1", "fs_name": "Futagawa-Hinagu", "last_movement": null, "downthrown_side_dir": "233", "vert_sep_rate": null, "strike_slip_rate": null, "exposure_quality": null, "shortening_rate": null, "notes": null, "index_right": 189, "NAME_EN": "Japan" }, "geometry": { "type": "LineString", "coordinates": [ [ 130.795454141, 32.6102613360001 ], [ 130.773412558, 32.593021884000102 ], [ 130.749555628, 32.567869048 ], [ 130.730130691999989, 32.54404864 ], [ 130.704306558000013, 32.522390620000103 ], [ 130.674263022, 32.492036508000098 ], [ 130.664515075999986, 32.484939134000101 ], [ 130.617882917, 32.458578264 ], [ 130.604133409000013, 32.448293178 ] ] } },
{ "type": "Feature", "properties": { "average_dip": "(60.0,,)", "average_rake": null, "catalog_id": "GFE_31399", "catalog_name": "GEM Faulted Earth", "dip_dir": "90", "lower_seis_depth": "(20.0,,)", "name": "Tanagurakozosen", "net_slip_rate": "(0.0,,)", "slip_type": "Reverse", "upper_seis_depth": "(0.0,,)", "downthrown_side_id": null, "reference": null, "epistemic_quality": null, "accuracy": null, "activity_confidence": "1", "fs_name": "Tanagurakozosen", "last_movement": null, "downthrown_side_dir": "233", "vert_sep_rate": null, "strike_slip_rate": null, "exposure_quality": null, "shortening_rate": null, "notes": null, "index_right": 189, "NAME_EN": "Japan" }, "geometry": { "type": "LineString", "coordinates": [ [ 140.454244936, 36.884297489000097 ], [ 140.455841645, 36.864805761000099 ], [ 140.464860103, 36.8364522520001 ], [ 140.468719576000012, 36.817925475 ], [ 140.475322876, 36.79794894 ], [ 140.482418785, 36.786025499000097 ], [ 140.48660695, 36.773942995 ], [ 140.49096285600001, 36.767497852000098 ], [ 140.493376082, 36.757510059 ], [ 140.502406048000012, 36.740431259 ], [ 140.503367293, 36.732860149 ], [ 140.500448076999987, 36.720458482 ], [ 140.508350931, 36.708213098 ] ] } },
{ "type": "Feature", "properties": { "average_dip": "(45.0,,)", "average_rake": null, "catalog_id": "GFE_31403", "catalog_name": "GEM Faulted Earth", "dip_dir": "270", "lower_seis_depth": "(20.0,,)", "name": "Kamiema-kawanishi", "net_slip_rate": "(0.35,0.35,0.35)", "slip_type": "Reverse", "upper_seis_depth": "(0.0,,)", "downthrown_side_id": null, "reference": null, "epistemic_quality": null, "accuracy": null, "activity_confidence": "1", "fs_name": "Sakekawa", "last_movement": null, "downthrown_side_dir": "226", "vert_sep_rate": "(0.25, 0.25, 0.25)", "strike_slip_rate": null, "exposure_quality": null, "shortening_rate": null, "notes": null, "index_right": 189, "NAME_EN": "Japan" }, "geometry": { "type": "LineString", "coordinates": [ [ 140.277158348, 38.860836671000101 ], [ 140.282367472, 38.848629253000098 ], [ 140.280920462000012, 38.845015063000098 ], [ 140.268185262, 38.833545951000097 ], [ 140.265643154, 38.829009657 ], [ 140.264077433000011, 38.799216509000097 ], [ 140.268886523, 38.788409914000098 ] ] } },
{ "type": "Feature", "properties": { "average_dip": "(45.0,,)", "average_rake": null, "catalog_id": "GFE_31404", "catalog_name": "GEM Faulted Earth", "dip_dir": "270", "lower_seis_depth": "(20.0,,)", "name": "Takatoyayama", "net_slip_rate": "(0.1,,)", "slip_type": "Reverse", "upper_seis_depth": "(0.0,,)", "downthrown_side_id": null, "reference": null, "epistemic_quality": null, "accuracy": null, "activity_confidence": "1", "fs_name": "Nagaibonchi-seien", "last_movement": null, "downthrown_side_dir": "226", "vert_sep_rate": null, "strike_slip_rate": null, "exposure_quality": null, "shortening_rate": null, "notes": null, "index_right": 189, "NAME_EN": "Japan" }, "geometry": { "type": "LineString", "coordinates": [ [ 140.043670467, 37.986800903000102 ], [ 140.041890968, 37.979190736000099 ], [ 140.029887347, 37.971864246000102 ], [ 140.021835455, 37.962902058000097 ], [ 140.018414338000014, 37.949992459 ], [ 140.013228993000013, 37.945512832000098 ], [ 140.010498453, 37.940622322 ], [ 140.010888711, 37.937478660000103 ], [ 140.013581775, 37.934292680000098 ], [ 140.023049934999989, 37.927697089 ], [ 140.030781975999986, 37.912050213 ], [ 140.043717562000012, 37.896265411000101 ], [ 140.045893606, 37.891097072 ], [ 140.044644713999986, 37.868939606 ] ] } },
{ "type": "Feature", "properties": { "average_dip": "(90.0,,)", "average_rake": null, "catalog_id": "GFE_31405", "catalog_name": "GEM Faulted Earth", "dip_dir": null, "lower_seis_depth": "(20.0,,)", "name": "Saotomedake", "net_slip_rate": "(0.1,,)", "slip_type": "Dextral", "upper_seis_depth": "(0.0,,)", "downthrown_side_id": null, "reference": null, "epistemic_quality": null, "accuracy": null, "activity_confidence": "1", "fs_name": "Saotomedake", "last_movement": null, "downthrown_side_dir": "227", "vert_sep_rate": null, "strike_slip_rate": null, "exposure_quality": null, "shortening_rate": null, "notes": null, "index_right": 189, "NAME_EN": "Japan" }, "geometry": { "type": "LineString", "coordinates": [ [ 137.451020161, 36.586272177000097 ], [ 137.50250155, 36.6059226940001 ], [ 137.566010845, 36.641507740000101 ], [ 137.578612394, 36.6500860720001 ], [ 137.597634075, 36.666273689 ] ] } },
{ "type": "Feature", "properties": { "average_dip": "(90.0,,)", "average_rake": null, "catalog_id": "GFE_31406", "catalog_name": "GEM Faulted Earth", "dip_dir": null, "lower_seis_depth": "(20.0,,)", "name": "Takeyama", "net_slip_rate": "(1.19,,)", "slip_type": "Dextral", "upper_seis_depth": "(0.0,,)", "downthrown_side_id": null, "reference": null, "epistemic_quality": null, "accuracy": null, "activity_confidence": "1", "fs_name": "Kitatake", "last_movement": "(2124,1955,)", "downthrown_side_dir": null, "vert_sep_rate": null, "strike_slip_rate": "(2.0899999999999999, 0.43, 3.75)", "exposure_quality": null, "shortening_rate": null, "notes": null, "index_right": 189, "NAME_EN": "Japan" }, "geometry": { "type": "LineString", "coordinates": [ [ 139.599055508, 35.240249580000103 ], [ 139.616651098, 35.238227271 ], [ 139.624151243, 35.234689851 ], [ 139.645216072000011, 35.217484682000098 ], [ 139.668066982999989, 35.206729165000098 ], [ 139.681036045000013, 35.202679962 ] ] } },
{ "type": "Feature", "properties": { "average_dip": "(45.0,,)", "average_rake": null, "catalog_id": "GFE_31407", "catalog_name": "GEM Faulted Earth", "dip_dir": "90", "lower_seis_depth": "(20.0,,)", "name": "Akagisan", "net_slip_rate": "None", "slip_type": "Reverse", "upper_seis_depth": "(0.0,,)", "downthrown_side_id": null, "reference": null, "epistemic_quality": null, "accuracy": null, "activity_confidence": "1", "fs_name": "Itoshizusen", "last_movement": null, "downthrown_side_dir": "233", "vert_sep_rate": "(0.35000000000000003, 0.15, 0.55)", "strike_slip_rate": null, "exposure_quality": null, "shortening_rate": null, "notes": null, "index_right": 189, "NAME_EN": "Japan" }, "geometry": { "type": "LineString", "coordinates": [ [ 137.970149196, 36.190928095000103 ], [ 137.974625455, 36.174395108000098 ], [ 137.971842907, 36.16904765 ], [ 137.968867225, 36.142015676 ] ] } },
{ "type": "Feature", "properties": { "average_dip": "(90.0,,)", "average_rake": null, "catalog_id": "GFE_31408", "catalog_name": "GEM Faulted Earth", "dip_dir": null, "lower_seis_depth": "(20.0,,)", "name": "Ukaretoge", "net_slip_rate": "(0.0,,)", "slip_type": "Dextral", "upper_seis_depth": "(0.0,,)", "downthrown_side_id": null, "reference": null, "epistemic_quality": null, "accuracy": null, "activity_confidence": "1", "fs_name": "Ukaretoge", "last_movement": null, "downthrown_side_dir": null, "vert_sep_rate": null, "strike_slip_rate": null, "exposure_quality": null, "shortening_rate": null, "notes": null, "index_right": 189, "NAME_EN": "Japan" }, "geometry": { "type": "LineString", "coordinates": [ [ 137.26926390700001, 35.547411067 ], [ 137.319862242, 35.588010309 ], [ 137.344283861, 35.597713132 ], [ 137.355346274, 35.604485688000103 ], [ 137.377387635, 35.6236380490001 ] ] } },
{ "type": "Feature", "properties": { "average_dip": "(45.0,,)", "average_rake": null, "catalog_id": "GFE_31409", "catalog_name": "GEM Faulted Earth", "dip_dir": "270", "lower_seis_depth": "(20.0,,)", "name": "Yokkaichi", "net_slip_rate": "(1.0,,)", "slip_type": "Reverse", "upper_seis_depth": "(0.0,,)", "downthrown_side_id": null, "reference": null, "epistemic_quality": null, "accuracy": null, "activity_confidence": "1", "fs_name": "Yoro", "last_movement": "(1810,82,)", "downthrown_side_dir": "226", "vert_sep_rate": null, "strike_slip_rate": null, "exposure_quality": null, "shortening_rate": null, "notes": null, "index_right": 189, "NAME_EN": "Japan" }, "geometry": { "type": "LineString", "coordinates": [ [ 136.601012813000011, 35.007436329 ], [ 136.598661712, 34.987920495 ], [ 136.593702670999988, 34.973087065000101 ], [ 136.595005816, 34.965801926 ], [ 136.593434475, 34.922865776 ], [ 136.59566605, 34.907003764 ], [ 136.598649836, 34.899837521000102 ], [ 136.596692208, 34.894113126 ], [ 136.586123633999989, 34.8797995 ], [ 136.585836214000011, 34.876891350000101 ], [ 136.589826189, 34.868239938 ], [ 136.588208142000013, 34.86028377 ], [ 136.589511413999986, 34.849355043000102 ], [ 136.585856979999988, 34.8423287540001 ], [ 136.567199204, 34.825282245 ], [ 136.558587361, 34.813702355 ] ] } },
{ "type": "Feature", "properties": { "average_dip": "(90.0,,)", "average_rake": null, "catalog_id": "GFE_31410", "catalog_name": "GEM Faulted Earth", "dip_dir": null, "lower_seis_depth": "(20.0,,)", "name": "Tsubakizakatoge", "net_slip_rate": "(0.3,,)", "slip_type": "Sinistral", "upper_seis_depth": "(0.0,,)", "downthrown_side_id": null, "reference": null, "epistemic_quality": null, "accuracy": null, "activity_confidence": "1", "fs_name": "Yanagase", "last_movement": "(7122,7061,)", "downthrown_side_dir": "233", "vert_sep_rate": null, "strike_slip_rate": null, "exposure_quality": null, "shortening_rate": null, "notes": null, "index_right": 189, "NAME_EN": "Japan" }, "geometry": { "type": "LineString", "coordinates": [ [ 136.091151645, 35.784175985 ], [ 136.111713447, 35.767138447 ], [ 136.147489904, 35.741325593000099 ], [ 136.152396221, 35.729463774000102 ], [ 136.16035062, 35.699127461 ], [ 136.158129616, 35.677096945000102 ], [ 136.163502486999988, 35.639989347 ], [ 136.168121594000013, 35.625772095000102 ] ] } },
{ "type": "Feature", "properties": { "average_dip": "(45.0,,)", "average_rake": null, "catalog_id": "GFE_31411", "catalog_name": "GEM Faulted Earth", "dip_dir": "270", "lower_seis_depth": "(20.0,,)", "name": "Fumotomura", "net_slip_rate": "None", "slip_type": "Reverse", "upper_seis_depth": "(0.0,,)", "downthrown_side_id": null, "reference": null, "epistemic_quality": null, "accuracy": null, "activity_confidence": "1", "fs_name": "Suzukasanchi-toen", "last_movement": "(3396,2703,)", "downthrown_side_dir": "226", "vert_sep_rate": "(0.23999999999999999, 0.09, 0.39)", "strike_slip_rate": null, "exposure_quality": null, "shortening_rate": null, "notes": null, "index_right": 189, "NAME_EN": "Japan" }, "geometry": { "type": "LineString", "coordinates": [ [ 136.451475622, 35.238776323 ], [ 136.451685335, 35.218334665 ], [ 136.449878766000012, 35.210708493 ], [ 136.452531894, 35.200646707 ], [ 136.459116552000012, 35.1940806160001 ], [ 136.472814073, 35.173958245000101 ], [ 136.497132555, 35.156908778000101 ], [ 136.501804517000011, 35.146529076 ], [ 136.504777344, 35.144093426 ], [ 136.506476445, 35.1371032650001 ], [ 136.505943904, 35.125558570000102 ], [ 136.507854926, 35.120262221000097 ], [ 136.499675056, 35.108610354000099 ], [ 136.499143223, 35.105220728000099 ], [ 136.50126636600001, 35.09600583 ], [ 136.499990692000011, 35.089968488000103 ], [ 136.502751561, 35.0868979050001 ], [ 136.504515206, 35.070344688 ], [ 136.495207289, 35.056816155 ], [ 136.489047008, 35.051730587000101 ] ] } },
{ "type": "Feature", "properties": { "average_dip": "(45.0,,)", "average_rake": null, "catalog_id": "GFE_31412", "catalog_name": "GEM Faulted Earth", "dip_dir": "270", "lower_seis_depth": "(20.0,,)", "name": "Minato-Honjo", "net_slip_rate": "(0.0,,)", "slip_type": "Reverse", "upper_seis_depth": "(0.0,,)", "downthrown_side_id": null, "reference": null, "epistemic_quality": null, "accuracy": null, "activity_confidence": "1", "fs_name": "Minato-Honjo", "last_movement": null, "downthrown_side_dir": "226", "vert_sep_rate": null, "strike_slip_rate": null, "exposure_quality": null, "shortening_rate": null, "notes": null, "index_right": 189, "NAME_EN": "Japan" }, "geometry": { "type": "LineString", "coordinates": [ [ 134.706193613000011, 34.339171539000098 ], [ 134.710749338, 34.335273085 ], [ 134.721677914999987, 34.329904885000097 ], [ 134.735086488, 34.312778234000099 ], [ 134.737296088, 34.298195013000097 ], [ 134.74107109, 34.293636443 ], [ 134.744947797, 34.278374966000101 ], [ 134.745894150999987, 34.248638878000101 ], [ 134.742894987, 34.2324439940001 ], [ 134.738241899, 34.222315916000099 ], [ 134.728144082, 34.208997414000102 ] ] } },
{ "type": "Feature", "properties": { "average_dip": "(60.0,,)", "average_rake": null, "catalog_id": "GFE_31414", "catalog_name": "GEM Faulted Earth", "dip_dir": "180", "lower_seis_depth": "(20.0,,)", "name": "Amagoidake", "net_slip_rate": "None", "slip_type": "Normal", "upper_seis_depth": "(0.0,,)", "downthrown_side_id": null, "reference": null, "epistemic_quality": null, "accuracy": null, "activity_confidence": "1", "fs_name": "Beppu-Haneyama", "last_movement": null, "downthrown_side_dir": "230", "vert_sep_rate": "(0.080000000000000002, 0.07, 0.09)", "strike_slip_rate": null, "exposure_quality": null, "shortening_rate": null, "notes": null, "index_right": 189, "NAME_EN": "Japan" }, "geometry": { "type": "LineString", "coordinates": [ [ 131.328099874, 33.233587444000101 ], [ 131.345310404, 33.230946077000098 ], [ 131.352654394000012, 33.232754703000097 ], [ 131.378816801, 33.232276972000101 ], [ 131.393602005, 33.233641703 ], [ 131.423139526, 33.2275799660001 ] ] } },
{ "type": "Feature", "properties": { "average_dip": "(60.0,,)", "average_rake": null, "catalog_id": "GFE_31415", "catalog_name": "GEM Faulted Earth", "dip_dir": "360", "lower_seis_depth": "(20.0,,)", "name": "Mino", "net_slip_rate": "None", "slip_type": "Normal", "upper_seis_depth": "(0.0,,)", "downthrown_side_id": null, "reference": null, "epistemic_quality": null, "accuracy": null, "activity_confidence": "1", "fs_name": "Mino", "last_movement": "(1450,650,1271)", "downthrown_side_dir": "227", "vert_sep_rate": "(0.18000000000000002, 0.08, 0.28)", "strike_slip_rate": null, "exposure_quality": null, "shortening_rate": null, "notes": null, "index_right": 189, "NAME_EN": "Japan" }, "geometry": { "type": "LineString", "coordinates": [ [ 130.537490764000012, 33.3156630020001 ], [ 130.568709047, 33.311886021000099 ], [ 130.583324846000011, 33.3075017990001 ], [ 130.606261767, 33.307849190000098 ], [ 130.619487635000013, 33.305580699000103 ], [ 130.63449604600001, 33.314389971 ], [ 130.656038983, 33.318888861000097 ], [ 130.689586956999989, 33.318920491 ], [ 130.707130231, 33.324312204000101 ], [ 130.730229945, 33.3240372 ], [ 130.747596433000012, 33.329702064000102 ], [ 130.768003889, 33.324724566 ], [ 130.793564293, 33.329848205000097 ] ] } },
{ "type": "Feature", "properties": { "average_dip": null, "average_rake": null, "catalog_id": "GFE_31417", "catalog_name": "GEM Faulted Earth", "dip_dir": null, "lower_seis_depth": "(20.0,,)", "name": "Ogaki-Imao", "net_slip_rate": "(0.0,,)", "slip_type": null, "upper_seis_depth": "(0.0,,)", "downthrown_side_id": null, "reference": null, "epistemic_quality": null, "accuracy": null, "activity_confidence": "1", "fs_name": "Tsushima", "last_movement": null, "downthrown_side_dir": null, "vert_sep_rate": null, "strike_slip_rate": null, "exposure_quality": null, "shortening_rate": null, "notes": null, "index_right": 189, "NAME_EN": "Japan" }, "geometry": { "type": "LineString", "coordinates": [ [ 136.620449245, 35.255279521 ], [ 136.682502073, 35.164984335 ], [ 136.696291558000013, 35.145848852 ], [ 136.721391491, 35.1156950170001 ], [ 136.744907739000013, 35.078399719000103 ], [ 136.76203904, 35.056267656 ] ] } },
{ "type": "Feature", "properties": { "average_dip": "(45.0,,)", "average_rake": null, "catalog_id": "GFE_31418", "catalog_name": "GEM Faulted Earth", "dip_dir": "270", "lower_seis_depth": "(20.0,,)", "name": "Asahiyama", "net_slip_rate": "(0.1,,)", "slip_type": "Reverse", "upper_seis_depth": "(0.0,,)", "downthrown_side_id": null, "reference": null, "epistemic_quality": null, "accuracy": null, "activity_confidence": "1", "fs_name": "Asahiyama", "last_movement": null, "downthrown_side_dir": "226", "vert_sep_rate": null, "strike_slip_rate": null, "exposure_quality": null, "shortening_rate": null, "notes": null, "index_right": 189, "NAME_EN": "Japan" }, "geometry": { "type": "LineString", "coordinates": [ [ 141.18830967, 38.569405463000102 ], [ 141.194731809, 38.554919336000097 ], [ 141.193432123, 38.550729785 ], [ 141.18644215, 38.541983594 ], [ 141.184959528, 38.534314367 ], [ 141.185556387, 38.496936799 ], [ 141.186975518, 38.491636456 ], [ 141.182207780999988, 38.4738913750001 ], [ 141.181337346, 38.463662536000101 ], [ 141.181889681, 38.455650482000102 ], [ 141.186641159, 38.437036782000099 ], [ 141.18001408, 38.408817860000099 ] ] } },
{ "type": "Feature", "properties": { "average_dip": "(45.0,,)", "average_rake": null, "catalog_id": "GFE_31420", "catalog_name": "GEM Faulted Earth", "dip_dir": "90", "lower_seis_depth": "(20.0,,)", "name": "Rokugo", "net_slip_rate": "(0.56,,0.60)", "slip_type": "Reverse", "upper_seis_depth": "(0.0,,)", "downthrown_side_id": null, "reference": null, "epistemic_quality": null, "accuracy": null, "activity_confidence": "1", "fs_name": "Furano", "last_movement": null, "downthrown_side_dir": "233", "vert_sep_rate": "(0.39,,)", "strike_slip_rate": null, "exposure_quality": null, "shortening_rate": null, "notes": null, "index_right": 189, "NAME_EN": "Japan" }, "geometry": { "type": "LineString", "coordinates": [ [ 142.47194461, 43.378358951000102 ], [ 142.45307746, 43.355127821000103 ], [ 142.43683095, 43.339309201 ], [ 142.42773278300001, 43.323485822000102 ], [ 142.404082961, 43.291602908000101 ], [ 142.395221231, 43.268409433 ], [ 142.389431941, 43.233688464000103 ], [ 142.383437563, 43.216568345 ], [ 142.378028576, 43.20829817 ], [ 142.368954949, 43.199644918 ], [ 142.352933127, 43.188301762 ] ] } },
{ "type": "Feature", "properties": { "average_dip": "(30.0,,)", "average_rake": null, "catalog_id": "GFE_31421", "catalog_name": "GEM Faulted Earth", "dip_dir": "90", "lower_seis_depth": "(20.0,,)", "name": "Yufutsu", "net_slip_rate": "(0.47,0.47,0.47)", "slip_type": "Reverse", "upper_seis_depth": "(0.0,,)", "downthrown_side_id": null, "reference": null, "epistemic_quality": null, "accuracy": null, "activity_confidence": "1", "fs_name": "Ishikariteichi-toen", "last_movement": "(4292,3045,)", "downthrown_side_dir": "233", "vert_sep_rate": "(0.24, 0.24, 0.23999999999999999)", "strike_slip_rate": null, "exposure_quality": null, "shortening_rate": null, "notes": null, "index_right": 189, "NAME_EN": "Japan" }, "geometry": { "type": "LineString", "coordinates": [ [ 141.715351747999989, 42.8943664 ], [ 141.700036153000013, 42.875265021000097 ], [ 141.679174149, 42.836013749000102 ], [ 141.678316185999989, 42.829395905000098 ], [ 141.681130038, 42.816667533 ], [ 141.687483144, 42.800244114000101 ], [ 141.723872156, 42.740862455000098 ], [ 141.732193841, 42.73073614 ], [ 141.790635461, 42.675491736 ] ] } },
{ "type": "Feature", "properties": { "average_dip": "(30.0,,)", "average_rake": null, "catalog_id": "GFE_31422", "catalog_name": "GEM Faulted Earth", "dip_dir": "270", "lower_seis_depth": "(20.0,,)", "name": "Kuromatsunai", "net_slip_rate": "(1.0,,)", "slip_type": "Reverse", "upper_seis_depth": "(0.0,,)", "downthrown_side_id": null, "reference": null, "epistemic_quality": null, "accuracy": null, "activity_confidence": "1", "fs_name": "Kuromatsunai", "last_movement": "(5735,4691,)", "downthrown_side_dir": "226", "vert_sep_rate": null, "strike_slip_rate": null, "exposure_quality": null, "shortening_rate": null, "notes": null, "index_right": 189, "NAME_EN": "Japan" }, "geometry": { "type": "LineString", "coordinates": [ [ 140.308635245, 42.773864860000103 ], [ 140.313455318, 42.764871112 ], [ 140.31636873, 42.753095644 ], [ 140.316502854, 42.724256428 ], [ 140.323533352999988, 42.701281791 ], [ 140.325528096999989, 42.670645188 ], [ 140.32745698, 42.661481134 ], [ 140.324315174, 42.64567219 ], [ 140.317219552000012, 42.628194958000101 ], [ 140.314794176, 42.6096871190001 ], [ 140.314156699, 42.584286201000097 ], [ 140.321555872, 42.569313261 ], [ 140.347943127, 42.5357111060001 ], [ 140.352735634999988, 42.5230168900001 ], [ 140.352629839, 42.519643298000098 ], [ 140.344488243, 42.508373417 ], [ 140.34288744700001, 42.499213912000101 ], [ 140.337078196, 42.491041728 ], [ 140.3349427, 42.485027872 ], [ 140.335921123, 42.472018582 ], [ 140.334546595, 42.466012271000103 ] ] } },
{ "type": "Feature", "properties": { "average_dip": "(45.0,,)", "average_rake": null, "catalog_id": "GFE_31423", "catalog_name": "GEM Faulted Earth", "dip_dir": "270", "lower_seis_depth": "(20.0,,)", "name": "Adatara", "net_slip_rate": "(0.1,,)", "slip_type": "Reverse", "upper_seis_depth": "(0.0,,)", "downthrown_side_id": null, "reference": null, "epistemic_quality": null, "accuracy": null, "activity_confidence": "1", "fs_name": "Fukushimabonchi-Nagamachi-Rifu", "last_movement": null, "downthrown_side_dir": "226", "vert_sep_rate": null, "strike_slip_rate": null, "exposure_quality": null, "shortening_rate": null, "notes": null, "index_right": 189, "NAME_EN": "Japan" }, "geometry": { "type": "LineString", "coordinates": [ [ 140.353133326, 37.660451487 ], [ 140.350878959999989, 37.650698548 ], [ 140.353753301000012, 37.637580144 ], [ 140.358233381, 37.627178472 ], [ 140.355820891, 37.620464178000098 ], [ 140.3578981, 37.611825234 ], [ 140.352434045, 37.601275296 ], [ 140.354028344999989, 37.591517467000102 ], [ 140.350333923, 37.585764026 ], [ 140.347434717999988, 37.5736123450001 ], [ 140.348713787, 37.569612842 ], [ 140.347427041, 37.566415175 ], [ 140.339233400000012, 37.551871619000103 ], [ 140.33040832, 37.548363773000098 ], [ 140.328149144, 37.534291332000102 ], [ 140.328461495999989, 37.525814318000101 ] ] } },
{ "type": "Feature", "properties": { "average_dip": "(80.0,,)", "average_rake": null, "catalog_id": "GFE_31425", "catalog_name": "GEM Faulted Earth", "dip_dir": "270", "lower_seis_depth": "(20.0,,)", "name": "Namie", "net_slip_rate": "(0.0,,)", "slip_type": "Reverse", "upper_seis_depth": "(0.0,,)", "downthrown_side_id": null, "reference": null, "epistemic_quality": null, "accuracy": null, "activity_confidence": "1", "fs_name": "Futaba", "last_movement": null, "downthrown_side_dir": "226", "vert_sep_rate": null, "strike_slip_rate": null, "exposure_quality": null, "shortening_rate": null, "notes": null, "index_right": 189, "NAME_EN": "Japan" }, "geometry": { "type": "LineString", "coordinates": [ [ 140.901127304999989, 37.655019809000102 ], [ 140.921351042, 37.578736166000098 ], [ 140.944149220000014, 37.465572822000098 ], [ 140.962975132999986, 37.3431204070001 ], [ 140.967309608, 37.302069235 ], [ 140.971013247, 37.280763781000097 ], [ 140.973262291999987, 37.275486449 ], [ 140.957619332, 37.215099913000103 ], [ 140.94719867500001, 37.182562338 ] ] } },
{ "type": "Feature", "properties": { "average_dip": "(45.0,,)", "average_rake": null, "catalog_id": "GFE_31426", "catalog_name": "GEM Faulted Earth", "dip_dir": "90", "lower_seis_depth": "(20.0,,)", "name": "Jorakuji", "net_slip_rate": "(0.3,,)", "slip_type": "Reverse", "upper_seis_depth": "(0.0,,)", "downthrown_side_id": null, "reference": null, "epistemic_quality": null, "accuracy": null, "activity_confidence": "1", "fs_name": "Jorakuji", "last_movement": null, "downthrown_side_dir": "233", "vert_sep_rate": null, "strike_slip_rate": null, "exposure_quality": null, "shortening_rate": null, "notes": null, "index_right": 189, "NAME_EN": "Japan" }, "geometry": { "type": "LineString", "coordinates": [ [ 138.744156974, 37.541727493000103 ], [ 138.738872784, 37.533665287000098 ], [ 138.705297271, 37.4978525390001 ], [ 138.66805272, 37.446933448 ] ] } },
{ "type": "Feature", "properties": { "average_dip": "(90.0,,)", "average_rake": null, "catalog_id": "GFE_31427", "catalog_name": "GEM Faulted Earth", "dip_dir": null, "lower_seis_depth": "(20.0,,)", "name": "Tashirosan", "net_slip_rate": "(0.1,,)", "slip_type": "Dextral", "upper_seis_depth": "(0.0,,)", "downthrown_side_id": null, "reference": null, "epistemic_quality": null, "accuracy": null, "activity_confidence": "1", "fs_name": "Shirakawa", "last_movement": null, "downthrown_side_dir": "227", "vert_sep_rate": null, "strike_slip_rate": null, "exposure_quality": null, "shortening_rate": null, "notes": null, "index_right": 189, "NAME_EN": "Japan" }, "geometry": { "type": "LineString", "coordinates": [ [ 137.173915652, 35.589622869 ], [ 137.194987636, 35.594355851 ], [ 137.210665217000013, 35.595717085 ], [ 137.245023407, 35.5906855160001 ], [ 137.290547463, 35.590019726 ] ] } },
{ "type": "Feature", "properties": { "average_dip": "(90.0,,)", "average_rake": null, "catalog_id": "GFE_31428", "catalog_name": "GEM Faulted Earth", "dip_dir": null, "lower_seis_depth": "(20.0,,)", "name": "Makigahora", "net_slip_rate": "None", "slip_type": "Dextral", "upper_seis_depth": "(0.0,,)", "downthrown_side_id": null, "reference": null, "epistemic_quality": null, "accuracy": null, "activity_confidence": "1", "fs_name": "Makigahora", "last_movement": "(4669,82,)", "downthrown_side_dir": null, "vert_sep_rate": "(0.10500000000000001, 0.07, 0.14)", "strike_slip_rate": "(0.65000000000000002, 0.3, 1.0)", "exposure_quality": null, "shortening_rate": null, "notes": null, "index_right": 189, "NAME_EN": "Japan" }, "geometry": { "type": "LineString", "coordinates": [ [ 137.035622512, 36.0488137030001 ], [ 137.068570328, 36.082690626 ], [ 137.098626720999988, 36.108023461000101 ], [ 137.145626669, 36.132131863 ], [ 137.173619728, 36.144704119 ], [ 137.217934221, 36.1606813940001 ], [ 137.231879767, 36.166658057000099 ], [ 137.24220861, 36.17314757 ] ] } },
{ "type": "Feature", "properties": { "average_dip": "(45.0,,)", "average_rake": null, "catalog_id": "GFE_31429", "catalog_name": "GEM Faulted Earth", "dip_dir": "270", "lower_seis_depth": "(20.0,,)", "name": "Torido", "net_slip_rate": "None", "slip_type": "Reverse", "upper_seis_depth": "(0.0,,)", "downthrown_side_id": null, "reference": null, "epistemic_quality": null, "accuracy": null, "activity_confidence": "1", "fs_name": "Yoro", "last_movement": "(10950,10950,)", "downthrown_side_dir": "226", "vert_sep_rate": "(0.084999999999999992, 0.06, 0.11)", "strike_slip_rate": null, "exposure_quality": null, "shortening_rate": null, "notes": null, "index_right": 189, "NAME_EN": "Japan" }, "geometry": { "type": "LineString", "coordinates": [ [ 136.523172300999988, 34.703626013000097 ], [ 136.518770841, 34.699135418 ], [ 136.515085475, 34.690153349000099 ], [ 136.514162271, 34.669640655000102 ], [ 136.512216625, 34.664333211 ], [ 136.508527131, 34.659020726000101 ], [ 136.504329581, 34.656572904 ], [ 136.499719284, 34.647896778000103 ], [ 136.497968065, 34.629824787000103 ], [ 136.491312810000011, 34.625029172 ], [ 136.479541985, 34.62064639 ], [ 136.477387435, 34.613092195 ], [ 136.473188959, 34.608499616000103 ], [ 136.471956339, 34.600638479000096 ], [ 136.465090425, 34.5865519130001 ], [ 136.466203955, 34.568477988 ], [ 136.476016746999989, 34.556506709000097 ], [ 136.481745904, 34.544667045 ], [ 136.480967127000014, 34.539518450000102 ], [ 136.475733960000014, 34.532311485 ], [ 136.466890471999989, 34.522936165 ], [ 136.459623222, 34.519469386 ], [ 136.457779467, 34.517019619000102 ], [ 136.455522949, 34.508750503 ], [ 136.447224148, 34.494868879000101 ], [ 136.445369027999988, 34.4740401930001 ], [ 136.453136847, 34.459739996000103 ] ] } },
{ "type": "Feature", "properties": { "average_dip": "(45.0,,)", "average_rake": null, "catalog_id": "GFE_31430", "catalog_name": "GEM Faulted Earth", "dip_dir": "270", "lower_seis_depth": "(20.0,,)", "name": "Komono", "net_slip_rate": "None", "slip_type": "Reverse", "upper_seis_depth": "(0.0,,)", "downthrown_side_id": null, "reference": null, "epistemic_quality": null, "accuracy": null, "activity_confidence": "1", "fs_name": "Suzukasanchi-toen", "last_movement": null, "downthrown_side_dir": "226", "vert_sep_rate": "(0.20999999999999999, 0.07, 0.35)", "strike_slip_rate": null, "exposure_quality": null, "shortening_rate": null, "notes": null, "index_right": 189, "NAME_EN": "Japan" }, "geometry": { "type": "LineString", "coordinates": [ [ 136.463552879, 35.089895621 ], [ 136.471137383000013, 35.07030052 ], [ 136.477350769999987, 35.04615879 ], [ 136.475738574, 35.033117657 ], [ 136.478889496, 35.023993787000101 ], [ 136.478681069, 35.019155053000098 ], [ 136.472498026000011, 35.0073772470001 ], [ 136.468934374000014, 34.995229783000099 ], [ 136.462588488, 34.9905399290001 ], [ 136.45450259, 34.979315015000097 ], [ 136.455056051000014, 34.964929667 ], [ 136.452757354, 34.962004945 ], [ 136.451963658000011, 34.955364683 ], [ 136.445745633, 34.950326964000098 ], [ 136.448316409, 34.943112991000099 ], [ 136.442846154, 34.9355247250001 ], [ 136.44236946, 34.928015569 ], [ 136.438009175, 34.918529545000098 ], [ 136.432619765, 34.915129803000099 ], [ 136.419779024, 34.911175947000103 ] ] } },
{ "type": "Feature", "properties": { "average_dip": "(45.0,,)", "average_rake": null, "catalog_id": "GFE_31431", "catalog_name": "GEM Faulted Earth", "dip_dir": "90", "lower_seis_depth": "(20.0,,)", "name": "Katani", "net_slip_rate": "None", "slip_type": "Reverse", "upper_seis_depth": "(0.0,,)", "downthrown_side_id": null, "reference": null, "epistemic_quality": null, "accuracy": null, "activity_confidence": "1", "fs_name": "Ikoma", "last_movement": null, "downthrown_side_dir": "233", "vert_sep_rate": "(0.16500000000000001, 0.08, 0.25)", "strike_slip_rate": null, "exposure_quality": null, "shortening_rate": null, "notes": null, "index_right": 189, "NAME_EN": "Japan" }, "geometry": { "type": "LineString", "coordinates": [ [ 135.720864858, 34.8342042190001 ], [ 135.704756834, 34.817818714000097 ], [ 135.703970225, 34.808417769000101 ], [ 135.701630556999987, 34.804710137 ], [ 135.701446061000013, 34.790479757000099 ], [ 135.691660244, 34.780993612 ], [ 135.688451803, 34.772886462 ], [ 135.657808986, 34.758400402000099 ], [ 135.648192327, 34.743824842 ] ] } },
{ "type": "Feature", "properties": { "average_dip": "(45.0,,)", "average_rake": null, "catalog_id": "GFE_31432", "catalog_name": "GEM Faulted Earth", "dip_dir": "360", "lower_seis_depth": "(20.0,,)", "name": "Negoro", "net_slip_rate": "None", "slip_type": "Dextral", "upper_seis_depth": "(0.0,,)", "downthrown_side_id": null, "reference": null, "epistemic_quality": null, "accuracy": null, "activity_confidence": "1", "fs_name": "Chuokozosen(MTL)", "last_movement": "(1315,1200,)", "downthrown_side_dir": "230", "vert_sep_rate": null, "strike_slip_rate": "(2.6499999999999999, 1.8, 3.5)", "exposure_quality": null, "shortening_rate": null, "notes": null, "index_right": 189, "NAME_EN": "Japan" }, "geometry": { "type": "LineString", "coordinates": [ [ 135.404029495, 34.304120275000102 ], [ 135.353777318999988, 34.291187599000096 ], [ 135.299373415, 34.281087510000098 ], [ 135.284081797, 34.279773311 ], [ 135.217587, 34.268244114 ], [ 135.202452725, 34.267206537 ], [ 135.179065598, 34.261469011 ], [ 135.168039521999987, 34.262759615 ], [ 135.15108905400001, 34.261324395 ], [ 135.121449557, 34.264252393 ], [ 135.064433732999987, 34.258879717000099 ] ] } },
{ "type": "Feature", "properties": { "average_dip": "(90.0,,)", "average_rake": null, "catalog_id": "GFE_31433", "catalog_name": "GEM Faulted Earth", "dip_dir": null, "lower_seis_depth": "(20.0,,)", "name": "Kuresakatoge", "net_slip_rate": "(0.0,,)", "slip_type": "Sinistral", "upper_seis_depth": "(0.0,,)", "downthrown_side_id": null, "reference": null, "epistemic_quality": null, "accuracy": null, "activity_confidence": "1", "fs_name": "Yamasaki", "last_movement": "(1058,405,1082)", "downthrown_side_dir": null, "vert_sep_rate": null, "strike_slip_rate": null, "exposure_quality": null, "shortening_rate": null, "notes": null, "index_right": 189, "NAME_EN": "Japan" }, "geometry": { "type": "LineString", "coordinates": [ [ 134.545287296999987, 34.994655832 ], [ 134.593843012, 34.963720488 ], [ 134.615946396, 34.953302186 ], [ 134.681931967999986, 34.910397610000103 ], [ 134.732058222, 34.889401156000098 ] ] } },
{ "type": "Feature", "properties": { "average_dip": "(60.0,,)", "average_rake": null, "catalog_id": "GFE_31434", "catalog_name": "GEM Faulted Earth", "dip_dir": "180", "lower_seis_depth": "(20.0,,)", "name": "Haneyama", "net_slip_rate": "None", "slip_type": "Normal", "upper_seis_depth": "(0.0,,)", "downthrown_side_id": null, "reference": null, "epistemic_quality": null, "accuracy": null, "activity_confidence": "1", "fs_name": "Beppu-Haneyama", "last_movement": null, "downthrown_side_dir": "230", "vert_sep_rate": "(0.33000000000000002, 0.11, 0.55)", "strike_slip_rate": null, "exposure_quality": null, "shortening_rate": null, "notes": null, "index_right": 189, "NAME_EN": "Japan" }, "geometry": { "type": "LineString", "coordinates": [ [ 131.169593687, 33.2114499240001 ], [ 131.145009932, 33.223554454000102 ], [ 131.102066906, 33.236515507 ], [ 131.078009162, 33.234389044000103 ], [ 131.067711201, 33.236458702 ], [ 131.058533921, 33.2360959170001 ], [ 131.048316637999989, 33.233717930000097 ], [ 131.022749135999987, 33.239282552000098 ], [ 130.991427913, 33.239903265000102 ] ] } },
{ "type": "Feature", "properties": { "average_dip": "(90.0,,)", "average_rake": null, "catalog_id": "GFE_31435", "catalog_name": "GEM Faulted Earth", "dip_dir": null, "lower_seis_depth": "(20.0,,)", "name": "Tsugasai", "net_slip_rate": "(0.1,,)", "slip_type": "Dextral", "upper_seis_depth": "(0.0,,)", "downthrown_side_id": null, "reference": null, "epistemic_quality": null, "accuracy": null, "activity_confidence": "1", "fs_name": "Tsugasai", "last_movement": null, "downthrown_side_dir": null, "vert_sep_rate": null, "strike_slip_rate": null, "exposure_quality": null, "shortening_rate": null, "notes": null, "index_right": 189, "NAME_EN": "Japan" }, "geometry": { "type": "LineString", "coordinates": [ [ 133.235851974000013, 33.616734077 ], [ 133.251316502, 33.620176008 ], [ 133.295787423, 33.624917398 ], [ 133.360530004999987, 33.647910139 ], [ 133.410040914, 33.671584485 ], [ 133.430090927, 33.6786781 ], [ 133.446030274, 33.68672952 ] ] } },
{ "type": "Feature", "properties": { "average_dip": "(90.0,,)", "average_rake": null, "catalog_id": "GFE_31436", "catalog_name": "GEM Faulted Earth", "dip_dir": null, "lower_seis_depth": "(20.0,,)", "name": "Fukuragi", "net_slip_rate": "(0.0,,)", "slip_type": "Dextral", "upper_seis_depth": "(0.0,,)", "downthrown_side_id": null, "reference": null, "epistemic_quality": null, "accuracy": null, "activity_confidence": "1", "fs_name": "Fukuragi", "last_movement": null, "downthrown_side_dir": "233", "vert_sep_rate": null, "strike_slip_rate": null, "exposure_quality": null, "shortening_rate": null, "notes": null, "index_right": 189, "NAME_EN": "Japan" }, "geometry": { "type": "LineString", "coordinates": [ [ 131.70620616, 33.011674056000103 ], [ 131.722535619000013, 33.022939137 ], [ 131.737988626, 33.037656319000099 ], [ 131.761264711, 33.067837742000101 ], [ 131.773797045, 33.087749722000098 ] ] } },
{ "type": "Feature", "properties": { "average_dip": "(45.0,,)", "average_rake": null, "catalog_id": "GFE_41050", "catalog_name": "GEM Faulted Earth", "dip_dir": "360", "lower_seis_depth": "(20.0,,)", "name": "Sukumo", "net_slip_rate": "(0.0,,)", "slip_type": "Reverse", "upper_seis_depth": "(0.0,,)", "downthrown_side_id": null, "reference": null, "epistemic_quality": null, "accuracy": null, "activity_confidence": "1", "fs_name": "Sukumo", "last_movement": null, "downthrown_side_dir": "230", "vert_sep_rate": null, "strike_slip_rate": null, "exposure_quality": null, "shortening_rate": null, "notes": null, "index_right": 189, "NAME_EN": "Japan" }, "geometry": { "type": "LineString", "coordinates": [ [ 132.645360278999988, 32.924294524000103 ], [ 132.681384781, 32.935497981 ], [ 132.689641916, 32.9403386 ], [ 132.716258652, 32.937281481000099 ], [ 132.734116734999986, 32.949328479 ] ] } },
{ "type": "Feature", "properties": { "average_dip": "(90.0,,)", "average_rake": null, "catalog_id": "GFE_41065", "catalog_name": "GEM Faulted Earth", "dip_dir": null, "lower_seis_depth": "(20.0,,)", "name": "Daguchi", "net_slip_rate": "(0.3,,)", "slip_type": "Dextral", "upper_seis_depth": "(0.0,,)", "downthrown_side_id": null, "reference": null, "epistemic_quality": null, "accuracy": null, "activity_confidence": "1", "fs_name": "Chihara", "last_movement": "(514,322,)", "downthrown_side_dir": null, "vert_sep_rate": null, "strike_slip_rate": null, "exposure_quality": null, "shortening_rate": null, "notes": null, "index_right": 189, "NAME_EN": "Japan" }, "geometry": { "type": "LineString", "coordinates": [ [ 136.046032186, 35.519728357000098 ], [ 136.049607735, 35.523505009000097 ], [ 136.068552698, 35.5336982910001 ], [ 136.074103977, 35.540156681 ], [ 136.087522455999988, 35.549516927000099 ], [ 136.097148168, 35.561704756 ], [ 136.107671471, 35.583059553000098 ] ] } },
{ "type": "Feature", "properties": { "average_dip": "(45.0,,)", "average_rake": null, "catalog_id": "GFE_41066", "catalog_name": "GEM Faulted Earth", "dip_dir": "90", "lower_seis_depth": "(20.0,,)", "name": "Taketoyo", "net_slip_rate": "(0.1,,)", "slip_type": "Reverse", "upper_seis_depth": "(0.0,,)", "downthrown_side_id": null, "reference": null, "epistemic_quality": null, "accuracy": null, "activity_confidence": "1", "fs_name": "Taketoyo", "last_movement": null, "downthrown_side_dir": "233", "vert_sep_rate": null, "strike_slip_rate": null, "exposure_quality": null, "shortening_rate": null, "notes": null, "index_right": 189, "NAME_EN": "Japan" }, "geometry": { "type": "LineString", "coordinates": [ [ 136.830906602, 34.928896815 ], [ 136.832588727, 34.921302719 ], [ 136.837798542, 34.913787699000103 ], [ 136.840072945, 34.90138984 ], [ 136.846298521, 34.8874472890001 ], [ 136.856595145999989, 34.876015152 ], [ 136.889304151, 34.855379579 ], [ 136.900507850999986, 34.836509992000103 ], [ 136.904455248, 34.815714447000097 ], [ 136.908611871, 34.778812415000097 ], [ 136.918039058, 34.731527321 ], [ 136.923915942, 34.720443718000098 ], [ 136.928783689, 34.715680376000101 ] ] } },
{ "type": "Feature", "properties": { "average_dip": "(60.0,,)", "average_rake": null, "catalog_id": "GFE_41068", "catalog_name": "GEM Faulted Earth", "dip_dir": "270", "lower_seis_depth": "(20.0,,)", "name": "Ho-osan", "net_slip_rate": "(0.0,,)", "slip_type": "Normal", "upper_seis_depth": "(0.0,,)", "downthrown_side_id": null, "reference": null, "epistemic_quality": null, "accuracy": null, "activity_confidence": "1", "fs_name": "Itoshizusen", "last_movement": null, "downthrown_side_dir": "233", "vert_sep_rate": null, "strike_slip_rate": null, "exposure_quality": null, "shortening_rate": null, "notes": null, "index_right": 189, "NAME_EN": "Japan" }, "geometry": { "type": "LineString", "coordinates": [ [ 138.358338235, 35.710793006000102 ], [ 138.352534275000011, 35.696854444000103 ], [ 138.347594472, 35.676211861000098 ], [ 138.341775338, 35.662778687000099 ], [ 138.339502695, 35.6533326 ], [ 138.326997920999986, 35.633639983000101 ], [ 138.318861994, 35.598034825000099 ], [ 138.31073271, 35.571633619000103 ], [ 138.309201507000012, 35.554296551 ] ] } },
{ "type": "Feature", "properties": { "average_dip": "(90.0,,)", "average_rake": null, "catalog_id": "GFE_41069", "catalog_name": "GEM Faulted Earth", "dip_dir": null, "lower_seis_depth": "(20.0,,)", "name": "Minamishitaura", "net_slip_rate": "None", "slip_type": "Dextral", "upper_seis_depth": "(0.0,,)", "downthrown_side_id": null, "reference": null, "epistemic_quality": null, "accuracy": null, "activity_confidence": "1", "fs_name": "Minamishitaura", "last_movement": "(25945,21945,)", "downthrown_side_dir": "227", "vert_sep_rate": "(0.060000000000000005, 0.02, 0.1)", "strike_slip_rate": "(0.69999999999999996, 0.2, 1.2)", "exposure_quality": null, "shortening_rate": null, "notes": null, "index_right": 189, "NAME_EN": "Japan" }, "geometry": { "type": "LineString", "coordinates": [ [ 139.616735197, 35.1843573250001 ], [ 139.633319185, 35.178846589 ], [ 139.642081595, 35.173982377000101 ], [ 139.658755031, 35.160646458 ], [ 139.670595698, 35.15739977 ], [ 139.675706212, 35.158790748000101 ] ] } },
{ "type": "Feature", "properties": { "average_dip": "(45.0,,)", "average_rake": null, "catalog_id": "GFE_41127", "catalog_name": "GEM Faulted Earth", "dip_dir": "270", "lower_seis_depth": "(20.0,,)", "name": "Hanamaki", "net_slip_rate": "None", "slip_type": "Reverse", "upper_seis_depth": "(0.0,,)", "downthrown_side_id": null, "reference": null, "epistemic_quality": null, "accuracy": null, "activity_confidence": "1", "fs_name": "Hanamaki-Kitakaminishi", "last_movement": "(4216,4015,)", "downthrown_side_dir": "226", "vert_sep_rate": "(0.42000000000000004, 0.34, 0.5)", "strike_slip_rate": null, "exposure_quality": null, "shortening_rate": null, "notes": null, "index_right": 189, "NAME_EN": "Japan" }, "geometry": { "type": "LineString", "coordinates": [ [ 141.070883310999989, 39.675976472000102 ], [ 141.074077877, 39.65924554 ], [ 141.081464200999989, 39.639979032 ], [ 141.079028845000011, 39.611697288000101 ], [ 141.081453110000012, 39.602230476 ], [ 141.083979792, 39.564478994000098 ], [ 141.086955945999989, 39.556222055 ], [ 141.104714898999987, 39.545970797000102 ], [ 141.112433824, 39.533968442000102 ], [ 141.109007272000014, 39.511190017 ], [ 141.113859249, 39.503151108000097 ], [ 141.113637446000013, 39.499629515 ], [ 141.10105465800001, 39.477629721 ], [ 141.102485953000013, 39.469263747000099 ], [ 141.09255421200001, 39.461569352 ], [ 141.086153233, 39.4524402320001 ], [ 141.075230364, 39.449038302000098 ], [ 141.061547123, 39.437934195 ], [ 141.059887100999987, 39.421317097 ], [ 141.053375998, 39.414829663 ], [ 141.049953617, 39.40844931 ], [ 141.038367147, 39.398224162000098 ], [ 141.01850626, 39.390868429000101 ], [ 141.002728839000014, 39.3870304060001 ], [ 140.992020143, 39.379762938000098 ], [ 140.98836973600001, 39.37430547 ], [ 140.989036546, 39.356869537000101 ], [ 140.976147097, 39.348476136 ], [ 140.967365752, 39.330705959000099 ], [ 140.967999889, 39.326826434000097 ], [ 140.97292692100001, 39.319276145000103 ], [ 140.971722979, 39.316688841 ], [ 140.963993710000011, 39.311927920000102 ], [ 140.957942837, 39.305389649000098 ] ] } },
{ "type": "Feature", "properties": { "average_dip": "(45.0,,)", "average_rake": null, "catalog_id": "GFE_41128", "catalog_name": "GEM Faulted Earth", "dip_dir": "360", "lower_seis_depth": "(20.0,,)", "name": "Furumi", "net_slip_rate": "(0.1,,)", "slip_type": "Reverse", "upper_seis_depth": "(0.0,,)", "downthrown_side_id": null, "reference": null, "epistemic_quality": null, "accuracy": null, "activity_confidence": "1", "fs_name": "Tokamachi", "last_movement": null, "downthrown_side_dir": "230", "vert_sep_rate": null, "strike_slip_rate": null, "exposure_quality": null, "shortening_rate": null, "notes": null, "index_right": 189, "NAME_EN": "Japan" }, "geometry": { "type": "LineString", "coordinates": [ [ 138.309549548, 36.888249611 ], [ 138.30216440800001, 36.883064016 ], [ 138.296288266, 36.874697828000102 ], [ 138.291755814, 36.871017133000102 ], [ 138.259866287, 36.854459205000097 ], [ 138.244089869, 36.849610349 ], [ 138.228142307000013, 36.852253076000103 ], [ 138.219784266, 36.849738441000099 ], [ 138.207333713, 36.834392139 ], [ 138.183162522, 36.8174964560001 ] ] } },
{ "type": "Feature", "properties": { "average_dip": "(90.0,,)", "average_rake": null, "catalog_id": "GFE_41129", "catalog_name": "GEM Faulted Earth", "dip_dir": null, "lower_seis_depth": "(20.0,,)", "name": "Oshika", "net_slip_rate": "(0.0,,)", "slip_type": "Dextral", "upper_seis_depth": "(0.0,,)", "downthrown_side_id": null, "reference": null, "epistemic_quality": null, "accuracy": null, "activity_confidence": "1", "fs_name": "Chuokozosen(Akaishi)", "last_movement": null, "downthrown_side_dir": null, "vert_sep_rate": null, "strike_slip_rate": null, "exposure_quality": null, "shortening_rate": null, "notes": null, "index_right": 189, "NAME_EN": "Japan" }, "geometry": { "type": "LineString", "coordinates": [ [ 138.115075741999988, 35.931015611000099 ], [ 138.106786258999989, 35.910484745000097 ], [ 138.092762306999987, 35.863275781 ], [ 138.088243914, 35.857732299000098 ], [ 138.084613370999989, 35.828205579 ], [ 138.085958776000012, 35.814715154000098 ], [ 138.085320988, 35.758807520000097 ], [ 138.081854623, 35.7501154240001 ], [ 138.080343164, 35.739474599000097 ], [ 138.072959397, 35.724039171000101 ], [ 138.069037318999989, 35.708902798000103 ], [ 138.06116481, 35.635610953 ], [ 138.030547632, 35.526206633000101 ], [ 138.013668593, 35.486643706000102 ], [ 137.997400016, 35.459820345 ] ] } },
{ "type": "Feature", "properties": { "average_dip": "(90.0,,)", "average_rake": null, "catalog_id": "GFE_41130", "catalog_name": "GEM Faulted Earth", "dip_dir": null, "lower_seis_depth": "(20.0,,)", "name": "Sanageyama-kita", "net_slip_rate": "(0.31,,)", "slip_type": "Dextral", "upper_seis_depth": "(0.0,,)", "downthrown_side_id": null, "reference": null, "epistemic_quality": null, "accuracy": null, "activity_confidence": "1", "fs_name": "Sanageyama", "last_movement": "(3443,1755,)", "downthrown_side_dir": "226", "vert_sep_rate": null, "strike_slip_rate": null, "exposure_quality": null, "shortening_rate": null, "notes": null, "index_right": 189, "NAME_EN": "Japan" }, "geometry": { "type": "LineString", "coordinates": [ [ 137.099913057, 35.183285428 ], [ 137.128747049, 35.191952982 ], [ 137.159497787, 35.213216483000103 ], [ 137.196319659000011, 35.247161299 ], [ 137.25812056, 35.312925556 ], [ 137.275621562, 35.325890511000097 ] ] } },
{ "type": "Feature", "properties": { "average_dip": "(45.0,,)", "average_rake": null, "catalog_id": "GFE_41131", "catalog_name": "GEM Faulted Earth", "dip_dir": "270", "lower_seis_depth": "(20.0,,)", "name": "Isurugi", "net_slip_rate": "(0.5,,)", "slip_type": "Reverse", "upper_seis_depth": "(0.0,,)", "downthrown_side_id": null, "reference": null, "epistemic_quality": null, "accuracy": null, "activity_confidence": "1", "fs_name": "Isurugi", "last_movement": null, "downthrown_side_dir": "226", "vert_sep_rate": null, "strike_slip_rate": null, "exposure_quality": null, "shortening_rate": null, "notes": null, "index_right": 189, "NAME_EN": "Japan" }, "geometry": { "type": "LineString", "coordinates": [ [ 136.950581948, 36.751291275 ], [ 136.930728441000014, 36.737894592 ], [ 136.903788371, 36.706343485 ], [ 136.879315558, 36.6928682610001 ], [ 136.863775627, 36.675180923 ], [ 136.855542584, 36.66937239 ], [ 136.848814659, 36.657098646000101 ], [ 136.848917813000014, 36.652897137 ], [ 136.845879321000012, 36.646759773 ], [ 136.825618708, 36.631592024 ] ] } },
{ "type": "Feature", "properties": { "average_dip": "(45.0,,)", "average_rake": null, "catalog_id": "GFE_41132", "catalog_name": "GEM Faulted Earth", "dip_dir": "360", "lower_seis_depth": "(20.0,,)", "name": "Ano", "net_slip_rate": "None", "slip_type": "Reverse", "upper_seis_depth": "(0.0,,)", "downthrown_side_id": null, "reference": null, "epistemic_quality": null, "accuracy": null, "activity_confidence": "1", "fs_name": "Nunobikisanchi-toen", "last_movement": null, "downthrown_side_dir": "230", "vert_sep_rate": "(0.075000000000000011, 0.05, 0.1)", "strike_slip_rate": null, "exposure_quality": null, "shortening_rate": null, "notes": null, "index_right": 189, "NAME_EN": "Japan" }, "geometry": { "type": "LineString", "coordinates": [ [ 136.437542697999987, 34.762338304 ], [ 136.442295121, 34.766996887000097 ], [ 136.455853192, 34.7736760760001 ], [ 136.469513501, 34.774147723000098 ], [ 136.482317290999987, 34.776880718 ], [ 136.497215755000013, 34.7837082980001 ] ] } },
{ "type": "Feature", "properties": { "average_dip": null, "average_rake": null, "catalog_id": "GFE_41133", "catalog_name": "GEM Faulted Earth", "dip_dir": null, "lower_seis_depth": "(20.0,,)", "name": "Oyabu-Tsushima", "net_slip_rate": "(0.0,,)", "slip_type": null, "upper_seis_depth": "(0.0,,)", "downthrown_side_id": null, "reference": null, "epistemic_quality": null, "accuracy": null, "activity_confidence": "1", "fs_name": "Tsushima", "last_movement": null, "downthrown_side_dir": null, "vert_sep_rate": null, "strike_slip_rate": null, "exposure_quality": null, "shortening_rate": null, "notes": null, "index_right": 189, "NAME_EN": "Japan" }, "geometry": { "type": "LineString", "coordinates": [ [ 136.619556452000012, 35.307159569000099 ], [ 136.661074877, 35.250202086000101 ], [ 136.712785237, 35.170371455000101 ] ] } },
{ "type": "Feature", "properties": { "average_dip": "(60.0,,)", "average_rake": null, "catalog_id": "GFE_41134", "catalog_name": "GEM Faulted Earth", "dip_dir": "270", "lower_seis_depth": "(20.0,,)", "name": "Yasukeyama", "net_slip_rate": "(0.0,,)", "slip_type": "Reverse", "upper_seis_depth": "(0.0,,)", "downthrown_side_id": null, "reference": null, "epistemic_quality": null, "accuracy": null, "activity_confidence": "1", "fs_name": "Yamada", "last_movement": null, "downthrown_side_dir": "226", "vert_sep_rate": null, "strike_slip_rate": null, "exposure_quality": null, "shortening_rate": null, "notes": null, "index_right": 189, "NAME_EN": "Japan" }, "geometry": { "type": "LineString", "coordinates": [ [ 135.238223497, 35.668994977000096 ], [ 135.234195166, 35.6602019 ], [ 135.226579814, 35.632637909 ], [ 135.218827033999986, 35.61756747 ], [ 135.218093497000012, 35.606240762 ], [ 135.212190539, 35.591548322000101 ] ] } },
{ "type": "Feature", "properties": { "average_dip": "(45.0,,)", "average_rake": null, "catalog_id": "GFE_41135", "catalog_name": "GEM Faulted Earth", "dip_dir": "90", "lower_seis_depth": "(20.0,,)", "name": "Ide", "net_slip_rate": "(0.0,,)", "slip_type": "Reverse", "upper_seis_depth": "(0.0,,)", "downthrown_side_id": null, "reference": null, "epistemic_quality": null, "accuracy": null, "activity_confidence": "1", "fs_name": "Narabonchi-toen", "last_movement": null, "downthrown_side_dir": "233", "vert_sep_rate": null, "strike_slip_rate": null, "exposure_quality": null, "shortening_rate": null, "notes": null, "index_right": 189, "NAME_EN": "Japan" }, "geometry": { "type": "LineString", "coordinates": [ [ 135.813878571, 34.895901349 ], [ 135.806811262, 34.829239051000101 ], [ 135.807974631, 34.822131633 ], [ 135.811178543000011, 34.816535346000101 ], [ 135.810177587999988, 34.807663321000099 ], [ 135.818378646000014, 34.795179951000101 ], [ 135.817568078, 34.78467413 ], [ 135.82099709900001, 34.775310278000099 ], [ 135.819159456, 34.769600886 ], [ 135.820645463, 34.765603377 ], [ 135.820182711, 34.759551056000099 ], [ 135.827430213000014, 34.737512810000098 ], [ 135.826347119, 34.731915350000101 ], [ 135.818433144000011, 34.722209272 ] ] } },
{ "type": "Feature", "properties": { "average_dip": "(90.0,,)", "average_rake": null, "catalog_id": "GFE_41136", "catalog_name": "GEM Faulted Earth", "dip_dir": null, "lower_seis_depth": "(20.0,,)", "name": "Chuzenji", "net_slip_rate": "(0.0,,)", "slip_type": "Sinistral", "upper_seis_depth": "(0.0,,)", "downthrown_side_id": null, "reference": null, "epistemic_quality": null, "accuracy": null, "activity_confidence": "1", "fs_name": "Gomura", "last_movement": null, "downthrown_side_dir": "226", "vert_sep_rate": null, "strike_slip_rate": null, "exposure_quality": null, "shortening_rate": null, "notes": null, "index_right": 189, "NAME_EN": "Japan" }, "geometry": { "type": "LineString", "coordinates": [ [ 135.049983706, 35.685462666 ], [ 135.076127797999987, 35.616208292000103 ] ] } },
{ "type": "Feature", "properties": { "average_dip": "(90.0,,)", "average_rake": null, "catalog_id": "GFE_41139", "catalog_name": "GEM Faulted Earth", "dip_dir": null, "lower_seis_depth": "(20.0,,)", "name": "Akuigawa", "net_slip_rate": "(0.0,,)", "slip_type": "Dextral", "upper_seis_depth": "(0.0,,)", "downthrown_side_id": null, "reference": null, "epistemic_quality": null, "accuracy": null, "activity_confidence": "1", "fs_name": "Akuigawa", "last_movement": null, "downthrown_side_dir": "227", "vert_sep_rate": null, "strike_slip_rate": null, "exposure_quality": null, "shortening_rate": null, "notes": null, "index_right": 189, "NAME_EN": "Japan" }, "geometry": { "type": "LineString", "coordinates": [ [ 134.168900686, 33.907567856000099 ], [ 134.214879993000011, 33.928134517 ], [ 134.265393166, 33.939456048000103 ], [ 134.284617228, 33.948040772000098 ], [ 134.329257829999989, 33.962913055000101 ], [ 134.350183789, 33.968018033000099 ], [ 134.375742243, 33.978658282 ], [ 134.417891729, 34.0041583060001 ], [ 134.451223495, 34.013672955000096 ], [ 134.476664815, 34.027613929 ] ] } },
{ "type": "Feature", "properties": { "average_dip": "(90.0,,)", "average_rake": null, "catalog_id": "GFE_41140", "catalog_name": "GEM Faulted Earth", "dip_dir": null, "lower_seis_depth": "(20.0,,)", "name": "Tsunatsukimori", "net_slip_rate": "(0.1,,)", "slip_type": "Dextral", "upper_seis_depth": "(0.0,,)", "downthrown_side_id": null, "reference": null, "epistemic_quality": null, "accuracy": null, "activity_confidence": "1", "fs_name": "Tsunatsukimori", "last_movement": null, "downthrown_side_dir": "230", "vert_sep_rate": null, "strike_slip_rate": null, "exposure_quality": null, "shortening_rate": null, "notes": null, "index_right": 189, "NAME_EN": "Japan" }, "geometry": { "type": "LineString", "coordinates": [ [ 133.858144928, 33.783362280000098 ], [ 133.923208533, 33.8046902500001 ], [ 133.963261491999987, 33.821203233000098 ] ] } },
{ "type": "Feature", "properties": { "average_dip": "(60.0,,)", "average_rake": null, "catalog_id": "GFE_41141", "catalog_name": "GEM Faulted Earth", "dip_dir": "270", "lower_seis_depth": "(20.0,,)", "name": "Kamine", "net_slip_rate": "(0.1,,)", "slip_type": "Reverse", "upper_seis_depth": "(0.0,,)", "downthrown_side_id": null, "reference": null, "epistemic_quality": null, "accuracy": null, "activity_confidence": "1", "fs_name": "Kamine", "last_movement": null, "downthrown_side_dir": "226", "vert_sep_rate": null, "strike_slip_rate": null, "exposure_quality": null, "shortening_rate": null, "notes": null, "index_right": 189, "NAME_EN": "Japan" }, "geometry": { "type": "LineString", "coordinates": [ [ 132.514536892, 34.52992934 ], [ 132.551506548, 34.5632432620001 ], [ 132.577030648, 34.582893525 ], [ 132.61517471, 34.631936655000104 ] ] } },
{ "type": "Feature", "properties": { "average_dip": "(45.0,,)", "average_rake": null, "catalog_id": "GFE_41152", "catalog_name": "GEM Faulted Earth", "dip_dir": "360", "lower_seis_depth": "(20.0,,)", "name": "Togakushiyama", "net_slip_rate": "(0.3,,)", "slip_type": "Reverse", "upper_seis_depth": "(0.0,,)", "downthrown_side_id": null, "reference": null, "epistemic_quality": null, "accuracy": null, "activity_confidence": "1", "fs_name": "Togakushiyama", "last_movement": null, "downthrown_side_dir": "230", "vert_sep_rate": null, "strike_slip_rate": null, "exposure_quality": null, "shortening_rate": null, "notes": null, "index_right": 189, "NAME_EN": "Japan" }, "geometry": { "type": "LineString", "coordinates": [ [ 137.994816643, 36.728812768000097 ], [ 138.02378565, 36.739965236 ], [ 138.064170141, 36.7638065370001 ], [ 138.079535262, 36.776932423000098 ], [ 138.09248738, 36.795311638 ] ] } },
{ "type": "Feature", "properties": { "average_dip": "(60.0,,)", "average_rake": null, "catalog_id": "GFE_41143", "catalog_name": "GEM Faulted Earth", "dip_dir": "90", "lower_seis_depth": "(20.0,,)", "name": "Hinoemata", "net_slip_rate": "(0.0,,)", "slip_type": "Reverse", "upper_seis_depth": "(0.0,,)", "downthrown_side_id": null, "reference": null, "epistemic_quality": null, "accuracy": null, "activity_confidence": "1", "fs_name": "Hinoemata", "last_movement": null, "downthrown_side_dir": "233", "vert_sep_rate": null, "strike_slip_rate": null, "exposure_quality": null, "shortening_rate": null, "notes": null, "index_right": 189, "NAME_EN": "Japan" }, "geometry": { "type": "LineString", "coordinates": [ [ 139.419963048, 37.140858364000103 ], [ 139.410706882999989, 37.116764888 ], [ 139.406483293, 37.092334588 ], [ 139.397903873, 37.0727586080001 ], [ 139.395375513, 37.062886676000097 ], [ 139.382947034000011, 37.052517531 ], [ 139.376058002, 37.043819344 ], [ 139.348847438, 37.01856351 ] ] } },
{ "type": "Feature", "properties": { "average_dip": "(45.0,,)", "average_rake": null, "catalog_id": "GFE_41145", "catalog_name": "GEM Faulted Earth", "dip_dir": "270", "lower_seis_depth": "(20.0,,)", "name": "Tsukioka", "net_slip_rate": "None", "slip_type": "Reverse", "upper_seis_depth": "(0.0,,)", "downthrown_side_id": null, "reference": null, "epistemic_quality": null, "accuracy": null, "activity_confidence": "1", "fs_name": "Tsukioka", "last_movement": "(6453,5468,)", "downthrown_side_dir": "226", "vert_sep_rate": "(0.34999999999999998, 0.31, 0.39)", "strike_slip_rate": null, "exposure_quality": null, "shortening_rate": null, "notes": null, "index_right": 189, "NAME_EN": "Japan" }, "geometry": { "type": "LineString", "coordinates": [ [ 139.320529914, 37.917089666 ], [ 139.317029549000011, 37.887157054000099 ], [ 139.30689546, 37.864092457 ], [ 139.304560226, 37.851393871 ], [ 139.299752049, 37.8423227930001 ], [ 139.294556238000013, 37.825736578 ], [ 139.289226923, 37.820813003000097 ], [ 139.286110716, 37.809021288000103 ], [ 139.275323434, 37.791528024000101 ], [ 139.272462233, 37.777706043000101 ], [ 139.263499566, 37.76664859 ], [ 139.261165466, 37.750840363000101 ], [ 139.257267125999988, 37.743584099 ] ] } },
{ "type": "Feature", "properties": { "average_dip": null, "average_rake": null, "catalog_id": "GFE_41146", "catalog_name": "GEM Faulted Earth", "dip_dir": null, "lower_seis_depth": "(20.0,,)", "name": "Adogawa-oki", "net_slip_rate": "(0.0,,)", "slip_type": null, "upper_seis_depth": "(0.0,,)", "downthrown_side_id": null, "reference": null, "epistemic_quality": null, "accuracy": null, "activity_confidence": "1", "fs_name": "Adogawa-oki", "last_movement": null, "downthrown_side_dir": null, "vert_sep_rate": null, "strike_slip_rate": null, "exposure_quality": null, "shortening_rate": null, "notes": null, "index_right": 189, "NAME_EN": "Japan" }, "geometry": { "type": "LineString", "coordinates": [ [ 136.152665926, 35.515791371 ], [ 136.124787013, 35.490330122 ], [ 136.11539582, 35.475351890000098 ], [ 136.094519974, 35.462185134 ], [ 136.080157657, 35.458444693 ], [ 136.073778079, 35.454447526 ], [ 136.067499801, 35.449712919 ], [ 136.056732353, 35.432866597 ], [ 136.055552801, 35.4232356750001 ], [ 136.063755949000011, 35.398831673000103 ], [ 136.068193509, 35.372174839 ], [ 136.08379994500001, 35.349439821 ], [ 136.08633569, 35.343500999000099 ], [ 136.089536294999988, 35.325423713000099 ], [ 136.088883509, 35.321009204000099 ] ] } },
{ "type": "Feature", "properties": { "average_dip": "(90.0,,)", "average_rake": null, "catalog_id": "GFE_41147", "catalog_name": "GEM Faulted Earth", "dip_dir": null, "lower_seis_depth": "(20.0,,)", "name": "Funaki", "net_slip_rate": "(0.0,,)", "slip_type": "Sinistral", "upper_seis_depth": "(0.0,,)", "downthrown_side_id": null, "reference": null, "epistemic_quality": null, "accuracy": null, "activity_confidence": "1", "fs_name": "Funaki", "last_movement": null, "downthrown_side_dir": "230", "vert_sep_rate": null, "strike_slip_rate": null, "exposure_quality": null, "shortening_rate": null, "notes": null, "index_right": 189, "NAME_EN": "Japan" }, "geometry": { "type": "LineString", "coordinates": [ [ 132.826982686, 34.500705255000099 ], [ 132.851545937999987, 34.485798491 ], [ 132.88466741900001, 34.471033890000101 ], [ 132.920784512000012, 34.460227897 ], [ 132.966402925000011, 34.443875743 ], [ 132.999620181000012, 34.436313315000099 ] ] } },
{ "type": "Feature", "properties": { "average_dip": "(30.0,,)", "average_rake": null, "catalog_id": "GFE_41148", "catalog_name": "GEM Faulted Earth", "dip_dir": "90", "lower_seis_depth": "(20.0,,)", "name": "Umaoi", "net_slip_rate": "None", "slip_type": "Reverse", "upper_seis_depth": "(0.0,,)", "downthrown_side_id": null, "reference": null, "epistemic_quality": null, "accuracy": null, "activity_confidence": "1", "fs_name": "Ishikariteichi-toen", "last_movement": "(211,82,)", "downthrown_side_dir": "233", "vert_sep_rate": "(1.1499999999999999, 0.8, 1.5)", "strike_slip_rate": null, "exposure_quality": null, "shortening_rate": null, "notes": null, "index_right": 189, "NAME_EN": "Japan" }, "geometry": { "type": "LineString", "coordinates": [ [ 141.888508408, 43.323971762 ], [ 141.879350854, 43.314323636 ], [ 141.873372228, 43.301100052 ], [ 141.868045883, 43.294556372 ], [ 141.850955051999989, 43.288457881000099 ], [ 141.838086733000011, 43.281029333 ], [ 141.804916361000011, 43.255796315000097 ], [ 141.788053577999989, 43.228957033 ], [ 141.782345497, 43.222612618 ], [ 141.770655076999986, 43.1982822 ], [ 141.751516815, 43.150012456000098 ], [ 141.744720619, 43.114562554 ], [ 141.740066899, 43.100675093000099 ], [ 141.715098937, 43.055984718 ], [ 141.713228998, 43.041433429000101 ], [ 141.709244761, 43.034954087000102 ], [ 141.710032189, 43.026751112000099 ], [ 141.707634168, 43.014316548000103 ], [ 141.707357895, 43.002806941000102 ], [ 141.714385215, 42.940365461000098 ], [ 141.71353332000001, 42.9206791390001 ], [ 141.717146065, 42.902910419000101 ], [ 141.721116437, 42.890751028000103 ], [ 141.728482533, 42.878002820000098 ], [ 141.752461256, 42.846186474 ], [ 141.759248022, 42.839751478 ], [ 141.761803123, 42.817659247000101 ], [ 141.764605395, 42.808890404000103 ], [ 141.76435256900001, 42.789840710000099 ], [ 141.766915173, 42.775929483 ], [ 141.770772327, 42.767510632 ], [ 141.792175211999989, 42.736866053 ] ] } },
{ "type": "Feature", "properties": { "average_dip": "(45.0,,)", "average_rake": null, "catalog_id": "GFE_41149", "catalog_name": "GEM Faulted Earth", "dip_dir": "270", "lower_seis_depth": "(20.0,,)", "name": "Noheji", "net_slip_rate": "(0.22,,0.30)", "slip_type": "Reverse", "upper_seis_depth": "(0.0,,)", "downthrown_side_id": null, "reference": null, "epistemic_quality": null, "accuracy": null, "activity_confidence": "1", "fs_name": "Noheji", "last_movement": null, "downthrown_side_dir": "226", "vert_sep_rate": "(0.16,,)", "strike_slip_rate": null, "exposure_quality": null, "shortening_rate": null, "notes": null, "index_right": 189, "NAME_EN": "Japan" }, "geometry": { "type": "LineString", "coordinates": [ [ 141.07170179100001, 40.871716668 ], [ 141.072364185999987, 40.863262698 ], [ 141.080942962, 40.853101177 ], [ 141.086178456999988, 40.835148483000097 ], [ 141.091020945999986, 40.799335906000103 ], [ 141.093653297, 40.792391403000103 ], [ 141.106099685, 40.776923156000102 ], [ 141.109069457, 40.765595755 ], [ 141.108862597000012, 40.7573454670001 ], [ 141.09917801, 40.7284616110001 ], [ 141.098329012, 40.718742846000097 ], [ 141.102280627999988, 40.692971936 ] ] } },
{ "type": "Feature", "properties": { "average_dip": "(45.0,,)", "average_rake": null, "catalog_id": "GFE_41150", "catalog_name": "GEM Faulted Earth", "dip_dir": "270", "lower_seis_depth": "(20.0,,)", "name": "Kotaki", "net_slip_rate": "(0.3,,)", "slip_type": "Reverse", "upper_seis_depth": "(0.0,,)", "downthrown_side_id": null, "reference": null, "epistemic_quality": null, "accuracy": null, "activity_confidence": "1", "fs_name": "Kotaki", "last_movement": null, "downthrown_side_dir": "226", "vert_sep_rate": null, "strike_slip_rate": null, "exposure_quality": null, "shortening_rate": null, "notes": null, "index_right": 189, "NAME_EN": "Japan" }, "geometry": { "type": "LineString", "coordinates": [ [ 139.937993584, 39.252437752 ], [ 139.943665754, 39.217675016 ], [ 139.937737365, 39.1682686790001 ], [ 139.941536715000012, 39.159988752000103 ], [ 139.94474025, 39.142898858000102 ] ] } },
{ "type": "Feature", "properties": { "average_dip": null, "average_rake": null, "catalog_id": "GFE_41151", "catalog_name": "GEM Faulted Earth", "dip_dir": null, "lower_seis_depth": "(20.0,,)", "name": "Tokyowan-hokuen", "net_slip_rate": "(0.0,,)", "slip_type": null, "upper_seis_depth": "(0.0,,)", "downthrown_side_id": null, "reference": null, "epistemic_quality": null, "accuracy": null, "activity_confidence": "1", "fs_name": "Tokyowan-hokuen", "last_movement": null, "downthrown_side_dir": null, "vert_sep_rate": null, "strike_slip_rate": null, "exposure_quality": null, "shortening_rate": null, "notes": null, "index_right": 189, "NAME_EN": "Japan" }, "geometry": { "type": "LineString", "coordinates": [ [ 139.957942787, 35.725596465 ], [ 140.132836891000011, 35.604274854 ] ] } },
{ "type": "Feature", "properties": { "average_dip": "(45.0,,)", "average_rake": null, "catalog_id": "GFE_41153", "catalog_name": "GEM Faulted Earth", "dip_dir": "90", "lower_seis_depth": "(20.0,,)", "name": "Yokosuka", "net_slip_rate": "(0.03,,)", "slip_type": "Reverse", "upper_seis_depth": "(0.0,,)", "downthrown_side_id": null, "reference": null, "epistemic_quality": null, "accuracy": null, "activity_confidence": "1", "fs_name": "Mikawa", "last_movement": "(,,5)", "downthrown_side_dir": "233", "vert_sep_rate": null, "strike_slip_rate": null, "exposure_quality": null, "shortening_rate": null, "notes": null, "index_right": 189, "NAME_EN": "Japan" }, "geometry": { "type": "LineString", "coordinates": [ [ 137.087112033000011, 34.882556296000097 ], [ 137.092294321999987, 34.861975756 ], [ 137.09345385200001, 34.844373781000101 ], [ 137.09734383, 34.835571873 ], [ 137.102974609, 34.828141852 ], [ 137.149624554000013, 34.82865293 ] ] } },
{ "type": "Feature", "properties": { "average_dip": "(60.0,,)", "average_rake": null, "catalog_id": "GFE_41154", "catalog_name": "GEM Faulted Earth", "dip_dir": "180", "lower_seis_depth": "(20.0,,)", "name": "Noinedake", "net_slip_rate": "None", "slip_type": "Normal", "upper_seis_depth": "(0.0,,)", "downthrown_side_id": null, "reference": null, "epistemic_quality": null, "accuracy": null, "activity_confidence": "1", "fs_name": "Beppu-Haneyama", "last_movement": "(3771,1434,)", "downthrown_side_dir": "230", "vert_sep_rate": "(0.055, 0.02, 0.09)", "strike_slip_rate": null, "exposure_quality": null, "shortening_rate": null, "notes": null, "index_right": 189, "NAME_EN": "Japan" }, "geometry": { "type": "LineString", "coordinates": [ [ 131.175399750999986, 33.1898944980001 ], [ 131.22598088, 33.202263055000103 ], [ 131.249987313, 33.217530773000099 ], [ 131.263420055000012, 33.219521804000102 ], [ 131.279131844, 33.225487638000097 ], [ 131.29480594, 33.229292434000101 ], [ 131.30901472, 33.228610644000099 ] ] } },
{ "type": "Feature", "properties": { "average_dip": "(60.0,,)", "average_rake": null, "catalog_id": "GFE_41156", "catalog_name": "GEM Faulted Earth", "dip_dir": "270", "lower_seis_depth": "(20.0,,)", "name": "Otake", "net_slip_rate": "(0.15,,)", "slip_type": "Dextral", "upper_seis_depth": "(0.0,,)", "downthrown_side_id": null, "reference": null, "epistemic_quality": null, "accuracy": null, "activity_confidence": "1", "fs_name": "Iwakuni", "last_movement": "(10432,9806,)", "downthrown_side_dir": "226", "vert_sep_rate": null, "strike_slip_rate": null, "exposure_quality": null, "shortening_rate": null, "notes": null, "index_right": 189, "NAME_EN": "Japan" }, "geometry": { "type": "LineString", "coordinates": [ [ 132.236509205, 34.254436383 ], [ 132.219144215, 34.239389762 ], [ 132.20310419, 34.221441502000097 ], [ 132.165652036000012, 34.17150149 ], [ 132.137256028, 34.156662620000098 ], [ 132.123129777, 34.140414204 ], [ 132.111751047000013, 34.132035937000097 ], [ 132.09485478900001, 34.124487463 ], [ 132.057355828999988, 34.101760318000103 ], [ 132.033270292, 34.091651994000102 ] ] } },
{ "type": "Feature", "properties": { "average_dip": "(60.0,,)", "average_rake": null, "catalog_id": "GFE_41158", "catalog_name": "GEM Faulted Earth", "dip_dir": "270", "lower_seis_depth": "(20.0,,)", "name": "Kagoshimawan-toen", "net_slip_rate": "(0.0,,)", "slip_type": "Normal", "upper_seis_depth": "(0.0,,)", "downthrown_side_id": null, "reference": null, "epistemic_quality": null, "accuracy": null, "activity_confidence": "1", "fs_name": "Kagoshimawan-toen", "last_movement": null, "downthrown_side_dir": "233", "vert_sep_rate": null, "strike_slip_rate": null, "exposure_quality": null, "shortening_rate": null, "notes": null, "index_right": 189, "NAME_EN": "Japan" }, "geometry": { "type": "LineString", "coordinates": [ [ 130.74751090800001, 31.561446727 ], [ 130.761506561, 31.56590248 ], [ 130.781288364, 31.584115798 ], [ 130.785206557, 31.602803776 ], [ 130.793977407, 31.617954237 ], [ 130.80032147, 31.633200643000102 ], [ 130.816557592, 31.651043938 ], [ 130.817956227, 31.660806869000101 ], [ 130.815623944, 31.680520617000099 ], [ 130.807412328999987, 31.694285924 ], [ 130.799666785999989, 31.703495751 ] ] } },
{ "type": "Feature", "properties": { "average_dip": "(60.0,,)", "average_rake": null, "catalog_id": "GFE_41159", "catalog_name": "GEM Faulted Earth", "dip_dir": "180", "lower_seis_depth": "(20.0,,)", "name": "Uchihata", "net_slip_rate": "(0.0,,)", "slip_type": "Reverse", "upper_seis_depth": "(0.0,,)", "downthrown_side_id": null, "reference": null, "epistemic_quality": null, "accuracy": null, "activity_confidence": "1", "fs_name": "Uchihata", "last_movement": null, "downthrown_side_dir": "227", "vert_sep_rate": null, "strike_slip_rate": null, "exposure_quality": null, "shortening_rate": null, "notes": null, "index_right": 189, "NAME_EN": "Japan" }, "geometry": { "type": "LineString", "coordinates": [ [ 135.347167037, 34.377607626 ], [ 135.376090678999986, 34.380050395000097 ], [ 135.387649956, 34.393711719000102 ], [ 135.395921058999988, 34.398891319 ], [ 135.403974272999989, 34.401320227 ], [ 135.450642932, 34.408956427000099 ], [ 135.483634476, 34.41144065 ], [ 135.514965969, 34.418919768 ], [ 135.527099744999987, 34.423773495 ] ] } },
{ "type": "Feature", "properties": { "average_dip": "(45.0,,)", "average_rake": null, "catalog_id": "GFE_41160", "catalog_name": "GEM Faulted Earth", "dip_dir": "270", "lower_seis_depth": "(20.0,,)", "name": "Kokuzoyama", "net_slip_rate": "(0.1,,)", "slip_type": "Reverse", "upper_seis_depth": "(0.0,,)", "downthrown_side_id": null, "reference": null, "epistemic_quality": null, "accuracy": null, "activity_confidence": "1", "fs_name": "Kokuzoyama", "last_movement": null, "downthrown_side_dir": "226", "vert_sep_rate": null, "strike_slip_rate": null, "exposure_quality": null, "shortening_rate": null, "notes": null, "index_right": 189, "NAME_EN": "Japan" }, "geometry": { "type": "LineString", "coordinates": [ [ 139.552878459999988, 38.339673877000102 ], [ 139.531399166999989, 38.321821357 ], [ 139.529106866, 38.3108965690001 ], [ 139.529779510999987, 38.295414397000101 ], [ 139.527492908999989, 38.291090838000102 ], [ 139.521207768000011, 38.284381445000101 ], [ 139.50487363, 38.275061073000103 ], [ 139.496638233, 38.255718101000099 ], [ 139.492182765, 38.252648334000099 ] ] } },
{ "type": "Feature", "properties": { "average_dip": "(90.0,,)", "average_rake": null, "catalog_id": "GFE_41161", "catalog_name": "GEM Faulted Earth", "dip_dir": null, "lower_seis_depth": "(20.0,,)", "name": "Gomura", "net_slip_rate": "None", "slip_type": "Sinistral", "upper_seis_depth": "(0.0,,)", "downthrown_side_id": null, "reference": null, "epistemic_quality": null, "accuracy": null, "activity_confidence": "1", "fs_name": "Gomura", "last_movement": "(,,23)", "downthrown_side_dir": null, "vert_sep_rate": "(0.07, 0.07, 0.070000000000000007)", "strike_slip_rate": "(0.248, 0.205, 0.291)", "exposure_quality": null, "shortening_rate": null, "notes": null, "index_right": 189, "NAME_EN": "Japan" }, "geometry": { "type": "LineString", "coordinates": [ [ 134.92488525600001, 35.874263848000098 ], [ 134.952064387, 35.828081608 ], [ 134.963130729, 35.805454929000099 ], [ 134.995770318000012, 35.715949088000102 ], [ 135.007810209000013, 35.692937816 ], [ 135.022417474, 35.676699037 ], [ 135.051505959999986, 35.617163607000101 ], [ 135.065883375999988, 35.597202252 ], [ 135.07450290700001, 35.588607447000101 ] ] } },
{ "type": "Feature", "properties": { "average_dip": "(90.0,,)", "average_rake": null, "catalog_id": "GFE_41162", "catalog_name": "GEM Faulted Earth", "dip_dir": null, "lower_seis_depth": "(20.0,,)", "name": "Ako", "net_slip_rate": "(0.0,,)", "slip_type": "Sinistral", "upper_seis_depth": "(0.0,,)", "downthrown_side_id": null, "reference": null, "epistemic_quality": null, "accuracy": null, "activity_confidence": "1", "fs_name": "Ako", "last_movement": null, "downthrown_side_dir": "227", "vert_sep_rate": null, "strike_slip_rate": null, "exposure_quality": null, "shortening_rate": null, "notes": null, "index_right": 189, "NAME_EN": "Japan" }, "geometry": { "type": "LineString", "coordinates": [ [ 137.198221825, 35.581715378000098 ], [ 137.217432709, 35.566678575 ], [ 137.291169981, 35.521035627000103 ], [ 137.321673251, 35.496148229 ], [ 137.360620619, 35.475784524000098 ], [ 137.404368862000013, 35.4476478240001 ] ] } },
{ "type": "Feature", "properties": { "average_dip": "(45.0,,)", "average_rake": null, "catalog_id": "GFE_41163", "catalog_name": "GEM Faulted Earth", "dip_dir": "180", "lower_seis_depth": "(20.0,,)", "name": "Kasahara", "net_slip_rate": "(0.1,,)", "slip_type": "Reverse", "upper_seis_depth": "(0.0,,)", "downthrown_side_id": null, "reference": null, "epistemic_quality": null, "accuracy": null, "activity_confidence": "1", "fs_name": "Kasahara", "last_movement": null, "downthrown_side_dir": "227", "vert_sep_rate": null, "strike_slip_rate": null, "exposure_quality": null, "shortening_rate": null, "notes": null, "index_right": 189, "NAME_EN": "Japan" }, "geometry": { "type": "LineString", "coordinates": [ [ 137.064680364999987, 35.258872950000097 ], [ 137.078788807, 35.267919265 ], [ 137.095589136, 35.2736310270001 ], [ 137.107116901000012, 35.279986586000099 ], [ 137.125933036, 35.28620234 ], [ 137.15708539900001, 35.287210167000097 ], [ 137.178276214, 35.293543793 ], [ 137.207978475, 35.297803041000101 ], [ 137.223103, 35.302158918 ], [ 137.244239177, 35.301788482000099 ] ] } },
{ "type": "Feature", "properties": { "average_dip": "(45.0,,)", "average_rake": null, "catalog_id": "GFE_41165", "catalog_name": "GEM Faulted Earth", "dip_dir": "270", "lower_seis_depth": "(20.0,,)", "name": "Oda", "net_slip_rate": "None", "slip_type": "Reverse", "upper_seis_depth": "(0.0,,)", "downthrown_side_id": null, "reference": null, "epistemic_quality": null, "accuracy": null, "activity_confidence": "1", "fs_name": "Oda", "last_movement": null, "downthrown_side_dir": "226", "vert_sep_rate": "(0.074999999999999997, 0.02, 0.13)", "strike_slip_rate": null, "exposure_quality": null, "shortening_rate": null, "notes": null, "index_right": 189, "NAME_EN": "Japan" }, "geometry": { "type": "LineString", "coordinates": [ [ 138.304006536, 38.152723126000097 ], [ 138.310563508, 38.162877112 ], [ 138.374504621, 38.212779995000098 ], [ 138.405970401, 38.244984073000097 ] ] } },
{ "type": "Feature", "properties": { "average_dip": "(45.0,,)", "average_rake": null, "catalog_id": "GFE_41166", "catalog_name": "GEM Faulted Earth", "dip_dir": "270", "lower_seis_depth": "(20.0,,)", "name": "Takinosawa", "net_slip_rate": "(0.0,,)", "slip_type": "Reverse", "upper_seis_depth": "(0.0,,)", "downthrown_side_id": null, "reference": null, "epistemic_quality": null, "accuracy": null, "activity_confidence": "1", "fs_name": "Takinosawa", "last_movement": null, "downthrown_side_dir": "226", "vert_sep_rate": null, "strike_slip_rate": null, "exposure_quality": null, "shortening_rate": null, "notes": null, "index_right": 189, "NAME_EN": "Japan" }, "geometry": { "type": "LineString", "coordinates": [ [ 140.371875116000012, 39.334265831 ], [ 140.369145214000014, 39.316777810000097 ], [ 140.372805618, 39.301863674000103 ], [ 140.368842597, 39.268514483 ], [ 140.367750031000014, 39.261600264 ], [ 140.358489105, 39.235846022 ], [ 140.360374302999986, 39.207781378 ], [ 140.364036625000011, 39.194494049000099 ], [ 140.362806261, 39.183648288 ], [ 140.358587015000012, 39.175787088 ] ] } },
{ "type": "Feature", "properties": { "average_dip": "(45.0,,)", "average_rake": null, "catalog_id": "GFE_41167", "catalog_name": "GEM Faulted Earth", "dip_dir": "270", "lower_seis_depth": "(20.0,,)", "name": "Otaniike", "net_slip_rate": "(0.1,,)", "slip_type": "Reverse", "upper_seis_depth": "(0.0,,)", "downthrown_side_id": null, "reference": null, "epistemic_quality": null, "accuracy": null, "activity_confidence": "1", "fs_name": "Kamagadai", "last_movement": null, "downthrown_side_dir": "226", "vert_sep_rate": null, "strike_slip_rate": null, "exposure_quality": null, "shortening_rate": null, "notes": null, "index_right": 189, "NAME_EN": "Japan" }, "geometry": { "type": "LineString", "coordinates": [ [ 140.061319694, 39.251092509 ], [ 140.058203454, 39.241089597 ], [ 140.046952592, 39.2174850500001 ], [ 140.025665874, 39.1885818330001 ] ] } },
{ "type": "Feature", "properties": { "average_dip": "(45.0,,)", "average_rake": null, "catalog_id": "GFE_41168", "catalog_name": "GEM Faulted Earth", "dip_dir": "180", "lower_seis_depth": "(20.0,,)", "name": "Kuninaka-minami", "net_slip_rate": "None", "slip_type": "Reverse", "upper_seis_depth": "(0.0,,)", "downthrown_side_id": null, "reference": null, "epistemic_quality": null, "accuracy": null, "activity_confidence": "1", "fs_name": "Kuninaka-minami", "last_movement": null, "downthrown_side_dir": "227", "vert_sep_rate": "(0.14000000000000001, 0.08, 0.2)", "strike_slip_rate": null, "exposure_quality": null, "shortening_rate": null, "notes": null, "index_right": 189, "NAME_EN": "Japan" }, "geometry": { "type": "LineString", "coordinates": [ [ 138.33210886, 37.949575711000101 ], [ 138.357245228000011, 37.958773315 ], [ 138.368753917, 37.965409851000103 ], [ 138.401901904999988, 37.9853085250001 ], [ 138.424638268, 38.004173830000099 ] ] } },
{ "type": "Feature", "properties": { "average_dip": "(45.0,,)", "average_rake": null, "catalog_id": "GFE_41169", "catalog_name": "GEM Faulted Earth", "dip_dir": "270", "lower_seis_depth": "(20.0,,)", "name": "Sekiya", "net_slip_rate": "None", "slip_type": "Reverse", "upper_seis_depth": "(0.0,,)", "downthrown_side_id": null, "reference": null, "epistemic_quality": null, "accuracy": null, "activity_confidence": "1", "fs_name": "Sekiya", "last_movement": "(543,82,)", "downthrown_side_dir": "226", "vert_sep_rate": "(1.0, 0.67, 1.33)", "strike_slip_rate": null, "exposure_quality": null, "shortening_rate": null, "notes": null, "index_right": 189, "NAME_EN": "Japan" }, "geometry": { "type": "LineString", "coordinates": [ [ 139.942629359, 37.150448698 ], [ 139.931186596, 37.121670688000101 ], [ 139.93133433, 37.104433674000099 ], [ 139.937162492, 37.0659392580001 ], [ 139.933284513, 37.050042976 ], [ 139.932937012999986, 37.0391652160001 ], [ 139.929236664, 37.031468997 ], [ 139.925373164, 37.027622331 ], [ 139.925364475, 37.020426157 ], [ 139.923682770999989, 37.016912514000097 ], [ 139.924680994999989, 37.009716368000099 ], [ 139.917292834, 37.0050347 ], [ 139.914432405000014, 36.997505485 ], [ 139.911072802, 36.99499668 ], [ 139.892106682, 36.989316807000101 ], [ 139.892271776, 36.9868071 ], [ 139.899473629999989, 36.975757567000102 ], [ 139.900305825, 36.969565301 ], [ 139.892389614, 36.943797038000099 ], [ 139.893221786, 36.938106714000099 ], [ 139.898250539, 36.933753352000103 ], [ 139.897906885, 36.926390187 ], [ 139.894879411, 36.920199813000103 ], [ 139.89638059, 36.91300268 ], [ 139.895702885, 36.907480295 ], [ 139.883099679999987, 36.890919845 ], [ 139.88006932, 36.882051778000097 ], [ 139.874005092, 36.8734666490001 ], [ 139.872030099999989, 36.8656816640001 ], [ 139.870263822999988, 36.843241956 ], [ 139.862560264, 36.833720111 ], [ 139.85580109, 36.819280302 ] ] } },
{ "type": "Feature", "properties": { "average_dip": "(60.0,,)", "average_rake": null, "catalog_id": "GFE_41170", "catalog_name": "GEM Faulted Earth", "dip_dir": "90", "lower_seis_depth": "(20.0,,)", "name": "Darumayama", "net_slip_rate": "(0.1,,)", "slip_type": "Normal", "upper_seis_depth": "(0.0,,)", "downthrown_side_id": null, "reference": null, "epistemic_quality": null, "accuracy": null, "activity_confidence": "1", "fs_name": "Darumayama", "last_movement": null, "downthrown_side_dir": "226", "vert_sep_rate": null, "strike_slip_rate": null, "exposure_quality": null, "shortening_rate": null, "notes": null, "index_right": 189, "NAME_EN": "Japan" }, "geometry": { "type": "LineString", "coordinates": [ [ 138.820464840999989, 35.02655537 ], [ 138.80273738, 34.999387974000101 ], [ 138.800322885000014, 34.991477802000098 ], [ 138.805395792000013, 34.956063917000101 ], [ 138.803712241999989, 34.947954786 ], [ 138.805241357999989, 34.941438558000101 ], [ 138.829436112, 34.919930595 ], [ 138.837475211, 34.899174134000098 ], [ 138.84808549600001, 34.88336129 ], [ 138.861307911000011, 34.853393887 ], [ 138.864890749000011, 34.849596405000099 ], [ 138.872584167000014, 34.846241178000099 ], [ 138.886726786999986, 34.846548645 ], [ 138.903754830999986, 34.839456538 ] ] } },
{ "type": "Feature", "properties": { "average_dip": "(90.0,,)", "average_rake": null, "catalog_id": "GFE_41171", "catalog_name": "GEM Faulted Earth", "dip_dir": null, "lower_seis_depth": "(20.0,,)", "name": "Mozumi-Sukenobu", "net_slip_rate": "(0.0,,)", "slip_type": "Dextral", "upper_seis_depth": "(0.0,,)", "downthrown_side_id": null, "reference": null, "epistemic_quality": null, "accuracy": null, "activity_confidence": "1", "fs_name": "Atotsugawa", "last_movement": null, "downthrown_side_dir": null, "vert_sep_rate": null, "strike_slip_rate": null, "exposure_quality": null, "shortening_rate": null, "notes": null, "index_right": 189, "NAME_EN": "Japan" }, "geometry": { "type": "LineString", "coordinates": [ [ 137.517449406, 36.533090031 ], [ 137.500620178, 36.525723451 ], [ 137.45322338, 36.499519266 ], [ 137.417844885, 36.489575510000101 ], [ 137.382468538000012, 36.475867191000098 ], [ 137.323047522, 36.456669895000097 ], [ 137.275134513000012, 36.436966954000098 ] ] } },
{ "type": "Feature", "properties": { "average_dip": "(90.0,,)", "average_rake": null, "catalog_id": "GFE_41172", "catalog_name": "GEM Faulted Earth", "dip_dir": null, "lower_seis_depth": "(20.0,,)", "name": "Muroyama", "net_slip_rate": "(0.1,,)", "slip_type": "Sinistral", "upper_seis_depth": "(0.0,,)", "downthrown_side_id": null, "reference": null, "epistemic_quality": null, "accuracy": null, "activity_confidence": "1", "fs_name": "Sami", "last_movement": null, "downthrown_side_dir": "230", "vert_sep_rate": null, "strike_slip_rate": null, "exposure_quality": null, "shortening_rate": null, "notes": null, "index_right": 189, "NAME_EN": "Japan" }, "geometry": { "type": "LineString", "coordinates": [ [ 137.184980403, 35.677588073 ], [ 137.199975235000011, 35.673795881 ], [ 137.220623819, 35.663425583 ], [ 137.229303123, 35.661774988 ] ] } },
{ "type": "Feature", "properties": { "average_dip": "(45.0,,)", "average_rake": null, "catalog_id": "GFE_41173", "catalog_name": "GEM Faulted Earth", "dip_dir": "90", "lower_seis_depth": "(20.0,,)", "name": "Obaku", "net_slip_rate": "(0.3,,)", "slip_type": "Reverse", "upper_seis_depth": "(0.0,,)", "downthrown_side_id": null, "reference": null, "epistemic_quality": null, "accuracy": null, "activity_confidence": "1", "fs_name": "Narabonchi-toen", "last_movement": null, "downthrown_side_dir": "233", "vert_sep_rate": null, "strike_slip_rate": null, "exposure_quality": null, "shortening_rate": null, "notes": null, "index_right": 189, "NAME_EN": "Japan" }, "geometry": { "type": "LineString", "coordinates": [ [ 135.851198385, 35.008702333 ], [ 135.835459750000012, 34.996888993 ], [ 135.825060044999987, 34.972120253000099 ], [ 135.819940385, 34.963749247000102 ], [ 135.820430308999988, 34.954005772000102 ], [ 135.817346666, 34.942173143 ], [ 135.817460165, 34.930581494000101 ], [ 135.814149541, 34.92500403 ], [ 135.813570295, 34.9046613410001 ], [ 135.814690348, 34.900275868000101 ] ] } },
{ "type": "Feature", "properties": { "average_dip": "(45.0,,)", "average_rake": null, "catalog_id": "GFE_41174", "catalog_name": "GEM Faulted Earth", "dip_dir": "90", "lower_seis_depth": "(20.0,,)", "name": "Ono", "net_slip_rate": "(0.0,,)", "slip_type": "Reverse", "upper_seis_depth": "(0.0,,)", "downthrown_side_id": null, "reference": null, "epistemic_quality": null, "accuracy": null, "activity_confidence": "1", "fs_name": "Tongu", "last_movement": null, "downthrown_side_dir": "233", "vert_sep_rate": null, "strike_slip_rate": null, "exposure_quality": null, "shortening_rate": null, "notes": null, "index_right": 189, "NAME_EN": "Japan" }, "geometry": { "type": "LineString", "coordinates": [ [ 136.209454029, 34.978625245 ], [ 136.236879873, 34.971686689000101 ], [ 136.247081028, 34.966834008 ], [ 136.259290922, 34.9429485 ], [ 136.266945989, 34.921984072 ], [ 136.277525468, 34.910461637 ], [ 136.279473478, 34.905324269000097 ], [ 136.279750013000012, 34.889357095 ] ] } },
{ "type": "Feature", "properties": { "average_dip": "(60.0,,)", "average_rake": null, "catalog_id": "GFE_41175", "catalog_name": "GEM Faulted Earth", "dip_dir": "180", "lower_seis_depth": "(20.0,,)", "name": "Kuenohirayama", "net_slip_rate": "None", "slip_type": "Normal", "upper_seis_depth": "(0.0,,)", "downthrown_side_id": null, "reference": null, "epistemic_quality": null, "accuracy": null, "activity_confidence": "1", "fs_name": "Beppu-Haneyama", "last_movement": "(2577,82,)", "downthrown_side_dir": "230", "vert_sep_rate": "(0.44, 0.38, 0.5)", "strike_slip_rate": null, "exposure_quality": null, "shortening_rate": null, "notes": null, "index_right": 189, "NAME_EN": "Japan" }, "geometry": { "type": "LineString", "coordinates": [ [ 131.225981483, 33.180086588000101 ], [ 131.252209864, 33.189945966 ], [ 131.263963804000014, 33.190214161 ], [ 131.279472409, 33.184772329000097 ], [ 131.304815208, 33.187853217000097 ], [ 131.352757395, 33.170223153000101 ] ] } },
{ "type": "Feature", "properties": { "average_dip": "(45.0,,)", "average_rake": null, "catalog_id": "GFE_41178", "catalog_name": "GEM Faulted Earth", "dip_dir": "270", "lower_seis_depth": "(20.0,,)", "name": "Shimoda", "net_slip_rate": "(0.0,,)", "slip_type": "Reverse", "upper_seis_depth": "(0.0,,)", "downthrown_side_id": null, "reference": null, "epistemic_quality": null, "accuracy": null, "activity_confidence": "1", "fs_name": "Odorii", "last_movement": null, "downthrown_side_dir": "226", "vert_sep_rate": null, "strike_slip_rate": null, "exposure_quality": null, "shortening_rate": null, "notes": null, "index_right": 189, "NAME_EN": "Japan" }, "geometry": { "type": "LineString", "coordinates": [ [ 136.112826544, 34.9770031360001 ], [ 136.119812078, 34.983119132000098 ], [ 136.129167917, 35.001130714000098 ], [ 136.132831466, 35.019240271000101 ], [ 136.132823804, 35.031553674000101 ], [ 136.130902991, 35.037940010000099 ], [ 136.123055717, 35.050191337000101 ], [ 136.086927971, 35.086563004 ] ] } },
{ "type": "Feature", "properties": { "average_dip": "(60.0,,)", "average_rake": null, "catalog_id": "GFE_41179", "catalog_name": "GEM Faulted Earth", "dip_dir": "90", "lower_seis_depth": "(20.0,,)", "name": "Yata", "net_slip_rate": "(0.0,,)", "slip_type": "Reverse", "upper_seis_depth": "(0.0,,)", "downthrown_side_id": null, "reference": null, "epistemic_quality": null, "accuracy": null, "activity_confidence": "1", "fs_name": "Narabonchi-nishi", "last_movement": null, "downthrown_side_dir": "233", "vert_sep_rate": null, "strike_slip_rate": null, "exposure_quality": null, "shortening_rate": null, "notes": null, "index_right": 189, "NAME_EN": "Japan" }, "geometry": { "type": "LineString", "coordinates": [ [ 135.712827288999989, 34.607842841 ], [ 135.71243281400001, 34.638436407 ], [ 135.726000029, 34.700195277 ], [ 135.728413945999989, 34.7360504110001 ], [ 135.731012332, 34.746174676000102 ], [ 135.730124361, 34.759576553 ], [ 135.724732303, 34.773130170000101 ], [ 135.72419210000001, 34.781428697 ], [ 135.72570929, 34.79169405 ], [ 135.728672403, 34.798350494 ] ] } },
{ "type": "Feature", "properties": { "average_dip": "(90.0,,)", "average_rake": null, "catalog_id": "GFE_41180", "catalog_name": "GEM Faulted Earth", "dip_dir": null, "lower_seis_depth": "(20.0,,)", "name": "Ogo", "net_slip_rate": "(0.1,,)", "slip_type": "Dextral", "upper_seis_depth": "(0.0,,)", "downthrown_side_id": null, "reference": null, "epistemic_quality": null, "accuracy": null, "activity_confidence": "1", "fs_name": "Ogo", "last_movement": "(39950,14950,)", "downthrown_side_dir": "227", "vert_sep_rate": null, "strike_slip_rate": null, "exposure_quality": null, "shortening_rate": null, "notes": null, "index_right": 189, "NAME_EN": "Japan" }, "geometry": { "type": "LineString", "coordinates": [ [ 135.088612622999989, 34.801421360000099 ], [ 135.12544907, 34.810391176000103 ], [ 135.153685524, 34.812019636000102 ], [ 135.17516867, 34.810794269 ], [ 135.202021089, 34.806324722000099 ], [ 135.224886354, 34.808750644 ], [ 135.235525437, 34.808137958 ], [ 135.251277179, 34.804261764 ] ] } },
{ "type": "Feature", "properties": { "average_dip": "(45.0,,)", "average_rake": null, "catalog_id": "GFE_41181", "catalog_name": "GEM Faulted Earth", "dip_dir": "270", "lower_seis_depth": "(20.0,,)", "name": "Yakumo", "net_slip_rate": "(0.35,0.35,0.35)", "slip_type": "Reverse", "upper_seis_depth": "(0.0,,)", "downthrown_side_id": null, "reference": null, "epistemic_quality": null, "accuracy": null, "activity_confidence": "1", "fs_name": "Yakumo", "last_movement": null, "downthrown_side_dir": "226", "vert_sep_rate": "(0.25, 0.25, 0.25)", "strike_slip_rate": null, "exposure_quality": null, "shortening_rate": null, "notes": null, "index_right": 189, "NAME_EN": "Japan" }, "geometry": { "type": "LineString", "coordinates": [ [ 140.271349719999989, 42.356303661 ], [ 140.261940685000013, 42.337074709 ], [ 140.253378051999988, 42.326982670000099 ], [ 140.249998552, 42.306066112000103 ], [ 140.243966398, 42.28334769 ], [ 140.238900417999986, 42.273612717 ], [ 140.23178456, 42.265082533000097 ] ] } },
{ "type": "Feature", "properties": { "average_dip": "(45.0,,)", "average_rake": null, "catalog_id": "GFE_41182", "catalog_name": "GEM Faulted Earth", "dip_dir": "180", "lower_seis_depth": "(20.0,,)", "name": "Kagoboyama", "net_slip_rate": "None", "slip_type": "Reverse", "upper_seis_depth": "(0.0,,)", "downthrown_side_id": null, "reference": null, "epistemic_quality": null, "accuracy": null, "activity_confidence": "1", "fs_name": "Asahiyama", "last_movement": null, "downthrown_side_dir": "227", "vert_sep_rate": "(0.10000000000000001, 0.05, 0.15)", "strike_slip_rate": null, "exposure_quality": null, "shortening_rate": null, "notes": null, "index_right": 189, "NAME_EN": "Japan" }, "geometry": { "type": "LineString", "coordinates": [ [ 141.094096244000013, 38.602785792000098 ], [ 141.128323647, 38.594963715000098 ], [ 141.132666381, 38.592650113 ], [ 141.136660260000014, 38.587969775 ], [ 141.141467876, 38.5872739980001 ], [ 141.150325548000012, 38.578085329 ], [ 141.169958995, 38.574952275 ], [ 141.179803319, 38.571248997000097 ] ] } },
{ "type": "Feature", "properties": { "average_dip": "(90.0,,)", "average_rake": null, "catalog_id": "GFE_41183", "catalog_name": "GEM Faulted Earth", "dip_dir": null, "lower_seis_depth": "(20.0,,)", "name": "Nakayama", "net_slip_rate": "(0.0,,)", "slip_type": "Dextral", "upper_seis_depth": "(0.0,,)", "downthrown_side_id": null, "reference": null, "epistemic_quality": null, "accuracy": null, "activity_confidence": "1", "fs_name": "Nakayama", "last_movement": null, "downthrown_side_dir": null, "vert_sep_rate": null, "strike_slip_rate": null, "exposure_quality": null, "shortening_rate": null, "notes": null, "index_right": 189, "NAME_EN": "Japan" }, "geometry": { "type": "LineString", "coordinates": [ [ 135.05957991, 35.68373309 ], [ 135.064721494999986, 35.682467356000103 ], [ 135.104657888, 35.683684149 ], [ 135.125277817000011, 35.690268868 ], [ 135.169617542, 35.699385851 ], [ 135.186933984, 35.699773212 ] ] } },
{ "type": "Feature", "properties": { "average_dip": "(45.0,,)", "average_rake": null, "catalog_id": "GFE_41184", "catalog_name": "GEM Faulted Earth", "dip_dir": "90", "lower_seis_depth": "(20.0,,)", "name": "Udokyuryo", "net_slip_rate": "None", "slip_type": "Reverse", "upper_seis_depth": "(0.0,,)", "downthrown_side_id": null, "reference": null, "epistemic_quality": null, "accuracy": null, "activity_confidence": "1", "fs_name": "Udokyuryo", "last_movement": null, "downthrown_side_dir": "233", "vert_sep_rate": "(0.29999999999999999, 0.1, 0.5)", "strike_slip_rate": null, "exposure_quality": null, "shortening_rate": null, "notes": null, "index_right": 189, "NAME_EN": "Japan" }, "geometry": { "type": "LineString", "coordinates": [ [ 138.487084652, 35.04333796 ], [ 138.473236268, 35.031853903000098 ], [ 138.459959167, 35.011508861 ], [ 138.451874139000012, 35.004015501 ], [ 138.439979325, 34.9995127070001 ], [ 138.435868792, 34.99643295 ], [ 138.432289363, 34.989354657 ], [ 138.429614033, 34.97755392 ], [ 138.428946731, 34.960436833000102 ], [ 138.430150999, 34.950500983 ] ] } },
{ "type": "Feature", "properties": { "average_dip": "(45.0,,)", "average_rake": null, "catalog_id": "GFE_41185", "catalog_name": "GEM Faulted Earth", "dip_dir": "270", "lower_seis_depth": "(20.0,,)", "name": "Nyunai", "net_slip_rate": "None", "slip_type": "Reverse", "upper_seis_depth": "(0.0,,)", "downthrown_side_id": null, "reference": null, "epistemic_quality": null, "accuracy": null, "activity_confidence": "1", "fs_name": "Aomoriwan-seigan", "last_movement": null, "downthrown_side_dir": "226", "vert_sep_rate": "(0.58999999999999997, 0.36, 0.82)", "strike_slip_rate": null, "exposure_quality": null, "shortening_rate": null, "notes": null, "index_right": 189, "NAME_EN": "Japan" }, "geometry": { "type": "LineString", "coordinates": [ [ 140.712700139, 40.814667409 ], [ 140.715325153, 40.8099530530001 ], [ 140.712418423, 40.790979232 ], [ 140.714479020999988, 40.738493567 ], [ 140.719320888, 40.713882655000099 ] ] } },
{ "type": "Feature", "properties": { "average_dip": "(45.0,,)", "average_rake": null, "catalog_id": "GFE_41186", "catalog_name": "GEM Faulted Earth", "dip_dir": "90", "lower_seis_depth": "(20.0,,)", "name": "Tsugarusanchi-seien", "net_slip_rate": "None", "slip_type": "Reverse", "upper_seis_depth": "(0.0,,)", "downthrown_side_id": null, "reference": null, "epistemic_quality": null, "accuracy": null, "activity_confidence": "1", "fs_name": "Tsugarusanchi-seien", "last_movement": "(,,184)", "downthrown_side_dir": "233", "vert_sep_rate": "(0.20500000000000002, 0.19, 0.22)", "strike_slip_rate": null, "exposure_quality": null, "shortening_rate": null, "notes": null, "index_right": 189, "NAME_EN": "Japan" }, "geometry": { "type": "LineString", "coordinates": [ [ 140.439247607, 40.969629476000101 ], [ 140.470641409, 40.895042362 ], [ 140.48886905, 40.838997645000099 ], [ 140.488961298, 40.8341412300001 ], [ 140.495385422, 40.8141590110001 ], [ 140.513368406000012, 40.780630256000101 ], [ 140.523511608, 40.750289317000103 ], [ 140.551782354000011, 40.706729388 ] ] } },
{ "type": "Feature", "properties": { "average_dip": "(45.0,,)", "average_rake": null, "catalog_id": "GFE_41187", "catalog_name": "GEM Faulted Earth", "dip_dir": "270", "lower_seis_depth": "(20.0,,)", "name": "Nakacho", "net_slip_rate": "(0.1,,)", "slip_type": "Reverse", "upper_seis_depth": "(0.0,,)", "downthrown_side_id": null, "reference": null, "epistemic_quality": null, "accuracy": null, "activity_confidence": "1", "fs_name": "Toridame", "last_movement": null, "downthrown_side_dir": "226", "vert_sep_rate": null, "strike_slip_rate": null, "exposure_quality": null, "shortening_rate": null, "notes": null, "index_right": 189, "NAME_EN": "Japan" }, "geometry": { "type": "LineString", "coordinates": [ [ 140.210665817, 39.5503475800001 ], [ 140.1718602, 39.470346887000098 ] ] } },
{ "type": "Feature", "properties": { "average_dip": "(45.0,,)", "average_rake": null, "catalog_id": "GFE_41188", "catalog_name": "GEM Faulted Earth", "dip_dir": "360", "lower_seis_depth": "(20.0,,)", "name": "Kannawa", "net_slip_rate": "(1.0,,)", "slip_type": "Reverse", "upper_seis_depth": "(0.0,,)", "downthrown_side_id": null, "reference": null, "epistemic_quality": null, "accuracy": null, "activity_confidence": "1", "fs_name": "Kannawa-Kouzu-Matsuda", "last_movement": null, "downthrown_side_dir": "230", "vert_sep_rate": null, "strike_slip_rate": null, "exposure_quality": null, "shortening_rate": null, "notes": null, "index_right": 189, "NAME_EN": "Japan" }, "geometry": { "type": "LineString", "coordinates": [ [ 139.037815631, 35.383098780000097 ], [ 139.04648907, 35.378496526 ], [ 139.057743, 35.381333498000103 ], [ 139.065062407, 35.380519781 ], [ 139.072112758, 35.381734828 ], [ 139.078054970000011, 35.380797620000102 ], [ 139.093119283, 35.373613293000098 ], [ 139.135919652000013, 35.374064013000101 ], [ 139.148707517, 35.369016221 ], [ 139.156018091, 35.369264425 ], [ 139.162659594, 35.367503797 ] ] } },
{ "type": "Feature", "properties": { "average_dip": "(45.0,,)", "average_rake": null, "catalog_id": "GFE_41189", "catalog_name": "GEM Faulted Earth", "dip_dir": "90", "lower_seis_depth": "(20.0,,)", "name": "Kamishiro", "net_slip_rate": "(3.69,3.69,3.69)", "slip_type": "Reverse", "upper_seis_depth": "(0.0,,)", "downthrown_side_id": null, "reference": null, "epistemic_quality": null, "accuracy": null, "activity_confidence": "1", "fs_name": "Itoshizusen", "last_movement": "(1185,758,)", "downthrown_side_dir": "233", "vert_sep_rate": "(2.61, 2.61, 2.6099999999999999)", "strike_slip_rate": null, "exposure_quality": null, "shortening_rate": null, "notes": null, "index_right": 189, "NAME_EN": "Japan" }, "geometry": { "type": "LineString", "coordinates": [ [ 137.893321141, 36.8136063090001 ], [ 137.897787035, 36.806523245000101 ], [ 137.903053479, 36.784024986000098 ], [ 137.886327072, 36.756178772000098 ], [ 137.875903378, 36.746482622 ], [ 137.877161732, 36.734949989 ], [ 137.872808399, 36.727874694 ], [ 137.874983487, 36.720907556 ], [ 137.871546059999986, 36.714173246 ], [ 137.874981093, 36.7058352990001 ], [ 137.868565206, 36.692139716 ], [ 137.863181839, 36.688148037000097 ], [ 137.861806212, 36.681868727000101 ], [ 137.856422836, 36.678106022000101 ], [ 137.853100461, 36.669773899000099 ], [ 137.852877733000014, 36.663475621 ], [ 137.857116525, 36.659371206000102 ], [ 137.857232778999986, 36.652752974000101 ], [ 137.852882595000011, 36.641911113 ], [ 137.851739042, 36.6332400860001 ], [ 137.847960643, 36.626505765 ], [ 137.84773297800001, 36.6186326690001 ], [ 137.848536071000012, 36.614526164 ], [ 137.85266095, 36.608480970000102 ], [ 137.85082928, 36.604258410000099 ], [ 137.845217973, 36.599234844000101 ], [ 137.838808368, 36.578352090000102 ], [ 137.839725628, 36.569795101000103 ], [ 137.844881417000011, 36.563750933000101 ], [ 137.84511151000001, 36.560898268000102 ], [ 137.840645152, 36.554620877 ], [ 137.83858566, 36.546404772000102 ], [ 137.841450694, 36.539218676000097 ], [ 137.856969666999987, 36.530972893000097 ], [ 137.865742124, 36.5176477 ], [ 137.87331208, 36.488337468000097 ], [ 137.87021262, 36.477623525000098 ], [ 137.870215089999988, 36.465756893 ], [ 137.875484999, 36.456405108000098 ], [ 137.880489626000013, 36.4344333720001 ], [ 137.889934413, 36.41445214 ], [ 137.893022903, 36.394802659 ], [ 137.892681434, 36.382138109 ], [ 137.90093255, 36.360920765000103 ], [ 137.917199573, 36.349635484 ], [ 137.923157358999987, 36.34188053 ], [ 137.926940707999989, 36.32465461 ], [ 137.92465238, 36.312672929 ], [ 137.930724209, 36.303548136000103 ], [ 137.931758712, 36.288488894000103 ], [ 137.937373765, 36.274686626000097 ], [ 137.940466648000012, 36.270809151 ], [ 137.941271009, 36.259856431000102 ], [ 137.954790694, 36.237843310000102 ] ] } },
{ "type": "Feature", "properties": { "average_dip": "(90.0,,)", "average_rake": null, "catalog_id": "GFE_41190", "catalog_name": "GEM Faulted Earth", "dip_dir": null, "lower_seis_depth": "(20.0,,)", "name": "Nakago", "net_slip_rate": "(0.1,,)", "slip_type": "Dextral", "upper_seis_depth": "(0.0,,)", "downthrown_side_id": null, "reference": null, "epistemic_quality": null, "accuracy": null, "activity_confidence": "1", "fs_name": "Chuokozosen(Akaishi)", "last_movement": null, "downthrown_side_dir": null, "vert_sep_rate": null, "strike_slip_rate": null, "exposure_quality": null, "shortening_rate": null, "notes": null, "index_right": 189, "NAME_EN": "Japan" }, "geometry": { "type": "LineString", "coordinates": [ [ 138.000562179000013, 35.448285737 ], [ 137.968733525, 35.379538746 ], [ 137.957887503, 35.3518646160001 ], [ 137.94862190500001, 35.335854201000103 ] ] } },
{ "type": "Feature", "properties": { "average_dip": "(45.0,,)", "average_rake": null, "catalog_id": "GFE_41191", "catalog_name": "GEM Faulted Earth", "dip_dir": "90", "lower_seis_depth": "(20.0,,)", "name": "Agi", "net_slip_rate": "(0.0,,)", "slip_type": "Reverse", "upper_seis_depth": "(0.0,,)", "downthrown_side_id": null, "reference": null, "epistemic_quality": null, "accuracy": null, "activity_confidence": "1", "fs_name": "Enasan", "last_movement": null, "downthrown_side_dir": "233", "vert_sep_rate": null, "strike_slip_rate": null, "exposure_quality": null, "shortening_rate": null, "notes": null, "index_right": 189, "NAME_EN": "Japan" }, "geometry": { "type": "LineString", "coordinates": [ [ 137.470633061, 35.368205533 ], [ 137.477249174, 35.376620739 ], [ 137.491087669, 35.3847861530001 ], [ 137.500029576, 35.393321404000098 ], [ 137.504808843, 35.40186055 ], [ 137.508127769, 35.422973227000099 ], [ 137.511927184, 35.429804543 ], [ 137.536543465, 35.445405380000103 ], [ 137.553196751, 35.452590978 ], [ 137.560177963, 35.457466597000099 ] ] } },
{ "type": "Feature", "properties": { "average_dip": "(90.0,,)", "average_rake": null, "catalog_id": "GFE_41192", "catalog_name": "GEM Faulted Earth", "dip_dir": null, "lower_seis_depth": "(20.0,,)", "name": "Kajiya", "net_slip_rate": "(0.3,,)", "slip_type": "Sinistral", "upper_seis_depth": "(0.0,,)", "downthrown_side_id": null, "reference": null, "epistemic_quality": null, "accuracy": null, "activity_confidence": "1", "fs_name": "Yanagase", "last_movement": null, "downthrown_side_dir": null, "vert_sep_rate": null, "strike_slip_rate": null, "exposure_quality": null, "shortening_rate": null, "notes": null, "index_right": 189, "NAME_EN": "Japan" }, "geometry": { "type": "LineString", "coordinates": [ [ 136.259831350000013, 35.491876699 ], [ 136.294884943, 35.473089701 ], [ 136.302117364999987, 35.471477061 ], [ 136.334719005000011, 35.457449458 ], [ 136.372408479, 35.435661868000103 ] ] } },
{ "type": "Feature", "properties": { "average_dip": "(45.0,,)", "average_rake": null, "catalog_id": "GFE_41193", "catalog_name": "GEM Faulted Earth", "dip_dir": "90", "lower_seis_depth": "(20.0,,)", "name": "Kasadera", "net_slip_rate": "None", "slip_type": "Reverse", "upper_seis_depth": "(0.0,,)", "downthrown_side_id": null, "reference": null, "epistemic_quality": null, "accuracy": null, "activity_confidence": "1", "fs_name": "Kasadera", "last_movement": null, "downthrown_side_dir": "233", "vert_sep_rate": "(0.14999999999999999, 0.05, 0.25)", "strike_slip_rate": null, "exposure_quality": null, "shortening_rate": null, "notes": null, "index_right": 189, "NAME_EN": "Japan" }, "geometry": { "type": "LineString", "coordinates": [ [ 136.896257634, 35.187221996000098 ], [ 136.893152458, 35.171925664000099 ], [ 136.8929678, 35.162911687000097 ], [ 136.89457669, 35.1567957070001 ], [ 136.902179395, 35.143806794000099 ], [ 136.914736877, 35.132525021 ], [ 136.923863249, 35.119911668 ], [ 136.927926582999987, 35.1123862950001 ], [ 136.936048809, 35.0865304370001 ] ] } },
{ "type": "Feature", "properties": { "average_dip": "(60.0,,)", "average_rake": null, "catalog_id": "GFE_41194", "catalog_name": "GEM Faulted Earth", "dip_dir": "360", "lower_seis_depth": "(20.0,,)", "name": "Wazukadani", "net_slip_rate": "(0.1,,)", "slip_type": "Reverse", "upper_seis_depth": "(0.0,,)", "downthrown_side_id": null, "reference": null, "epistemic_quality": null, "accuracy": null, "activity_confidence": "1", "fs_name": "Wazukadani", "last_movement": null, "downthrown_side_dir": "230", "vert_sep_rate": null, "strike_slip_rate": null, "exposure_quality": null, "shortening_rate": null, "notes": null, "index_right": 189, "NAME_EN": "Japan" }, "geometry": { "type": "LineString", "coordinates": [ [ 135.946696538999987, 34.849244793 ], [ 135.928539037, 34.8229923600001 ], [ 135.904348522, 34.812378003 ], [ 135.887499373, 34.801475851000099 ], [ 135.868045981, 34.775223389000097 ], [ 135.84025294700001, 34.759731505 ] ] } },
{ "type": "Feature", "properties": { "average_dip": "(45.0,,)", "average_rake": null, "catalog_id": "GFE_41195", "catalog_name": "GEM Faulted Earth", "dip_dir": "360", "lower_seis_depth": "(20.0,,)", "name": "Kiisuido", "net_slip_rate": "(2.7,,)", "slip_type": "Dextral", "upper_seis_depth": "(0.0,,)", "downthrown_side_id": null, "reference": null, "epistemic_quality": null, "accuracy": null, "activity_confidence": "1", "fs_name": "Chuokozosen(MTL)", "last_movement": "(2950,2950,)", "downthrown_side_dir": "230", "vert_sep_rate": "(0.90000000000000002, 0.8, 1.0)", "strike_slip_rate": null, "exposure_quality": null, "shortening_rate": null, "notes": null, "index_right": 189, "NAME_EN": "Japan" }, "geometry": { "type": "LineString", "coordinates": [ [ 135.173320177, 34.259172142000097 ], [ 135.076941147000014, 34.243236778 ], [ 135.061541541, 34.2419225800001 ], [ 135.038244853, 34.233693991000102 ], [ 135.004191037, 34.227648913000102 ], [ 134.987937487000011, 34.22692163 ], [ 134.959540898, 34.229414709 ], [ 134.95311353, 34.2273498 ], [ 134.94088363, 34.226528619000099 ], [ 134.917472396, 34.228779677 ], [ 134.88610841900001, 34.227172318 ], [ 134.868279089, 34.223976282 ], [ 134.830048879, 34.220534973 ], [ 134.81645187, 34.216969921 ], [ 134.786799887, 34.204270704000102 ], [ 134.766994985, 34.193219520000099 ], [ 134.711738411999988, 34.175569298 ], [ 134.700335491, 34.173197314 ], [ 134.644988458, 34.170120436 ] ] } },
{ "type": "Feature", "properties": { "average_dip": "(60.0,,)", "average_rake": null, "catalog_id": "GFE_41197", "catalog_name": "GEM Faulted Earth", "dip_dir": "270", "lower_seis_depth": "(20.0,,)", "name": "Mitakesan", "net_slip_rate": "(0.0,,)", "slip_type": "Reverse", "upper_seis_depth": "(0.0,,)", "downthrown_side_id": null, "reference": null, "epistemic_quality": null, "accuracy": null, "activity_confidence": "1", "fs_name": "Mitakesan", "last_movement": null, "downthrown_side_dir": "226", "vert_sep_rate": null, "strike_slip_rate": null, "exposure_quality": null, "shortening_rate": null, "notes": null, "index_right": 189, "NAME_EN": "Japan" }, "geometry": { "type": "LineString", "coordinates": [ [ 135.03798269, 35.342681 ], [ 135.081565641, 35.405595752000103 ], [ 135.102399149, 35.424044107 ] ] } }
]
}
