{
"type": "FeatureCollection",
"name": "faults_peoples_republic_of_china",
"crs": { "type": "name", "properties": { "name": "urn:ogc:def:crs:OGC:1.3:CRS84" } },
"features": [
{ "type": "Feature", "properties": { "average_dip": null, "average_rake": null, "catalog_id": "GAF_0", "catalog_name": "HimaTibetMap", "dip_dir": null, "lower_seis_depth": null, "name": null, "net_slip_rate": null, "slip_type": "Reverse", "upper_seis_depth": null, "downthrown_side_id": null, "reference": null, "epistemic_quality": null, "accuracy": null, "activity_confidence": null, "fs_name": null, "last_movement": null, "downthrown_side_dir": null, "vert_sep_rate": null, "strike_slip_rate": null, "exposure_quality": "1", "shortening_rate": null, "notes": null, "index_right": 9, "NAME_EN": "People's Republic of China" }, "geometry": { "type": "LineString", "coordinates": [ [ 88.043729805312935, 41.020015375182595 ], [ 88.30150718093671, 40.815115409943182 ], [ 88.473358764685898, 40.76223799955882 ], [ 88.684868406223359, 40.7159702654725 ], [ 88.988913515933461, 40.709360589174459 ], [ 89.43837150420056, 40.7159702654725 ], [ 89.696148879824335, 40.808505733645141 ], [ 89.848171434679386, 40.88121217292364 ] ] } },
{ "type": "Feature", "properties": { "average_dip": null, "average_rake": null, "catalog_id": "GAF_1", "catalog_name": "HimaTibetMap", "dip_dir": null, "lower_seis_depth": null, "name": null, "net_slip_rate": null, "slip_type": "Reverse", "upper_seis_depth": null, "downthrown_side_id": null, "reference": null, "epistemic_quality": null, "accuracy": null, "activity_confidence": null, "fs_name": null, "last_movement": null, "downthrown_side_dir": null, "vert_sep_rate": null, "strike_slip_rate": null, "exposure_quality": "1", "shortening_rate": null, "notes": null, "index_right": 9, "NAME_EN": "People's Republic of China" }, "geometry": { "type": "LineString", "coordinates": [ [ 86.556552638252683, 41.628105594602793 ], [ 86.72840422200187, 41.528960450132104 ], [ 86.959742892433468, 41.416595953065332 ], [ 87.250568649547475, 41.310841132296602 ], [ 87.501736348873209, 41.277792750806377 ], [ 87.706636314112615, 41.277792750806377 ], [ 88.037120129014895, 41.291012103402466 ], [ 88.281678152042574, 41.350499190084875 ], [ 88.466749088387857, 41.376937895277059 ], [ 88.579113585454635, 41.376937895277059 ], [ 88.737745816607728, 41.383547571575107 ] ] } },
{ "type": "Feature", "properties": { "average_dip": null, "average_rake": null, "catalog_id": "GAF_2", "catalog_name": "HimaTibetMap", "dip_dir": null, "lower_seis_depth": null, "name": null, "net_slip_rate": null, "slip_type": "Reverse", "upper_seis_depth": null, "downthrown_side_id": null, "reference": null, "epistemic_quality": null, "accuracy": null, "activity_confidence": null, "fs_name": null, "last_movement": null, "downthrown_side_dir": null, "vert_sep_rate": null, "strike_slip_rate": null, "exposure_quality": "1", "shortening_rate": null, "notes": null, "index_right": 9, "NAME_EN": "People's Republic of China" }, "geometry": { "type": "LineString", "coordinates": [ [ 88.255239446850396, 41.608276565708657 ], [ 88.169313654975809, 41.601666889410609 ], [ 88.123045920889481, 41.575228184218425 ], [ 88.030510452716854, 41.562008831622336 ], [ 87.931365308246171, 41.555399155324288 ], [ 87.832220163775474, 41.562008831622336 ], [ 87.746294371900888, 41.58844753681452 ], [ 87.594271817045836, 41.641324947198882 ], [ 87.442249262190799, 41.621495918304745 ], [ 87.329884765124021, 41.614886242006698 ], [ 87.204300915461147, 41.634715270900834 ], [ 87.065497713202191, 41.71403138647738 ], [ 86.953133216135427, 41.760299120563701 ], [ 86.85398807166473, 41.727250739073476 ], [ 86.72179454570383, 41.707421710179339 ] ] } },
{ "type": "Feature", "properties": { "average_dip": null, "average_rake": null, "catalog_id": "GAF_3", "catalog_name": "HimaTibetMap", "dip_dir": null, "lower_seis_depth": null, "name": null, "net_slip_rate": null, "slip_type": "Reverse", "upper_seis_depth": null, "downthrown_side_id": null, "reference": null, "epistemic_quality": null, "accuracy": null, "activity_confidence": null, "fs_name": null, "last_movement": null, "downthrown_side_dir": null, "vert_sep_rate": null, "strike_slip_rate": null, "exposure_quality": "1", "shortening_rate": null, "notes": null, "index_right": 9, "NAME_EN": "People's Republic of China" }, "geometry": { "type": "LineString", "coordinates": [ [ 87.567833111853659, 41.872663617630479 ], [ 87.739684695602847, 41.87927329392852 ], [ 87.852049192669611, 41.859444265034384 ], [ 87.984242718630526, 41.793347502053933 ], [ 88.149484626081673, 41.727250739073476 ], [ 88.387432972811311, 41.674373328689107 ], [ 88.532845851368307, 41.64793462349693 ], [ 88.665039377329222, 41.628105594602793 ], [ 88.850110313674506, 41.64793462349693 ], [ 88.96247481074127, 41.641324947198882 ], [ 89.068229631510007, 41.614886242006698 ], [ 89.193813481172867, 41.608276565708657 ], [ 89.326007007133782, 41.621495918304745 ], [ 89.444981180498601, 41.621495918304745 ], [ 89.524297296075147, 41.614886242006698 ], [ 89.616832764247789, 41.601666889410609 ] ] } },
{ "type": "Feature", "properties": { "average_dip": null, "average_rake": null, "catalog_id": "GAF_4", "catalog_name": "HimaTibetMap", "dip_dir": null, "lower_seis_depth": null, "name": null, "net_slip_rate": null, "slip_type": "Dextral", "upper_seis_depth": null, "downthrown_side_id": null, "reference": null, "epistemic_quality": null, "accuracy": null, "activity_confidence": null, "fs_name": null, "last_movement": null, "downthrown_side_dir": null, "vert_sep_rate": null, "strike_slip_rate": null, "exposure_quality": "1", "shortening_rate": null, "notes": null, "index_right": 9, "NAME_EN": "People's Republic of China" }, "geometry": { "type": "LineString", "coordinates": [ [ 84.976840003019788, 42.077563582869892 ], [ 85.161910939365072, 42.051124877677708 ], [ 85.472565725373215, 41.978418438399203 ], [ 85.849317274361809, 41.852834588736343 ], [ 86.080655944793406, 41.793347502053933 ], [ 86.345042996715222, 41.71403138647738 ], [ 86.450797817483959, 41.667763652391066 ], [ 86.536723609358546, 41.621495918304745 ] ] } },
{ "type": "Feature", "properties": { "average_dip": null, "average_rake": null, "catalog_id": "GAF_5", "catalog_name": "HimaTibetMap", "dip_dir": null, "lower_seis_depth": null, "name": null, "net_slip_rate": null, "slip_type": "Reverse", "upper_seis_depth": null, "downthrown_side_id": null, "reference": "Thompson, et al., 2002; Tapponnier and Molnar, 1979", "epistemic_quality": null, "accuracy": null, "activity_confidence": null, "fs_name": "South Tian Shan Thrust", "last_movement": null, "downthrown_side_dir": null, "vert_sep_rate": null, "strike_slip_rate": null, "exposure_quality": "1", "shortening_rate": null, "notes": null, "index_right": 9, "NAME_EN": "People's Republic of China" }, "geometry": { "type": "LineString", "coordinates": [ [ 75.604319012391187, 39.83027364153439 ], [ 75.716683509457965, 39.810444612640254 ], [ 75.881925416909098, 39.803834936342206 ], [ 76.053777000658286, 39.803834936342206 ], [ 76.291725347387924, 39.909589757110936 ], [ 76.470186607435153, 39.962467167495298 ], [ 76.628818838588245, 39.962467167495298 ], [ 76.688305925270654, 39.949247814899209 ], [ 76.754402688251119, 39.929418786005073 ], [ 76.820499451231569, 39.896370404514848 ] ] } },
{ "type": "Feature", "properties": { "average_dip": null, "average_rake": null, "catalog_id": "GAF_7", "catalog_name": "HimaTibetMap", "dip_dir": null, "lower_seis_depth": null, "name": null, "net_slip_rate": null, "slip_type": "Dextral", "upper_seis_depth": null, "downthrown_side_id": null, "reference": "Thompson, et al., 2002; Tapponnier, et al., 1979", "epistemic_quality": null, "accuracy": null, "activity_confidence": null, "fs_name": "Talas-Fergana fault", "last_movement": null, "downthrown_side_dir": null, "vert_sep_rate": null, "strike_slip_rate": null, "exposure_quality": "1", "shortening_rate": null, "notes": null, "index_right": 9, "NAME_EN": "People's Republic of China" }, "geometry": { "type": "LineString", "coordinates": [ [ 75.531612573112682, 39.896370404514848 ], [ 75.392809370853726, 40.068221988264028 ], [ 75.214348110806498, 40.233463895715168 ], [ 75.055715879653405, 40.352438069079987 ], [ 74.903693324798354, 40.438363860954581 ], [ 74.731841741049166, 40.55072835802136 ], [ 74.632696596578484, 40.577167063213537 ], [ 74.447625660233214, 40.623434797299858 ] ] } },
{ "type": "Feature", "properties": { "average_dip": null, "average_rake": null, "catalog_id": "GAF_8", "catalog_name": "HimaTibetMap", "dip_dir": null, "lower_seis_depth": null, "name": null, "net_slip_rate": null, "slip_type": "Reverse", "upper_seis_depth": null, "downthrown_side_id": null, "reference": null, "epistemic_quality": null, "accuracy": null, "activity_confidence": null, "fs_name": null, "last_movement": null, "downthrown_side_dir": null, "vert_sep_rate": null, "strike_slip_rate": null, "exposure_quality": "1", "shortening_rate": null, "notes": null, "index_right": 9, "NAME_EN": "People's Republic of China" }, "geometry": { "type": "LineString", "coordinates": [ [ 76.628818838588245, 38.838822196827557 ], [ 76.476796283733208, 38.865260902019735 ], [ 76.30494469998402, 38.931357665000192 ], [ 76.146312468830928, 38.951186693894329 ], [ 76.014118942870013, 38.971015722788465 ], [ 75.862096388014962, 39.023893133172827 ], [ 75.729902862054047, 39.037112485768922 ], [ 75.604319012391187, 39.037112485768922 ], [ 75.425857752343958, 39.043722162066963 ], [ 75.333322284171317, 39.043722162066963 ], [ 75.101983613739719, 39.235402774710288 ], [ 74.943351382586627, 39.413864034757516 ] ] } },
{ "type": "Feature", "properties": { "average_dip": null, "average_rake": null, "catalog_id": "GAF_9", "catalog_name": "HimaTibetMap", "dip_dir": null, "lower_seis_depth": null, "name": null, "net_slip_rate": null, "slip_type": "Sinistral", "upper_seis_depth": null, "downthrown_side_id": null, "reference": "Avouac and Peltzer, 1993; Taylor, et al., 2003", "epistemic_quality": null, "accuracy": null, "activity_confidence": null, "fs_name": "Longmu Co- Gozha Co Fault", "last_movement": null, "downthrown_side_dir": null, "vert_sep_rate": null, "strike_slip_rate": null, "exposure_quality": "1", "shortening_rate": null, "notes": null, "index_right": 9, "NAME_EN": "People's Republic of China" }, "geometry": { "type": "LineString", "coordinates": [ [ 78.347334676080109, 34.27814555117611 ], [ 78.585283022809747, 34.284755227474157 ], [ 78.803402340645249, 34.284755227474157 ], [ 79.01491198218271, 34.311193932666335 ], [ 79.173544213335802, 34.370681019348751 ], [ 79.444540941555672, 34.377290695646792 ], [ 79.715537669775543, 34.449997134925297 ], [ 79.927047311313004, 34.502874545309659 ], [ 80.118727923956328, 34.582190660886205 ], [ 80.270750478811365, 34.648287423866662 ] ] } },
{ "type": "Feature", "properties": { "average_dip": null, "average_rake": null, "catalog_id": "GAF_10", "catalog_name": "HimaTibetMap", "dip_dir": null, "lower_seis_depth": null, "name": null, "net_slip_rate": null, "slip_type": "Sinistral", "upper_seis_depth": null, "downthrown_side_id": null, "reference": "Avouac and Peltzer, 1993; Taylor, et al., 2003", "epistemic_quality": null, "accuracy": null, "activity_confidence": null, "fs_name": "Longmu Co- Gozha Co Fault", "last_movement": null, "downthrown_side_dir": null, "vert_sep_rate": null, "strike_slip_rate": null, "exposure_quality": "1", "shortening_rate": null, "notes": null, "index_right": 9, "NAME_EN": "People's Republic of China" }, "geometry": { "type": "LineString", "coordinates": [ [ 80.220604009556922, 34.829479625043817 ], [ 80.504820090372888, 34.875747359130131 ], [ 80.762597465996663, 34.93523444581254 ], [ 80.874961963063441, 34.968282827302772 ], [ 81.026984517918493, 34.968282827302772 ], [ 81.175992873636332, 35.001357744744979 ], [ 81.258283068899999, 35.036006248013891 ] ] } },
{ "type": "Feature", "properties": { "average_dip": null, "average_rake": null, "catalog_id": "GAF_11", "catalog_name": "HimaTibetMap", "dip_dir": null, "lower_seis_depth": null, "name": null, "net_slip_rate": null, "slip_type": "Normal", "upper_seis_depth": null, "downthrown_side_id": null, "reference": null, "epistemic_quality": null, "accuracy": null, "activity_confidence": null, "fs_name": null, "last_movement": null, "downthrown_side_dir": null, "vert_sep_rate": null, "strike_slip_rate": null, "exposure_quality": "1", "shortening_rate": null, "notes": null, "index_right": 9, "NAME_EN": "People's Republic of China" }, "geometry": { "type": "LineString", "coordinates": [ [ 82.618236822204764, 36.058137094446757 ], [ 82.470980683311893, 35.932536270096954 ], [ 82.336717733144852, 35.871901389376362 ], [ 82.241338671109958, 35.836202871865929 ], [ 82.089316116254906, 35.631302906626516 ], [ 81.970341942890087, 35.55198679104997 ], [ 81.798490359140899, 35.505719056963649 ], [ 81.666296833179999, 35.446231970281239 ], [ 81.572751114649321, 35.364138807167123 ], [ 81.557284618111424, 35.327257161576753 ], [ 81.552923219836146, 35.261397534526893 ], [ 81.494445249430811, 35.155406213167232 ] ] } },
{ "type": "Feature", "properties": { "average_dip": null, "average_rake": null, "catalog_id": "GAF_12", "catalog_name": "HimaTibetMap", "dip_dir": null, "lower_seis_depth": null, "name": null, "net_slip_rate": null, "slip_type": "Reverse", "upper_seis_depth": null, "downthrown_side_id": null, "reference": "Yin, et al., 2008", "epistemic_quality": null, "accuracy": null, "activity_confidence": null, "fs_name": "Narin Thrust", "last_movement": null, "downthrown_side_dir": null, "vert_sep_rate": null, "strike_slip_rate": null, "exposure_quality": "1", "shortening_rate": null, "notes": null, "index_right": 9, "NAME_EN": "People's Republic of China" }, "geometry": { "type": "LineString", "coordinates": [ [ 88.843793677212332, 37.681379729147139 ], [ 89.246772999337338, 37.681379729147139 ], [ 89.46169530447068, 37.667947085076307 ], [ 89.663184965533176, 37.627649152863803 ], [ 90.133327508012357, 37.4261594918013 ], [ 90.872122931908194, 37.15750661038463 ], [ 90.966151440404033, 37.063478101888798 ], [ 91.382563406599871, 36.929151661180462 ], [ 91.866138593149884, 36.767959932330463 ], [ 92.322848491558219, 36.673931423834624 ], [ 92.739260457754057, 36.579902915338792 ], [ 92.994480695099895, 36.512739694984624 ] ] } },
{ "type": "Feature", "properties": { "average_dip": null, "average_rake": null, "catalog_id": "GAF_13", "catalog_name": "HimaTibetMap", "dip_dir": null, "lower_seis_depth": null, "name": null, "net_slip_rate": null, "slip_type": "Reverse", "upper_seis_depth": null, "downthrown_side_id": null, "reference": null, "epistemic_quality": null, "accuracy": null, "activity_confidence": null, "fs_name": null, "last_movement": null, "downthrown_side_dir": null, "vert_sep_rate": null, "strike_slip_rate": null, "exposure_quality": "1", "shortening_rate": null, "notes": null, "index_right": 9, "NAME_EN": "People's Republic of China" }, "geometry": { "type": "LineString", "coordinates": [ [ 90.106462219870693, 38.366444576759648 ], [ 90.401980389429028, 38.366444576759648 ], [ 90.630335338633202, 38.37987722083048 ], [ 90.858690287837362, 38.29928135640548 ], [ 90.939286152262369, 38.178387559767977 ], [ 91.100477881112369, 38.097791695342977 ], [ 91.234804321820704, 37.976897898705474 ], [ 91.369130762529039, 37.829138813926306 ], [ 91.543755135449871, 37.78884088171381 ], [ 91.772110084654045, 37.70824501728881 ], [ 91.987032389787387, 37.641081796934643 ] ] } },
{ "type": "Feature", "properties": { "average_dip": null, "average_rake": null, "catalog_id": "GAF_14", "catalog_name": "HimaTibetMap", "dip_dir": null, "lower_seis_depth": null, "name": null, "net_slip_rate": null, "slip_type": "Normal", "upper_seis_depth": null, "downthrown_side_id": null, "reference": "Hager et al., 2006", "epistemic_quality": null, "accuracy": null, "activity_confidence": null, "fs_name": "Pum Qu - Xainza Rift", "last_movement": null, "downthrown_side_dir": null, "vert_sep_rate": null, "strike_slip_rate": null, "exposure_quality": "1", "shortening_rate": null, "notes": null, "index_right": 9, "NAME_EN": "People's Republic of China" }, "geometry": { "type": "LineString", "coordinates": [ [ 88.683803822378252, 30.87339412756053 ], [ 88.694386664748663, 30.796962488218696 ], [ 88.669693365884385, 30.7734450607289 ], [ 88.649703552518048, 30.745224147741148 ], [ 88.660286394888459, 30.698189292761558 ], [ 88.655582909390503, 30.665264894275843 ], [ 88.587382369670095, 30.649978566407476 ], [ 88.541523386064995, 30.625285267543195 ], [ 88.515654215826231, 30.550029499575849 ], [ 88.549754485686421, 30.501818773221771 ], [ 88.542699257439494, 30.471246117485038 ], [ 88.50507137345582, 30.425387133879937 ], [ 88.469795232221131, 30.350131365912596 ], [ 88.512126601702761, 30.221961386093213 ], [ 88.489785045587453, 30.145529746751379 ] ] } },
{ "type": "Feature", "properties": { "average_dip": null, "average_rake": null, "catalog_id": "GAF_15", "catalog_name": "HimaTibetMap", "dip_dir": null, "lower_seis_depth": null, "name": null, "net_slip_rate": null, "slip_type": "Normal", "upper_seis_depth": null, "downthrown_side_id": null, "reference": "Murphy, et al., 2002", "epistemic_quality": null, "accuracy": null, "activity_confidence": null, "fs_name": "Gurla Mandhata detachment", "last_movement": null, "downthrown_side_dir": null, "vert_sep_rate": null, "strike_slip_rate": null, "exposure_quality": "1", "shortening_rate": null, "notes": null, "index_right": 9, "NAME_EN": "People's Republic of China" }, "geometry": { "type": "LineString", "coordinates": [ [ 81.418787659105604, 30.142157407486987 ], [ 81.347891964392403, 30.151610166782081 ], [ 81.300173175407522, 30.179481827718458 ], [ 81.266855537997372, 30.199662289694896 ], [ 81.226166754797674, 30.231071174971856 ], [ 81.201777279487899, 30.271046119869801 ], [ 81.202372144739357, 30.323394261998068 ], [ 81.189879974458748, 30.345999141553456 ], [ 81.157757250880039, 30.420357297985653 ], [ 81.157162385628581, 30.461403000336226 ], [ 81.180362130435427, 30.479248957879953 ], [ 81.210576218936083, 30.498983354457053 ], [ 81.263643265639487, 30.51434600771595 ] ] } },
{ "type": "Feature", "properties": { "average_dip": null, "average_rake": null, "catalog_id": "GAF_16", "catalog_name": "HimaTibetMap", "dip_dir": null, "lower_seis_depth": null, "name": null, "net_slip_rate": null, "slip_type": "Sinistral", "upper_seis_depth": null, "downthrown_side_id": null, "reference": null, "epistemic_quality": null, "accuracy": null, "activity_confidence": null, "fs_name": null, "last_movement": null, "downthrown_side_dir": null, "vert_sep_rate": null, "strike_slip_rate": null, "exposure_quality": "1", "shortening_rate": null, "notes": null, "index_right": 9, "NAME_EN": "People's Republic of China" }, "geometry": { "type": "LineString", "coordinates": [ [ 94.552892181296997, 40.805080014597657 ], [ 95.266521004331651, 41.142710855603305 ], [ 95.634845558156002, 41.296179419696777 ], [ 96.171985532483163, 41.488015124813622 ], [ 96.486596088874791, 41.534055694041662 ], [ 96.755166076038364, 41.587769691474378 ], [ 97.0083892067926, 41.679850829930466 ] ] } },
{ "type": "Feature", "properties": { "average_dip": null, "average_rake": null, "catalog_id": "GAF_17", "catalog_name": "HimaTibetMap", "dip_dir": null, "lower_seis_depth": null, "name": null, "net_slip_rate": null, "slip_type": "Sinistral", "upper_seis_depth": null, "downthrown_side_id": null, "reference": null, "epistemic_quality": null, "accuracy": null, "activity_confidence": null, "fs_name": null, "last_movement": null, "downthrown_side_dir": null, "vert_sep_rate": null, "strike_slip_rate": null, "exposure_quality": "1", "shortening_rate": null, "notes": null, "index_right": 9, "NAME_EN": "People's Republic of China" }, "geometry": { "type": "LineString", "coordinates": [ [ 95.105379012033509, 40.160512045405056 ], [ 95.350928714583063, 40.30630718129386 ], [ 95.558111276109258, 40.413735176159292 ], [ 96.087577822231751, 40.536510027434076 ], [ 96.348474381190655, 40.590224024866792 ], [ 96.58635065553554, 40.674631735118204 ] ] } },
{ "type": "Feature", "properties": { "average_dip": null, "average_rake": null, "catalog_id": "GAF_18", "catalog_name": "HimaTibetMap", "dip_dir": null, "lower_seis_depth": null, "name": null, "net_slip_rate": null, "slip_type": "Sinistral", "upper_seis_depth": null, "downthrown_side_id": null, "reference": null, "epistemic_quality": null, "accuracy": null, "activity_confidence": null, "fs_name": null, "last_movement": null, "downthrown_side_dir": null, "vert_sep_rate": null, "strike_slip_rate": null, "exposure_quality": "1", "shortening_rate": null, "notes": null, "index_right": 9, "NAME_EN": "People's Republic of China" }, "geometry": { "type": "LineString", "coordinates": [ [ 80.057786302668262, 33.707158925274406 ], [ 80.372396859059876, 33.814586920139845 ], [ 80.625619989814112, 33.891321202186582 ] ] } },
{ "type": "Feature", "properties": { "average_dip": null, "average_rake": null, "catalog_id": "GAF_19", "catalog_name": "HimaTibetMap", "dip_dir": null, "lower_seis_depth": null, "name": null, "net_slip_rate": null, "slip_type": "Sinistral", "upper_seis_depth": null, "downthrown_side_id": null, "reference": null, "epistemic_quality": null, "accuracy": null, "activity_confidence": null, "fs_name": null, "last_movement": null, "downthrown_side_dir": null, "vert_sep_rate": null, "strike_slip_rate": null, "exposure_quality": "1", "shortening_rate": null, "notes": null, "index_right": 9, "NAME_EN": "People's Republic of China" }, "geometry": { "type": "LineString", "coordinates": [ [ 80.752497483306129, 33.300893038840918 ], [ 80.979084101033379, 33.425515678590905 ], [ 81.117868404391317, 33.479330000301125 ], [ 81.279311369521992, 33.608201139133506 ], [ 81.415983094895509, 33.691812068865062 ], [ 81.546431374374961, 33.760872922707129 ], [ 81.633352959720824, 33.783805767872124 ], [ 81.712658275925364, 33.87160808224143 ] ] } },
{ "type": "Feature", "properties": { "average_dip": null, "average_rake": null, "catalog_id": "GAF_20", "catalog_name": "HimaTibetMap", "dip_dir": null, "lower_seis_depth": null, "name": null, "net_slip_rate": null, "slip_type": "Dextral", "upper_seis_depth": null, "downthrown_side_id": null, "reference": null, "epistemic_quality": null, "accuracy": null, "activity_confidence": null, "fs_name": null, "last_movement": null, "downthrown_side_dir": null, "vert_sep_rate": null, "strike_slip_rate": null, "exposure_quality": "1", "shortening_rate": null, "notes": null, "index_right": 9, "NAME_EN": "People's Republic of China" }, "geometry": { "type": "LineString", "coordinates": [ [ 81.520342884129363, 32.987920273105132 ], [ 81.564244041314012, 32.965261611332409 ], [ 81.610977531220257, 32.894453293292642 ], [ 81.744524341335691, 32.817041253532246 ], [ 81.844278907996454, 32.678919545848117 ], [ 81.967053759271224, 32.548471266368665 ], [ 82.128195751569379, 32.402676130479861 ], [ 82.304684600276872, 32.295248135614429 ], [ 82.473500020779696, 32.210840425363017 ], [ 82.542560874621756, 32.164799856134977 ], [ 82.565581159235776, 32.134106143316281 ] ] } },
{ "type": "Feature", "properties": { "average_dip": null, "average_rake": null, "catalog_id": "GAF_21", "catalog_name": "HimaTibetMap", "dip_dir": null, "lower_seis_depth": null, "name": null, "net_slip_rate": null, "slip_type": "Sinistral", "upper_seis_depth": null, "downthrown_side_id": null, "reference": null, "epistemic_quality": null, "accuracy": null, "activity_confidence": null, "fs_name": null, "last_movement": null, "downthrown_side_dir": null, "vert_sep_rate": null, "strike_slip_rate": null, "exposure_quality": "1", "shortening_rate": null, "notes": null, "index_right": 9, "NAME_EN": "People's Republic of China" }, "geometry": { "type": "LineString", "coordinates": [ [ 84.797375112777374, 33.68079627536433 ], [ 85.019904530712921, 33.780550842025086 ], [ 85.173373094806394, 33.880305408685842 ], [ 85.273127661467157, 33.94936626252791 ] ] } },
{ "type": "Feature", "properties": { "average_dip": null, "average_rake": null, "catalog_id": "GAF_22", "catalog_name": "HimaTibetMap", "dip_dir": null, "lower_seis_depth": null, "name": null, "net_slip_rate": null, "slip_type": "Dextral", "upper_seis_depth": null, "downthrown_side_id": null, "reference": null, "epistemic_quality": null, "accuracy": null, "activity_confidence": null, "fs_name": null, "last_movement": null, "downthrown_side_dir": null, "vert_sep_rate": null, "strike_slip_rate": null, "exposure_quality": "1", "shortening_rate": null, "notes": null, "index_right": 9, "NAME_EN": "People's Republic of China" }, "geometry": { "type": "LineString", "coordinates": [ [ 83.598955342777302, 33.997760499439458 ], [ 83.821484760712849, 33.936373073802073 ], [ 84.020993894034362, 33.85963879175533 ], [ 84.212829599151206, 33.798251366117945 ], [ 84.35862473504001, 33.744537368685229 ], [ 84.458379301700774, 33.690823371252513 ] ] } },
{ "type": "Feature", "properties": { "average_dip": null, "average_rake": null, "catalog_id": "GAF_23", "catalog_name": "HimaTibetMap", "dip_dir": null, "lower_seis_depth": null, "name": null, "net_slip_rate": null, "slip_type": "Sinistral", "upper_seis_depth": null, "downthrown_side_id": null, "reference": "Taylor, et al., 2003", "epistemic_quality": null, "accuracy": null, "activity_confidence": null, "fs_name": "Riganpei Co Fault", "last_movement": null, "downthrown_side_dir": null, "vert_sep_rate": null, "strike_slip_rate": null, "exposure_quality": "1", "shortening_rate": null, "notes": null, "index_right": 9, "NAME_EN": "People's Republic of China" }, "geometry": { "type": "LineString", "coordinates": [ [ 85.060861492115535, 32.226187281772383 ], [ 85.260370625437048, 32.310594992023795 ], [ 85.398492333121183, 32.410349558684551 ], [ 85.559634325419324, 32.425696415093896 ], [ 85.72077631771748, 32.464063556117267 ], [ 85.966326020267047, 32.540797838164004 ], [ 86.150488297179209, 32.571491550982699 ], [ 86.296283433068012, 32.586838407392044 ], [ 86.349997430500721, 32.609858692006071 ] ] } },
{ "type": "Feature", "properties": { "average_dip": null, "average_rake": null, "catalog_id": "GAF_24", "catalog_name": "HimaTibetMap", "dip_dir": null, "lower_seis_depth": null, "name": null, "net_slip_rate": null, "slip_type": "Sinistral", "upper_seis_depth": null, "downthrown_side_id": null, "reference": null, "epistemic_quality": null, "accuracy": null, "activity_confidence": null, "fs_name": null, "last_movement": null, "downthrown_side_dir": null, "vert_sep_rate": null, "strike_slip_rate": null, "exposure_quality": "1", "shortening_rate": null, "notes": null, "index_right": 9, "NAME_EN": "People's Republic of China" }, "geometry": { "type": "LineString", "coordinates": [ [ 85.790113538396056, 35.899467139392478 ], [ 86.103171232170183, 35.862636822477874 ], [ 86.52058149053569, 35.807391347105963 ], [ 86.987098838120673, 35.739869099429193 ], [ 87.435201027248354, 35.742938292505407 ], [ 87.763604686403568, 35.690762010209717 ], [ 88.134977048625828, 35.706107975590804 ], [ 88.380512494723192, 35.699969589438368 ], [ 88.616840361591898, 35.666208465599986 ] ] } },
{ "type": "Feature", "properties": { "average_dip": null, "average_rake": null, "catalog_id": "GAF_25", "catalog_name": "HimaTibetMap", "dip_dir": null, "lower_seis_depth": null, "name": null, "net_slip_rate": null, "slip_type": "Sinistral", "upper_seis_depth": null, "downthrown_side_id": null, "reference": null, "epistemic_quality": null, "accuracy": null, "activity_confidence": null, "fs_name": null, "last_movement": null, "downthrown_side_dir": null, "vert_sep_rate": null, "strike_slip_rate": null, "exposure_quality": "1", "shortening_rate": null, "notes": null, "index_right": 9, "NAME_EN": "People's Republic of China" }, "geometry": { "type": "LineString", "coordinates": [ [ 84.017275256279902, 35.295558563641883 ], [ 85.183636343390319, 35.59482226362416 ] ] } },
{ "type": "Feature", "properties": { "average_dip": null, "average_rake": null, "catalog_id": "GAF_26", "catalog_name": "HimaTibetMap", "dip_dir": null, "lower_seis_depth": null, "name": null, "net_slip_rate": null, "slip_type": "Sinistral", "upper_seis_depth": null, "downthrown_side_id": null, "reference": null, "epistemic_quality": null, "accuracy": null, "activity_confidence": null, "fs_name": null, "last_movement": null, "downthrown_side_dir": null, "vert_sep_rate": null, "strike_slip_rate": null, "exposure_quality": "1", "shortening_rate": null, "notes": null, "index_right": 9, "NAME_EN": "People's Republic of China" }, "geometry": { "type": "LineString", "coordinates": [ [ 81.538757946170279, 34.781438873928735 ], [ 81.953123069222656, 34.812132586747431 ], [ 82.344467907661027, 34.873520012384823 ], [ 82.774179887122756, 34.973274579045579 ], [ 83.41107442811068, 35.157436855957748 ], [ 83.741031840911646, 35.272538279027856 ], [ 83.97890811525653, 35.379966273893288 ] ] } },
{ "type": "Feature", "properties": { "average_dip": null, "average_rake": null, "catalog_id": "GAF_27", "catalog_name": "HimaTibetMap", "dip_dir": null, "lower_seis_depth": null, "name": null, "net_slip_rate": null, "slip_type": "Sinistral", "upper_seis_depth": null, "downthrown_side_id": null, "reference": null, "epistemic_quality": null, "accuracy": null, "activity_confidence": null, "fs_name": null, "last_movement": null, "downthrown_side_dir": null, "vert_sep_rate": null, "strike_slip_rate": null, "exposure_quality": "1", "shortening_rate": null, "notes": null, "index_right": 9, "NAME_EN": "People's Republic of China" }, "geometry": { "type": "LineString", "coordinates": [ [ 90.631770368708686, 35.295558563641883 ], [ 91.007768350737706, 35.364619417483951 ], [ 91.284011766105962, 35.418333414916667 ], [ 91.836498596842475, 35.418333414916667 ] ] } },
{ "type": "Feature", "properties": { "average_dip": null, "average_rake": null, "catalog_id": "GAF_28", "catalog_name": "HimaTibetMap", "dip_dir": null, "lower_seis_depth": null, "name": null, "net_slip_rate": null, "slip_type": "Dextral", "upper_seis_depth": null, "downthrown_side_id": null, "reference": "Armijo, et al., 1986; 1989", "epistemic_quality": null, "accuracy": null, "activity_confidence": null, "fs_name": "Jiali fault", "last_movement": null, "downthrown_side_dir": null, "vert_sep_rate": null, "strike_slip_rate": null, "exposure_quality": "1", "shortening_rate": null, "notes": null, "index_right": 9, "NAME_EN": "People's Republic of China" }, "geometry": { "type": "LineString", "coordinates": [ [ 92.573147704491149, 30.837296776726422 ], [ 92.895431689087445, 30.745215638270338 ], [ 93.217715673683742, 30.645461071609578 ], [ 93.432571663414606, 30.637787643404902 ], [ 93.563019942894073, 30.65313449981425 ], [ 93.685794794168842, 30.645461071609578 ], [ 93.800896217238957, 30.60709393058621 ], [ 93.93134449671841, 30.50733936392545 ], [ 94.107833345425902, 30.476645651106754 ], [ 94.391750188998827, 30.376891084445997 ], [ 94.598932750525023, 30.300156802399258 ], [ 94.783095027437199, 30.246442804966541 ], [ 94.959583876144691, 30.169708522919805 ], [ 95.174439865875556, 29.993219674212309 ], [ 95.304888145355008, 29.947179104984265 ], [ 95.519744135085872, 29.947179104984265 ] ] } },
{ "type": "Feature", "properties": { "average_dip": null, "average_rake": null, "catalog_id": "GAF_29", "catalog_name": "HimaTibetMap", "dip_dir": null, "lower_seis_depth": null, "name": null, "net_slip_rate": null, "slip_type": "Sinistral", "upper_seis_depth": null, "downthrown_side_id": null, "reference": null, "epistemic_quality": null, "accuracy": null, "activity_confidence": null, "fs_name": null, "last_movement": null, "downthrown_side_dir": null, "vert_sep_rate": null, "strike_slip_rate": null, "exposure_quality": "1", "shortening_rate": null, "notes": null, "index_right": 9, "NAME_EN": "People's Republic of China" }, "geometry": { "type": "LineString", "coordinates": [ [ 87.282799197409133, 38.310639758290371 ], [ 87.549298825090958, 38.315398680213264 ], [ 88.025191017379925, 38.367746821365053 ], [ 88.558190272743573, 38.429612806362613 ], [ 88.991252167726529, 38.539068010589077 ], [ 89.276787483099923, 38.643764292892648 ], [ 89.46714436001551, 38.724665965581778 ] ] } },
{ "type": "Feature", "properties": { "average_dip": null, "average_rake": null, "catalog_id": "GAF_30", "catalog_name": "HimaTibetMap", "dip_dir": null, "lower_seis_depth": null, "name": null, "net_slip_rate": null, "slip_type": "Normal", "upper_seis_depth": null, "downthrown_side_id": null, "reference": null, "epistemic_quality": null, "accuracy": null, "activity_confidence": null, "fs_name": null, "last_movement": null, "downthrown_side_dir": null, "vert_sep_rate": null, "strike_slip_rate": null, "exposure_quality": "1", "shortening_rate": null, "notes": null, "index_right": 9, "NAME_EN": "People's Republic of China" }, "geometry": { "type": "LineString", "coordinates": [ [ 84.008355224951515, 29.759469289562993 ], [ 83.956335867095731, 29.679333370344001 ], [ 83.90984553931014, 29.500583932128656 ], [ 83.916508030126465, 29.433007239563075 ], [ 83.899547164382, 29.271781022382914 ], [ 83.875224381675309, 29.13529701005027 ], [ 83.83334586797271, 29.040118569817061 ], [ 83.771836800971982, 28.9123811714874 ], [ 83.72139222764838, 28.801022396414542 ], [ 83.628117356219832, 28.713458231399983 ], [ 83.58243170490789, 28.685856483732351 ], [ 83.596708470942872, 28.558317373819843 ] ] } },
{ "type": "Feature", "properties": { "average_dip": null, "average_rake": null, "catalog_id": "GAF_31", "catalog_name": "HimaTibetMap", "dip_dir": null, "lower_seis_depth": null, "name": null, "net_slip_rate": null, "slip_type": "Normal", "upper_seis_depth": null, "downthrown_side_id": null, "reference": null, "epistemic_quality": null, "accuracy": null, "activity_confidence": null, "fs_name": null, "last_movement": null, "downthrown_side_dir": null, "vert_sep_rate": null, "strike_slip_rate": null, "exposure_quality": "1", "shortening_rate": null, "notes": null, "index_right": 9, "NAME_EN": "People's Republic of China" }, "geometry": { "type": "LineString", "coordinates": [ [ 85.657898485691248, 29.204388201939658 ], [ 85.644903670828384, 29.145945743641636 ], [ 85.623488521775911, 29.107398475347185 ], [ 85.631811620490893, 29.047867010737598 ], [ 85.608259971338597, 29.039345890580439 ], [ 85.585417145682626, 29.014599496119803 ], [ 85.5405075922897, 29.008736712937083 ], [ 85.508798501294891, 29.000322730084822 ], [ 85.493310108947696, 28.985137971266084 ], [ 85.549725230595172, 28.921324624691255 ], [ 85.563178132545758, 28.895566335699019 ], [ 85.554008260405666, 28.870880051367653 ], [ 85.512638526175877, 28.858124547465803 ], [ 85.488333861889018, 28.800041791334341 ], [ 85.475290429288847, 28.721781195733314 ], [ 85.488974835829382, 28.679451767858332 ], [ 85.504441332367293, 28.644949583273792 ], [ 85.517528367899359, 28.621154973215489 ], [ 85.537753786448917, 28.606878207180507 ], [ 85.565117588015966, 28.606878207180507 ] ] } },
{ "type": "Feature", "properties": { "average_dip": null, "average_rake": null, "catalog_id": "GAF_32", "catalog_name": "HimaTibetMap", "dip_dir": null, "lower_seis_depth": null, "name": null, "net_slip_rate": null, "slip_type": "Normal", "upper_seis_depth": null, "downthrown_side_id": null, "reference": null, "epistemic_quality": null, "accuracy": null, "activity_confidence": null, "fs_name": null, "last_movement": null, "downthrown_side_dir": null, "vert_sep_rate": null, "strike_slip_rate": null, "exposure_quality": "1", "shortening_rate": null, "notes": null, "index_right": 9, "NAME_EN": "People's Republic of China" }, "geometry": { "type": "LineString", "coordinates": [ [ 90.15134527867265, 29.096407656444892 ], [ 90.033954385271102, 28.992060195643521 ], [ 89.968737222270249, 28.913799600042491 ], [ 89.916563491869553, 28.835539004441465 ], [ 89.877433194069042, 28.783365274040779 ], [ 89.851346328868701, 28.639887515438893 ], [ 89.851346328868701, 28.535540054637519 ], [ 89.903520059269383, 28.405105728635807 ], [ 89.968737222270249, 28.326845133034777 ] ] } },
{ "type": "Feature", "properties": { "average_dip": null, "average_rake": null, "catalog_id": "GAF_33", "catalog_name": "HimaTibetMap", "dip_dir": null, "lower_seis_depth": null, "name": null, "net_slip_rate": null, "slip_type": "Normal", "upper_seis_depth": null, "downthrown_side_id": null, "reference": null, "epistemic_quality": null, "accuracy": null, "activity_confidence": null, "fs_name": null, "last_movement": null, "downthrown_side_dir": null, "vert_sep_rate": null, "strike_slip_rate": null, "exposure_quality": "1", "shortening_rate": null, "notes": null, "index_right": 9, "NAME_EN": "People's Republic of China" }, "geometry": { "type": "LineString", "coordinates": [ [ 92.061106285434761, 29.038814078907116 ], [ 92.061106285434761, 28.882292887705059 ], [ 92.021975987634249, 28.764901994303514 ], [ 91.956758824633383, 28.686641398702488 ], [ 91.89154166163253, 28.634467668301802 ], [ 91.852411363832019, 28.582293937901117 ], [ 91.800237633431337, 28.530120207500431 ], [ 91.800237633431337, 27.956209173092887 ], [ 91.852411363832019, 27.890992010092027 ] ] } },
{ "type": "Feature", "properties": { "average_dip": null, "average_rake": null, "catalog_id": "GAF_34", "catalog_name": "HimaTibetMap", "dip_dir": null, "lower_seis_depth": null, "name": null, "net_slip_rate": null, "slip_type": "Normal", "upper_seis_depth": null, "downthrown_side_id": null, "reference": null, "epistemic_quality": null, "accuracy": null, "activity_confidence": null, "fs_name": null, "last_movement": null, "downthrown_side_dir": null, "vert_sep_rate": null, "strike_slip_rate": null, "exposure_quality": "1", "shortening_rate": null, "notes": null, "index_right": 9, "NAME_EN": "People's Republic of China" }, "geometry": { "type": "LineString", "coordinates": [ [ 87.825701480457695, 32.156979382528064 ], [ 87.884549536951752, 32.224545669613839 ], [ 87.932499805206177, 32.244161688445189 ], [ 88.085068840561149, 32.311727975530964 ], [ 88.13301910881556, 32.403269396743944 ], [ 88.155700090846409, 32.461613267289131 ], [ 88.128659993519705, 32.568915777986483 ], [ 88.113403089984203, 32.621225161536756 ], [ 88.126480435871784, 32.658277641551535 ], [ 88.148276012351062, 32.706227909805953 ], [ 88.167892031182419, 32.741100832172805 ], [ 88.289947259466388, 32.837001368681641 ] ] } },
{ "type": "Feature", "properties": { "average_dip": null, "average_rake": null, "catalog_id": "GAF_35", "catalog_name": "HimaTibetMap", "dip_dir": null, "lower_seis_depth": null, "name": null, "net_slip_rate": null, "slip_type": "Normal", "upper_seis_depth": null, "downthrown_side_id": null, "reference": null, "epistemic_quality": null, "accuracy": null, "activity_confidence": null, "fs_name": null, "last_movement": null, "downthrown_side_dir": null, "vert_sep_rate": null, "strike_slip_rate": null, "exposure_quality": "1", "shortening_rate": null, "notes": null, "index_right": 9, "NAME_EN": "People's Republic of China" }, "geometry": { "type": "LineString", "coordinates": [ [ 88.028400341715013, 32.592890912113688 ], [ 88.019682111123302, 32.492631260308997 ], [ 87.980450073460588, 32.422885415575294 ], [ 87.899806440487254, 32.379294262616732 ], [ 87.823521922809761, 32.224545669613839 ], [ 87.77775121220327, 32.239802573149333 ], [ 87.71943673585865, 32.22254073575715 ], [ 87.71943673585865, 32.09974948288631 ] ] } },
{ "type": "Feature", "properties": { "average_dip": null, "average_rake": null, "catalog_id": "GAF_36", "catalog_name": "HimaTibetMap", "dip_dir": null, "lower_seis_depth": null, "name": null, "net_slip_rate": null, "slip_type": "Normal", "upper_seis_depth": null, "downthrown_side_id": null, "reference": null, "epistemic_quality": null, "accuracy": null, "activity_confidence": null, "fs_name": null, "last_movement": null, "downthrown_side_dir": null, "vert_sep_rate": null, "strike_slip_rate": null, "exposure_quality": "1", "shortening_rate": null, "notes": null, "index_right": 9, "NAME_EN": "People's Republic of China" }, "geometry": { "type": "LineString", "coordinates": [ [ 84.885307638453924, 34.358054512364816 ], [ 85.034411302654235, 34.270346474599933 ], [ 85.148431751748589, 34.208950848164513 ], [ 85.227368985736973, 34.130013614176114 ], [ 85.2887646121724, 34.103701202846651 ], [ 85.306306219725371, 34.051076380187716 ], [ 85.306306219725371, 33.945826734869854 ], [ 85.271223004619429, 33.91951432354039 ] ] } },
{ "type": "Feature", "properties": { "average_dip": null, "average_rake": null, "catalog_id": "GAF_37", "catalog_name": "HimaTibetMap", "dip_dir": null, "lower_seis_depth": null, "name": null, "net_slip_rate": null, "slip_type": "Normal", "upper_seis_depth": null, "downthrown_side_id": null, "reference": null, "epistemic_quality": null, "accuracy": null, "activity_confidence": null, "fs_name": null, "last_movement": null, "downthrown_side_dir": null, "vert_sep_rate": null, "strike_slip_rate": null, "exposure_quality": "1", "shortening_rate": null, "notes": null, "index_right": 9, "NAME_EN": "People's Republic of China" }, "geometry": { "type": "LineString", "coordinates": [ [ 81.347570588112333, 33.670512459008499 ], [ 81.292340100041315, 33.731407612522695 ], [ 81.119284570752114, 33.790886599676099 ], [ 80.985544241232517, 33.85302688848153 ], [ 80.836440577032221, 33.949505730022899 ] ] } },
{ "type": "Feature", "properties": { "average_dip": null, "average_rake": null, "catalog_id": "GAF_38", "catalog_name": "HimaTibetMap", "dip_dir": null, "lower_seis_depth": null, "name": null, "net_slip_rate": null, "slip_type": "Reverse", "upper_seis_depth": null, "downthrown_side_id": null, "reference": null, "epistemic_quality": null, "accuracy": null, "activity_confidence": null, "fs_name": null, "last_movement": null, "downthrown_side_dir": null, "vert_sep_rate": null, "strike_slip_rate": null, "exposure_quality": "1", "shortening_rate": null, "notes": null, "index_right": 9, "NAME_EN": "People's Republic of China" }, "geometry": { "type": "LineString", "coordinates": [ [ 92.502416834311873, 39.280305518209239 ], [ 91.873851786380428, 39.271811395939892 ], [ 91.517098651067982, 39.254823151401204 ], [ 91.058416048523426, 39.254823151401204 ], [ 90.727145280019016, 39.237834906862517 ], [ 90.14954496570364, 39.237834906862517 ] ] } },
{ "type": "Feature", "properties": { "average_dip": null, "average_rake": null, "catalog_id": "GAF_39", "catalog_name": "HimaTibetMap", "dip_dir": null, "lower_seis_depth": null, "name": null, "net_slip_rate": null, "slip_type": "Reverse", "upper_seis_depth": null, "downthrown_side_id": null, "reference": null, "epistemic_quality": null, "accuracy": null, "activity_confidence": null, "fs_name": null, "last_movement": null, "downthrown_side_dir": null, "vert_sep_rate": null, "strike_slip_rate": null, "exposure_quality": "1", "shortening_rate": null, "notes": null, "index_right": 9, "NAME_EN": "People's Republic of China" }, "geometry": { "type": "LineString", "coordinates": [ [ 94.524017934415681, 39.738988120753802 ], [ 94.294676633143411, 39.83242346571658 ], [ 93.920935253292285, 39.993811788834115 ], [ 93.810511663790805, 40.01929415564215 ], [ 93.68309982975066, 40.01929415564215 ], [ 93.5556879957105, 40.02778827791149 ], [ 93.266887838552805, 39.968329422026088 ], [ 93.139476004512645, 39.90037644387133 ], [ 92.935617070048394, 39.82392934344724 ], [ 92.833687602816269, 39.772964609831178 ], [ 92.604346301543998, 39.62007040898299 ], [ 92.408981489349088, 39.586093919905615 ], [ 92.298557899847609, 39.543623308558892 ] ] } },
{ "type": "Feature", "properties": { "average_dip": null, "average_rake": null, "catalog_id": "GAF_40", "catalog_name": "HimaTibetMap", "dip_dir": null, "lower_seis_depth": null, "name": null, "net_slip_rate": null, "slip_type": "Reverse", "upper_seis_depth": null, "downthrown_side_id": null, "reference": null, "epistemic_quality": null, "accuracy": null, "activity_confidence": null, "fs_name": null, "last_movement": null, "downthrown_side_dir": null, "vert_sep_rate": null, "strike_slip_rate": null, "exposure_quality": "1", "shortening_rate": null, "notes": null, "index_right": 9, "NAME_EN": "People's Republic of China" }, "geometry": { "type": "LineString", "coordinates": [ [ 95.059147637384342, 40.129717745143616 ], [ 94.940229925613536, 40.053270644719525 ], [ 94.872276947458786, 40.104235378335588 ], [ 94.804323969304036, 40.138211867412963 ], [ 94.727876868879946, 40.138211867412963 ], [ 94.659923890725196, 40.129717745143616 ], [ 94.557994423493057, 40.104235378335588 ], [ 94.464559078530286, 40.053270644719525 ], [ 94.362629611298161, 40.010800033372803 ] ] } },
{ "type": "Feature", "properties": { "average_dip": null, "average_rake": null, "catalog_id": "GAF_41", "catalog_name": "HimaTibetMap", "dip_dir": null, "lower_seis_depth": null, "name": null, "net_slip_rate": null, "slip_type": "Reverse", "upper_seis_depth": null, "downthrown_side_id": null, "reference": null, "epistemic_quality": null, "accuracy": null, "activity_confidence": null, "fs_name": null, "last_movement": null, "downthrown_side_dir": null, "vert_sep_rate": null, "strike_slip_rate": null, "exposure_quality": "1", "shortening_rate": null, "notes": null, "index_right": 9, "NAME_EN": "People's Republic of China" }, "geometry": { "type": "LineString", "coordinates": [ [ 94.320158999951431, 39.084940706014329 ], [ 93.852982275137535, 39.152893684169079 ], [ 93.61514685159591, 39.195364295515802 ], [ 93.283876083091499, 39.195364295515802 ], [ 93.181946615859374, 39.220846662323829 ], [ 93.088511270896589, 39.237834906862517 ] ] } },
{ "type": "Feature", "properties": { "average_dip": null, "average_rake": null, "catalog_id": "GAF_42", "catalog_name": "HimaTibetMap", "dip_dir": null, "lower_seis_depth": null, "name": null, "net_slip_rate": null, "slip_type": "Reverse", "upper_seis_depth": null, "downthrown_side_id": null, "reference": "Yin, et al., 2008", "epistemic_quality": null, "accuracy": null, "activity_confidence": null, "fs_name": "Qilian Shan - Nan Shan thrust belt", "last_movement": null, "downthrown_side_dir": null, "vert_sep_rate": null, "strike_slip_rate": null, "exposure_quality": "1", "shortening_rate": null, "notes": null, "index_right": 9, "NAME_EN": "People's Republic of China" }, "geometry": { "type": "LineString", "coordinates": [ [ 96.239830632823129, 38.532822758506981 ], [ 96.018983453820198, 38.643246348008454 ], [ 95.874583375241357, 38.677222837085829 ], [ 95.764159785739878, 38.711199326163204 ], [ 95.687712685315788, 38.736681692971231 ], [ 95.653736196238413, 38.762164059779266 ], [ 95.577289095814322, 38.796140548856641 ] ] } },
{ "type": "Feature", "properties": { "average_dip": null, "average_rake": null, "catalog_id": "GAF_43", "catalog_name": "HimaTibetMap", "dip_dir": null, "lower_seis_depth": null, "name": null, "net_slip_rate": null, "slip_type": "Reverse", "upper_seis_depth": null, "downthrown_side_id": null, "reference": "Yin, et al., 2008", "epistemic_quality": null, "accuracy": null, "activity_confidence": null, "fs_name": "Qilian Shan - Nan Shan thrust belt", "last_movement": null, "downthrown_side_dir": null, "vert_sep_rate": null, "strike_slip_rate": null, "exposure_quality": "1", "shortening_rate": null, "notes": null, "index_right": 9, "NAME_EN": "People's Republic of China" }, "geometry": { "type": "LineString", "coordinates": [ [ 96.723995602175719, 38.541316880776314 ], [ 96.477666056364754, 38.643246348008439 ], [ 96.324771855516559, 38.728187570701877 ], [ 96.095430554244274, 38.847105282472697 ], [ 96.027477576089524, 38.923552382896787 ], [ 95.934042231126739, 38.983011238782197 ], [ 95.815124519355933, 39.050964216936947 ], [ 95.517830239928898, 39.254823151401197 ], [ 95.313971305464648, 39.348258496363975 ], [ 95.161077104616453, 39.407717352249385 ], [ 95.042159392845647, 39.44169384132676 ], [ 94.931735803344182, 39.458682085865448 ] ] } },
{ "type": "Feature", "properties": { "average_dip": null, "average_rake": null, "catalog_id": "GAF_44", "catalog_name": "HimaTibetMap", "dip_dir": null, "lower_seis_depth": null, "name": null, "net_slip_rate": null, "slip_type": "Reverse", "upper_seis_depth": null, "downthrown_side_id": null, "reference": "Yin, et al., 2008", "epistemic_quality": null, "accuracy": null, "activity_confidence": null, "fs_name": "Qilian Shan - Nan Shan thrust belt", "last_movement": null, "downthrown_side_dir": null, "vert_sep_rate": null, "strike_slip_rate": null, "exposure_quality": "1", "shortening_rate": null, "notes": null, "index_right": 9, "NAME_EN": "People's Republic of China" }, "geometry": { "type": "LineString", "coordinates": [ [ 99.399644117019022, 38.532822758506974 ], [ 99.221267549362793, 38.592281614392377 ], [ 99.119338082130668, 38.643246348008439 ], [ 99.017408614898542, 38.651740470277787 ], [ 98.915479147666417, 38.685716959355162 ], [ 98.796561435895612, 38.736681692971224 ], [ 98.745596702279542, 38.787646426587287 ], [ 98.686137846394132, 38.838611160203349 ], [ 98.643667235047417, 38.923552382896787 ], [ 98.601196623700702, 38.966022994243509 ], [ 98.541737767815292, 38.999999483320885 ], [ 98.439808300583167, 39.03397597239826 ] ] } },
{ "type": "Feature", "properties": { "average_dip": null, "average_rake": null, "catalog_id": "GAF_45", "catalog_name": "HimaTibetMap", "dip_dir": null, "lower_seis_depth": null, "name": null, "net_slip_rate": null, "slip_type": "Reverse", "upper_seis_depth": null, "downthrown_side_id": null, "reference": "Yin, et al., 2008", "epistemic_quality": null, "accuracy": null, "activity_confidence": null, "fs_name": "Qilian Shan - Nan Shan thrust belt", "last_movement": null, "downthrown_side_dir": null, "vert_sep_rate": null, "strike_slip_rate": null, "exposure_quality": "1", "shortening_rate": null, "notes": null, "index_right": 9, "NAME_EN": "People's Republic of China" }, "geometry": { "type": "LineString", "coordinates": [ [ 100.164115121259954, 38.320469701773376 ], [ 100.079173898566523, 38.379928557658786 ], [ 99.960256186795704, 38.439387413544189 ], [ 99.815856108216863, 38.490352147160252 ], [ 99.645973662829988, 38.575293369853689 ], [ 99.578020684675238, 38.643246348008439 ], [ 99.425126483827043, 38.728187570701877 ], [ 99.348679383402953, 38.796140548856634 ], [ 99.306208772056237, 38.830117037934009 ], [ 99.246749916170828, 38.872587649280725 ], [ 99.178796938016077, 38.889575893819412 ], [ 99.085361593053292, 38.898070016088759 ] ] } },
{ "type": "Feature", "properties": { "average_dip": null, "average_rake": null, "catalog_id": "GAF_46", "catalog_name": "HimaTibetMap", "dip_dir": null, "lower_seis_depth": null, "name": null, "net_slip_rate": null, "slip_type": "Reverse", "upper_seis_depth": null, "downthrown_side_id": null, "reference": "Yin, et al., 2008", "epistemic_quality": null, "accuracy": null, "activity_confidence": null, "fs_name": "Qilian Shan - Nan Shan thrust belt", "last_movement": null, "downthrown_side_dir": null, "vert_sep_rate": null, "strike_slip_rate": null, "exposure_quality": "1", "shortening_rate": null, "notes": null, "index_right": 9, "NAME_EN": "People's Republic of China" }, "geometry": { "type": "LineString", "coordinates": [ [ 99.535550073328523, 38.889575893819412 ], [ 99.365667627941647, 39.025481850128912 ], [ 99.289220527517543, 39.093434828283662 ], [ 99.195785182554772, 39.186870173246447 ], [ 99.059879226245258, 39.271811395939885 ], [ 98.949455636743792, 39.331270251825288 ], [ 98.813549680434292, 39.37374086317201 ], [ 98.720114335471507, 39.416211474518725 ], [ 98.601196623700702, 39.484164452673475 ], [ 98.507761278737917, 39.50964681948151 ], [ 98.422820056044486, 39.526635064020198 ], [ 98.117031654348096, 39.628564531252323 ], [ 97.981125698038596, 39.696517509407073 ], [ 97.828231497190416, 39.730493998484448 ], [ 97.6498549295342, 39.781458732100511 ], [ 97.471478361877971, 39.857905832524608 ], [ 97.39503126145388, 39.883388199332636 ], [ 97.293101794221755, 39.934352932948698 ], [ 97.13171347110422, 39.993811788834108 ] ] } },
{ "type": "Feature", "properties": { "average_dip": null, "average_rake": null, "catalog_id": "GAF_47", "catalog_name": "HimaTibetMap", "dip_dir": null, "lower_seis_depth": null, "name": null, "net_slip_rate": null, "slip_type": "Reverse", "upper_seis_depth": null, "downthrown_side_id": null, "reference": "Yin, et al., 2008", "epistemic_quality": null, "accuracy": null, "activity_confidence": null, "fs_name": "Qilian Shan - Nan Shan thrust belt", "last_movement": null, "downthrown_side_dir": null, "vert_sep_rate": null, "strike_slip_rate": null, "exposure_quality": "1", "shortening_rate": null, "notes": null, "index_right": 9, "NAME_EN": "People's Republic of China" }, "geometry": { "type": "LineString", "coordinates": [ [ 100.384962300262899, 39.152893684169072 ], [ 100.588821234727149, 39.050964216936947 ], [ 100.733221313305989, 38.966022994243509 ], [ 101.115456815426469, 38.838611160203349 ], [ 101.40425697258415, 38.711199326163189 ], [ 101.608115907048401, 38.634752225739099 ], [ 101.837457208320686, 38.541316880776314 ], [ 102.032822020515596, 38.456375658082877 ] ] } },
{ "type": "Feature", "properties": { "average_dip": null, "average_rake": null, "catalog_id": "GAF_48", "catalog_name": "HimaTibetMap", "dip_dir": null, "lower_seis_depth": null, "name": null, "net_slip_rate": null, "slip_type": "Reverse", "upper_seis_depth": null, "downthrown_side_id": null, "reference": "Yin, et al., 2008; Xiong et al., 2017", "epistemic_quality": null, "accuracy": null, "activity_confidence": null, "fs_name": "Qilian Shan - Nan Shan thrust belt", "last_movement": null, "downthrown_side_dir": null, "vert_sep_rate": null, "strike_slip_rate": null, "exposure_quality": "1", "shortening_rate": "(1.4, 0.8, 1.9)", "notes": null, "index_right": 9, "NAME_EN": "People's Republic of China" }, "geometry": { "type": "LineString", "coordinates": [ [ 101.71853949654988, 37.768351754266028 ], [ 101.429739339392185, 37.904257710575529 ], [ 101.25985689400531, 38.023175422346348 ], [ 101.106962693157115, 38.150587256386501 ], [ 100.971056736847615, 38.252516723618626 ], [ 100.809668413730094, 38.345952068581411 ], [ 100.639785968343219, 38.439387413544189 ], [ 100.401950544801579, 38.549811003045662 ], [ 100.257550466222739, 38.677222837085814 ], [ 100.104656265374558, 38.872587649280725 ], [ 100.045197409489148, 39.016987727859572 ], [ 99.977244431334398, 39.127411317361037 ], [ 99.824350230486203, 39.186870173246447 ], [ 99.730914885523418, 39.212352540054475 ], [ 99.645973662829988, 39.220846662323822 ] ] } },
{ "type": "Feature", "properties": { "average_dip": null, "average_rake": null, "catalog_id": "GAF_49", "catalog_name": "HimaTibetMap", "dip_dir": null, "lower_seis_depth": null, "name": null, "net_slip_rate": null, "slip_type": "Reverse", "upper_seis_depth": null, "downthrown_side_id": null, "reference": null, "epistemic_quality": null, "accuracy": null, "activity_confidence": null, "fs_name": null, "last_movement": null, "downthrown_side_dir": null, "vert_sep_rate": null, "strike_slip_rate": null, "exposure_quality": "1", "shortening_rate": null, "notes": null, "index_right": 9, "NAME_EN": "People's Republic of China" }, "geometry": { "type": "LineString", "coordinates": [ [ 102.559457601214916, 37.844798854690126 ], [ 102.406563400366721, 37.955222444191591 ], [ 102.262163321787881, 38.048657789154376 ], [ 102.143245610017061, 38.074140155962411 ], [ 102.049810265054276, 38.108116645039786 ], [ 101.92239843101413, 38.142093134117161 ], [ 101.710045374280526, 38.193057867733224 ], [ 101.412751094853505, 38.193057867733224 ] ] } },
{ "type": "Feature", "properties": { "average_dip": null, "average_rake": null, "catalog_id": "GAF_50", "catalog_name": "HimaTibetMap", "dip_dir": null, "lower_seis_depth": null, "name": null, "net_slip_rate": null, "slip_type": "Reverse", "upper_seis_depth": null, "downthrown_side_id": null, "reference": null, "epistemic_quality": null, "accuracy": null, "activity_confidence": null, "fs_name": null, "last_movement": null, "downthrown_side_dir": null, "vert_sep_rate": null, "strike_slip_rate": null, "exposure_quality": "1", "shortening_rate": null, "notes": null, "index_right": 9, "NAME_EN": "People's Republic of China" }, "geometry": { "type": "LineString", "coordinates": [ [ 100.274538710761433, 37.793834121074063 ], [ 100.011220920411773, 37.844798854690126 ], [ 99.662961907368668, 37.921245955114216 ], [ 99.374161750210988, 37.997693055538313 ], [ 99.195785182554772, 38.074140155962411 ], [ 99.051385103975917, 38.142093134117161 ] ] } },
{ "type": "Feature", "properties": { "average_dip": null, "average_rake": null, "catalog_id": "GAF_51", "catalog_name": "HimaTibetMap", "dip_dir": null, "lower_seis_depth": null, "name": null, "net_slip_rate": null, "slip_type": "Reverse", "upper_seis_depth": null, "downthrown_side_id": null, "reference": null, "epistemic_quality": null, "accuracy": null, "activity_confidence": null, "fs_name": null, "last_movement": null, "downthrown_side_dir": null, "vert_sep_rate": null, "strike_slip_rate": null, "exposure_quality": "1", "shortening_rate": null, "notes": null, "index_right": 9, "NAME_EN": "People's Republic of China" }, "geometry": { "type": "LineString", "coordinates": [ [ 97.896184475345166, 37.980704810999626 ], [ 97.666843174072881, 38.031669544615688 ], [ 97.46298423960863, 38.065646033693064 ], [ 97.106231104296185, 38.065646033693064 ] ] } },
{ "type": "Feature", "properties": { "average_dip": null, "average_rake": null, "catalog_id": "GAF_52", "catalog_name": "HimaTibetMap", "dip_dir": null, "lower_seis_depth": null, "name": null, "net_slip_rate": null, "slip_type": "Reverse", "upper_seis_depth": null, "downthrown_side_id": null, "reference": null, "epistemic_quality": null, "accuracy": null, "activity_confidence": null, "fs_name": null, "last_movement": null, "downthrown_side_dir": null, "vert_sep_rate": null, "strike_slip_rate": null, "exposure_quality": "1", "shortening_rate": null, "notes": null, "index_right": 9, "NAME_EN": "People's Republic of China" }, "geometry": { "type": "LineString", "coordinates": [ [ 101.862939575128735, 37.20773968448934 ], [ 101.786492474704644, 37.26719854037475 ], [ 101.735527741088575, 37.309669151721465 ], [ 101.650586518395144, 37.352139763068188 ], [ 101.582633540240394, 37.360633885337528 ], [ 101.531668806624324, 37.360633885337528 ], [ 101.446727583930894, 37.377622129876215 ], [ 101.387268728045484, 37.40310449668425 ], [ 101.361786361237449, 37.41159861895359 ], [ 101.319315749890734, 37.445575108030965 ] ] } },
{ "type": "Feature", "properties": { "average_dip": null, "average_rake": null, "catalog_id": "GAF_53", "catalog_name": "HimaTibetMap", "dip_dir": null, "lower_seis_depth": null, "name": null, "net_slip_rate": null, "slip_type": "Reverse", "upper_seis_depth": null, "downthrown_side_id": null, "reference": null, "epistemic_quality": null, "accuracy": null, "activity_confidence": null, "fs_name": null, "last_movement": null, "downthrown_side_dir": null, "vert_sep_rate": null, "strike_slip_rate": null, "exposure_quality": "1", "shortening_rate": null, "notes": null, "index_right": 9, "NAME_EN": "People's Republic of China" }, "geometry": { "type": "LineString", "coordinates": [ [ 103.383387461341272, 36.426280435709714 ], [ 103.357905094533237, 36.511221658403151 ], [ 103.357905094533237, 36.587668758827242 ], [ 103.298446238647841, 36.732068837406089 ], [ 103.230493260493091, 36.817010060099527 ], [ 103.162540282338341, 36.93592777187034 ], [ 103.111575548722271, 37.00388075002509 ], [ 103.026634326028841, 37.097316094987868 ], [ 102.882234247449986, 37.173763195411965 ], [ 102.814281269295236, 37.19924556222 ] ] } },
{ "type": "Feature", "properties": { "average_dip": null, "average_rake": null, "catalog_id": "GAF_54", "catalog_name": "HimaTibetMap", "dip_dir": null, "lower_seis_depth": null, "name": null, "net_slip_rate": null, "slip_type": "Reverse", "upper_seis_depth": null, "downthrown_side_id": null, "reference": null, "epistemic_quality": null, "accuracy": null, "activity_confidence": null, "fs_name": null, "last_movement": null, "downthrown_side_dir": null, "vert_sep_rate": null, "strike_slip_rate": null, "exposure_quality": "1", "shortening_rate": null, "notes": null, "index_right": 9, "NAME_EN": "People's Republic of China" }, "geometry": { "type": "LineString", "coordinates": [ [ 103.706164107576342, 35.10119736169208 ], [ 103.298446238647841, 35.254091562540268 ], [ 103.162540282338341, 35.279573929348295 ], [ 103.026634326028841, 35.347526907503045 ], [ 102.933198981066056, 35.415479885657795 ], [ 102.839763636103271, 35.500421108351233 ], [ 102.601928212561646, 35.619338820122046 ], [ 102.440539889444111, 35.695785920546143 ], [ 102.245175077249201, 35.746750654162206 ], [ 102.08378675413168, 35.831691876855643 ], [ 101.947880797822179, 35.899644855010393 ], [ 101.84595133059004, 35.959103710895803 ], [ 101.76950423016595, 36.035550811319894 ], [ 101.7015512520112, 36.095009667205304 ] ] } },
{ "type": "Feature", "properties": { "average_dip": null, "average_rake": null, "catalog_id": "GAF_55", "catalog_name": "HimaTibetMap", "dip_dir": null, "lower_seis_depth": null, "name": null, "net_slip_rate": null, "slip_type": "Reverse", "upper_seis_depth": null, "downthrown_side_id": null, "reference": null, "epistemic_quality": null, "accuracy": null, "activity_confidence": null, "fs_name": null, "last_movement": null, "downthrown_side_dir": null, "vert_sep_rate": null, "strike_slip_rate": null, "exposure_quality": "1", "shortening_rate": null, "notes": null, "index_right": 9, "NAME_EN": "People's Republic of China" }, "geometry": { "type": "LineString", "coordinates": [ [ 102.899222491988681, 35.491926986081893 ], [ 102.771810657948521, 35.729762409623518 ], [ 102.75482241340984, 35.797715387778268 ], [ 102.746328291140486, 35.882656610471706 ], [ 102.746328291140486, 36.027056689050553 ], [ 102.703857679793771, 36.103503789474644 ], [ 102.635904701639021, 36.188445012168081 ], [ 102.55945760121493, 36.230915623514804 ], [ 102.49150462306018, 36.239409745784144 ], [ 102.389575155828055, 36.273386234861519 ], [ 102.279151566326576, 36.298868601669554 ], [ 102.21969271044118, 36.315856846208241 ], [ 101.922398431014145, 36.315856846208241 ], [ 101.82896308605136, 36.332845090746929 ], [ 101.727033618819235, 36.341339213016269 ], [ 101.608115907048415, 36.383809824362991 ], [ 101.489198195277609, 36.443268680248401 ], [ 101.387268728045484, 36.502727536133804 ] ] } },
{ "type": "Feature", "properties": { "average_dip": null, "average_rake": null, "catalog_id": "GAF_56", "catalog_name": "HimaTibetMap", "dip_dir": null, "lower_seis_depth": null, "name": null, "net_slip_rate": null, "slip_type": "Reverse", "upper_seis_depth": null, "downthrown_side_id": null, "reference": null, "epistemic_quality": null, "accuracy": null, "activity_confidence": null, "fs_name": null, "last_movement": null, "downthrown_side_dir": null, "vert_sep_rate": null, "strike_slip_rate": null, "exposure_quality": "1", "shortening_rate": null, "notes": null, "index_right": 9, "NAME_EN": "People's Republic of China" }, "geometry": { "type": "LineString", "coordinates": [ [ 101.293833383082699, 36.222421501245456 ], [ 101.395762850314824, 36.230915623514804 ], [ 102.03282202051561, 36.230915623514804 ], [ 102.117763243209055, 36.213927378976116 ], [ 102.202704465902485, 36.213927378976116 ], [ 102.279151566326576, 36.188445012168081 ], [ 102.415057522636076, 36.154468523090706 ], [ 102.525481112137555, 36.078021422666616 ], [ 102.576445845753611, 36.001574322242519 ], [ 102.593434090292305, 35.891150732741053 ], [ 102.593434090292305, 35.729762409623518 ], [ 102.618916457100326, 35.644821186930081 ], [ 102.814281269295236, 35.525903475159268 ] ] } },
{ "type": "Feature", "properties": { "average_dip": null, "average_rake": null, "catalog_id": "GAF_57", "catalog_name": "HimaTibetMap", "dip_dir": null, "lower_seis_depth": null, "name": null, "net_slip_rate": null, "slip_type": "Reverse", "upper_seis_depth": null, "downthrown_side_id": null, "reference": null, "epistemic_quality": null, "accuracy": null, "activity_confidence": null, "fs_name": null, "last_movement": null, "downthrown_side_dir": null, "vert_sep_rate": null, "strike_slip_rate": null, "exposure_quality": "1", "shortening_rate": null, "notes": null, "index_right": 9, "NAME_EN": "People's Republic of China" }, "geometry": { "type": "LineString", "coordinates": [ [ 100.223573977145378, 34.506608802838009 ], [ 100.350985811185538, 34.608538270070135 ], [ 100.495385889764378, 34.659503003686197 ], [ 100.614303601535198, 34.71046773730226 ], [ 100.784186046922073, 34.744444226379635 ], [ 100.945574370039608, 34.786914837726357 ], [ 101.174915671311894, 34.786914837726357 ] ] } },
{ "type": "Feature", "properties": { "average_dip": null, "average_rake": null, "catalog_id": "GAF_58", "catalog_name": "HimaTibetMap", "dip_dir": null, "lower_seis_depth": null, "name": null, "net_slip_rate": null, "slip_type": "Reverse", "upper_seis_depth": null, "downthrown_side_id": null, "reference": null, "epistemic_quality": null, "accuracy": null, "activity_confidence": null, "fs_name": null, "last_movement": null, "downthrown_side_dir": null, "vert_sep_rate": null, "strike_slip_rate": null, "exposure_quality": "1", "shortening_rate": null, "notes": null, "index_right": 9, "NAME_EN": "People's Republic of China" }, "geometry": { "type": "LineString", "coordinates": [ [ 103.774117085731092, 34.701973615032919 ], [ 103.646705251690932, 34.744444226379635 ], [ 103.519293417650772, 34.76992659318767 ], [ 103.451340439496022, 34.76992659318767 ], [ 103.323928605455862, 34.786914837726357 ], [ 103.188022649146362, 34.786914837726357 ], [ 103.052116692836861, 34.795408959995697 ], [ 102.950187225604736, 34.795408959995697 ], [ 102.848257758372611, 34.803903082265045 ], [ 102.780304780217861, 34.803903082265045 ], [ 102.661387068447056, 34.761432470918322 ], [ 102.516986989868201, 34.676491248224885 ], [ 102.457528133982805, 34.651008881416857 ] ] } },
{ "type": "Feature", "properties": { "average_dip": null, "average_rake": null, "catalog_id": "GAF_59", "catalog_name": "HimaTibetMap", "dip_dir": null, "lower_seis_depth": null, "name": null, "net_slip_rate": null, "slip_type": "Reverse", "upper_seis_depth": null, "downthrown_side_id": null, "reference": null, "epistemic_quality": null, "accuracy": null, "activity_confidence": null, "fs_name": null, "last_movement": null, "downthrown_side_dir": null, "vert_sep_rate": null, "strike_slip_rate": null, "exposure_quality": "1", "shortening_rate": null, "notes": null, "index_right": 9, "NAME_EN": "People's Republic of China" }, "geometry": { "type": "LineString", "coordinates": [ [ 106.381812622419631, 35.10119736169208 ], [ 106.5686833123452, 34.96529140538258 ], [ 106.704589268654701, 34.854867815881107 ], [ 106.798024613617486, 34.76992659318767 ], [ 106.925436447657646, 34.600044147800794 ], [ 106.976401181273701, 34.523597047376697 ] ] } },
{ "type": "Feature", "properties": { "average_dip": null, "average_rake": null, "catalog_id": "GAF_60", "catalog_name": "HimaTibetMap", "dip_dir": null, "lower_seis_depth": null, "name": null, "net_slip_rate": null, "slip_type": "Reverse", "upper_seis_depth": null, "downthrown_side_id": null, "reference": null, "epistemic_quality": null, "accuracy": null, "activity_confidence": null, "fs_name": null, "last_movement": null, "downthrown_side_dir": null, "vert_sep_rate": null, "strike_slip_rate": null, "exposure_quality": "1", "shortening_rate": null, "notes": null, "index_right": 9, "NAME_EN": "People's Republic of China" }, "geometry": { "type": "LineString", "coordinates": [ [ 106.75555400227077, 35.016256138998642 ], [ 106.577177434614541, 35.10969148396142 ], [ 106.4327773560357, 35.296562173886983 ], [ 106.35633025561161, 35.398491641119108 ], [ 106.2968713997262, 35.568374086505983 ], [ 106.22042429930211, 35.729762409623518 ], [ 106.211930177032755, 35.848680121394331 ], [ 106.203436054763415, 35.942115466357116 ], [ 106.16945956568604, 36.010068444511866 ] ] } },
{ "type": "Feature", "properties": { "average_dip": null, "average_rake": null, "catalog_id": "GAF_61", "catalog_name": "HimaTibetMap", "dip_dir": null, "lower_seis_depth": null, "name": null, "net_slip_rate": null, "slip_type": "Reverse", "upper_seis_depth": null, "downthrown_side_id": null, "reference": null, "epistemic_quality": null, "accuracy": null, "activity_confidence": null, "fs_name": null, "last_movement": null, "downthrown_side_dir": null, "vert_sep_rate": null, "strike_slip_rate": null, "exposure_quality": "1", "shortening_rate": null, "notes": null, "index_right": 9, "NAME_EN": "People's Republic of China" }, "geometry": { "type": "LineString", "coordinates": [ [ 106.24590666611013, 36.825504182368867 ], [ 106.279883155187505, 36.969904260947715 ], [ 106.279883155187505, 37.105810217257215 ], [ 106.22042429930211, 37.165269073142618 ], [ 106.143977198878005, 37.19924556222 ], [ 106.04204773164588, 37.258704418105403 ], [ 105.97409475349113, 37.292680907182778 ], [ 105.846682919450984, 37.386116252145563 ], [ 105.77023581902688, 37.462563352569653 ] ] } },
{ "type": "Feature", "properties": { "average_dip": null, "average_rake": null, "catalog_id": "GAF_62", "catalog_name": "HimaTibetMap", "dip_dir": null, "lower_seis_depth": null, "name": null, "net_slip_rate": null, "slip_type": "Sinistral", "upper_seis_depth": null, "downthrown_side_id": null, "reference": null, "epistemic_quality": null, "accuracy": null, "activity_confidence": null, "fs_name": null, "last_movement": null, "downthrown_side_dir": null, "vert_sep_rate": null, "strike_slip_rate": null, "exposure_quality": "1", "shortening_rate": null, "notes": null, "index_right": 9, "NAME_EN": "People's Republic of China" }, "geometry": { "type": "LineString", "coordinates": [ [ 102.644398823908361, 37.369128007606875 ], [ 103.306940360917181, 37.428586863492278 ], [ 103.901528919771252, 37.445575108030965 ], [ 104.377199766854503, 37.445575108030965 ], [ 104.988776570247254, 37.454069230300313 ], [ 105.260588482866254, 37.394610374414903 ], [ 105.617341618178699, 37.27569266264409 ], [ 105.82969467491229, 37.114304339526555 ], [ 105.96560063122179, 36.910445405062305 ], [ 106.10150658753129, 36.655621736981992 ], [ 106.143977198878005, 36.460256924787089 ], [ 106.09301246526195, 36.392303946632332 ] ] } },
{ "type": "Feature", "properties": { "average_dip": null, "average_rake": null, "catalog_id": "GAF_63", "catalog_name": "HimaTibetMap", "dip_dir": null, "lower_seis_depth": null, "name": null, "net_slip_rate": null, "slip_type": "Sinistral", "upper_seis_depth": null, "downthrown_side_id": null, "reference": "Burchfiel, et al., 1991; Lassere, et al., 2001, 2002; Cavalié et al., 2008", "epistemic_quality": null, "accuracy": null, "activity_confidence": null, "fs_name": "Haiyuan Fault", "last_movement": null, "downthrown_side_dir": null, "vert_sep_rate": null, "strike_slip_rate": "None", "exposure_quality": "1", "shortening_rate": null, "notes": null, "index_right": 9, "NAME_EN": "People's Republic of China" }, "geometry": { "type": "LineString", "coordinates": [ [ 97.522443095494054, 38.609269858931064 ], [ 97.658349051803555, 38.498846269429599 ], [ 97.82823149719043, 38.396916802197474 ], [ 98.10853753207877, 38.303481457234689 ], [ 98.439808300583181, 38.235528479079939 ], [ 99.306208772056252, 38.210046112271911 ], [ 99.476091217443127, 38.210046112271911 ], [ 99.730914885523447, 38.150587256386501 ], [ 100.147126876721288, 38.023175422346348 ], [ 100.758703680114039, 37.844798854690126 ], [ 100.979550859116983, 37.802328243343403 ], [ 101.344798116698769, 37.802328243343403 ], [ 101.472209950738915, 37.742869387458001 ], [ 101.803480719243325, 37.513528086185715 ], [ 102.066798509592985, 37.377622129876215 ], [ 102.279151566326576, 37.301175029452125 ], [ 102.576445845753611, 37.250210295836062 ], [ 103.247481505031772, 37.173763195411965 ], [ 104.096893731966148, 37.037857239102465 ], [ 104.640517557204163, 36.918939527331652 ], [ 105.005764814785934, 36.817010060099527 ], [ 105.421976805983789, 36.647127614712652 ], [ 105.787224063565574, 36.443268680248401 ], [ 105.96560063122179, 36.290374479400207 ], [ 106.08451834299261, 36.162962645360054 ], [ 106.17795368795538, 36.061033178127929 ], [ 106.186447810224735, 36.010068444511866 ] ] } },
{ "type": "Feature", "properties": { "average_dip": null, "average_rake": null, "catalog_id": "GAF_64", "catalog_name": "HimaTibetMap", "dip_dir": null, "lower_seis_depth": null, "name": null, "net_slip_rate": null, "slip_type": "Dextral", "upper_seis_depth": null, "downthrown_side_id": null, "reference": null, "epistemic_quality": null, "accuracy": null, "activity_confidence": null, "fs_name": null, "last_movement": null, "downthrown_side_dir": null, "vert_sep_rate": null, "strike_slip_rate": null, "exposure_quality": "1", "shortening_rate": null, "notes": null, "index_right": 9, "NAME_EN": "People's Republic of China" }, "geometry": { "type": "LineString", "coordinates": [ [ 100.418938789340288, 37.649434042495216 ], [ 100.563338867919128, 37.445575108030965 ], [ 100.648280090612573, 37.258704418105403 ], [ 100.716233068767323, 37.097316094987868 ], [ 100.818162535999448, 36.918939527331652 ], [ 101.047503837271734, 36.74056295967543 ], [ 101.157927426773199, 36.562186392019214 ] ] } },
{ "type": "Feature", "properties": { "average_dip": null, "average_rake": null, "catalog_id": "GAF_65", "catalog_name": "HimaTibetMap", "dip_dir": null, "lower_seis_depth": null, "name": null, "net_slip_rate": null, "slip_type": "Dextral", "upper_seis_depth": null, "downthrown_side_id": null, "reference": null, "epistemic_quality": null, "accuracy": null, "activity_confidence": null, "fs_name": null, "last_movement": null, "downthrown_side_dir": null, "vert_sep_rate": null, "strike_slip_rate": null, "exposure_quality": "1", "shortening_rate": null, "notes": null, "index_right": 9, "NAME_EN": "People's Republic of China" }, "geometry": { "type": "LineString", "coordinates": [ [ 101.013527348194359, 36.392303946632332 ], [ 101.174915671311894, 36.120492034013331 ], [ 101.310821627621394, 35.942115466357116 ], [ 101.353292238968109, 35.772233020970241 ], [ 101.387268728045484, 35.644821186930081 ], [ 101.43823346166154, 35.576868208775331 ], [ 101.480704073008269, 35.534397597428608 ] ] } },
{ "type": "Feature", "properties": { "average_dip": null, "average_rake": null, "catalog_id": "GAF_66", "catalog_name": "HimaTibetMap", "dip_dir": null, "lower_seis_depth": null, "name": null, "net_slip_rate": null, "slip_type": "Dextral", "upper_seis_depth": null, "downthrown_side_id": null, "reference": null, "epistemic_quality": null, "accuracy": null, "activity_confidence": null, "fs_name": null, "last_movement": null, "downthrown_side_dir": null, "vert_sep_rate": null, "strike_slip_rate": null, "exposure_quality": "1", "shortening_rate": null, "notes": null, "index_right": 9, "NAME_EN": "People's Republic of China" }, "geometry": { "type": "LineString", "coordinates": [ [ 101.64209239612579, 35.356021029772393 ], [ 101.803480719243325, 35.23710331800158 ], [ 101.84595133059004, 35.075714994884045 ], [ 101.879927819667415, 34.89733842722783 ], [ 101.879927819667415, 34.77842071545701 ] ] } },
{ "type": "Feature", "properties": { "average_dip": null, "average_rake": null, "catalog_id": "GAF_67", "catalog_name": "HimaTibetMap", "dip_dir": null, "lower_seis_depth": null, "name": null, "net_slip_rate": null, "slip_type": "Sinistral", "upper_seis_depth": null, "downthrown_side_id": null, "reference": null, "epistemic_quality": null, "accuracy": null, "activity_confidence": null, "fs_name": null, "last_movement": null, "downthrown_side_dir": null, "vert_sep_rate": null, "strike_slip_rate": null, "exposure_quality": "1", "shortening_rate": null, "notes": null, "index_right": 9, "NAME_EN": "People's Republic of China" }, "geometry": { "type": "LineString", "coordinates": [ [ 103.782611208000432, 35.075714994884045 ], [ 103.918517164309932, 35.04173850580667 ], [ 104.028940753811398, 34.956797283113232 ], [ 104.275270299622377, 34.871856060419795 ], [ 104.479129234086628, 34.820891326803732 ], [ 104.632023434934808, 34.803903082265045 ] ] } },
{ "type": "Feature", "properties": { "average_dip": null, "average_rake": null, "catalog_id": "GAF_68", "catalog_name": "HimaTibetMap", "dip_dir": null, "lower_seis_depth": null, "name": null, "net_slip_rate": null, "slip_type": "Reverse", "upper_seis_depth": null, "downthrown_side_id": null, "reference": null, "epistemic_quality": null, "accuracy": null, "activity_confidence": null, "fs_name": null, "last_movement": null, "downthrown_side_dir": null, "vert_sep_rate": null, "strike_slip_rate": null, "exposure_quality": "1", "shortening_rate": null, "notes": null, "index_right": 9, "NAME_EN": "People's Republic of China" }, "geometry": { "type": "LineString", "coordinates": [ [ 103.680681740768307, 35.976091955434491 ], [ 103.799599452539127, 35.882656610471706 ], [ 103.918517164309932, 35.831691876855643 ], [ 104.011952509272717, 35.772233020970241 ], [ 104.122376098774183, 35.721268287354178 ], [ 104.190329076928933, 35.644821186930081 ] ] } },
{ "type": "Feature", "properties": { "average_dip": null, "average_rake": null, "catalog_id": "GAF_69", "catalog_name": "HimaTibetMap", "dip_dir": null, "lower_seis_depth": null, "name": null, "net_slip_rate": null, "slip_type": "Reverse", "upper_seis_depth": null, "downthrown_side_id": null, "reference": null, "epistemic_quality": null, "accuracy": null, "activity_confidence": null, "fs_name": null, "last_movement": null, "downthrown_side_dir": null, "vert_sep_rate": null, "strike_slip_rate": null, "exposure_quality": "1", "shortening_rate": null, "notes": null, "index_right": 9, "NAME_EN": "People's Republic of China" }, "geometry": { "type": "LineString", "coordinates": [ [ 99.059879226245258, 36.901951282792965 ], [ 99.119338082130668, 36.87646891598493 ], [ 99.229761671632147, 36.833998304638214 ], [ 99.340185261133612, 36.783033571022152 ], [ 99.450608850635078, 36.706586470598054 ], [ 99.578020684675238, 36.613151125635277 ], [ 99.722420763254078, 36.528209902941839 ], [ 99.883809086371613, 36.443268680248401 ], [ 100.138632754451933, 36.392303946632332 ], [ 100.257550466222739, 36.383809824362991 ], [ 100.342491688916184, 36.392303946632332 ], [ 100.410444667070934, 36.392303946632332 ], [ 100.478397645225684, 36.383809824362991 ], [ 100.716233068767309, 36.383809824362991 ], [ 100.741715435575344, 36.417786313440367 ], [ 100.767197802383365, 36.426280435709714 ], [ 100.877621391884844, 36.375315702093644 ], [ 100.9285861255009, 36.324350968477582 ] ] } },
{ "type": "Feature", "properties": { "average_dip": null, "average_rake": null, "catalog_id": "GAF_70", "catalog_name": "HimaTibetMap", "dip_dir": null, "lower_seis_depth": null, "name": null, "net_slip_rate": null, "slip_type": "Reverse", "upper_seis_depth": null, "downthrown_side_id": null, "reference": null, "epistemic_quality": null, "accuracy": null, "activity_confidence": null, "fs_name": null, "last_movement": null, "downthrown_side_dir": null, "vert_sep_rate": null, "strike_slip_rate": null, "exposure_quality": "1", "shortening_rate": null, "notes": null, "index_right": 9, "NAME_EN": "People's Republic of China" }, "geometry": { "type": "LineString", "coordinates": [ [ 99.781879619139502, 35.899644855010393 ], [ 99.841338475024912, 35.857174243663678 ], [ 99.917785575449003, 35.806209510047616 ], [ 99.977244431334412, 35.729762409623518 ], [ 100.053691531758503, 35.644821186930081 ], [ 100.121644509913253, 35.559879964236643 ], [ 100.198091610337343, 35.500421108351233 ], [ 100.291526955300128, 35.406985763388455 ], [ 100.367974055724233, 35.37300927431108 ], [ 100.427432911609628, 35.364515152041733 ], [ 100.580327112457823, 35.364515152041733 ], [ 100.656774212881913, 35.38150339658042 ], [ 100.750209557844698, 35.38150339658042 ], [ 100.809668413730108, 35.389997518849768 ], [ 101.055997959541074, 35.389997518849768 ], [ 101.251362771735984, 35.356021029772393 ] ] } },
{ "type": "Feature", "properties": { "average_dip": null, "average_rake": null, "catalog_id": "GAF_71", "catalog_name": "HimaTibetMap", "dip_dir": null, "lower_seis_depth": null, "name": null, "net_slip_rate": null, "slip_type": "Reverse", "upper_seis_depth": null, "downthrown_side_id": null, "reference": "Yin, et al., 2008", "epistemic_quality": null, "accuracy": null, "activity_confidence": null, "fs_name": "Qilian Shan - Nan Shan thrust belt", "last_movement": null, "downthrown_side_dir": null, "vert_sep_rate": null, "strike_slip_rate": null, "exposure_quality": "1", "shortening_rate": null, "notes": null, "index_right": 9, "NAME_EN": "People's Republic of China" }, "geometry": { "type": "LineString", "coordinates": [ [ 98.575714256892681, 38.728187570701877 ], [ 98.448302422852521, 38.728187570701877 ], [ 98.252937610657625, 38.770658182048599 ], [ 98.16799638796418, 38.813128793395322 ], [ 98.09154928754009, 38.9065641383581 ], [ 98.02359630938534, 38.949034749704822 ], [ 97.95564333123059, 38.966022994243509 ], [ 97.57340782911011, 39.11042307282235 ], [ 97.259125305144394, 39.212352540054475 ], [ 96.995807514794734, 39.399223229980038 ], [ 96.817430947138519, 39.484164452673475 ], [ 96.630560257212949, 39.57759979763626 ], [ 96.409713078210018, 39.63705865352167 ], [ 96.154889410129698, 39.64555277579101 ], [ 96.010489331550858, 39.628564531252323 ], [ 95.823618641625288, 39.594588042174948 ], [ 95.704700929854482, 39.603082164444295 ], [ 95.585783218083662, 39.63705865352167 ], [ 95.492347873120877, 39.654046898060358 ], [ 95.339453672272697, 39.654046898060358 ] ] } },
{ "type": "Feature", "properties": { "average_dip": null, "average_rake": null, "catalog_id": "GAF_72", "catalog_name": "HimaTibetMap", "dip_dir": null, "lower_seis_depth": null, "name": null, "net_slip_rate": null, "slip_type": "Dextral", "upper_seis_depth": null, "downthrown_side_id": null, "reference": null, "epistemic_quality": null, "accuracy": null, "activity_confidence": null, "fs_name": null, "last_movement": null, "downthrown_side_dir": null, "vert_sep_rate": null, "strike_slip_rate": null, "exposure_quality": "1", "shortening_rate": null, "notes": null, "index_right": 9, "NAME_EN": "People's Republic of China" }, "geometry": { "type": "LineString", "coordinates": [ [ 98.669149601855466, 36.978398383217055 ], [ 98.813549680434306, 36.87646891598493 ], [ 98.856020291781036, 36.80851593783018 ], [ 98.881502658589056, 36.689598226059367 ], [ 99.034396859437251, 36.485739291595117 ], [ 99.161808693477411, 36.196939134437429 ], [ 99.314702894325592, 35.891150732741053 ], [ 99.399644117019037, 35.610844697852706 ], [ 99.450608850635092, 35.457950497004518 ], [ 99.450608850635092, 35.364515152041733 ] ] } },
{ "type": "Feature", "properties": { "average_dip": null, "average_rake": null, "catalog_id": "GAF_73", "catalog_name": "HimaTibetMap", "dip_dir": null, "lower_seis_depth": null, "name": null, "net_slip_rate": null, "slip_type": "Dextral", "upper_seis_depth": null, "downthrown_side_id": null, "reference": null, "epistemic_quality": null, "accuracy": null, "activity_confidence": null, "fs_name": null, "last_movement": null, "downthrown_side_dir": null, "vert_sep_rate": null, "strike_slip_rate": null, "exposure_quality": "1", "shortening_rate": null, "notes": null, "index_right": 9, "NAME_EN": "People's Republic of China" }, "geometry": { "type": "LineString", "coordinates": [ [ 98.142514021156146, 37.895763588306188 ], [ 98.252937610657625, 37.67491640930325 ], [ 98.29540822200434, 37.522022208455063 ], [ 98.405831811505806, 37.26719854037475 ], [ 98.4228200560445, 37.088821972718527 ] ] } },
{ "type": "Feature", "properties": { "average_dip": null, "average_rake": null, "catalog_id": "GAF_74", "catalog_name": "HimaTibetMap", "dip_dir": null, "lower_seis_depth": null, "name": null, "net_slip_rate": null, "slip_type": "Reverse", "upper_seis_depth": null, "downthrown_side_id": null, "reference": null, "epistemic_quality": null, "accuracy": null, "activity_confidence": null, "fs_name": null, "last_movement": null, "downthrown_side_dir": null, "vert_sep_rate": null, "strike_slip_rate": null, "exposure_quality": "1", "shortening_rate": null, "notes": null, "index_right": 9, "NAME_EN": "People's Republic of China" }, "geometry": { "type": "LineString", "coordinates": [ [ 101.166421549042539, 37.77684587653539 ], [ 101.327809872160074, 37.734375265188675 ], [ 101.395762850314824, 37.666422287033917 ], [ 101.480704073008269, 37.555998697532452 ], [ 101.582633540240394, 37.471057474839014 ], [ 101.727033618819235, 37.428586863492292 ], [ 101.871433697398075, 37.369128007606889 ], [ 101.95637492009152, 37.326657396260167 ] ] } },
{ "type": "Feature", "properties": { "average_dip": null, "average_rake": null, "catalog_id": "GAF_75", "catalog_name": "HimaTibetMap", "dip_dir": null, "lower_seis_depth": null, "name": null, "net_slip_rate": null, "slip_type": "Sinistral", "upper_seis_depth": null, "downthrown_side_id": null, "reference": null, "epistemic_quality": null, "accuracy": null, "activity_confidence": null, "fs_name": null, "last_movement": null, "downthrown_side_dir": null, "vert_sep_rate": null, "strike_slip_rate": null, "exposure_quality": "1", "shortening_rate": null, "notes": null, "index_right": 9, "NAME_EN": "People's Republic of China" }, "geometry": { "type": "LineString", "coordinates": [ [ 104.912329469823163, 34.710467737302267 ], [ 105.226611993788879, 34.684985370494239 ], [ 105.557882762293289, 34.617032392339489 ], [ 106.0250594871072, 34.566067658723426 ], [ 106.339342011072915, 34.557573536454079 ], [ 106.645130412769291, 34.515102925107364 ], [ 106.933930569926986, 34.430161702413926 ], [ 107.222730727084667, 34.353714601989829 ], [ 107.477554395164987, 34.353714601989829 ], [ 107.766354552322682, 34.302749868373766 ], [ 107.944731119978897, 34.260279257027051 ] ] } },
{ "type": "Feature", "properties": { "average_dip": null, "average_rake": null, "catalog_id": "GAF_76", "catalog_name": "HimaTibetMap", "dip_dir": null, "lower_seis_depth": null, "name": null, "net_slip_rate": null, "slip_type": "Reverse", "upper_seis_depth": null, "downthrown_side_id": null, "reference": null, "epistemic_quality": null, "accuracy": null, "activity_confidence": null, "fs_name": null, "last_movement": null, "downthrown_side_dir": null, "vert_sep_rate": null, "strike_slip_rate": null, "exposure_quality": "1", "shortening_rate": null, "notes": null, "index_right": 9, "NAME_EN": "People's Republic of China" }, "geometry": { "type": "LineString", "coordinates": [ [ 103.748634718923071, 33.13056099520432 ], [ 103.706164107576356, 32.99465503889482 ], [ 103.706164107576356, 32.867243204854667 ], [ 103.638211129421606, 32.748325493083854 ], [ 103.621222884882911, 32.620913659043694 ], [ 103.638211129421606, 32.501995947272881 ], [ 103.697669985307016, 32.442537091387479 ], [ 103.706164107576356, 32.357595868694034 ] ] } },
{ "type": "Feature", "properties": { "average_dip": null, "average_rake": null, "catalog_id": "GAF_77", "catalog_name": "HimaTibetMap", "dip_dir": null, "lower_seis_depth": null, "name": null, "net_slip_rate": null, "slip_type": "Reverse", "upper_seis_depth": null, "downthrown_side_id": null, "reference": "Burchfiel, et al., 1995; Kirby, et al., 2000", "epistemic_quality": null, "accuracy": null, "activity_confidence": null, "fs_name": "Longmen Shan Thrust Belt", "last_movement": null, "downthrown_side_dir": null, "vert_sep_rate": null, "strike_slip_rate": null, "exposure_quality": "1", "shortening_rate": null, "notes": null, "index_right": 9, "NAME_EN": "People's Republic of China" }, "geometry": { "type": "LineString", "coordinates": [ [ 104.096893731966176, 32.663384270390416 ], [ 104.105387854235516, 32.578443047696979 ], [ 104.130870221043551, 32.493501825003541 ], [ 104.130870221043551, 32.425548846848791 ], [ 104.122376098774197, 32.340607624155346 ], [ 104.096893731966176, 32.315125257347319 ] ] } },
{ "type": "Feature", "properties": { "average_dip": null, "average_rake": null, "catalog_id": "GAF_78", "catalog_name": "HimaTibetMap", "dip_dir": null, "lower_seis_depth": null, "name": null, "net_slip_rate": null, "slip_type": "Sinistral", "upper_seis_depth": null, "downthrown_side_id": null, "reference": "Taylor, et al., 2003; Wang and Burchfiel, 2000; Wen et al., 2005", "epistemic_quality": null, "accuracy": null, "activity_confidence": null, "fs_name": "Ganzi Fault", "last_movement": null, "downthrown_side_dir": null, "vert_sep_rate": null, "strike_slip_rate": "None", "exposure_quality": "1", "shortening_rate": null, "notes": null, "index_right": 9, "NAME_EN": "People's Republic of China" }, "geometry": { "type": "LineString", "coordinates": [ [ 96.349211999881518, 33.285472166510132 ], [ 96.887320353816094, 33.040259579042896 ], [ 97.309356747286074, 32.766585430678731 ], [ 97.873186428740681, 32.505099201598341 ], [ 98.167358436456112, 32.419299032681337 ], [ 98.788388230522045, 32.153727081271562 ], [ 99.519732527481253, 31.798269238615408 ], [ 99.683161420656489, 31.70429762503964 ] ] } },
{ "type": "Feature", "properties": { "average_dip": null, "average_rake": null, "catalog_id": "GAF_79", "catalog_name": "HimaTibetMap", "dip_dir": null, "lower_seis_depth": null, "name": null, "net_slip_rate": null, "slip_type": "Sinistral", "upper_seis_depth": null, "downthrown_side_id": null, "reference": null, "epistemic_quality": null, "accuracy": null, "activity_confidence": null, "fs_name": null, "last_movement": null, "downthrown_side_dir": null, "vert_sep_rate": null, "strike_slip_rate": null, "exposure_quality": "1", "shortening_rate": null, "notes": null, "index_right": 9, "NAME_EN": "People's Republic of China" }, "geometry": { "type": "LineString", "coordinates": [ [ 99.394748974925648, 31.705369521761543 ], [ 99.79160818114444, 31.452822754167777 ], [ 100.287682188917913, 31.164197876917754 ] ] } },
{ "type": "Feature", "properties": { "average_dip": null, "average_rake": null, "catalog_id": "GAF_80", "catalog_name": "HimaTibetMap", "dip_dir": null, "lower_seis_depth": null, "name": null, "net_slip_rate": null, "slip_type": "Sinistral", "upper_seis_depth": null, "downthrown_side_id": null, "reference": null, "epistemic_quality": null, "accuracy": null, "activity_confidence": null, "fs_name": null, "last_movement": null, "downthrown_side_dir": null, "vert_sep_rate": null, "strike_slip_rate": null, "exposure_quality": "1", "shortening_rate": null, "notes": null, "index_right": 9, "NAME_EN": "People's Republic of China" }, "geometry": { "type": "LineString", "coordinates": [ [ 97.699077821081772, 31.876740542628745 ], [ 98.294366630409954, 31.001846383464617 ], [ 98.682206309214664, 30.388518519308324 ] ] } },
{ "type": "Feature", "properties": { "average_dip": null, "average_rake": null, "catalog_id": "GAF_81", "catalog_name": "HimaTibetMap", "dip_dir": null, "lower_seis_depth": null, "name": null, "net_slip_rate": null, "slip_type": "Sinistral", "upper_seis_depth": null, "downthrown_side_id": null, "reference": null, "epistemic_quality": null, "accuracy": null, "activity_confidence": null, "fs_name": null, "last_movement": null, "downthrown_side_dir": null, "vert_sep_rate": null, "strike_slip_rate": null, "exposure_quality": "1", "shortening_rate": null, "notes": null, "index_right": 9, "NAME_EN": "People's Republic of China" }, "geometry": { "type": "LineString", "coordinates": [ [ 98.483776706105274, 31.245373623644323 ], [ 99.31357322819909, 30.641065286902091 ], [ 100.531209429097615, 29.73009301808171 ], [ 100.801795251519508, 29.486565777902005 ] ] } },
{ "type": "Feature", "properties": { "average_dip": null, "average_rake": null, "catalog_id": "GAF_82", "catalog_name": "HimaTibetMap", "dip_dir": null, "lower_seis_depth": null, "name": null, "net_slip_rate": null, "slip_type": "Dextral", "upper_seis_depth": null, "downthrown_side_id": null, "reference": null, "epistemic_quality": null, "accuracy": null, "activity_confidence": null, "fs_name": null, "last_movement": null, "downthrown_side_dir": null, "vert_sep_rate": null, "strike_slip_rate": null, "exposure_quality": "1", "shortening_rate": null, "notes": null, "index_right": 9, "NAME_EN": "People's Republic of China" }, "geometry": { "type": "LineString", "coordinates": [ [ 99.232397481472518, 30.163030333956744 ], [ 99.033967878363129, 29.657936798769207 ], [ 98.844557802667794, 29.206960428066047 ], [ 98.781421110769358, 28.981472242714467 ] ] } },
{ "type": "Feature", "properties": { "average_dip": null, "average_rake": null, "catalog_id": "GAF_83", "catalog_name": "HimaTibetMap", "dip_dir": null, "lower_seis_depth": null, "name": null, "net_slip_rate": null, "slip_type": "Dextral", "upper_seis_depth": null, "downthrown_side_id": null, "reference": null, "epistemic_quality": null, "accuracy": null, "activity_confidence": null, "fs_name": null, "last_movement": null, "downthrown_side_dir": null, "vert_sep_rate": null, "strike_slip_rate": null, "exposure_quality": "1", "shortening_rate": null, "notes": null, "index_right": 9, "NAME_EN": "People's Republic of China" }, "geometry": { "type": "LineString", "coordinates": [ [ 99.115143625089701, 28.647749728394132 ], [ 99.403768502339716, 28.963433187886341 ], [ 99.56611999579286, 29.188921373237921 ] ] } },
{ "type": "Feature", "properties": { "average_dip": null, "average_rake": null, "catalog_id": "GAF_84", "catalog_name": "HimaTibetMap", "dip_dir": null, "lower_seis_depth": null, "name": null, "net_slip_rate": null, "slip_type": "Dextral", "upper_seis_depth": null, "downthrown_side_id": null, "reference": null, "epistemic_quality": null, "accuracy": null, "activity_confidence": null, "fs_name": null, "last_movement": null, "downthrown_side_dir": null, "vert_sep_rate": null, "strike_slip_rate": null, "exposure_quality": "1", "shortening_rate": null, "notes": null, "index_right": 9, "NAME_EN": "People's Republic of China" }, "geometry": { "type": "LineString", "coordinates": [ [ 101.225713039980477, 28.864218386331647 ], [ 101.631591773613323, 29.38735097634731 ], [ 101.81198232189459, 29.757151600323901 ] ] } },
{ "type": "Feature", "properties": { "average_dip": null, "average_rake": null, "catalog_id": "GAF_85", "catalog_name": "HimaTibetMap", "dip_dir": null, "lower_seis_depth": null, "name": null, "net_slip_rate": "(10.,8.,14.)", "slip_type": "Sinistral", "upper_seis_depth": null, "downthrown_side_id": null, "reference": "Wang, et al., 1998; Shen et al., 2005; Molnar et al., 2010; Mohadjer (2017)", "epistemic_quality": null, "accuracy": null, "activity_confidence": null, "fs_name": "Xiangshuihe - Xiaojiang Fault", "last_movement": null, "downthrown_side_dir": null, "vert_sep_rate": null, "strike_slip_rate": null, "exposure_quality": "1", "shortening_rate": null, "notes": null, "index_right": 9, "NAME_EN": "People's Republic of China" }, "geometry": { "type": "LineString", "coordinates": [ [ 99.72847148924599, 32.057131090910012 ], [ 100.441014154956974, 31.552037555722471 ], [ 101.090420128769523, 31.010865910878682 ], [ 101.577474609128942, 30.514791903105206 ], [ 101.920216650863338, 30.244206080683313 ], [ 102.091587671730537, 29.982639785675481 ], [ 102.208841528113368, 29.657936798769207 ], [ 102.262958692597735, 29.170882318409795 ], [ 102.22688058294149, 28.295988159245667 ], [ 102.244919637769613, 27.845011788542507 ] ] } },
{ "type": "Feature", "properties": { "average_dip": null, "average_rake": null, "catalog_id": "GAF_92", "catalog_name": "HimaTibetMap", "dip_dir": null, "lower_seis_depth": null, "name": null, "net_slip_rate": null, "slip_type": "Sinistral", "upper_seis_depth": null, "downthrown_side_id": null, "reference": null, "epistemic_quality": null, "accuracy": null, "activity_confidence": null, "fs_name": null, "last_movement": null, "downthrown_side_dir": null, "vert_sep_rate": null, "strike_slip_rate": null, "exposure_quality": "1", "shortening_rate": null, "notes": null, "index_right": 9, "NAME_EN": "People's Republic of China" }, "geometry": { "type": "LineString", "coordinates": [ [ 102.443349240879002, 27.069332430933077 ], [ 102.290017274839926, 26.798746608511181 ], [ 102.280997747425872, 26.654434169886169 ], [ 102.235900110355558, 26.483063149018971 ] ] } },
{ "type": "Feature", "properties": { "average_dip": null, "average_rake": null, "catalog_id": "GAF_94", "catalog_name": "HimaTibetMap", "dip_dir": null, "lower_seis_depth": null, "name": null, "net_slip_rate": null, "slip_type": "Sinistral", "upper_seis_depth": null, "downthrown_side_id": null, "reference": null, "epistemic_quality": null, "accuracy": null, "activity_confidence": null, "fs_name": null, "last_movement": null, "downthrown_side_dir": null, "vert_sep_rate": null, "strike_slip_rate": null, "exposure_quality": "1", "shortening_rate": null, "notes": null, "index_right": 9, "NAME_EN": "People's Republic of China" }, "geometry": { "type": "LineString", "coordinates": [ [ 102.362173494152429, 25.824637647792358 ], [ 102.371193021566498, 25.572090880198591 ], [ 102.371193021566498, 25.328563640018885 ], [ 102.326095384496185, 25.11209498208137 ], [ 102.308056329668062, 24.859548214487599 ], [ 102.235900110355558, 24.670138138792272 ], [ 102.190802473285231, 24.588962392065703 ] ] } },
{ "type": "Feature", "properties": { "average_dip": null, "average_rake": null, "catalog_id": "GAF_95", "catalog_name": "HimaTibetMap", "dip_dir": null, "lower_seis_depth": null, "name": null, "net_slip_rate": null, "slip_type": "Sinistral", "upper_seis_depth": null, "downthrown_side_id": null, "reference": null, "epistemic_quality": null, "accuracy": null, "activity_confidence": null, "fs_name": null, "last_movement": null, "downthrown_side_dir": null, "vert_sep_rate": null, "strike_slip_rate": null, "exposure_quality": "1", "shortening_rate": null, "notes": null, "index_right": 9, "NAME_EN": "People's Republic of China" }, "geometry": { "type": "LineString", "coordinates": [ [ 102.064529089488346, 25.635227572097033 ], [ 102.073548616902414, 25.346602694847011 ], [ 102.109626726558673, 25.048958290182927 ], [ 102.136685308800864, 24.877587269315725 ] ] } },
{ "type": "Feature", "properties": { "average_dip": null, "average_rake": null, "catalog_id": "GAF_107", "catalog_name": "HimaTibetMap", "dip_dir": null, "lower_seis_depth": null, "name": null, "net_slip_rate": null, "slip_type": "Sinistral", "upper_seis_depth": null, "downthrown_side_id": null, "reference": null, "epistemic_quality": null, "accuracy": null, "activity_confidence": null, "fs_name": null, "last_movement": null, "downthrown_side_dir": null, "vert_sep_rate": null, "strike_slip_rate": null, "exposure_quality": "1", "shortening_rate": null, "notes": null, "index_right": 9, "NAME_EN": "People's Republic of China" }, "geometry": { "type": "LineString", "coordinates": [ [ 97.527706800214574, 21.991338496815512 ], [ 98.330444740066199, 22.054475188713955 ], [ 98.934753076808434, 22.081533770956145 ], [ 99.268475591128762, 22.153689990268649 ], [ 99.466905194238166, 22.252904791823344 ] ] } },
{ "type": "Feature", "properties": { "average_dip": null, "average_rake": null, "catalog_id": "GAF_110", "catalog_name": "HimaTibetMap", "dip_dir": null, "lower_seis_depth": null, "name": null, "net_slip_rate": null, "slip_type": "Dextral", "upper_seis_depth": null, "downthrown_side_id": null, "reference": null, "epistemic_quality": null, "accuracy": null, "activity_confidence": null, "fs_name": null, "last_movement": null, "downthrown_side_dir": null, "vert_sep_rate": null, "strike_slip_rate": null, "exposure_quality": "1", "shortening_rate": null, "notes": null, "index_right": 9, "NAME_EN": "People's Republic of China" }, "geometry": { "type": "LineString", "coordinates": [ [ 99.800627708558494, 22.703881162526503 ], [ 100.350818880816348, 22.135650935440523 ] ] } },
{ "type": "Feature", "properties": { "average_dip": null, "average_rake": null, "catalog_id": "GAF_134", "catalog_name": "HimaTibetMap", "dip_dir": null, "lower_seis_depth": null, "name": null, "net_slip_rate": null, "slip_type": "Sinistral", "upper_seis_depth": null, "downthrown_side_id": null, "reference": null, "epistemic_quality": null, "accuracy": null, "activity_confidence": null, "fs_name": null, "last_movement": null, "downthrown_side_dir": null, "vert_sep_rate": null, "strike_slip_rate": null, "exposure_quality": "1", "shortening_rate": null, "notes": null, "index_right": 9, "NAME_EN": "People's Republic of China" }, "geometry": { "type": "LineString", "coordinates": [ [ 86.003591286789785, 32.241982130797261 ], [ 86.171417225680244, 32.305189302587181 ], [ 86.245522185709802, 32.357498686137454 ], [ 86.328345376331072, 32.429424088519077 ], [ 86.385013875177208, 32.468656126181784 ] ] } },
{ "type": "Feature", "properties": { "average_dip": null, "average_rake": null, "catalog_id": "GAF_135", "catalog_name": "HimaTibetMap", "dip_dir": null, "lower_seis_depth": null, "name": null, "net_slip_rate": null, "slip_type": "Sinistral", "upper_seis_depth": null, "downthrown_side_id": null, "reference": null, "epistemic_quality": null, "accuracy": null, "activity_confidence": null, "fs_name": null, "last_movement": null, "downthrown_side_dir": null, "vert_sep_rate": null, "strike_slip_rate": null, "exposure_quality": "1", "shortening_rate": null, "notes": null, "index_right": 9, "NAME_EN": "People's Republic of China" }, "geometry": { "type": "LineString", "coordinates": [ [ 87.666377545967791, 33.105389247589436 ], [ 87.873335340127639, 33.12549371902211 ], [ 88.22891964532441, 33.18573059235014 ], [ 88.309563278297759, 33.207526168829425 ], [ 88.366231777143881, 33.248937764140059 ], [ 88.416361603046241, 33.336120070057184 ], [ 88.416361603046241, 33.401506799495024 ] ] } },
{ "type": "Feature", "properties": { "average_dip": null, "average_rake": null, "catalog_id": "GAF_136", "catalog_name": "HimaTibetMap", "dip_dir": null, "lower_seis_depth": null, "name": null, "net_slip_rate": null, "slip_type": "Normal", "upper_seis_depth": null, "downthrown_side_id": null, "reference": null, "epistemic_quality": null, "accuracy": null, "activity_confidence": null, "fs_name": null, "last_movement": null, "downthrown_side_dir": null, "vert_sep_rate": null, "strike_slip_rate": null, "exposure_quality": "1", "shortening_rate": null, "notes": null, "index_right": 9, "NAME_EN": "People's Republic of China" }, "geometry": { "type": "LineString", "coordinates": [ [ 89.38190564107839, 34.114222150367539 ], [ 89.362289622247047, 34.053194536225554 ], [ 89.362289622247047, 34.000885152675281 ], [ 89.360110064599112, 33.939857538533289 ], [ 89.34267360341569, 33.907164173814365 ], [ 89.294723335161265, 33.865752578503731 ], [ 89.253311739850631, 33.843957002024453 ], [ 89.20536147159622, 33.81126363730553 ], [ 89.192284125708653, 33.743697350219762 ], [ 89.192284125708653, 33.693567524317409 ], [ 89.203181913948285, 33.645617256062991 ] ] } },
{ "type": "Feature", "properties": { "average_dip": null, "average_rake": null, "catalog_id": "GAF_137", "catalog_name": "HimaTibetMap", "dip_dir": null, "lower_seis_depth": null, "name": null, "net_slip_rate": null, "slip_type": "Normal", "upper_seis_depth": null, "downthrown_side_id": null, "reference": null, "epistemic_quality": null, "accuracy": null, "activity_confidence": null, "fs_name": null, "last_movement": null, "downthrown_side_dir": null, "vert_sep_rate": null, "strike_slip_rate": null, "exposure_quality": "1", "shortening_rate": null, "notes": null, "index_right": 9, "NAME_EN": "People's Republic of China" }, "geometry": { "type": "LineString", "coordinates": [ [ 89.541013349377153, 34.353973491639636 ], [ 89.519217772897861, 34.314741453976929 ], [ 89.501781311714439, 34.271150301018366 ], [ 89.51703821524994, 34.218840917468093 ], [ 89.51703821524994, 34.127299496255112 ], [ 89.55627025291264, 34.059733209169337 ], [ 89.558449810560575, 33.878829924391304 ], [ 89.532295118785441, 33.841777444376525 ], [ 89.475626619939305, 33.802545406713818 ], [ 89.451651485812093, 33.743697350219762 ], [ 89.445112812868317, 33.702285754909127 ], [ 89.445112812868317, 33.61074433369614 ], [ 89.429855909332815, 33.549716719554155 ], [ 89.423317236389025, 33.490868663060098 ] ] } },
{ "type": "Feature", "properties": { "average_dip": null, "average_rake": null, "catalog_id": "GAF_138", "catalog_name": "HimaTibetMap", "dip_dir": null, "lower_seis_depth": null, "name": null, "net_slip_rate": null, "slip_type": "Normal", "upper_seis_depth": null, "downthrown_side_id": null, "reference": null, "epistemic_quality": null, "accuracy": null, "activity_confidence": null, "fs_name": null, "last_movement": null, "downthrown_side_dir": null, "vert_sep_rate": null, "strike_slip_rate": null, "exposure_quality": "1", "shortening_rate": null, "notes": null, "index_right": 9, "NAME_EN": "People's Republic of China" }, "geometry": { "type": "LineString", "coordinates": [ [ 90.949029605672521, 33.412800870943393 ], [ 90.989416246264312, 33.467167502509277 ], [ 91.000289572577501, 33.512214140092439 ], [ 91.01271623122112, 33.549494116023325 ], [ 91.017376228212484, 33.580560762632402 ], [ 91.060869533465194, 33.630267397206929 ], [ 91.109022835709268, 33.662887376146458 ], [ 91.208436104858308, 33.717254007712341 ] ] } },
{ "type": "Feature", "properties": { "average_dip": null, "average_rake": null, "catalog_id": "GAF_139", "catalog_name": "HimaTibetMap", "dip_dir": null, "lower_seis_depth": null, "name": null, "net_slip_rate": null, "slip_type": "Normal", "upper_seis_depth": null, "downthrown_side_id": null, "reference": null, "epistemic_quality": null, "accuracy": null, "activity_confidence": null, "fs_name": null, "last_movement": null, "downthrown_side_dir": null, "vert_sep_rate": null, "strike_slip_rate": null, "exposure_quality": "1", "shortening_rate": null, "notes": null, "index_right": 9, "NAME_EN": "People's Republic of China" }, "geometry": { "type": "LineString", "coordinates": [ [ 91.09814950939608, 33.815113944530935 ], [ 91.087276183082906, 33.846180591140012 ], [ 91.060869533465194, 33.895887225714532 ], [ 91.032909551517022, 33.925400539993156 ], [ 91.025142889864753, 33.95491385427178 ], [ 91.025142889864753, 33.987533833211309 ], [ 91.048442874821561, 34.017047147489933 ], [ 91.057762868804289, 34.034133803124924 ], [ 91.057762868804289, 34.057433788081731 ], [ 91.04999620715202, 34.094713764012624 ] ] } },
{ "type": "Feature", "properties": { "average_dip": null, "average_rake": null, "catalog_id": "GAF_140", "catalog_name": "HimaTibetMap", "dip_dir": null, "lower_seis_depth": null, "name": null, "net_slip_rate": null, "slip_type": "Normal", "upper_seis_depth": null, "downthrown_side_id": null, "reference": null, "epistemic_quality": null, "accuracy": null, "activity_confidence": null, "fs_name": null, "last_movement": null, "downthrown_side_dir": null, "vert_sep_rate": null, "strike_slip_rate": null, "exposure_quality": "1", "shortening_rate": null, "notes": null, "index_right": 9, "NAME_EN": "People's Republic of China" }, "geometry": { "type": "LineString", "coordinates": [ [ 90.324590008830071, 33.319600931116163 ], [ 90.355656655439148, 33.400374212299759 ], [ 90.38361663738732, 33.437654188230653 ], [ 90.408469954674587, 33.454740843865643 ], [ 90.419343280987761, 33.474934164161546 ], [ 90.400703293022318, 33.560367442336506 ], [ 90.389829966709144, 33.585220759623766 ], [ 90.366529981752336, 33.679974031781448 ], [ 90.346336661456434, 33.70793401372962 ], [ 90.321483344169167, 33.754533983643235 ] ] } },
{ "type": "Feature", "properties": { "average_dip": null, "average_rake": null, "catalog_id": "GAF_141", "catalog_name": "HimaTibetMap", "dip_dir": null, "lower_seis_depth": null, "name": null, "net_slip_rate": null, "slip_type": "Normal", "upper_seis_depth": null, "downthrown_side_id": null, "reference": null, "epistemic_quality": null, "accuracy": null, "activity_confidence": null, "fs_name": null, "last_movement": null, "downthrown_side_dir": null, "vert_sep_rate": null, "strike_slip_rate": null, "exposure_quality": "1", "shortening_rate": null, "notes": null, "index_right": 9, "NAME_EN": "People's Republic of China" }, "geometry": { "type": "LineString", "coordinates": [ [ 90.27827491095853, 33.818113761891695 ], [ 90.25588109959223, 33.814716929320078 ], [ 90.249721378888566, 33.784801307810064 ], [ 90.268757066935208, 33.759816967248845 ], [ 90.29041669756009, 33.739000660338696 ], [ 90.29041669756009, 33.700167352077351 ], [ 90.301290023873264, 33.655120714494188 ], [ 90.302843356203724, 33.608520744580574 ], [ 90.302843356203724, 33.490467487466084 ], [ 90.287310032899185, 33.462507505517912 ], [ 90.250030056968299, 33.442314185222017 ], [ 90.206536751715589, 33.3755208950125 ] ] } },
{ "type": "Feature", "properties": { "average_dip": null, "average_rake": null, "catalog_id": "GAF_142", "catalog_name": "HimaTibetMap", "dip_dir": null, "lower_seis_depth": null, "name": null, "net_slip_rate": null, "slip_type": "Normal", "upper_seis_depth": null, "downthrown_side_id": null, "reference": null, "epistemic_quality": null, "accuracy": null, "activity_confidence": null, "fs_name": null, "last_movement": null, "downthrown_side_dir": null, "vert_sep_rate": null, "strike_slip_rate": null, "exposure_quality": "1", "shortening_rate": null, "notes": null, "index_right": 9, "NAME_EN": "People's Republic of China" }, "geometry": { "type": "LineString", "coordinates": [ [ 88.514721203379125, 32.572590671221626 ], [ 88.552644355978089, 32.54604446440235 ], [ 88.624698345916144, 32.481575104984096 ], [ 88.624698345916144, 32.451236582904919 ], [ 88.617113715396343, 32.417105745565848 ], [ 88.617113715396343, 32.276790080949652 ], [ 88.624698345916144, 32.227489982570994 ], [ 88.624698345916144, 32.181982199452229 ], [ 88.613321400136442, 32.056835795875621 ] ] } },
{ "type": "Feature", "properties": { "average_dip": null, "average_rake": null, "catalog_id": "GAF_143", "catalog_name": "HimaTibetMap", "dip_dir": null, "lower_seis_depth": null, "name": null, "net_slip_rate": null, "slip_type": "Normal", "upper_seis_depth": null, "downthrown_side_id": null, "reference": null, "epistemic_quality": null, "accuracy": null, "activity_confidence": null, "fs_name": null, "last_movement": null, "downthrown_side_dir": null, "vert_sep_rate": null, "strike_slip_rate": null, "exposure_quality": "1", "shortening_rate": null, "notes": null, "index_right": 9, "NAME_EN": "People's Republic of China" }, "geometry": { "type": "LineString", "coordinates": [ [ 92.113628385021471, 33.767169978089214 ], [ 92.064328286642805, 33.702700618670967 ], [ 92.056743656123018, 33.585138845614154 ], [ 92.007443557744352, 33.535838747235495 ], [ 91.958143459365687, 33.482746333596936 ], [ 91.93159725254641, 33.425861604698476 ], [ 91.92780493728651, 33.38035382157971 ], [ 91.878504838907844, 33.331053723201052 ], [ 91.848166316828667, 33.277961309562492 ], [ 91.844374001568781, 33.221076580664032 ], [ 91.851958632088568, 33.152814905985885 ], [ 91.870920208388057, 33.099722492347325 ], [ 91.924012622026609, 33.031460817669178 ], [ 91.984689666184963, 32.959406827731129 ] ] } },
{ "type": "Feature", "properties": { "average_dip": null, "average_rake": null, "catalog_id": "GAF_144", "catalog_name": "HimaTibetMap", "dip_dir": null, "lower_seis_depth": null, "name": null, "net_slip_rate": null, "slip_type": "Normal", "upper_seis_depth": null, "downthrown_side_id": null, "reference": null, "epistemic_quality": null, "accuracy": null, "activity_confidence": null, "fs_name": null, "last_movement": null, "downthrown_side_dir": null, "vert_sep_rate": null, "strike_slip_rate": null, "exposure_quality": "1", "shortening_rate": null, "notes": null, "index_right": 9, "NAME_EN": "People's Republic of China" }, "geometry": { "type": "LineString", "coordinates": [ [ 92.015028188264139, 32.720490966357616 ], [ 92.083289862942294, 32.76220643421648 ], [ 92.178097744439725, 32.8721835767535 ], [ 92.265320995417355, 32.879768207273294 ], [ 92.500444541530968, 32.879768207273294 ], [ 92.549744639909633, 32.936652936171747 ], [ 92.595252423028398, 32.951822197211335 ], [ 92.636967890887277, 32.985953034550413 ], [ 92.686267989265929, 33.088345546567631 ] ] } },
{ "type": "Feature", "properties": { "average_dip": null, "average_rake": null, "catalog_id": "GAF_145", "catalog_name": "HimaTibetMap", "dip_dir": null, "lower_seis_depth": null, "name": null, "net_slip_rate": null, "slip_type": "Normal", "upper_seis_depth": null, "downthrown_side_id": null, "reference": "Murphy et al., 2010 EPSL", "epistemic_quality": null, "accuracy": null, "activity_confidence": null, "fs_name": null, "last_movement": null, "downthrown_side_dir": null, "vert_sep_rate": null, "strike_slip_rate": null, "exposure_quality": "1", "shortening_rate": null, "notes": null, "index_right": 9, "NAME_EN": "People's Republic of China" }, "geometry": { "type": "LineString", "coordinates": [ [ 85.602339166239716, 30.102925595102686 ], [ 85.606670229148335, 30.089932406376846 ], [ 85.607672071927752, 30.032201818305317 ], [ 85.573184284057689, 29.947419339791399 ], [ 85.600487116121485, 29.879162259631883 ], [ 85.625673754170492, 29.83498039467008 ], [ 85.640004373055945, 29.797253763440469 ], [ 85.645982480816642, 29.755867295347038 ], [ 85.6687161300474, 29.724343301747055 ], [ 85.696602739770455, 29.704640805747061 ], [ 85.7132572427995, 29.66686926854366 ], [ 85.71702934459779, 29.644775529439396 ], [ 85.741278570443924, 29.617293073480432 ] ] } },
{ "type": "Feature", "properties": { "average_dip": null, "average_rake": null, "catalog_id": "GAF_146", "catalog_name": "HimaTibetMap", "dip_dir": null, "lower_seis_depth": null, "name": null, "net_slip_rate": null, "slip_type": "Normal", "upper_seis_depth": null, "downthrown_side_id": null, "reference": "Styron et al., 2010", "epistemic_quality": null, "accuracy": null, "activity_confidence": null, "fs_name": "South Lunggar Detachment", "last_movement": null, "downthrown_side_dir": null, "vert_sep_rate": null, "strike_slip_rate": null, "exposure_quality": "1", "shortening_rate": null, "notes": null, "index_right": 9, "NAME_EN": "People's Republic of China" }, "geometry": { "type": "LineString", "coordinates": [ [ 83.163058919406623, 30.862816089135904 ], [ 83.287958227574094, 30.906244331448526 ], [ 83.356459527076282, 30.904754089363664 ], [ 83.379778244933419, 30.941873681054616 ], [ 83.394055010968401, 30.995649499786381 ], [ 83.394165921474396, 31.072915517007381 ], [ 83.379778244933419, 31.115098442279063 ], [ 83.393579118767235, 31.133658238124539 ], [ 83.417849621026704, 31.160784093591005 ], [ 83.453541536114159, 31.176012644028319 ], [ 83.492564696609776, 31.183626919246976 ], [ 83.501725621482223, 31.21063380166315 ], [ 83.544555919587168, 31.247515447253519 ], [ 83.565609597339417, 31.307761812268971 ], [ 83.567160799142556, 31.338529830726529 ], [ 83.536287407916404, 31.346162124929158 ], [ 83.493397507961816, 31.379575533077102 ], [ 83.463654245388938, 31.440846653977232 ] ] } },
{ "type": "Feature", "properties": { "average_dip": null, "average_rake": null, "catalog_id": "GAF_147", "catalog_name": "HimaTibetMap", "dip_dir": null, "lower_seis_depth": null, "name": null, "net_slip_rate": null, "slip_type": "Normal", "upper_seis_depth": null, "downthrown_side_id": null, "reference": null, "epistemic_quality": null, "accuracy": null, "activity_confidence": null, "fs_name": null, "last_movement": null, "downthrown_side_dir": null, "vert_sep_rate": null, "strike_slip_rate": null, "exposure_quality": "1", "shortening_rate": null, "notes": null, "index_right": 9, "NAME_EN": "People's Republic of China" }, "geometry": { "type": "LineString", "coordinates": [ [ 85.086308645073984, 31.364838310370597 ], [ 85.067225910017811, 31.445186668501879 ], [ 85.052294176845749, 31.519183166219428 ], [ 85.052294176845749, 31.588480172757251 ], [ 85.021025604092316, 31.704310123475267 ] ] } },
{ "type": "Feature", "properties": { "average_dip": null, "average_rake": null, "catalog_id": "GAF_148", "catalog_name": "HimaTibetMap", "dip_dir": null, "lower_seis_depth": null, "name": null, "net_slip_rate": null, "slip_type": "Dextral", "upper_seis_depth": null, "downthrown_side_id": null, "reference": null, "epistemic_quality": null, "accuracy": null, "activity_confidence": null, "fs_name": null, "last_movement": null, "downthrown_side_dir": null, "vert_sep_rate": null, "strike_slip_rate": null, "exposure_quality": "1", "shortening_rate": null, "notes": null, "index_right": 9, "NAME_EN": "People's Republic of China" }, "geometry": { "type": "LineString", "coordinates": [ [ 81.622306862106626, 33.249202966671866 ], [ 81.73843250369184, 33.213798807651983 ], [ 81.888546137936146, 33.117499495117904 ], [ 81.959915260095443, 33.06537262459458 ], [ 82.050867581176334, 32.996075618056757 ], [ 82.168947077373616, 32.880291629684685 ], [ 82.269494888990081, 32.79390548167617 ] ] } },
{ "type": "Feature", "properties": { "average_dip": null, "average_rake": null, "catalog_id": "GAF_149", "catalog_name": "HimaTibetMap", "dip_dir": null, "lower_seis_depth": null, "name": null, "net_slip_rate": null, "slip_type": "Dextral", "upper_seis_depth": null, "downthrown_side_id": null, "reference": null, "epistemic_quality": null, "accuracy": null, "activity_confidence": null, "fs_name": null, "last_movement": null, "downthrown_side_dir": null, "vert_sep_rate": null, "strike_slip_rate": null, "exposure_quality": "1", "shortening_rate": null, "notes": null, "index_right": 9, "NAME_EN": "People's Republic of China" }, "geometry": { "type": "LineString", "coordinates": [ [ 82.04220545535911, 32.892130108250022 ], [ 82.133157776440001, 32.814170975894974 ], [ 82.24576541206396, 32.736211843539927 ], [ 82.370290529719682, 32.667866675565421 ], [ 82.512349717786961, 32.610777469145859 ], [ 82.852114219269907, 32.463354880297253 ], [ 82.957379996666887, 32.410301418695788 ], [ 83.104749808587144, 32.35453986823947 ] ] } },
{ "type": "Feature", "properties": { "average_dip": null, "average_rake": null, "catalog_id": "GAF_150", "catalog_name": "HimaTibetMap", "dip_dir": null, "lower_seis_depth": null, "name": null, "net_slip_rate": null, "slip_type": "Normal", "upper_seis_depth": null, "downthrown_side_id": null, "reference": null, "epistemic_quality": null, "accuracy": null, "activity_confidence": null, "fs_name": null, "last_movement": null, "downthrown_side_dir": null, "vert_sep_rate": null, "strike_slip_rate": null, "exposure_quality": "1", "shortening_rate": null, "notes": null, "index_right": 9, "NAME_EN": "People's Republic of China" }, "geometry": { "type": "LineString", "coordinates": [ [ 82.080861529732132, 33.26863099893405 ], [ 82.070240282026177, 33.227473664073436 ], [ 82.072522895719416, 33.173649197309928 ], [ 82.088827465511613, 33.161090865911156 ] ] } },
{ "type": "Feature", "properties": { "average_dip": null, "average_rake": null, "catalog_id": "GAF_151", "catalog_name": "HimaTibetMap", "dip_dir": null, "lower_seis_depth": null, "name": null, "net_slip_rate": null, "slip_type": "Normal", "upper_seis_depth": null, "downthrown_side_id": null, "reference": null, "epistemic_quality": null, "accuracy": null, "activity_confidence": null, "fs_name": null, "last_movement": null, "downthrown_side_dir": null, "vert_sep_rate": null, "strike_slip_rate": null, "exposure_quality": "1", "shortening_rate": null, "notes": null, "index_right": 9, "NAME_EN": "People's Republic of China" }, "geometry": { "type": "LineString", "coordinates": [ [ 82.128657144408976, 33.273941622787028 ], [ 82.135295424225205, 33.247388503522117 ], [ 82.133967768261968, 33.199592888845274 ], [ 82.137950736151694, 33.178350393433348 ], [ 82.147244327894413, 33.16905680169063 ] ] } },
{ "type": "Feature", "properties": { "average_dip": null, "average_rake": null, "catalog_id": "GAF_152", "catalog_name": "HimaTibetMap", "dip_dir": null, "lower_seis_depth": null, "name": null, "net_slip_rate": null, "slip_type": "Sinistral", "upper_seis_depth": null, "downthrown_side_id": null, "reference": null, "epistemic_quality": null, "accuracy": null, "activity_confidence": null, "fs_name": null, "last_movement": null, "downthrown_side_dir": null, "vert_sep_rate": null, "strike_slip_rate": null, "exposure_quality": "1", "shortening_rate": null, "notes": null, "index_right": 9, "NAME_EN": "People's Republic of China" }, "geometry": { "type": "LineString", "coordinates": [ [ 81.14134437036742, 33.160656008584084 ], [ 81.407049575265731, 33.217339223553985 ], [ 81.707276843754343, 33.286731375232954 ], [ 81.884297638853752, 33.347626528747156 ], [ 82.035827439458856, 33.415602514065327 ], [ 82.132126751992942, 33.504820994795438 ], [ 82.193021905507138, 33.547305985619296 ] ] } },
{ "type": "Feature", "properties": { "average_dip": null, "average_rake": null, "catalog_id": "GAF_153", "catalog_name": "HimaTibetMap", "dip_dir": null, "lower_seis_depth": null, "name": null, "net_slip_rate": null, "slip_type": "Normal", "upper_seis_depth": null, "downthrown_side_id": null, "reference": null, "epistemic_quality": null, "accuracy": null, "activity_confidence": null, "fs_name": null, "last_movement": null, "downthrown_side_dir": null, "vert_sep_rate": null, "strike_slip_rate": null, "exposure_quality": "1", "shortening_rate": null, "notes": null, "index_right": 9, "NAME_EN": "People's Republic of China" }, "geometry": { "type": "LineString", "coordinates": [ [ 82.137791417436119, 33.523231157485782 ], [ 82.076853958628021, 33.628410802714384 ], [ 82.066983099396353, 33.688922621698836 ], [ 81.982013117748636, 33.745569276130652 ], [ 81.959915260095443, 33.767004815790024 ], [ 81.925266756826531, 33.810315444876167 ], [ 81.868719808885004, 33.860278751355068 ] ] } },
{ "type": "Feature", "properties": { "average_dip": null, "average_rake": null, "catalog_id": "GAF_154", "catalog_name": "HimaTibetMap", "dip_dir": null, "lower_seis_depth": null, "name": null, "net_slip_rate": null, "slip_type": "Dextral", "upper_seis_depth": null, "downthrown_side_id": null, "reference": null, "epistemic_quality": null, "accuracy": null, "activity_confidence": null, "fs_name": null, "last_movement": null, "downthrown_side_dir": null, "vert_sep_rate": null, "strike_slip_rate": null, "exposure_quality": "2", "shortening_rate": null, "notes": null, "index_right": 9, "NAME_EN": "People's Republic of China" }, "geometry": { "type": "LineString", "coordinates": [ [ 80.898804847485053, 35.005688807653584 ], [ 80.77320402313525, 35.070654751282788 ], [ 80.517671311527025, 35.135620694911999 ], [ 80.114882461025942, 35.278545770896258 ], [ 79.893998252686629, 35.365167029068537 ], [ 79.616810226535335, 35.516754230870021 ] ] } },
{ "type": "Feature", "properties": { "average_dip": null, "average_rake": null, "catalog_id": "GAF_155", "catalog_name": "HimaTibetMap", "dip_dir": null, "lower_seis_depth": null, "name": null, "net_slip_rate": null, "slip_type": "Sinistral", "upper_seis_depth": null, "downthrown_side_id": null, "reference": null, "epistemic_quality": null, "accuracy": null, "activity_confidence": null, "fs_name": null, "last_movement": null, "downthrown_side_dir": null, "vert_sep_rate": null, "strike_slip_rate": null, "exposure_quality": "1", "shortening_rate": null, "notes": null, "index_right": 9, "NAME_EN": "People's Republic of China" }, "geometry": { "type": "LineString", "coordinates": [ [ 87.235703477294251, 35.285628524149075 ], [ 87.597868260287854, 35.310182068758813 ], [ 87.824988547927916, 35.340873999520987 ], [ 87.920133533290638, 35.383842702588019 ], [ 88.260813964750724, 35.402257861045321 ], [ 88.260813964750724, 35.405327054121543 ] ] } },
{ "type": "Feature", "properties": { "average_dip": null, "average_rake": null, "catalog_id": "GAF_156", "catalog_name": "HimaTibetMap", "dip_dir": null, "lower_seis_depth": null, "name": null, "net_slip_rate": null, "slip_type": "Sinistral", "upper_seis_depth": null, "downthrown_side_id": null, "reference": null, "epistemic_quality": null, "accuracy": null, "activity_confidence": null, "fs_name": null, "last_movement": null, "downthrown_side_dir": null, "vert_sep_rate": null, "strike_slip_rate": null, "exposure_quality": "1", "shortening_rate": null, "notes": null, "index_right": 9, "NAME_EN": "People's Republic of China" }, "geometry": { "type": "LineString", "coordinates": [ [ 87.340056041885603, 35.261074979539345 ], [ 87.165112036541231, 35.224244662624741 ], [ 86.965614486587128, 35.215037083396091 ], [ 86.858192728919533, 35.187414345710131 ], [ 86.726217426642208, 35.172068380329051 ], [ 86.566619386678923, 35.129099677262012 ], [ 86.446920856706456, 35.092269360347409 ], [ 86.299599589048043, 35.073854201890107 ] ] } },
{ "type": "Feature", "properties": { "average_dip": null, "average_rake": null, "catalog_id": "GAF_157", "catalog_name": "HimaTibetMap", "dip_dir": null, "lower_seis_depth": null, "name": null, "net_slip_rate": null, "slip_type": "Sinistral", "upper_seis_depth": null, "downthrown_side_id": null, "reference": null, "epistemic_quality": null, "accuracy": null, "activity_confidence": null, "fs_name": null, "last_movement": null, "downthrown_side_dir": null, "vert_sep_rate": null, "strike_slip_rate": null, "exposure_quality": "1", "shortening_rate": null, "notes": null, "index_right": 9, "NAME_EN": "People's Republic of China" }, "geometry": { "type": "LineString", "coordinates": [ [ 87.502723274925145, 35.049300657280376 ], [ 87.315502497275901, 34.987916795756036 ], [ 87.137489298855314, 34.926532934231695 ], [ 87.045413506568806, 34.874356651936004 ], [ 86.848985149690918, 34.816041983487885 ] ] } },
{ "type": "Feature", "properties": { "average_dip": null, "average_rake": null, "catalog_id": "GAF_158", "catalog_name": "HimaTibetMap", "dip_dir": null, "lower_seis_depth": null, "name": null, "net_slip_rate": null, "slip_type": "Reverse", "upper_seis_depth": null, "downthrown_side_id": null, "reference": "Xu, et al., 2008", "epistemic_quality": null, "accuracy": null, "activity_confidence": null, "fs_name": "Longriba Fault", "last_movement": null, "downthrown_side_dir": null, "vert_sep_rate": null, "strike_slip_rate": null, "exposure_quality": "1", "shortening_rate": null, "notes": null, "index_right": 9, "NAME_EN": "People's Republic of China" }, "geometry": { "type": "LineString", "coordinates": [ [ 102.302109433789781, 32.423384755010716 ], [ 102.43285254832999, 32.529613535574626 ], [ 102.551338495882035, 32.578642203527195 ], [ 102.600367163834605, 32.639928038467914 ], [ 102.727024556045421, 32.717556762726154 ], [ 102.857767670585616, 32.791099764655016 ], [ 102.919053505526335, 32.795185486984401 ], [ 103.008939396772718, 32.852385599595735 ], [ 103.094739565689721, 32.938185768512739 ], [ 103.127425344324777, 32.946357213171503 ] ] } },
{ "type": "Feature", "properties": { "average_dip": null, "average_rake": null, "catalog_id": "GAF_159", "catalog_name": "HimaTibetMap", "dip_dir": null, "lower_seis_depth": null, "name": null, "net_slip_rate": null, "slip_type": "Sinistral", "upper_seis_depth": null, "downthrown_side_id": null, "reference": null, "epistemic_quality": null, "accuracy": null, "activity_confidence": null, "fs_name": null, "last_movement": null, "downthrown_side_dir": null, "vert_sep_rate": null, "strike_slip_rate": null, "exposure_quality": "1", "shortening_rate": null, "notes": null, "index_right": 9, "NAME_EN": "People's Republic of China" }, "geometry": { "type": "LineString", "coordinates": [ [ 93.272663085857502, 35.36510483216513 ], [ 93.023434023765248, 35.418219222447085 ], [ 92.700661959744139, 35.463162168070276 ], [ 92.381975618052422, 35.487676502046561 ], [ 92.108232221983883, 35.47133361272904 ], [ 91.867174604550399, 35.454990723411512 ] ] } },
{ "type": "Feature", "properties": { "average_dip": null, "average_rake": null, "catalog_id": "GAF_160", "catalog_name": "HimaTibetMap", "dip_dir": null, "lower_seis_depth": null, "name": null, "net_slip_rate": null, "slip_type": "Sinistral", "upper_seis_depth": null, "downthrown_side_id": null, "reference": null, "epistemic_quality": null, "accuracy": null, "activity_confidence": null, "fs_name": null, "last_movement": null, "downthrown_side_dir": null, "vert_sep_rate": null, "strike_slip_rate": null, "exposure_quality": "1", "shortening_rate": null, "notes": null, "index_right": 9, "NAME_EN": "People's Republic of China" }, "geometry": { "type": "LineString", "coordinates": [ [ 88.286539714231054, 35.385026568485458 ], [ 88.575882582471479, 35.386759160510849 ], [ 88.79418917767083, 35.372898424307721 ], [ 89.003832812743227, 35.374631016333112 ], [ 89.196150527561699, 35.383293976460067 ], [ 89.537471156563868, 35.383293976460067 ], [ 89.572122997071702, 35.411015448866337 ], [ 89.676078518595205, 35.428341369120254 ] ] } },
{ "type": "Feature", "properties": { "average_dip": null, "average_rake": null, "catalog_id": "GAF_161", "catalog_name": "HimaTibetMap", "dip_dir": null, "lower_seis_depth": null, "name": null, "net_slip_rate": null, "slip_type": "Sinistral", "upper_seis_depth": null, "downthrown_side_id": null, "reference": null, "epistemic_quality": null, "accuracy": null, "activity_confidence": null, "fs_name": null, "last_movement": null, "downthrown_side_dir": null, "vert_sep_rate": null, "strike_slip_rate": null, "exposure_quality": "1", "shortening_rate": null, "notes": null, "index_right": 9, "NAME_EN": "People's Republic of China" }, "geometry": { "type": "LineString", "coordinates": [ [ 88.132339023971198, 35.469923577729652 ], [ 88.29000489828185, 35.504575418237486 ], [ 88.471927060947976, 35.540959850770712 ], [ 88.653849223614102, 35.540959850770712 ], [ 89.076601677809677, 35.553087994948456 ] ] } },
{ "type": "Feature", "properties": { "average_dip": null, "average_rake": null, "catalog_id": "GAF_162", "catalog_name": "HimaTibetMap", "dip_dir": null, "lower_seis_depth": null, "name": null, "net_slip_rate": null, "slip_type": "Sinistral", "upper_seis_depth": null, "downthrown_side_id": null, "reference": null, "epistemic_quality": null, "accuracy": null, "activity_confidence": null, "fs_name": null, "last_movement": null, "downthrown_side_dir": null, "vert_sep_rate": null, "strike_slip_rate": null, "exposure_quality": "1", "shortening_rate": null, "notes": null, "index_right": 9, "NAME_EN": "People's Republic of China" }, "geometry": { "type": "LineString", "coordinates": [ [ 88.66770995981723, 35.695160541030575 ], [ 88.91027284337207, 35.688230172929003 ], [ 89.000367628692445, 35.696893133055966 ], [ 89.071403901733504, 35.726347197487627 ], [ 89.151103134901518, 35.735010157614582 ], [ 89.284512720856682, 35.735010157614582 ], [ 89.454306739345057, 35.856291599392002 ], [ 89.634496309985792, 35.878815295722092 ] ] } },
{ "type": "Feature", "properties": { "average_dip": null, "average_rake": null, "catalog_id": "GAF_163", "catalog_name": "HimaTibetMap", "dip_dir": null, "lower_seis_depth": null, "name": null, "net_slip_rate": null, "slip_type": "Sinistral", "upper_seis_depth": null, "downthrown_side_id": null, "reference": null, "epistemic_quality": null, "accuracy": null, "activity_confidence": null, "fs_name": null, "last_movement": null, "downthrown_side_dir": null, "vert_sep_rate": null, "strike_slip_rate": null, "exposure_quality": "1", "shortening_rate": null, "notes": null, "index_right": 9, "NAME_EN": "People's Republic of China" }, "geometry": { "type": "LineString", "coordinates": [ [ 89.677811110620596, 35.8978738080014 ], [ 89.530540788462304, 35.944653792686978 ], [ 89.372874914151652, 36.013957473702646 ], [ 89.312234193262938, 36.050341906235872 ], [ 88.963983196159219, 36.081528562692924 ], [ 88.787258809569266, 36.11444781117536 ], [ 88.593208502725389, 36.168158163962502 ], [ 88.283074530180272, 36.227066292825825 ], [ 88.139269392072762, 36.247857397130524 ] ] } },
{ "type": "Feature", "properties": { "average_dip": null, "average_rake": null, "catalog_id": "GAF_164", "catalog_name": "HimaTibetMap", "dip_dir": null, "lower_seis_depth": null, "name": null, "net_slip_rate": null, "slip_type": "Sinistral", "upper_seis_depth": null, "downthrown_side_id": null, "reference": null, "epistemic_quality": null, "accuracy": null, "activity_confidence": null, "fs_name": null, "last_movement": null, "downthrown_side_dir": null, "vert_sep_rate": null, "strike_slip_rate": null, "exposure_quality": "1", "shortening_rate": null, "notes": null, "index_right": 9, "NAME_EN": "People's Republic of China" }, "geometry": { "type": "LineString", "coordinates": [ [ 89.718960171223657, 35.838749105134916 ], [ 89.935534174397617, 35.808428744690559 ], [ 90.080638756524166, 35.799765784563604 ], [ 90.245234998936382, 35.804097264627082 ], [ 90.301544239761611, 35.847412065261871 ], [ 90.593919144046467, 35.882063905769705 ], [ 90.682714485347788, 35.877732425706228 ], [ 90.721697805919106, 35.895058345960145 ], [ 90.78667000687129, 35.918881486309282 ], [ 90.940437549124809, 35.921047226341017 ], [ 91.087707871283101, 35.925378706404501 ], [ 91.163508772393982, 35.925378706404501 ], [ 91.410403136012306, 35.983853687261472 ] ] } },
{ "type": "Feature", "properties": { "average_dip": null, "average_rake": null, "catalog_id": "GAF_165", "catalog_name": "HimaTibetMap", "dip_dir": null, "lower_seis_depth": null, "name": null, "net_slip_rate": null, "slip_type": "Normal", "upper_seis_depth": null, "downthrown_side_id": null, "reference": null, "epistemic_quality": null, "accuracy": null, "activity_confidence": null, "fs_name": null, "last_movement": null, "downthrown_side_dir": null, "vert_sep_rate": null, "strike_slip_rate": null, "exposure_quality": "1", "shortening_rate": null, "notes": null, "index_right": 9, "NAME_EN": "People's Republic of China" }, "geometry": { "type": "LineString", "coordinates": [ [ 89.294475125002691, 35.43808719926308 ], [ 89.400596386557922, 35.466241819675695 ], [ 89.478563027700559, 35.520385320469188 ], [ 89.498054687986212, 35.572363081230939 ], [ 89.526209308398833, 35.622175101960948 ], [ 89.578187069160577, 35.68065008281792 ], [ 89.617170389731896, 35.710970443262276 ], [ 89.744949051604536, 35.726130623484451 ] ] } },
{ "type": "Feature", "properties": { "average_dip": null, "average_rake": null, "catalog_id": "GAF_166", "catalog_name": "HimaTibetMap", "dip_dir": null, "lower_seis_depth": null, "name": null, "net_slip_rate": null, "slip_type": "Sinistral", "upper_seis_depth": null, "downthrown_side_id": null, "reference": null, "epistemic_quality": null, "accuracy": null, "activity_confidence": null, "fs_name": null, "last_movement": null, "downthrown_side_dir": null, "vert_sep_rate": null, "strike_slip_rate": null, "exposure_quality": "1", "shortening_rate": null, "notes": null, "index_right": 9, "NAME_EN": "People's Republic of China" }, "geometry": { "type": "LineString", "coordinates": [ [ 90.102296156841575, 35.66765564262748 ], [ 90.286384059539444, 35.635169542151388 ], [ 90.47263770226904, 35.626506582024433 ], [ 90.60041636414168, 35.611346401802251 ], [ 90.819156107347382, 35.542042720786583 ] ] } },
{ "type": "Feature", "properties": { "average_dip": null, "average_rake": null, "catalog_id": "GAF_167", "catalog_name": "HimaTibetMap", "dip_dir": null, "lower_seis_depth": null, "name": null, "net_slip_rate": null, "slip_type": "Normal", "upper_seis_depth": null, "downthrown_side_id": null, "reference": null, "epistemic_quality": null, "accuracy": null, "activity_confidence": null, "fs_name": null, "last_movement": null, "downthrown_side_dir": null, "vert_sep_rate": null, "strike_slip_rate": null, "exposure_quality": "1", "shortening_rate": null, "notes": null, "index_right": 9, "NAME_EN": "People's Republic of China" }, "geometry": { "type": "LineString", "coordinates": [ [ 81.498082390302201, 34.666922209588279 ], [ 81.552160805550528, 34.604191247900218 ], [ 81.67329645570679, 34.4852187343539 ], [ 81.774963876373647, 34.39220386012677 ], [ 81.839857974671645, 34.29486271267978 ] ] } },
{ "type": "Feature", "properties": { "average_dip": null, "average_rake": null, "catalog_id": "GAF_168", "catalog_name": "HimaTibetMap", "dip_dir": null, "lower_seis_depth": null, "name": null, "net_slip_rate": null, "slip_type": "Normal", "upper_seis_depth": null, "downthrown_side_id": null, "reference": null, "epistemic_quality": null, "accuracy": null, "activity_confidence": null, "fs_name": null, "last_movement": null, "downthrown_side_dir": null, "vert_sep_rate": null, "strike_slip_rate": null, "exposure_quality": "1", "shortening_rate": null, "notes": null, "index_right": 9, "NAME_EN": "People's Republic of China" }, "geometry": { "type": "LineString", "coordinates": [ [ 81.999930083806689, 34.355430537757911 ], [ 82.075639865154358, 34.281883893020179 ], [ 82.108086914303342, 34.223479204551985 ], [ 82.17298101260134, 34.19535842862286 ], [ 82.218406881409933, 34.139116876764596 ], [ 82.22057001801987, 34.089364734736137 ], [ 82.24869079394901, 34.061243958807005 ], [ 82.317911165466867, 34.005002406948741 ], [ 82.333053121736398, 33.946597718480547 ], [ 82.380642127154928, 33.903334986281884 ], [ 82.397947220034396, 33.875214210352752 ], [ 82.421741722743647, 33.812483248664691 ], [ 82.551529919339643, 33.790851882565363 ], [ 82.592629514928376, 33.732447194097162 ], [ 82.640218520346906, 33.645921729699836 ] ] } },
{ "type": "Feature", "properties": { "average_dip": null, "average_rake": null, "catalog_id": "GAF_169", "catalog_name": "HimaTibetMap", "dip_dir": null, "lower_seis_depth": null, "name": null, "net_slip_rate": null, "slip_type": "Normal", "upper_seis_depth": null, "downthrown_side_id": null, "reference": null, "epistemic_quality": null, "accuracy": null, "activity_confidence": null, "fs_name": null, "last_movement": null, "downthrown_side_dir": null, "vert_sep_rate": null, "strike_slip_rate": null, "exposure_quality": "1", "shortening_rate": null, "notes": null, "index_right": 9, "NAME_EN": "People's Republic of China" }, "geometry": { "type": "LineString", "coordinates": [ [ 83.070682705723584, 33.836277751373963 ], [ 83.176676399610301, 33.751915423586567 ], [ 83.26103872739769, 33.680531915458772 ], [ 83.358379874844687, 33.617800953770711 ], [ 83.462210432121481, 33.537764899203189 ], [ 83.548735896518806, 33.475033937515128 ], [ 83.622282541256524, 33.412302975827068 ], [ 83.654729590405523, 33.371203380238335 ] ] } },
{ "type": "Feature", "properties": { "average_dip": null, "average_rake": null, "catalog_id": "GAF_170", "catalog_name": "HimaTibetMap", "dip_dir": null, "lower_seis_depth": null, "name": null, "net_slip_rate": null, "slip_type": "Normal", "upper_seis_depth": null, "downthrown_side_id": null, "reference": null, "epistemic_quality": null, "accuracy": null, "activity_confidence": null, "fs_name": null, "last_movement": null, "downthrown_side_dir": null, "vert_sep_rate": null, "strike_slip_rate": null, "exposure_quality": "1", "shortening_rate": null, "notes": null, "index_right": 9, "NAME_EN": "People's Republic of China" }, "geometry": { "type": "LineString", "coordinates": [ [ 83.630935087696258, 33.15272658263509 ], [ 83.637424497526069, 33.085669347727162 ], [ 83.682850366334662, 33.01212270298943 ], [ 83.754233874462457, 32.929923511811971 ], [ 83.808312289710784, 32.839071774194785 ], [ 83.836433065639909, 32.759035719627256 ] ] } },
{ "type": "Feature", "properties": { "average_dip": null, "average_rake": null, "catalog_id": "GAF_171", "catalog_name": "HimaTibetMap", "dip_dir": null, "lower_seis_depth": null, "name": null, "net_slip_rate": null, "slip_type": "Dextral", "upper_seis_depth": null, "downthrown_side_id": null, "reference": null, "epistemic_quality": null, "accuracy": null, "activity_confidence": null, "fs_name": null, "last_movement": null, "downthrown_side_dir": null, "vert_sep_rate": null, "strike_slip_rate": null, "exposure_quality": "1", "shortening_rate": null, "notes": null, "index_right": 9, "NAME_EN": "People's Republic of China" }, "geometry": { "type": "LineString", "coordinates": [ [ 84.472395228960266, 33.665389959189241 ], [ 84.565410103187389, 33.60265899750118 ], [ 84.662751250634386, 33.565885675132314 ], [ 84.731971622152244, 33.500991576834323 ], [ 84.827149632989304, 33.360387697188671 ] ] } },
{ "type": "Feature", "properties": { "average_dip": null, "average_rake": null, "catalog_id": "GAF_172", "catalog_name": "HimaTibetMap", "dip_dir": null, "lower_seis_depth": null, "name": null, "net_slip_rate": null, "slip_type": "Normal", "upper_seis_depth": null, "downthrown_side_id": null, "reference": null, "epistemic_quality": null, "accuracy": null, "activity_confidence": null, "fs_name": null, "last_movement": null, "downthrown_side_dir": null, "vert_sep_rate": null, "strike_slip_rate": null, "exposure_quality": "1", "shortening_rate": null, "notes": null, "index_right": 9, "NAME_EN": "People's Republic of China" }, "geometry": { "type": "LineString", "coordinates": [ [ 82.371935973416598, 31.280684243585753 ], [ 82.327449573115985, 31.450074767807269 ], [ 82.325738557719816, 31.520226399050525 ], [ 82.3342936347007, 31.585244984105248 ], [ 82.370224958020415, 31.622887322821143 ], [ 82.383913081189831, 31.682772861687337 ], [ 82.418133389113365, 31.752924492930592 ], [ 82.397601204359248, 31.845319324324148 ], [ 82.45406471243308, 31.939425171113879 ] ] } },
{ "type": "Feature", "properties": { "average_dip": null, "average_rake": null, "catalog_id": "GAF_173", "catalog_name": "HimaTibetMap", "dip_dir": null, "lower_seis_depth": null, "name": null, "net_slip_rate": null, "slip_type": "Normal", "upper_seis_depth": null, "downthrown_side_id": null, "reference": "Murphy et al., 2010 EPSL", "epistemic_quality": null, "accuracy": null, "activity_confidence": null, "fs_name": null, "last_movement": null, "downthrown_side_dir": null, "vert_sep_rate": null, "strike_slip_rate": null, "exposure_quality": "1", "shortening_rate": null, "notes": null, "index_right": 9, "NAME_EN": "People's Republic of China" }, "geometry": { "type": "LineString", "coordinates": [ [ 85.270548810204176, 29.8640070603041 ], [ 85.245012285059701, 29.944545331913595 ], [ 85.197867930946828, 30.037851866095327 ], [ 85.121258355513405, 30.087942742340257 ], [ 85.060326259477208, 30.10447526089045 ], [ 84.895796835034801, 30.216903700926103 ] ] } },
{ "type": "Feature", "properties": { "average_dip": null, "average_rake": null, "catalog_id": "GAF_174", "catalog_name": "HimaTibetMap", "dip_dir": null, "lower_seis_depth": null, "name": null, "net_slip_rate": "(6,1,11)", "slip_type": "Dextral", "upper_seis_depth": null, "downthrown_side_id": null, "reference": "Murphy, et al., 2000; Wright et al., 2004; Brown et al., 2002; Chevalier et al., 2005, 2011", "epistemic_quality": null, "accuracy": null, "activity_confidence": null, "fs_name": "Karakoram Fault", "last_movement": null, "downthrown_side_dir": null, "vert_sep_rate": null, "strike_slip_rate": null, "exposure_quality": "1", "shortening_rate": null, "notes": null, "index_right": 9, "NAME_EN": "People's Republic of China" }, "geometry": { "type": "LineString", "coordinates": [ [ 82.334622127881161, 30.606290005439824 ], [ 82.208482902475311, 30.674843932290834 ], [ 82.085085834143499, 30.726944916697597 ], [ 81.997336807774204, 30.757108644512041 ], [ 81.887650524812599, 30.757108644512041 ], [ 81.665535801815338, 30.806467471844766 ], [ 81.553107361779681, 30.847599827955371 ], [ 81.451647550040192, 30.875021398695775 ], [ 81.278891654375641, 30.979223367509306 ], [ 81.150010271895752, 31.034066508990112 ], [ 81.06500340260051, 31.09713612169304 ], [ 80.988223004527384, 31.149237106099804 ], [ 80.881278878639819, 31.193111619284451 ], [ 80.755139653233954, 31.250696917839296 ], [ 80.618031799531948, 31.360383200800907 ], [ 80.527540616088615, 31.420710656429794 ], [ 80.43979158971932, 31.470069483762519 ], [ 80.384948448238518, 31.513943996947166 ], [ 80.338331777979832, 31.574271452576053 ], [ 80.299941578943276, 31.64008322235302 ], [ 80.278004322350952, 31.711379306278065 ], [ 80.201223924277826, 31.851229317054123 ], [ 80.110732740834493, 31.952689128793612 ], [ 80.009272929095005, 32.040438155162903 ], [ 79.92152390272571, 32.169319537642799 ], [ 79.885875860763178, 32.248842092789964 ], [ 79.710377808024603, 32.435308773824708 ], [ 79.55955916895239, 32.61354898363733 ], [ 79.458099357212902, 32.704040167080656 ], [ 79.271632676178157, 32.90695979055964 ], [ 79.019354225366442, 33.164722555519425 ], [ 78.901441471182707, 33.301830409221438 ], [ 78.786270874073011, 33.419743163405172 ], [ 78.662873805741199, 33.597983373217794 ], [ 78.599804193038267, 33.729606912771729 ], [ 78.410595354929484, 33.970916735287275 ] ] } },
{ "type": "Feature", "properties": { "average_dip": null, "average_rake": null, "catalog_id": "GAF_175", "catalog_name": "HimaTibetMap", "dip_dir": null, "lower_seis_depth": null, "name": null, "net_slip_rate": "(6,1,11)", "slip_type": "Dextral", "upper_seis_depth": null, "downthrown_side_id": null, "reference": "Murphy, et al., 2000; Wright et al., 2004; Brown et al., 2002; Chevalier et al., 2005, 2011", "epistemic_quality": null, "accuracy": null, "activity_confidence": null, "fs_name": "Karakoram Fault", "last_movement": null, "downthrown_side_dir": null, "vert_sep_rate": null, "strike_slip_rate": null, "exposure_quality": "1", "shortening_rate": null, "notes": null, "index_right": 9, "NAME_EN": "People's Republic of China" }, "geometry": { "type": "LineString", "coordinates": [ [ 75.390291434242314, 37.30525655448298 ], [ 75.437154470175628, 37.1244991301688 ], [ 75.691553808099286, 36.836626195149918 ], [ 76.173573606270438, 36.354606396978774 ], [ 76.668982843279665, 35.899365476483801 ], [ 76.80957195107959, 35.77886052694101 ], [ 76.970245217136636, 35.537850627855441 ], [ 77.157697360869861, 35.343703764703172 ], [ 77.291591749250742, 35.089304426779506 ], [ 77.679885475555267, 34.5671163120941 ] ] } },
{ "type": "Feature", "properties": { "average_dip": null, "average_rake": null, "catalog_id": "GAF_178", "catalog_name": "HimaTibetMap", "dip_dir": null, "lower_seis_depth": null, "name": null, "net_slip_rate": null, "slip_type": "Sinistral", "upper_seis_depth": null, "downthrown_side_id": null, "reference": null, "epistemic_quality": null, "accuracy": null, "activity_confidence": null, "fs_name": null, "last_movement": null, "downthrown_side_dir": null, "vert_sep_rate": null, "strike_slip_rate": null, "exposure_quality": "1", "shortening_rate": null, "notes": null, "index_right": 9, "NAME_EN": "People's Republic of China" }, "geometry": { "type": "LineString", "coordinates": [ [ 93.901405743667524, 39.862375733899441 ], [ 93.664082190091449, 39.8395561614402 ], [ 93.522600840844177, 39.821300503472813 ], [ 93.390247320580599, 39.789353102029878 ], [ 93.079901135134946, 39.679819154225534 ], [ 92.701096232311599, 39.579413035404883 ], [ 92.513975738145845, 39.57028520642119 ], [ 92.409005704833348, 39.561157377437496 ] ] } },
{ "type": "Feature", "properties": { "average_dip": null, "average_rake": null, "catalog_id": "GAF_179", "catalog_name": "HimaTibetMap", "dip_dir": null, "lower_seis_depth": null, "name": null, "net_slip_rate": null, "slip_type": "Reverse", "upper_seis_depth": null, "downthrown_side_id": null, "reference": "Yin, et al., 2008", "epistemic_quality": null, "accuracy": null, "activity_confidence": null, "fs_name": "Adatan Thrust", "last_movement": null, "downthrown_side_dir": null, "vert_sep_rate": null, "strike_slip_rate": null, "exposure_quality": "1", "shortening_rate": null, "notes": null, "index_right": 9, "NAME_EN": "People's Republic of China" }, "geometry": { "type": "LineString", "coordinates": [ [ 88.88109980263512, 37.849689442994631 ], [ 89.086475954768261, 37.886200758929412 ], [ 89.232521218507387, 37.886200758929412 ], [ 89.41964171267314, 37.863381186470171 ], [ 89.629581779298135, 37.849689442994631 ], [ 89.83952184592313, 37.831433785027237 ], [ 90.035770169072578, 37.785794640108762 ], [ 90.38262767045299, 37.689952435779958 ], [ 90.761432573276352, 37.55759891551638 ], [ 90.930297409474719, 37.457192796695729 ], [ 91.112853989148618, 37.452628882203882 ], [ 91.277154910855131, 37.411553651777254 ], [ 91.500786720955674, 37.329403190923998 ], [ 91.779185504958377, 37.238124901087048 ] ] } },
{ "type": "Feature", "properties": { "average_dip": null, "average_rake": null, "catalog_id": "GAF_180", "catalog_name": "HimaTibetMap", "dip_dir": null, "lower_seis_depth": null, "name": null, "net_slip_rate": null, "slip_type": "Sinistral", "upper_seis_depth": null, "downthrown_side_id": null, "reference": null, "epistemic_quality": null, "accuracy": null, "activity_confidence": null, "fs_name": null, "last_movement": null, "downthrown_side_dir": null, "vert_sep_rate": null, "strike_slip_rate": null, "exposure_quality": "1", "shortening_rate": null, "notes": null, "index_right": 9, "NAME_EN": "People's Republic of China" }, "geometry": { "type": "LineString", "coordinates": [ [ 87.680790291279209, 37.475448454663123 ], [ 87.849655127477575, 37.502831941614211 ], [ 88.032211707151475, 37.55759891551638 ], [ 88.292354833186792, 37.621493718402249 ], [ 88.534242301254721, 37.703644179255505 ], [ 88.794385427290038, 37.82686987053539 ], [ 88.940430691029164, 37.922712074864194 ], [ 89.282724277917737, 38.023118193684837 ], [ 89.593070463363375, 38.118960398013641 ] ] } },
{ "type": "Feature", "properties": { "average_dip": null, "average_rake": null, "catalog_id": "GAF_181", "catalog_name": "HimaTibetMap", "dip_dir": null, "lower_seis_depth": null, "name": null, "net_slip_rate": null, "slip_type": "Reverse", "upper_seis_depth": null, "downthrown_side_id": null, "reference": null, "epistemic_quality": null, "accuracy": null, "activity_confidence": null, "fs_name": null, "last_movement": null, "downthrown_side_dir": null, "vert_sep_rate": null, "strike_slip_rate": null, "exposure_quality": "1", "shortening_rate": null, "notes": null, "index_right": 9, "NAME_EN": "People's Republic of China" }, "geometry": { "type": "LineString", "coordinates": [ [ 75.062073822930685, 39.454504133358604 ], [ 75.147853420608783, 39.435442000541251 ], [ 75.305116016351974, 39.421145400928232 ], [ 75.395661147234406, 39.397317734906544 ], [ 75.514799477342876, 39.344896869658811 ], [ 75.63393780745136, 39.325834736841458 ], [ 75.729248471538128, 39.340131336454476 ], [ 75.88174553407697, 39.368724535680506 ] ] } },
{ "type": "Feature", "properties": { "average_dip": null, "average_rake": null, "catalog_id": "GAF_182", "catalog_name": "HimaTibetMap", "dip_dir": null, "lower_seis_depth": null, "name": null, "net_slip_rate": null, "slip_type": "Reverse", "upper_seis_depth": null, "downthrown_side_id": null, "reference": null, "epistemic_quality": null, "accuracy": null, "activity_confidence": null, "fs_name": null, "last_movement": null, "downthrown_side_dir": null, "vert_sep_rate": null, "strike_slip_rate": null, "exposure_quality": "1", "shortening_rate": null, "notes": null, "index_right": 9, "NAME_EN": "People's Republic of China" }, "geometry": { "type": "LineString", "coordinates": [ [ 75.88174553407697, 39.368724535680506 ], [ 76.005649397389789, 39.392552201702202 ] ] } },
{ "type": "Feature", "properties": { "average_dip": null, "average_rake": null, "catalog_id": "GAF_183", "catalog_name": "HimaTibetMap", "dip_dir": null, "lower_seis_depth": null, "name": null, "net_slip_rate": null, "slip_type": "Sinistral", "upper_seis_depth": null, "downthrown_side_id": null, "reference": "Burchfiel, et al., 1995; Kirby, et al., 2000", "epistemic_quality": null, "accuracy": null, "activity_confidence": null, "fs_name": "Longmen Shan Thrust Belt", "last_movement": null, "downthrown_side_dir": null, "vert_sep_rate": null, "strike_slip_rate": null, "exposure_quality": "1", "shortening_rate": null, "notes": null, "index_right": 9, "NAME_EN": "People's Republic of China" }, "geometry": { "type": "LineString", "coordinates": [ [ 104.576990379243256, 32.379894155996787 ], [ 104.825280089996383, 32.458895427600055 ], [ 104.978768274825597, 32.519839265694003 ], [ 105.134513638843472, 32.569497207844627 ], [ 105.362488736898612, 32.634955404315903 ], [ 105.486633592275169, 32.686870525655195 ], [ 105.606264089274404, 32.752328722126478 ], [ 105.809410216254236, 32.840358710484402 ], [ 105.881639950291515, 32.892273831823694 ], [ 105.971927117838106, 32.941931773974318 ] ] } },
{ "type": "Feature", "properties": { "average_dip": null, "average_rake": null, "catalog_id": "GAF_184", "catalog_name": "HimaTibetMap", "dip_dir": null, "lower_seis_depth": null, "name": null, "net_slip_rate": null, "slip_type": "Reverse-Dextral", "upper_seis_depth": null, "downthrown_side_id": null, "reference": "Meng et al., 2008; Mohadjer (2017)", "epistemic_quality": null, "accuracy": null, "activity_confidence": null, "fs_name": null, "last_movement": null, "downthrown_side_dir": null, "vert_sep_rate": null, "strike_slip_rate": "(2.,1.,3.)", "exposure_quality": "1", "shortening_rate": "(2.,1.,3.)", "notes": null, "index_right": 9, "NAME_EN": "People's Republic of China" }, "geometry": { "type": "LineString", "coordinates": [ [ 103.470270343272134, 30.737481659144134 ], [ 103.519682047693081, 30.786893363565085 ], [ 103.590270196865873, 30.850422697820598 ], [ 103.58674078940723, 30.928069661910666 ], [ 103.611446641617718, 30.984540181248899 ], [ 103.639681901286835, 31.04101070058713 ], [ 103.682034790790496, 31.086892997549445 ], [ 103.798505236925607, 31.146892924346314 ] ] } },
{ "type": "Feature", "properties": { "average_dip": null, "average_rake": null, "catalog_id": "GAF_185", "catalog_name": "HimaTibetMap", "dip_dir": null, "lower_seis_depth": null, "name": null, "net_slip_rate": null, "slip_type": "Reverse-Dextral", "upper_seis_depth": null, "downthrown_side_id": null, "reference": "Meng et al., 2008; Mohadjer (2017)", "epistemic_quality": null, "accuracy": null, "activity_confidence": null, "fs_name": "Longmen Shan Thrust Belt", "last_movement": null, "downthrown_side_dir": null, "vert_sep_rate": null, "strike_slip_rate": "(2.,1.,3.)", "exposure_quality": "1", "shortening_rate": "(2.,1.,3.)", "notes": null, "index_right": 9, "NAME_EN": "People's Republic of China" }, "geometry": { "type": "LineString", "coordinates": [ [ 103.749093532504659, 31.03748129312849 ], [ 103.914975683060703, 31.122187072135837 ], [ 104.003210869526697, 31.203363443684548 ], [ 104.056151981406288, 31.295128037609174 ], [ 104.123210723120437, 31.369245594240603 ], [ 104.15850479770684, 31.436304335954752 ], [ 104.225563539420989, 31.492774855292986 ], [ 104.260857614007378, 31.545715967172576 ], [ 104.306739910969696, 31.588068856676252 ], [ 104.398504504894319, 31.637480561097206 ], [ 104.532621988322617, 31.669245228224959 ], [ 104.596151322578137, 31.704539302811355 ] ] } },
{ "type": "Feature", "properties": { "average_dip": null, "average_rake": null, "catalog_id": "GAF_186", "catalog_name": "HimaTibetMap", "dip_dir": null, "lower_seis_depth": null, "name": null, "net_slip_rate": null, "slip_type": "Normal", "upper_seis_depth": null, "downthrown_side_id": null, "reference": "Kapp et al., 2008", "epistemic_quality": null, "accuracy": null, "activity_confidence": null, "fs_name": "North Lunggar Detachment", "last_movement": null, "downthrown_side_dir": null, "vert_sep_rate": null, "strike_slip_rate": null, "exposure_quality": "1", "shortening_rate": null, "notes": null, "index_right": 9, "NAME_EN": "People's Republic of China" }, "geometry": { "type": "LineString", "coordinates": [ [ 83.722975599505887, 31.976527465598508 ], [ 83.731827143559372, 31.927211720157683 ], [ 83.730562637266019, 31.882953999890272 ], [ 83.707801523985637, 31.852605848849763 ], [ 83.681246891825197, 31.813406153755771 ], [ 83.655956765958095, 31.760296889434883 ], [ 83.625608614917596, 31.716039169167473 ], [ 83.596524970170435, 31.630052741219362 ], [ 83.58767342611695, 31.530156744044355 ], [ 83.595260463877082, 31.485899023776945 ], [ 83.586408919823597, 31.458079885323144 ], [ 83.583879907236891, 31.439112290922829 ], [ 83.591466944997023, 31.416351177642444 ], [ 83.607905526810626, 31.38726753289529 ], [ 83.63193114638436, 31.363241913321556 ], [ 83.658485778544801, 31.345538825214589 ], [ 83.687569423291961, 31.32910024340098 ], [ 83.705272511398931, 31.321513205640855 ] ] } },
{ "type": "Feature", "properties": { "average_dip": null, "average_rake": null, "catalog_id": "GAF_187", "catalog_name": "HimaTibetMap", "dip_dir": null, "lower_seis_depth": null, "name": null, "net_slip_rate": null, "slip_type": "Normal", "upper_seis_depth": null, "downthrown_side_id": null, "reference": "Styron et al., 2010; Elliot et al., 2010", "epistemic_quality": null, "accuracy": null, "activity_confidence": null, "fs_name": "Palung Co fault", "last_movement": null, "downthrown_side_dir": null, "vert_sep_rate": null, "strike_slip_rate": null, "exposure_quality": "1", "shortening_rate": null, "notes": null, "index_right": 9, "NAME_EN": "People's Republic of China" }, "geometry": { "type": "LineString", "coordinates": [ [ 83.668480811687786, 31.245521193401007 ], [ 83.633750109050482, 31.183005928653866 ], [ 83.599019406413191, 31.125121424258364 ], [ 83.571234844303348, 31.05102925863212 ], [ 83.538819521841859, 30.976937093005876 ], [ 83.506404199380384, 30.888952646324711 ], [ 83.464727356215619, 30.833383522105027 ], [ 83.47861963727054, 30.745399075423865 ], [ 83.485565777798001, 30.650468488215239 ], [ 83.515665720083661, 30.569430182061538 ], [ 83.520296480435306, 30.523122578545134 ] ] } },
{ "type": "Feature", "properties": { "average_dip": null, "average_rake": null, "catalog_id": "GAF_188", "catalog_name": "HimaTibetMap", "dip_dir": null, "lower_seis_depth": null, "name": null, "net_slip_rate": null, "slip_type": "Sinistral", "upper_seis_depth": null, "downthrown_side_id": null, "reference": null, "epistemic_quality": null, "accuracy": null, "activity_confidence": null, "fs_name": null, "last_movement": null, "downthrown_side_dir": null, "vert_sep_rate": null, "strike_slip_rate": null, "exposure_quality": "1", "shortening_rate": null, "notes": null, "index_right": 9, "NAME_EN": "People's Republic of China" }, "geometry": { "type": "LineString", "coordinates": [ [ 93.445905038503369, 35.124106397020732 ], [ 93.605281840133387, 35.091131886338658 ], [ 93.789389524774975, 35.0361743685352 ], [ 94.031202603110174, 34.975721098951396 ], [ 94.542307518682321, 34.832831552662412 ], [ 94.73465883099442, 34.747647400067052 ], [ 94.976471909329632, 34.648723868020831 ], [ 95.190806228763108, 34.511330073512191 ], [ 95.358426658063649, 34.420650169136486 ], [ 95.542534342705238, 34.327222388870609 ], [ 95.671684509543354, 34.217307353263699 ], [ 95.754120786248549, 34.134871076558511 ], [ 95.938228470890124, 33.926032508905379 ], [ 96.089361644849632, 33.799630217957429 ], [ 96.11134465197101, 33.783142962616388 ] ] } },
{ "type": "Feature", "properties": { "average_dip": null, "average_rake": null, "catalog_id": "GAF_189", "catalog_name": "HimaTibetMap", "dip_dir": null, "lower_seis_depth": null, "name": null, "net_slip_rate": null, "slip_type": "Sinistral", "upper_seis_depth": null, "downthrown_side_id": null, "reference": null, "epistemic_quality": null, "accuracy": null, "activity_confidence": null, "fs_name": null, "last_movement": null, "downthrown_side_dir": null, "vert_sep_rate": null, "strike_slip_rate": null, "exposure_quality": "1", "shortening_rate": null, "notes": null, "index_right": 9, "NAME_EN": "People's Republic of China" }, "geometry": { "type": "LineString", "coordinates": [ [ 93.966746589688981, 35.70067488877978 ], [ 94.122600293970322, 35.653407781743638 ], [ 94.421532808739428, 35.601030717190071 ], [ 94.597826343090446, 35.578035908361677 ], [ 94.735795196060806, 35.552486120774574 ], [ 94.932528560481515, 35.506496503117788 ], [ 95.1497017549719, 35.429847140356479 ], [ 95.369429928220995, 35.316150585593867 ], [ 95.538697270985551, 35.191914743451569 ], [ 95.655268176851706, 35.11207165724187 ], [ 95.810163764098533, 35.000291336548294 ], [ 95.915556637895335, 34.933223144132143 ], [ 96.119954938592173, 34.869348675164382 ], [ 96.396212016877726, 34.805474206196621 ], [ 96.581447976884235, 34.744793460677251 ], [ 96.694825159302013, 34.688903300330459 ], [ 96.763490213442353, 34.661756651019161 ] ] } },
{ "type": "Feature", "properties": { "average_dip": null, "average_rake": null, "catalog_id": "GAF_190", "catalog_name": "HimaTibetMap", "dip_dir": null, "lower_seis_depth": null, "name": null, "net_slip_rate": null, "slip_type": "Sinistral", "upper_seis_depth": null, "downthrown_side_id": null, "reference": null, "epistemic_quality": null, "accuracy": null, "activity_confidence": null, "fs_name": null, "last_movement": null, "downthrown_side_dir": null, "vert_sep_rate": null, "strike_slip_rate": null, "exposure_quality": "1", "shortening_rate": null, "notes": null, "index_right": 9, "NAME_EN": "People's Republic of China" }, "geometry": { "type": "LineString", "coordinates": [ [ 98.768828293673664, 35.152022418803597 ], [ 98.922780480984585, 34.910830658683153 ], [ 99.169103980682067, 34.469501055058508 ], [ 99.615565323883743, 34.100015805512292 ], [ 100.180056677357129, 33.591973587386242 ], [ 100.605991062250681, 33.119853546299417 ] ] } },
{ "type": "Feature", "properties": { "average_dip": null, "average_rake": null, "catalog_id": "GAF_191", "catalog_name": "HimaTibetMap", "dip_dir": null, "lower_seis_depth": null, "name": null, "net_slip_rate": "(10.,8.,14.)", "slip_type": "Sinistral", "upper_seis_depth": null, "downthrown_side_id": null, "reference": "Wang, et al., 1998; Shen et al., 2005; Molnar et al., 2010; Mohadjer (2017)", "epistemic_quality": null, "accuracy": null, "activity_confidence": null, "fs_name": "Xiangshuihe - Xiaojiang Fault", "last_movement": null, "downthrown_side_dir": null, "vert_sep_rate": null, "strike_slip_rate": null, "exposure_quality": "1", "shortening_rate": null, "notes": null, "index_right": 9, "NAME_EN": "People's Republic of China" }, "geometry": { "type": "LineString", "coordinates": [ [ 96.806049397537578, 34.450250974550386 ], [ 97.099303172740193, 34.062208100292374 ], [ 97.52289195914399, 33.786727281162634 ], [ 97.896124036674593, 33.606035561088291 ], [ 98.325637141769349, 33.336479060649516 ], [ 98.642588191735825, 33.111354950392951 ] ] } },
{ "type": "Feature", "properties": { "average_dip": null, "average_rake": null, "catalog_id": "GAF_192", "catalog_name": "HimaTibetMap", "dip_dir": null, "lower_seis_depth": null, "name": null, "net_slip_rate": "(10.,8.,14.)", "slip_type": "Sinistral", "upper_seis_depth": null, "downthrown_side_id": null, "reference": "Wang, et al., 1998; Shen et al., 2005; Molnar et al., 2010; Mohadjer (2017)", "epistemic_quality": null, "accuracy": null, "activity_confidence": null, "fs_name": "Xiangshuihe - Xiaojiang Fault", "last_movement": null, "downthrown_side_dir": null, "vert_sep_rate": null, "strike_slip_rate": null, "exposure_quality": "1", "shortening_rate": null, "notes": null, "index_right": 9, "NAME_EN": "People's Republic of China" }, "geometry": { "type": "LineString", "coordinates": [ [ 98.660133451993957, 33.10291499651197 ], [ 98.786707116649993, 32.969816916152013 ], [ 98.926329612713872, 32.848462784059116 ], [ 99.08030582332637, 32.738852600233265 ], [ 99.182086708307509, 32.655340079223102 ], [ 99.328233620075295, 32.498754102329031 ], [ 99.765369472237907, 32.196021213667173 ] ] } },
{ "type": "Feature", "properties": { "average_dip": null, "average_rake": null, "catalog_id": "GAF_193", "catalog_name": "HimaTibetMap", "dip_dir": null, "lower_seis_depth": null, "name": null, "net_slip_rate": null, "slip_type": "Sinistral", "upper_seis_depth": null, "downthrown_side_id": null, "reference": null, "epistemic_quality": null, "accuracy": null, "activity_confidence": null, "fs_name": null, "last_movement": null, "downthrown_side_dir": null, "vert_sep_rate": null, "strike_slip_rate": null, "exposure_quality": "1", "shortening_rate": null, "notes": null, "index_right": 9, "NAME_EN": "People's Republic of China" }, "geometry": { "type": "LineString", "coordinates": [ [ 97.68807155682002, 34.795807040325691 ], [ 98.089476038604118, 34.674059735039819 ], [ 98.30404059643466, 34.617405048421645 ], [ 98.48364800720293, 34.54628533543287 ], [ 98.727142617774675, 34.422127192418564 ], [ 98.945323432197867, 34.349802060565573 ], [ 99.116492910916605, 34.259395645749336 ] ] } },
{ "type": "Feature", "properties": { "average_dip": null, "average_rake": null, "catalog_id": "GAF_195", "catalog_name": "HimaTibetMap", "dip_dir": null, "lower_seis_depth": null, "name": null, "net_slip_rate": null, "slip_type": "Normal", "upper_seis_depth": null, "downthrown_side_id": null, "reference": null, "epistemic_quality": null, "accuracy": null, "activity_confidence": null, "fs_name": null, "last_movement": null, "downthrown_side_dir": null, "vert_sep_rate": null, "strike_slip_rate": null, "exposure_quality": "1", "shortening_rate": null, "notes": null, "index_right": 9, "NAME_EN": "People's Republic of China" }, "geometry": { "type": "LineString", "coordinates": [ [ 85.104387025653523, 31.750510429400755 ], [ 85.15560910396222, 31.614922575054216 ], [ 85.168665712158543, 31.548635179595905 ], [ 85.184735383784812, 31.481343429660956 ], [ 85.151908623743864, 31.311292146605961 ], [ 85.124552993188274, 31.238019461682221 ] ] } },
{ "type": "Feature", "properties": { "average_dip": null, "average_rake": null, "catalog_id": "GAF_196", "catalog_name": "HimaTibetMap", "dip_dir": null, "lower_seis_depth": null, "name": null, "net_slip_rate": null, "slip_type": "Normal", "upper_seis_depth": null, "downthrown_side_id": null, "reference": "Dewane et al., 2006", "epistemic_quality": null, "accuracy": null, "activity_confidence": null, "fs_name": "Tangra Yum Co Rift", "last_movement": null, "downthrown_side_dir": null, "vert_sep_rate": null, "strike_slip_rate": null, "exposure_quality": "1", "shortening_rate": null, "notes": null, "index_right": 9, "NAME_EN": "People's Republic of China" }, "geometry": { "type": "LineString", "coordinates": [ [ 86.666853816183107, 30.818194671188504 ], [ 86.666904298104313, 30.821940518893303 ], [ 86.642469540466521, 30.87081003416888 ], [ 86.61897458119941, 31.050311522969565 ], [ 86.63883328506121, 31.092103088145453 ], [ 86.690399257371411, 31.113278013805406 ], [ 86.808397908863441, 31.118189953345798 ] ] } },
{ "type": "Feature", "properties": { "average_dip": null, "average_rake": null, "catalog_id": "GAF_197", "catalog_name": "HimaTibetMap", "dip_dir": null, "lower_seis_depth": null, "name": null, "net_slip_rate": null, "slip_type": "Normal", "upper_seis_depth": null, "downthrown_side_id": null, "reference": "Dewane et al., 2006", "epistemic_quality": null, "accuracy": null, "activity_confidence": null, "fs_name": "Tangra Yum Co Rift", "last_movement": null, "downthrown_side_dir": null, "vert_sep_rate": null, "strike_slip_rate": null, "exposure_quality": "1", "shortening_rate": null, "notes": null, "index_right": 9, "NAME_EN": "People's Republic of China" }, "geometry": { "type": "LineString", "coordinates": [ [ 86.37932599667495, 30.89712438854804 ], [ 86.383085190157686, 30.825699712376039 ], [ 86.406580149424784, 30.777769995471143 ], [ 86.474245632114048, 30.749576044350619 ], [ 86.521551593585713, 30.696515630579 ], [ 86.541637585364526, 30.678866187869986 ], [ 86.54823034364145, 30.668408709223836 ], [ 86.551867727518371, 30.659087913039226 ], [ 86.551413054533754, 30.652267818269998 ], [ 86.549139689610669, 30.647948424916155 ], [ 86.522086647026072, 30.621350055316167 ], [ 86.50912846696454, 30.588386263931568 ], [ 86.499580334287629, 30.569972008054656 ], [ 86.500944353241465, 30.555422472546969 ], [ 86.518903936133768, 30.53177947734698 ], [ 86.53549950007222, 30.522004008177756 ], [ 86.5470936611799, 30.51586592288545 ], [ 86.561188523702981, 30.51200120251622 ], [ 86.586650210841427, 30.508136482146991 ], [ 86.602563765302961, 30.500179704916228 ], [ 86.60119974634911, 30.490858908731617 ], [ 86.597789698964505, 30.480628766577773 ], [ 86.592560959641418, 30.471535306885471 ], [ 86.591651613672198, 30.461532501223939 ], [ 86.587786893302962, 30.453348387500863 ] ] } },
{ "type": "Feature", "properties": { "average_dip": null, "average_rake": null, "catalog_id": "GAF_198", "catalog_name": "HimaTibetMap", "dip_dir": null, "lower_seis_depth": null, "name": null, "net_slip_rate": null, "slip_type": "Normal", "upper_seis_depth": null, "downthrown_side_id": null, "reference": "Dewane et al., 2006", "epistemic_quality": null, "accuracy": null, "activity_confidence": null, "fs_name": "Tangra Yum Co Rift", "last_movement": null, "downthrown_side_dir": null, "vert_sep_rate": null, "strike_slip_rate": null, "exposure_quality": "1", "shortening_rate": null, "notes": null, "index_right": 9, "NAME_EN": "People's Republic of China" }, "geometry": { "type": "LineString", "coordinates": [ [ 86.420678223293734, 30.149773664188082 ], [ 86.401314403924957, 30.1022442893738 ], [ 86.415397181647705, 30.052954567344177 ], [ 86.433000653801145, 30.001904498099208 ], [ 86.436310177087151, 29.982047358383163 ] ] } },
{ "type": "Feature", "properties": { "average_dip": null, "average_rake": null, "catalog_id": "GAF_199", "catalog_name": "HimaTibetMap", "dip_dir": null, "lower_seis_depth": null, "name": null, "net_slip_rate": null, "slip_type": "Normal", "upper_seis_depth": null, "downthrown_side_id": null, "reference": "Dewane et al., 2006", "epistemic_quality": null, "accuracy": null, "activity_confidence": null, "fs_name": "Tangra Yum Co Rift", "last_movement": null, "downthrown_side_dir": null, "vert_sep_rate": null, "strike_slip_rate": null, "exposure_quality": "1", "shortening_rate": null, "notes": null, "index_right": 9, "NAME_EN": "People's Republic of China" }, "geometry": { "type": "LineString", "coordinates": [ [ 86.444324919860506, 29.918596304017811 ], [ 86.427385717474948, 29.895418222143558 ], [ 86.414452797023671, 29.86200817764443 ], [ 86.390592615607446, 29.856055009311696 ], [ 86.286650395619745, 29.842518985019936 ], [ 86.221681162171507, 29.808413317316941 ], [ 86.239683128768235, 29.732772148888053 ], [ 86.224785833631245, 29.677887377330741 ], [ 86.224001765466141, 29.620650401278116 ], [ 86.214592947484888, 29.586935470178624 ], [ 86.230274310786982, 29.554788675409341 ], [ 86.209758126923546, 29.51527602500569 ] ] } },
{ "type": "Feature", "properties": { "average_dip": null, "average_rake": null, "catalog_id": "GAF_200", "catalog_name": "HimaTibetMap", "dip_dir": null, "lower_seis_depth": null, "name": null, "net_slip_rate": null, "slip_type": "Normal", "upper_seis_depth": null, "downthrown_side_id": null, "reference": "Dewane et al., 2006", "epistemic_quality": null, "accuracy": null, "activity_confidence": null, "fs_name": "Tangra Yum Co Rift", "last_movement": null, "downthrown_side_dir": null, "vert_sep_rate": null, "strike_slip_rate": null, "exposure_quality": "1", "shortening_rate": null, "notes": null, "index_right": 9, "NAME_EN": "People's Republic of China" }, "geometry": { "type": "LineString", "coordinates": [ [ 86.209758126923546, 29.51527602500569 ], [ 86.188718698036439, 29.503040176512446 ], [ 86.189502766201556, 29.422281155506685 ] ] } },
{ "type": "Feature", "properties": { "average_dip": null, "average_rake": null, "catalog_id": "GAF_201", "catalog_name": "HimaTibetMap", "dip_dir": null, "lower_seis_depth": null, "name": null, "net_slip_rate": null, "slip_type": "Normal", "upper_seis_depth": null, "downthrown_side_id": null, "reference": null, "epistemic_quality": null, "accuracy": null, "activity_confidence": null, "fs_name": null, "last_movement": null, "downthrown_side_dir": null, "vert_sep_rate": null, "strike_slip_rate": null, "exposure_quality": "1", "shortening_rate": null, "notes": null, "index_right": 9, "NAME_EN": "People's Republic of China" }, "geometry": { "type": "LineString", "coordinates": [ [ 86.959789948511087, 30.152766229245458 ], [ 86.935235597410639, 30.133122748365093 ], [ 86.893984287561878, 30.103657527044547 ], [ 86.89201993947384, 30.054548824843636 ], [ 86.849685283920522, 29.955669456209815 ], [ 86.810705717742991, 29.921020952940903 ], [ 86.792820361027992, 29.85909619008401 ], [ 86.755497747355307, 29.798201399354877 ], [ 86.723113678103246, 29.762745076095527 ] ] } },
{ "type": "Feature", "properties": { "average_dip": null, "average_rake": null, "catalog_id": "GAF_202", "catalog_name": "HimaTibetMap", "dip_dir": null, "lower_seis_depth": null, "name": null, "net_slip_rate": null, "slip_type": "Normal", "upper_seis_depth": null, "downthrown_side_id": null, "reference": "Hager et al., 2006", "epistemic_quality": null, "accuracy": null, "activity_confidence": null, "fs_name": "Pum Qu - Xainza Rift", "last_movement": null, "downthrown_side_dir": null, "vert_sep_rate": null, "strike_slip_rate": null, "exposure_quality": "1", "shortening_rate": null, "notes": null, "index_right": 9, "NAME_EN": "People's Republic of China" }, "geometry": { "type": "LineString", "coordinates": [ [ 88.479202203217042, 30.124364062010557 ], [ 88.430991476862957, 30.085560306652397 ], [ 88.409825792122135, 30.046756551294234 ], [ 88.409825792122135, 30.013832152808522 ], [ 88.398067078377238, 29.978556011573829 ], [ 88.391011850130297, 29.947983355837096 ], [ 88.385132493257856, 29.897420886734036 ], [ 88.367494422640505, 29.851561903128935 ], [ 88.358087451644593, 29.813934019145265 ], [ 88.348680480648667, 29.78453723478302 ], [ 88.346328737899697, 29.759843935918738 ], [ 88.315756082162963, 29.735150637054453 ], [ 88.305173239792552, 29.677532939704456 ], [ 88.305173239792552, 29.619915242354455 ], [ 88.313404339413978, 29.574056258749355 ], [ 88.312228468039493, 29.549362959885073 ] ] } },
{ "type": "Feature", "properties": { "average_dip": null, "average_rake": null, "catalog_id": "GAF_203", "catalog_name": "HimaTibetMap", "dip_dir": null, "lower_seis_depth": null, "name": null, "net_slip_rate": null, "slip_type": "Normal", "upper_seis_depth": null, "downthrown_side_id": null, "reference": null, "epistemic_quality": null, "accuracy": null, "activity_confidence": null, "fs_name": null, "last_movement": null, "downthrown_side_dir": null, "vert_sep_rate": null, "strike_slip_rate": null, "exposure_quality": "1", "shortening_rate": null, "notes": null, "index_right": 9, "NAME_EN": "People's Republic of China" }, "geometry": { "type": "LineString", "coordinates": [ [ 90.601020708426489, 30.222412863773791 ], [ 90.55028965518305, 30.191410553458358 ], [ 90.529621448306102, 30.174500202377214 ], [ 90.48452717875638, 30.134103252572256 ], [ 90.466677363726291, 30.112495581746348 ], [ 90.439432909206658, 30.089948446971491 ], [ 90.411248990738088, 30.07867487958406 ] ] } },
{ "type": "Feature", "properties": { "average_dip": null, "average_rake": null, "catalog_id": "GAF_204", "catalog_name": "HimaTibetMap", "dip_dir": null, "lower_seis_depth": null, "name": null, "net_slip_rate": null, "slip_type": "Normal", "upper_seis_depth": null, "downthrown_side_id": null, "reference": null, "epistemic_quality": null, "accuracy": null, "activity_confidence": null, "fs_name": null, "last_movement": null, "downthrown_side_dir": null, "vert_sep_rate": null, "strike_slip_rate": null, "exposure_quality": "1", "shortening_rate": null, "notes": null, "index_right": 9, "NAME_EN": "People's Republic of China" }, "geometry": { "type": "LineString", "coordinates": [ [ 90.399975423350654, 30.059885600605011 ], [ 90.386822928065328, 30.03733846583015 ], [ 90.378367752524753, 30.017609722902147 ], [ 90.366154721188366, 30.001638835769956 ], [ 90.359578473545696, 29.980031164944048 ] ] } },
{ "type": "Feature", "properties": { "average_dip": null, "average_rake": null, "catalog_id": "GAF_205", "catalog_name": "HimaTibetMap", "dip_dir": null, "lower_seis_depth": null, "name": null, "net_slip_rate": null, "slip_type": "Normal", "upper_seis_depth": null, "downthrown_side_id": null, "reference": null, "epistemic_quality": null, "accuracy": null, "activity_confidence": null, "fs_name": null, "last_movement": null, "downthrown_side_dir": null, "vert_sep_rate": null, "strike_slip_rate": null, "exposure_quality": "1", "shortening_rate": null, "notes": null, "index_right": 9, "NAME_EN": "People's Republic of China" }, "geometry": { "type": "LineString", "coordinates": [ [ 90.417825238380757, 30.047672569268627 ], [ 90.404672743095418, 30.03733846583015 ], [ 90.395278103605889, 30.022307042646911 ], [ 90.388701855963234, 30.00633615551472 ], [ 90.372730968831036, 29.987546876535671 ] ] } },
{ "type": "Feature", "properties": { "average_dip": null, "average_rake": null, "catalog_id": "GAF_206", "catalog_name": "HimaTibetMap", "dip_dir": null, "lower_seis_depth": null, "name": null, "net_slip_rate": null, "slip_type": "Normal", "upper_seis_depth": null, "downthrown_side_id": null, "reference": null, "epistemic_quality": null, "accuracy": null, "activity_confidence": null, "fs_name": null, "last_movement": null, "downthrown_side_dir": null, "vert_sep_rate": null, "strike_slip_rate": null, "exposure_quality": "1", "shortening_rate": null, "notes": null, "index_right": 9, "NAME_EN": "People's Republic of China" }, "geometry": { "type": "LineString", "coordinates": [ [ 90.424401486023427, 30.031701682136436 ], [ 90.416885774431805, 30.013851867106339 ], [ 90.405612207044371, 30.005396691565767 ], [ 90.397157031503795, 29.990365268382526 ], [ 90.390580783861139, 29.987546876535671 ] ] } },
{ "type": "Feature", "properties": { "average_dip": null, "average_rake": null, "catalog_id": "GAF_207", "catalog_name": "HimaTibetMap", "dip_dir": null, "lower_seis_depth": null, "name": null, "net_slip_rate": null, "slip_type": "Normal", "upper_seis_depth": null, "downthrown_side_id": null, "reference": null, "epistemic_quality": null, "accuracy": null, "activity_confidence": null, "fs_name": null, "last_movement": null, "downthrown_side_dir": null, "vert_sep_rate": null, "strike_slip_rate": null, "exposure_quality": "1", "shortening_rate": null, "notes": null, "index_right": 9, "NAME_EN": "People's Republic of China" }, "geometry": { "type": "LineString", "coordinates": [ [ 90.365215257239413, 30.063643456400822 ], [ 90.317302595842847, 30.051430425064439 ], [ 90.274087254191031, 30.029822754238531 ], [ 90.241206015977696, 30.008215083412622 ], [ 90.228053520692356, 29.988486340484624 ] ] } },
{ "type": "Feature", "properties": { "average_dip": null, "average_rake": null, "catalog_id": "GAF_208", "catalog_name": "HimaTibetMap", "dip_dir": null, "lower_seis_depth": null, "name": null, "net_slip_rate": null, "slip_type": "Normal", "upper_seis_depth": null, "downthrown_side_id": null, "reference": null, "epistemic_quality": null, "accuracy": null, "activity_confidence": null, "fs_name": null, "last_movement": null, "downthrown_side_dir": null, "vert_sep_rate": null, "strike_slip_rate": null, "exposure_quality": "1", "shortening_rate": null, "notes": null, "index_right": 9, "NAME_EN": "People's Republic of China" }, "geometry": { "type": "LineString", "coordinates": [ [ 90.276905646037889, 29.961711617939475 ], [ 90.282542429731592, 29.889372893870135 ], [ 90.292876533170073, 29.858370583554702 ], [ 90.293815997119026, 29.833005056932986 ], [ 90.302271172659601, 29.80763953031127 ], [ 90.30508956450646, 29.792608107128029 ] ] } },
{ "type": "Feature", "properties": { "average_dip": null, "average_rake": null, "catalog_id": "GAF_209", "catalog_name": "HimaTibetMap", "dip_dir": null, "lower_seis_depth": null, "name": null, "net_slip_rate": null, "slip_type": "Normal", "upper_seis_depth": null, "downthrown_side_id": null, "reference": null, "epistemic_quality": null, "accuracy": null, "activity_confidence": null, "fs_name": null, "last_movement": null, "downthrown_side_dir": null, "vert_sep_rate": null, "strike_slip_rate": null, "exposure_quality": "1", "shortening_rate": null, "notes": null, "index_right": 9, "NAME_EN": "People's Republic of China" }, "geometry": { "type": "LineString", "coordinates": [ [ 91.54094525871237, 30.783776030621851 ], [ 91.544284736012912, 30.759564820192946 ], [ 91.519238656258878, 30.725335177862426 ], [ 91.5175689176086, 30.698619359458117 ], [ 91.526752480185081, 30.666894325102998 ], [ 91.526752480185081, 30.650196938600306 ], [ 91.533431434786166, 30.627655466821672 ] ] } },
{ "type": "Feature", "properties": { "average_dip": null, "average_rake": null, "catalog_id": "GAF_210", "catalog_name": "HimaTibetMap", "dip_dir": null, "lower_seis_depth": null, "name": null, "net_slip_rate": null, "slip_type": "Normal", "upper_seis_depth": null, "downthrown_side_id": null, "reference": null, "epistemic_quality": null, "accuracy": null, "activity_confidence": null, "fs_name": null, "last_movement": null, "downthrown_side_dir": null, "vert_sep_rate": null, "strike_slip_rate": null, "exposure_quality": "1", "shortening_rate": null, "notes": null, "index_right": 9, "NAME_EN": "People's Republic of China" }, "geometry": { "type": "LineString", "coordinates": [ [ 91.530091957485624, 30.616802165594912 ], [ 91.469146496750795, 30.611792949644105 ], [ 91.303007501048995, 30.610958080318969 ], [ 91.221190307185807, 30.594260693816278 ], [ 91.206997528658519, 30.575893568663314 ], [ 91.174437624978268, 30.568379744737104 ], [ 91.137703374672341, 30.555856704860084 ], [ 91.092620431115066, 30.526636278480371 ], [ 91.07341843663697, 30.509938891977676 ] ] } },
{ "type": "Feature", "properties": { "average_dip": null, "average_rake": null, "catalog_id": "GAF_211", "catalog_name": "HimaTibetMap", "dip_dir": null, "lower_seis_depth": null, "name": null, "net_slip_rate": null, "slip_type": "Dextral", "upper_seis_depth": null, "downthrown_side_id": null, "reference": null, "epistemic_quality": null, "accuracy": null, "activity_confidence": null, "fs_name": null, "last_movement": null, "downthrown_side_dir": null, "vert_sep_rate": null, "strike_slip_rate": null, "exposure_quality": "1", "shortening_rate": null, "notes": null, "index_right": 9, "NAME_EN": "People's Republic of China" }, "geometry": { "type": "LineString", "coordinates": [ [ 91.041219874836528, 31.266663143796421 ], [ 91.196127269148619, 31.160673874003933 ], [ 91.417889433637512, 31.046531583458179 ], [ 91.55486018229243, 30.987829834034649 ], [ 91.623345556619881, 30.950325938569616 ], [ 91.748902076220205, 30.934019897063077 ], [ 91.903809470532295, 30.88999358499543 ], [ 91.965772428257139, 30.867165126886281 ] ] } },
{ "type": "Feature", "properties": { "average_dip": null, "average_rake": null, "catalog_id": "GAF_212", "catalog_name": "HimaTibetMap", "dip_dir": null, "lower_seis_depth": null, "name": null, "net_slip_rate": null, "slip_type": "Dextral", "upper_seis_depth": null, "downthrown_side_id": null, "reference": null, "epistemic_quality": null, "accuracy": null, "activity_confidence": null, "fs_name": null, "last_movement": null, "downthrown_side_dir": null, "vert_sep_rate": null, "strike_slip_rate": null, "exposure_quality": "1", "shortening_rate": null, "notes": null, "index_right": 9, "NAME_EN": "People's Republic of China" }, "geometry": { "type": "LineString", "coordinates": [ [ 89.849921390712552, 31.649783230502987 ], [ 90.149733471854603, 31.592676167428312 ], [ 90.349608192615975, 31.571261018775306 ], [ 90.556621296261667, 31.521292338584967 ], [ 90.799326314329051, 31.442770126857287 ], [ 90.984148729563657, 31.341670934726487 ], [ 91.143947936327706, 31.265032539645766 ], [ 91.321683788748956, 31.159043269853282 ] ] } },
{ "type": "Feature", "properties": { "average_dip": null, "average_rake": null, "catalog_id": "GAF_213", "catalog_name": "HimaTibetMap", "dip_dir": null, "lower_seis_depth": null, "name": null, "net_slip_rate": null, "slip_type": "Normal", "upper_seis_depth": null, "downthrown_side_id": null, "reference": null, "epistemic_quality": null, "accuracy": null, "activity_confidence": null, "fs_name": null, "last_movement": null, "downthrown_side_dir": null, "vert_sep_rate": null, "strike_slip_rate": null, "exposure_quality": "1", "shortening_rate": null, "notes": null, "index_right": 9, "NAME_EN": "People's Republic of China" }, "geometry": { "type": "LineString", "coordinates": [ [ 91.258073011880313, 31.693747756845898 ], [ 91.267330374443802, 31.747234740546077 ], [ 91.275559141166909, 31.817179257692462 ], [ 91.3105313997401, 31.90255271244467 ] ] } },
{ "type": "Feature", "properties": { "average_dip": null, "average_rake": null, "catalog_id": "GAF_214", "catalog_name": "HimaTibetMap", "dip_dir": null, "lower_seis_depth": null, "name": null, "net_slip_rate": null, "slip_type": "Normal", "upper_seis_depth": null, "downthrown_side_id": null, "reference": null, "epistemic_quality": null, "accuracy": null, "activity_confidence": null, "fs_name": null, "last_movement": null, "downthrown_side_dir": null, "vert_sep_rate": null, "strike_slip_rate": null, "exposure_quality": "1", "shortening_rate": null, "notes": null, "index_right": 9, "NAME_EN": "People's Republic of China" }, "geometry": { "type": "LineString", "coordinates": [ [ 91.11921257342793, 31.50962910141644 ], [ 91.177842536330047, 31.595002556168648 ], [ 91.254987224359155, 31.689633373484348 ] ] } },
{ "type": "Feature", "properties": { "average_dip": null, "average_rake": null, "catalog_id": "GAF_215", "catalog_name": "HimaTibetMap", "dip_dir": null, "lower_seis_depth": null, "name": null, "net_slip_rate": null, "slip_type": "Normal", "upper_seis_depth": null, "downthrown_side_id": null, "reference": null, "epistemic_quality": null, "accuracy": null, "activity_confidence": null, "fs_name": null, "last_movement": null, "downthrown_side_dir": null, "vert_sep_rate": null, "strike_slip_rate": null, "exposure_quality": "1", "shortening_rate": null, "notes": null, "index_right": 9, "NAME_EN": "People's Republic of China" }, "geometry": { "type": "LineString", "coordinates": [ [ 90.897035871904109, 31.41088390073919 ], [ 90.903207446946439, 31.481857013725964 ], [ 90.92172217207343, 31.512714888937605 ], [ 90.939208301360026, 31.537401189106919 ], [ 90.97829494329477, 31.553858722553127 ], [ 91.037953502037269, 31.575459235201276 ] ] } },
{ "type": "Feature", "properties": { "average_dip": null, "average_rake": null, "catalog_id": "GAF_216", "catalog_name": "HimaTibetMap", "dip_dir": null, "lower_seis_depth": null, "name": null, "net_slip_rate": null, "slip_type": "Sinistral", "upper_seis_depth": null, "downthrown_side_id": null, "reference": null, "epistemic_quality": null, "accuracy": null, "activity_confidence": null, "fs_name": null, "last_movement": null, "downthrown_side_dir": null, "vert_sep_rate": null, "strike_slip_rate": null, "exposure_quality": "1", "shortening_rate": null, "notes": null, "index_right": 9, "NAME_EN": "People's Republic of China" }, "geometry": { "type": "LineString", "coordinates": [ [ 92.002626642983742, 32.273119074779956 ], [ 91.848434068510386, 32.238207548484098 ], [ 91.689877553250057, 32.190204199827299 ], [ 91.583688327433507, 32.15383802660245 ], [ 91.55750468271161, 32.12329044109358 ], [ 91.55023144806664, 32.059285976217843 ], [ 91.51968386255777, 31.995281511342114 ], [ 91.516774568699773, 31.944368868827329 ], [ 91.50513739326783, 31.909457342531475 ] ] } },
{ "type": "Feature", "properties": { "average_dip": null, "average_rake": null, "catalog_id": "GAF_217", "catalog_name": "HimaTibetMap", "dip_dir": null, "lower_seis_depth": null, "name": null, "net_slip_rate": null, "slip_type": "Normal", "upper_seis_depth": null, "downthrown_side_id": null, "reference": null, "epistemic_quality": null, "accuracy": null, "activity_confidence": null, "fs_name": null, "last_movement": null, "downthrown_side_dir": null, "vert_sep_rate": null, "strike_slip_rate": null, "exposure_quality": "1", "shortening_rate": null, "notes": null, "index_right": 9, "NAME_EN": "People's Republic of China" }, "geometry": { "type": "LineString", "coordinates": [ [ 91.62587308837432, 32.277483015566936 ], [ 91.541503566492679, 32.230934313839128 ], [ 91.477499101616942, 32.18729490596931 ], [ 91.439678281463102, 32.14947408581547 ], [ 91.413494636741206, 32.108743971803641 ], [ 91.425131812173163, 32.053467388501872 ], [ 91.425131812173163, 31.988008276697144 ], [ 91.454224750753042, 31.928367752608395 ], [ 91.457134044611024, 31.893456226312541 ], [ 91.462952632327003, 31.892001579383546 ] ] } },
{ "type": "Feature", "properties": { "average_dip": null, "average_rake": null, "catalog_id": "GAF_218", "catalog_name": "HimaTibetMap", "dip_dir": null, "lower_seis_depth": null, "name": null, "net_slip_rate": null, "slip_type": "Sinistral", "upper_seis_depth": null, "downthrown_side_id": null, "reference": null, "epistemic_quality": null, "accuracy": null, "activity_confidence": null, "fs_name": null, "last_movement": null, "downthrown_side_dir": null, "vert_sep_rate": null, "strike_slip_rate": null, "exposure_quality": "1", "shortening_rate": null, "notes": null, "index_right": 9, "NAME_EN": "People's Republic of China" }, "geometry": { "type": "LineString", "coordinates": [ [ 90.032995435159648, 31.763334387081741 ], [ 90.309249996270367, 31.860111462630083 ], [ 90.421863320544801, 31.875947711356176 ], [ 90.530957478435667, 31.882986044123328 ], [ 90.633013303559366, 31.904101042424784 ], [ 90.775539542094194, 31.926975623918029 ], [ 90.863518701683603, 31.962167287753786 ], [ 90.93390202935511, 32.006156867548491 ], [ 90.974372442766239, 32.029031449041732 ], [ 91.139773262794321, 32.067742279261068 ], [ 91.31749116516491, 32.090616860754317 ] ] } },
{ "type": "Feature", "properties": { "average_dip": null, "average_rake": null, "catalog_id": "GAF_219", "catalog_name": "HimaTibetMap", "dip_dir": null, "lower_seis_depth": null, "name": null, "net_slip_rate": null, "slip_type": "Sinistral", "upper_seis_depth": null, "downthrown_side_id": null, "reference": null, "epistemic_quality": null, "accuracy": null, "activity_confidence": null, "fs_name": null, "last_movement": null, "downthrown_side_dir": null, "vert_sep_rate": null, "strike_slip_rate": null, "exposure_quality": "1", "shortening_rate": null, "notes": null, "index_right": 9, "NAME_EN": "People's Republic of China" }, "geometry": { "type": "LineString", "coordinates": [ [ 88.006536792895048, 33.7331349428528 ], [ 87.934581181414458, 33.709797987778018 ], [ 87.899575748802278, 33.696184763984391 ], [ 87.858736077421412, 33.663124077628446 ], [ 87.815951659784304, 33.633952883784964 ], [ 87.757609272097341, 33.589223719891628 ], [ 87.68176416810428, 33.565886764816838 ], [ 87.619532287904846, 33.550328794766983 ], [ 87.567024138986582, 33.517268108411038 ], [ 87.314207125676404, 33.42003079559943 ], [ 87.236417275427115, 33.394749094268413 ], [ 87.131400977590587, 33.348075184118841 ], [ 87.078892828672323, 33.305290766481733 ], [ 87.039997903547672, 33.283898557663179 ], [ 86.97582127709201, 33.256672110075925 ], [ 86.946650083248528, 33.221666677463752 ], [ 86.905810411867662, 33.178882259826644 ], [ 86.884418203049108, 33.132208349677072 ] ] } },
{ "type": "Feature", "properties": { "average_dip": null, "average_rake": null, "catalog_id": "GAF_220", "catalog_name": "HimaTibetMap", "dip_dir": null, "lower_seis_depth": null, "name": null, "net_slip_rate": null, "slip_type": "Normal", "upper_seis_depth": null, "downthrown_side_id": null, "reference": null, "epistemic_quality": null, "accuracy": null, "activity_confidence": null, "fs_name": null, "last_movement": null, "downthrown_side_dir": null, "vert_sep_rate": null, "strike_slip_rate": null, "exposure_quality": "1", "shortening_rate": null, "notes": null, "index_right": 9, "NAME_EN": "People's Republic of China" }, "geometry": { "type": "LineString", "coordinates": [ [ 86.884418203049108, 33.245003632538534 ], [ 86.849412770436928, 33.204163961157661 ], [ 86.804683606543591, 33.145821573470698 ], [ 86.756064950137784, 33.106926648346054 ], [ 86.717170025013147, 33.079700200758801 ], [ 86.689943577425893, 33.027192051840537 ], [ 86.63160118973893, 32.951346947847483 ], [ 86.579093040820652, 32.902728291441676 ], [ 86.487689966777751, 32.789933008580213 ], [ 86.435181817859473, 32.721866889612087 ], [ 86.400176385247306, 32.688806203256142 ], [ 86.297104833666992, 32.634353308081643 ], [ 86.147359371937128, 32.597403129213234 ], [ 86.055956297894213, 32.568231935369752 ] ] } },
{ "type": "Feature", "properties": { "average_dip": null, "average_rake": null, "catalog_id": "GAF_221", "catalog_name": "HimaTibetMap", "dip_dir": null, "lower_seis_depth": null, "name": null, "net_slip_rate": null, "slip_type": "Normal", "upper_seis_depth": null, "downthrown_side_id": null, "reference": null, "epistemic_quality": null, "accuracy": null, "activity_confidence": null, "fs_name": null, "last_movement": null, "downthrown_side_dir": null, "vert_sep_rate": null, "strike_slip_rate": null, "exposure_quality": "1", "shortening_rate": null, "notes": null, "index_right": 9, "NAME_EN": "People's Republic of China" }, "geometry": { "type": "LineString", "coordinates": [ [ 85.807223251722135, 32.470994622558138 ], [ 85.776107311622425, 32.410707488614939 ], [ 85.748880864035172, 32.375702056002766 ], [ 85.709985938910521, 32.348475608415512 ] ] } },
{ "type": "Feature", "properties": { "average_dip": null, "average_rake": null, "catalog_id": "GAF_222", "catalog_name": "HimaTibetMap", "dip_dir": null, "lower_seis_depth": null, "name": null, "net_slip_rate": null, "slip_type": "Normal", "upper_seis_depth": null, "downthrown_side_id": null, "reference": null, "epistemic_quality": null, "accuracy": null, "activity_confidence": null, "fs_name": null, "last_movement": null, "downthrown_side_dir": null, "vert_sep_rate": null, "strike_slip_rate": null, "exposure_quality": "1", "shortening_rate": null, "notes": null, "index_right": 9, "NAME_EN": "People's Republic of China" }, "geometry": { "type": "LineString", "coordinates": [ [ 87.116037482166348, 32.154000982792297 ], [ 87.059639840735613, 32.23568032555405 ], [ 87.016855423098505, 32.288188474472314 ], [ 87.003242199304879, 32.311525429547103 ], [ 87.018800169354748, 32.348475608415512 ], [ 87.038247631917059, 32.371812563490302 ], [ 87.090755780835337, 32.412652234871175 ], [ 87.215219541234191, 32.461270891276975 ] ] } },
{ "type": "Feature", "properties": { "average_dip": null, "average_rake": null, "catalog_id": "GAF_223", "catalog_name": "HimaTibetMap", "dip_dir": null, "lower_seis_depth": null, "name": null, "net_slip_rate": null, "slip_type": "Normal", "upper_seis_depth": null, "downthrown_side_id": null, "reference": null, "epistemic_quality": null, "accuracy": null, "activity_confidence": null, "fs_name": null, "last_movement": null, "downthrown_side_dir": null, "vert_sep_rate": null, "strike_slip_rate": null, "exposure_quality": "1", "shortening_rate": null, "notes": null, "index_right": 9, "NAME_EN": "People's Republic of China" }, "geometry": { "type": "LineString", "coordinates": [ [ 87.949936266389599, 32.869694733400564 ], [ 87.845317499289052, 32.847899156921279 ], [ 87.769032981611559, 32.815205792202356 ], [ 87.627361734496233, 32.612506930945045 ], [ 87.622570678434158, 32.611309166929523 ] ] } },
{ "type": "Feature", "properties": { "average_dip": null, "average_rake": null, "catalog_id": "GAF_224", "catalog_name": "HimaTibetMap", "dip_dir": null, "lower_seis_depth": null, "name": null, "net_slip_rate": null, "slip_type": "Sinistral", "upper_seis_depth": null, "downthrown_side_id": null, "reference": null, "epistemic_quality": null, "accuracy": null, "activity_confidence": null, "fs_name": null, "last_movement": null, "downthrown_side_dir": null, "vert_sep_rate": null, "strike_slip_rate": null, "exposure_quality": "1", "shortening_rate": null, "notes": null, "index_right": 9, "NAME_EN": "People's Republic of China" }, "geometry": { "type": "LineString", "coordinates": [ [ 87.616215707127338, 32.596320378594889 ], [ 87.523877052453059, 32.576641648910204 ], [ 87.477707725115906, 32.576641648910204 ], [ 87.442891511058392, 32.572100403598355 ], [ 87.427754026685562, 32.557719793444164 ], [ 87.410345919656805, 32.535013566884913 ], [ 87.405047800126312, 32.518362334074794 ], [ 87.387639693097555, 32.500197352827392 ], [ 87.36644721497558, 32.474463629393576 ], [ 87.348282233728185, 32.46311051611395 ], [ 87.325576007168934, 32.427537427837791 ], [ 87.311195397014743, 32.411643069246317 ] ] } },
{ "type": "Feature", "properties": { "average_dip": null, "average_rake": null, "catalog_id": "GAF_225", "catalog_name": "HimaTibetMap", "dip_dir": null, "lower_seis_depth": null, "name": null, "net_slip_rate": null, "slip_type": "Normal", "upper_seis_depth": null, "downthrown_side_id": null, "reference": null, "epistemic_quality": null, "accuracy": null, "activity_confidence": null, "fs_name": null, "last_movement": null, "downthrown_side_dir": null, "vert_sep_rate": null, "strike_slip_rate": null, "exposure_quality": "1", "shortening_rate": null, "notes": null, "index_right": 9, "NAME_EN": "People's Republic of China" }, "geometry": { "type": "LineString", "coordinates": [ [ 87.156793056411829, 32.37379935831423 ], [ 87.136357452508506, 32.358661873941394 ], [ 87.131059332978012, 32.34655188644313 ], [ 87.131059332978012, 32.323845659883879 ], [ 87.162091175942322, 32.26783696770439 ], [ 87.177985534533804, 32.24513074114514 ], [ 87.196907389999836, 32.223938263023172 ], [ 87.197664264218488, 32.205016407557132 ], [ 87.205233006404896, 32.192906420058861 ] ] } },
{ "type": "Feature", "properties": { "average_dip": null, "average_rake": null, "catalog_id": "GAF_226", "catalog_name": "HimaTibetMap", "dip_dir": null, "lower_seis_depth": null, "name": null, "net_slip_rate": null, "slip_type": "Normal", "upper_seis_depth": null, "downthrown_side_id": null, "reference": null, "epistemic_quality": null, "accuracy": null, "activity_confidence": null, "fs_name": null, "last_movement": null, "downthrown_side_dir": null, "vert_sep_rate": null, "strike_slip_rate": null, "exposure_quality": "1", "shortening_rate": null, "notes": null, "index_right": 9, "NAME_EN": "People's Republic of China" }, "geometry": { "type": "LineString", "coordinates": [ [ 87.221127364996377, 32.366230616127808 ], [ 87.213558622809956, 32.354120628629545 ], [ 87.209774251716752, 32.327630030977083 ], [ 87.20371925796762, 32.311735672385609 ], [ 87.207503629060824, 32.294327565356852 ], [ 87.227182358745509, 32.272378213016239 ], [ 87.227939232964147, 32.261025099736614 ], [ 87.220370490777739, 32.240589495833291 ], [ 87.227182358745509, 32.211071401306263 ], [ 87.227939232964147, 32.198961413807993 ] ] } },
{ "type": "Feature", "properties": { "average_dip": null, "average_rake": null, "catalog_id": "GAF_227", "catalog_name": "HimaTibetMap", "dip_dir": null, "lower_seis_depth": null, "name": null, "net_slip_rate": null, "slip_type": "Normal", "upper_seis_depth": null, "downthrown_side_id": null, "reference": null, "epistemic_quality": null, "accuracy": null, "activity_confidence": null, "fs_name": null, "last_movement": null, "downthrown_side_dir": null, "vert_sep_rate": null, "strike_slip_rate": null, "exposure_quality": "1", "shortening_rate": null, "notes": null, "index_right": 9, "NAME_EN": "People's Republic of China" }, "geometry": { "type": "LineString", "coordinates": [ [ 87.405804674344949, 32.077104664606679 ], [ 87.385369070441627, 32.117975872413332 ], [ 87.337685994667197, 32.177012061467387 ], [ 87.333144749355341, 32.195177042714789 ], [ 87.333144749355341, 32.214098898180829 ], [ 87.337685994667197, 32.251185734894271 ], [ 87.337685994667197, 32.31552004347882 ], [ 87.343740988416329, 32.338983144256709 ], [ 87.361905969663724, 32.351093131754979 ], [ 87.372502208724711, 32.363203119253242 ], [ 87.383855322004337, 32.369258113002381 ] ] } },
{ "type": "Feature", "properties": { "average_dip": null, "average_rake": null, "catalog_id": "GAF_228", "catalog_name": "HimaTibetMap", "dip_dir": null, "lower_seis_depth": null, "name": null, "net_slip_rate": null, "slip_type": "Normal", "upper_seis_depth": null, "downthrown_side_id": null, "reference": null, "epistemic_quality": null, "accuracy": null, "activity_confidence": null, "fs_name": null, "last_movement": null, "downthrown_side_dir": null, "vert_sep_rate": null, "strike_slip_rate": null, "exposure_quality": "1", "shortening_rate": null, "notes": null, "index_right": 9, "NAME_EN": "People's Republic of China" }, "geometry": { "type": "LineString", "coordinates": [ [ 87.784450068308828, 32.688346663997798 ], [ 87.787791620716064, 32.691384438913474 ], [ 87.895447325191398, 32.74545994746866 ], [ 87.967372727573022, 32.769435081595866 ], [ 88.085068840561149, 32.821744465146146 ] ] } },
{ "type": "Feature", "properties": { "average_dip": null, "average_rake": null, "catalog_id": "GAF_229", "catalog_name": "HimaTibetMap", "dip_dir": null, "lower_seis_depth": null, "name": null, "net_slip_rate": null, "slip_type": "Sinistral", "upper_seis_depth": null, "downthrown_side_id": null, "reference": null, "epistemic_quality": null, "accuracy": null, "activity_confidence": null, "fs_name": null, "last_movement": null, "downthrown_side_dir": null, "vert_sep_rate": null, "strike_slip_rate": null, "exposure_quality": "1", "shortening_rate": null, "notes": null, "index_right": 9, "NAME_EN": "People's Republic of China" }, "geometry": { "type": "LineString", "coordinates": [ [ 87.394375873643455, 32.376069980970151 ], [ 87.434490207231462, 32.400289955966691 ], [ 87.470063295507629, 32.438890541117416 ], [ 87.526071987687104, 32.467651761425799 ], [ 87.556346956432776, 32.487330491110484 ], [ 87.647171862669779, 32.520632956730715 ] ] } },
{ "type": "Feature", "properties": { "average_dip": null, "average_rake": null, "catalog_id": "GAF_230", "catalog_name": "HimaTibetMap", "dip_dir": null, "lower_seis_depth": null, "name": null, "net_slip_rate": null, "slip_type": "Normal", "upper_seis_depth": null, "downthrown_side_id": null, "reference": null, "epistemic_quality": null, "accuracy": null, "activity_confidence": null, "fs_name": null, "last_movement": null, "downthrown_side_dir": null, "vert_sep_rate": null, "strike_slip_rate": null, "exposure_quality": "1", "shortening_rate": null, "notes": null, "index_right": 9, "NAME_EN": "People's Republic of China" }, "geometry": { "type": "LineString", "coordinates": [ [ 88.057941692518241, 33.20177244886959 ], [ 88.070950468151139, 33.256172783334463 ], [ 88.061489540418123, 33.303477421999574 ], [ 88.08041139588417, 33.336590669065146 ], [ 88.08041139588417, 33.387443155630137 ], [ 88.09223755555044, 33.409912858996059 ], [ 88.095785403450321, 33.422921634628963 ] ] } },
{ "type": "Feature", "properties": { "average_dip": null, "average_rake": null, "catalog_id": "GAF_231", "catalog_name": "HimaTibetMap", "dip_dir": null, "lower_seis_depth": null, "name": null, "net_slip_rate": null, "slip_type": "Dextral", "upper_seis_depth": null, "downthrown_side_id": null, "reference": null, "epistemic_quality": null, "accuracy": null, "activity_confidence": null, "fs_name": null, "last_movement": null, "downthrown_side_dir": null, "vert_sep_rate": null, "strike_slip_rate": null, "exposure_quality": "1", "shortening_rate": null, "notes": null, "index_right": 9, "NAME_EN": "People's Republic of China" }, "geometry": { "type": "LineString", "coordinates": [ [ 85.829255113151106, 32.024998658355202 ], [ 85.893529530281526, 31.98788244564609 ], [ 85.950561759566241, 31.952576779898401 ], [ 86.093594969518421, 31.876533807518765 ], [ 86.195890872838646, 31.833080680444688 ], [ 86.26831275129544, 31.808638296465517 ], [ 86.380566662903476, 31.766090442872148 ], [ 86.434883071746086, 31.758848255026471 ], [ 86.494631121472935, 31.739837511931562 ], [ 86.549852803796242, 31.730784777124462 ], [ 86.59692702479316, 31.714489854471683 ], [ 86.718233671208296, 31.656552351706242 ] ] } },
{ "type": "Feature", "properties": { "average_dip": null, "average_rake": null, "catalog_id": "GAF_232", "catalog_name": "HimaTibetMap", "dip_dir": null, "lower_seis_depth": null, "name": null, "net_slip_rate": null, "slip_type": "Dextral", "upper_seis_depth": null, "downthrown_side_id": null, "reference": "Armijo, et al., 1986, 1989; Taylor, et al., 2003; Taylor and Peltzer, 2006", "epistemic_quality": null, "accuracy": null, "activity_confidence": null, "fs_name": "Gyaring Co Fault", "last_movement": null, "downthrown_side_dir": null, "vert_sep_rate": null, "strike_slip_rate": null, "exposure_quality": "1", "shortening_rate": null, "notes": null, "index_right": 9, "NAME_EN": "People's Republic of China" }, "geometry": { "type": "LineString", "coordinates": [ [ 87.438733069174646, 31.550164940156062 ], [ 87.579555071562879, 31.5052217479045 ], [ 87.92934036134119, 31.368864770533293 ], [ 88.160554366448892, 31.285864871263861 ], [ 88.279125651119514, 31.226579228928554 ], [ 88.605196683963712, 31.007222352287911 ], [ 88.729696532867848, 30.906436760317888 ], [ 88.877910638706126, 30.799722604114333 ], [ 89.043910437244989, 30.63372280557547 ] ] } },
{ "type": "Feature", "properties": { "average_dip": null, "average_rake": null, "catalog_id": "GAF_233", "catalog_name": "HimaTibetMap", "dip_dir": null, "lower_seis_depth": null, "name": null, "net_slip_rate": null, "slip_type": "Dextral", "upper_seis_depth": null, "downthrown_side_id": null, "reference": "Armijo, et al., 1986, 1989; Taylor, et al., 2003; Taylor and Peltzer, 2006", "epistemic_quality": null, "accuracy": null, "activity_confidence": null, "fs_name": "Gyaring Co Fault", "last_movement": null, "downthrown_side_dir": null, "vert_sep_rate": null, "strike_slip_rate": null, "exposure_quality": "1", "shortening_rate": null, "notes": null, "index_right": 9, "NAME_EN": "People's Republic of China" }, "geometry": { "type": "LineString", "coordinates": [ [ 87.425566851603975, 31.555146012442169 ], [ 87.333768140741668, 31.586701819301084 ], [ 87.241969429879376, 31.623995045588888 ], [ 87.128655396158734, 31.6799348850206 ], [ 87.041159749868115, 31.757390047310658 ], [ 87.015341362438093, 31.788945854169572 ], [ 86.903461683574676, 31.836279564457943 ], [ 86.841784424714078, 31.856360532459068 ] ] } },
{ "type": "Feature", "properties": { "average_dip": null, "average_rake": null, "catalog_id": "GAF_234", "catalog_name": "HimaTibetMap", "dip_dir": null, "lower_seis_depth": null, "name": null, "net_slip_rate": null, "slip_type": "Dextral", "upper_seis_depth": null, "downthrown_side_id": null, "reference": "Armijo, et al., 1986, 1989; Taylor, et al., 2003; Taylor and Peltzer, 2006", "epistemic_quality": null, "accuracy": null, "activity_confidence": null, "fs_name": "Gyaring Co Fault", "last_movement": null, "downthrown_side_dir": null, "vert_sep_rate": null, "strike_slip_rate": null, "exposure_quality": "1", "shortening_rate": null, "notes": null, "index_right": 9, "NAME_EN": "People's Republic of China" }, "geometry": { "type": "LineString", "coordinates": [ [ 86.6840053904195, 32.034220534754759 ], [ 86.778672810996241, 31.986886824466392 ], [ 86.837481360142405, 31.948159243321363 ], [ 86.870471521858533, 31.913734726748004 ], [ 86.87620894128743, 31.899391178175769 ] ] } },
{ "type": "Feature", "properties": { "average_dip": null, "average_rake": null, "catalog_id": "GAF_235", "catalog_name": "HimaTibetMap", "dip_dir": null, "lower_seis_depth": null, "name": null, "net_slip_rate": null, "slip_type": "Dextral", "upper_seis_depth": null, "downthrown_side_id": null, "reference": "Armijo, et al., 1986, 1989; Taylor, et al., 2003; Taylor and Peltzer, 2006", "epistemic_quality": null, "accuracy": null, "activity_confidence": null, "fs_name": "Gyaring Co Fault", "last_movement": null, "downthrown_side_dir": null, "vert_sep_rate": null, "strike_slip_rate": null, "exposure_quality": "1", "shortening_rate": null, "notes": null, "index_right": 9, "NAME_EN": "People's Republic of China" }, "geometry": { "type": "LineString", "coordinates": [ [ 86.675399261276169, 31.968240211322488 ], [ 86.612287647558333, 31.985452469609168 ], [ 86.562085227555514, 32.017008276468083 ], [ 86.507579742981036, 32.045695373612553 ], [ 86.415781032118744, 32.098766503329813 ] ] } },
{ "type": "Feature", "properties": { "average_dip": null, "average_rake": null, "catalog_id": "GAF_236", "catalog_name": "HimaTibetMap", "dip_dir": null, "lower_seis_depth": null, "name": null, "net_slip_rate": null, "slip_type": "Normal", "upper_seis_depth": null, "downthrown_side_id": null, "reference": null, "epistemic_quality": null, "accuracy": null, "activity_confidence": null, "fs_name": null, "last_movement": null, "downthrown_side_dir": null, "vert_sep_rate": null, "strike_slip_rate": null, "exposure_quality": "1", "shortening_rate": null, "notes": null, "index_right": 9, "NAME_EN": "People's Republic of China" }, "geometry": { "type": "LineString", "coordinates": [ [ 87.148728565461042, 31.967692560948631 ], [ 87.182800550561893, 31.87910539968642 ], [ 87.195293611765536, 31.831404620545229 ], [ 87.206650940132491, 31.813232895158109 ], [ 87.236179993886552, 31.775753711547175 ], [ 87.25662318494706, 31.755310520486663 ] ] } },
{ "type": "Feature", "properties": { "average_dip": null, "average_rake": null, "catalog_id": "GAF_237", "catalog_name": "HimaTibetMap", "dip_dir": null, "lower_seis_depth": null, "name": null, "net_slip_rate": null, "slip_type": "Normal", "upper_seis_depth": null, "downthrown_side_id": null, "reference": null, "epistemic_quality": null, "accuracy": null, "activity_confidence": null, "fs_name": null, "last_movement": null, "downthrown_side_dir": null, "vert_sep_rate": null, "strike_slip_rate": null, "exposure_quality": "1", "shortening_rate": null, "notes": null, "index_right": 9, "NAME_EN": "People's Republic of China" }, "geometry": { "type": "LineString", "coordinates": [ [ 87.33044581933224, 32.022207737109987 ], [ 87.296373834231389, 31.960878163928459 ], [ 87.29750956706809, 31.913177384787268 ], [ 87.308866895435031, 31.881376865359808 ], [ 87.312274093945121, 31.848440613095654 ], [ 87.331581552168942, 31.818911559341583 ] ] } },
{ "type": "Feature", "properties": { "average_dip": null, "average_rake": null, "catalog_id": "GAF_238", "catalog_name": "HimaTibetMap", "dip_dir": null, "lower_seis_depth": null, "name": null, "net_slip_rate": null, "slip_type": "Sinistral", "upper_seis_depth": null, "downthrown_side_id": null, "reference": null, "epistemic_quality": null, "accuracy": null, "activity_confidence": null, "fs_name": null, "last_movement": null, "downthrown_side_dir": null, "vert_sep_rate": null, "strike_slip_rate": null, "exposure_quality": "1", "shortening_rate": null, "notes": null, "index_right": 9, "NAME_EN": "People's Republic of China" }, "geometry": { "type": "LineString", "coordinates": [ [ 87.721799106597913, 31.791678178275937 ], [ 87.829676512756976, 31.823720972184567 ], [ 87.952507222740053, 31.866444697396073 ], [ 88.036886580032785, 31.891010839392692 ], [ 88.107380726631774, 31.909168422607582 ] ] } },
{ "type": "Feature", "properties": { "average_dip": null, "average_rake": null, "catalog_id": "GAF_239", "catalog_name": "HimaTibetMap", "dip_dir": null, "lower_seis_depth": null, "name": null, "net_slip_rate": null, "slip_type": "Sinistral", "upper_seis_depth": null, "downthrown_side_id": null, "reference": null, "epistemic_quality": null, "accuracy": null, "activity_confidence": null, "fs_name": null, "last_movement": null, "downthrown_side_dir": null, "vert_sep_rate": null, "strike_slip_rate": null, "exposure_quality": "1", "shortening_rate": null, "notes": null, "index_right": 9, "NAME_EN": "People's Republic of China" }, "geometry": { "type": "LineString", "coordinates": [ [ 88.35966432400572, 31.943347402776787 ], [ 88.512401641636856, 31.980730662336857 ], [ 88.608530023362746, 32.009569176854626 ], [ 88.670479424919435, 32.042680063893542 ], [ 88.738837385257852, 32.0725866715416 ] ] } },
{ "type": "Feature", "properties": { "average_dip": null, "average_rake": null, "catalog_id": "GAF_240", "catalog_name": "HimaTibetMap", "dip_dir": null, "lower_seis_depth": null, "name": null, "net_slip_rate": null, "slip_type": "Sinistral", "upper_seis_depth": null, "downthrown_side_id": null, "reference": null, "epistemic_quality": null, "accuracy": null, "activity_confidence": null, "fs_name": null, "last_movement": null, "downthrown_side_dir": null, "vert_sep_rate": null, "strike_slip_rate": null, "exposure_quality": "1", "shortening_rate": null, "notes": null, "index_right": 9, "NAME_EN": "People's Republic of China" }, "geometry": { "type": "LineString", "coordinates": [ [ 90.209886124553122, 32.576382986481526 ], [ 90.092324351496316, 32.553629094922144 ], [ 89.997516469998885, 32.519498257583066 ], [ 89.887539327461866, 32.485367420243996 ], [ 89.800316076484236, 32.447444267645025 ], [ 89.720677456026394, 32.43606732186533 ], [ 89.648623466088353, 32.432275006605437 ], [ 89.379369082635662, 32.3450517556278 ], [ 89.180591344892989, 32.247559044386414 ] ] } },
{ "type": "Feature", "properties": { "average_dip": null, "average_rake": null, "catalog_id": "GAF_241", "catalog_name": "HimaTibetMap", "dip_dir": null, "lower_seis_depth": null, "name": null, "net_slip_rate": null, "slip_type": "Sinistral", "upper_seis_depth": null, "downthrown_side_id": null, "reference": null, "epistemic_quality": null, "accuracy": null, "activity_confidence": null, "fs_name": null, "last_movement": null, "downthrown_side_dir": null, "vert_sep_rate": null, "strike_slip_rate": null, "exposure_quality": "1", "shortening_rate": null, "notes": null, "index_right": 9, "NAME_EN": "People's Republic of China" }, "geometry": { "type": "LineString", "coordinates": [ [ 88.75058640969101, 32.139876538749725 ], [ 88.889438516628417, 32.175123612049212 ], [ 89.004792574699479, 32.209302592218421 ], [ 89.082763373210483, 32.22425589604245 ], [ 89.167142730503215, 32.244549665517916 ] ] } },
{ "type": "Feature", "properties": { "average_dip": null, "average_rake": null, "catalog_id": "GAF_242", "catalog_name": "HimaTibetMap", "dip_dir": null, "lower_seis_depth": null, "name": null, "net_slip_rate": null, "slip_type": "Sinistral", "upper_seis_depth": null, "downthrown_side_id": null, "reference": null, "epistemic_quality": null, "accuracy": null, "activity_confidence": null, "fs_name": null, "last_movement": null, "downthrown_side_dir": null, "vert_sep_rate": null, "strike_slip_rate": null, "exposure_quality": "1", "shortening_rate": null, "notes": null, "index_right": 9, "NAME_EN": "People's Republic of China" }, "geometry": { "type": "LineString", "coordinates": [ [ 91.526477990785224, 32.930855617785021 ], [ 91.420753954472133, 32.88259029685949 ], [ 91.243781111078505, 32.822833232856446 ], [ 91.149548817842941, 32.760777820237898 ], [ 91.06450991906938, 32.717109196543362 ], [ 90.896730470137754, 32.64126369223181 ], [ 90.72435432397512, 32.592998371306273 ], [ 90.639315425201559, 32.572313233766756 ], [ 90.556574875043495, 32.572313233766756 ], [ 90.420972306728899, 32.576909930997765 ], [ 90.211822582718241, 32.576909930997765 ] ] } },
{ "type": "Feature", "properties": { "average_dip": null, "average_rake": null, "catalog_id": "GAF_243", "catalog_name": "HimaTibetMap", "dip_dir": null, "lower_seis_depth": null, "name": null, "net_slip_rate": null, "slip_type": "Sinistral", "upper_seis_depth": null, "downthrown_side_id": null, "reference": null, "epistemic_quality": null, "accuracy": null, "activity_confidence": null, "fs_name": null, "last_movement": null, "downthrown_side_dir": null, "vert_sep_rate": null, "strike_slip_rate": null, "exposure_quality": "1", "shortening_rate": null, "notes": null, "index_right": 9, "NAME_EN": "People's Republic of China" }, "geometry": { "type": "LineString", "coordinates": [ [ 92.563245569032901, 32.400453534397009 ], [ 92.633392516030511, 32.419584519941814 ], [ 92.684408477483331, 32.425050515811755 ], [ 92.729958443066195, 32.432338510305016 ], [ 92.77824140658403, 32.447825498603194 ], [ 92.859320345321535, 32.494286463497716 ], [ 92.906692309527713, 32.528904437340692 ], [ 92.943132281994011, 32.560789413248699 ], [ 92.991415245511845, 32.585386394663452 ], [ 93.072494184249351, 32.619093369194772 ] ] } },
{ "type": "Feature", "properties": { "average_dip": null, "average_rake": null, "catalog_id": "GAF_244", "catalog_name": "HimaTibetMap", "dip_dir": null, "lower_seis_depth": null, "name": null, "net_slip_rate": null, "slip_type": "Sinistral", "upper_seis_depth": null, "downthrown_side_id": null, "reference": null, "epistemic_quality": null, "accuracy": null, "activity_confidence": null, "fs_name": null, "last_movement": null, "downthrown_side_dir": null, "vert_sep_rate": null, "strike_slip_rate": null, "exposure_quality": "1", "shortening_rate": null, "notes": null, "index_right": 9, "NAME_EN": "People's Republic of China" }, "geometry": { "type": "LineString", "coordinates": [ [ 92.953153274422249, 32.618182369883115 ], [ 92.998703240005113, 32.650978345102779 ], [ 93.055185197327873, 32.670109330647584 ], [ 93.091625169794156, 32.692884313439016 ], [ 93.11804414983223, 32.720214292788732 ], [ 93.168149111973378, 32.794916236344633 ], [ 93.215521076179556, 32.814047221889439 ], [ 93.243762054840928, 32.830445209499274 ] ] } },
{ "type": "Feature", "properties": { "average_dip": null, "average_rake": null, "catalog_id": "GAF_245", "catalog_name": "HimaTibetMap", "dip_dir": null, "lower_seis_depth": null, "name": null, "net_slip_rate": null, "slip_type": "Normal", "upper_seis_depth": null, "downthrown_side_id": null, "reference": null, "epistemic_quality": null, "accuracy": null, "activity_confidence": null, "fs_name": null, "last_movement": null, "downthrown_side_dir": null, "vert_sep_rate": null, "strike_slip_rate": null, "exposure_quality": "1", "shortening_rate": null, "notes": null, "index_right": 9, "NAME_EN": "People's Republic of China" }, "geometry": { "type": "LineString", "coordinates": [ [ 82.231555463978239, 31.315291544224255 ], [ 82.257343508604876, 31.282817710249972 ], [ 82.289817342579155, 31.267058349644802 ], [ 82.352854784999835, 31.247000981601865 ], [ 82.380553055154365, 31.233629402906569 ], [ 82.419235122094321, 31.211184252953757 ], [ 82.454574294360455, 31.183008426417246 ], [ 82.483705233660913, 31.162951058374304 ], [ 82.505195270849782, 31.136685457365694 ], [ 82.551040683519361, 31.086542037258344 ], [ 82.578261397291911, 31.068872451125277 ] ] } },
{ "type": "Feature", "properties": { "average_dip": null, "average_rake": null, "catalog_id": "GAF_246", "catalog_name": "HimaTibetMap", "dip_dir": null, "lower_seis_depth": null, "name": null, "net_slip_rate": null, "slip_type": "Normal", "upper_seis_depth": null, "downthrown_side_id": null, "reference": null, "epistemic_quality": null, "accuracy": null, "activity_confidence": null, "fs_name": null, "last_movement": null, "downthrown_side_dir": null, "vert_sep_rate": null, "strike_slip_rate": null, "exposure_quality": "1", "shortening_rate": null, "notes": null, "index_right": 9, "NAME_EN": "People's Republic of China" }, "geometry": { "type": "LineString", "coordinates": [ [ 82.216818673748961, 31.328580633272651 ], [ 82.207867957803288, 31.345068794225213 ], [ 82.206925777177418, 31.360143684238988 ], [ 82.210694499680869, 31.3742763936269 ], [ 82.22341393812998, 31.403012902715652 ], [ 82.233306834701523, 31.447766482444038 ], [ 82.252150447218739, 31.475560810906934 ], [ 82.257803530973902, 31.509950403750853 ], [ 82.255919169722176, 31.535389280649092 ], [ 82.258745711599758, 31.546695448159422 ], [ 82.269109698484229, 31.563183609111988 ] ] } },
{ "type": "Feature", "properties": { "average_dip": null, "average_rake": null, "catalog_id": "GAF_247", "catalog_name": "HimaTibetMap", "dip_dir": null, "lower_seis_depth": null, "name": null, "net_slip_rate": null, "slip_type": "Normal", "upper_seis_depth": null, "downthrown_side_id": null, "reference": null, "epistemic_quality": null, "accuracy": null, "activity_confidence": null, "fs_name": null, "last_movement": null, "downthrown_side_dir": null, "vert_sep_rate": null, "strike_slip_rate": null, "exposure_quality": "1", "shortening_rate": null, "notes": null, "index_right": 9, "NAME_EN": "People's Republic of China" }, "geometry": { "type": "LineString", "coordinates": [ [ 82.86280073225727, 31.960327170736992 ], [ 82.855865025300403, 31.949719618920618 ], [ 82.81833061118094, 31.929320480812208 ], [ 82.811802886986243, 31.918712928995834 ], [ 82.812210869748412, 31.898721773649594 ], [ 82.810170955937565, 31.882402463162865 ], [ 82.810986921461904, 31.84813191114074 ], [ 82.799971386883371, 31.843236117994721 ], [ 82.790995766115671, 31.830180669605337 ], [ 82.775492421153274, 31.820797066075471 ], [ 82.771412593531593, 31.806517669399582 ], [ 82.771004610769424, 31.795094152058873 ], [ 82.767740748672082, 31.791014324437192 ] ] } },
{ "type": "Feature", "properties": { "average_dip": null, "average_rake": null, "catalog_id": "GAF_248", "catalog_name": "HimaTibetMap", "dip_dir": null, "lower_seis_depth": null, "name": null, "net_slip_rate": null, "slip_type": "Normal", "upper_seis_depth": null, "downthrown_side_id": null, "reference": null, "epistemic_quality": null, "accuracy": null, "activity_confidence": null, "fs_name": null, "last_movement": null, "downthrown_side_dir": null, "vert_sep_rate": null, "strike_slip_rate": null, "exposure_quality": "1", "shortening_rate": null, "notes": null, "index_right": 9, "NAME_EN": "People's Republic of China" }, "geometry": { "type": "LineString", "coordinates": [ [ 82.865656611592442, 31.962775067309998 ], [ 82.879528025506161, 31.974606567412877 ], [ 82.897071284279392, 31.984806136467082 ], [ 82.937461577734041, 31.999085533142967 ], [ 82.974180026329179, 32.016220809154035 ], [ 83.020690061216357, 32.030500205829917 ], [ 83.029257699221887, 32.041923723170626 ] ] } },
{ "type": "Feature", "properties": { "average_dip": null, "average_rake": null, "catalog_id": "GAF_249", "catalog_name": "HimaTibetMap", "dip_dir": null, "lower_seis_depth": null, "name": null, "net_slip_rate": null, "slip_type": "Normal", "upper_seis_depth": null, "downthrown_side_id": null, "reference": null, "epistemic_quality": null, "accuracy": null, "activity_confidence": null, "fs_name": null, "last_movement": null, "downthrown_side_dir": null, "vert_sep_rate": null, "strike_slip_rate": null, "exposure_quality": "1", "shortening_rate": null, "notes": null, "index_right": 9, "NAME_EN": "People's Republic of China" }, "geometry": { "type": "LineString", "coordinates": [ [ 83.02567608427448, 32.043002328529404 ], [ 83.02507859646218, 32.057640779930644 ], [ 83.03045598677285, 32.08632019492083 ], [ 83.031650962397435, 32.143380280995054 ], [ 83.034937145365063, 32.164292354425399 ], [ 83.032845938022021, 32.17176095207909 ], [ 83.027169803805222, 32.178632061920489 ], [ 83.027169803805222, 32.195062976758621 ], [ 83.02926101114825, 32.204324037849197 ] ] } },
{ "type": "Feature", "properties": { "average_dip": null, "average_rake": null, "catalog_id": "GAF_250", "catalog_name": "HimaTibetMap", "dip_dir": null, "lower_seis_depth": null, "name": null, "net_slip_rate": null, "slip_type": "Normal", "upper_seis_depth": null, "downthrown_side_id": null, "reference": null, "epistemic_quality": null, "accuracy": null, "activity_confidence": null, "fs_name": null, "last_movement": null, "downthrown_side_dir": null, "vert_sep_rate": null, "strike_slip_rate": null, "exposure_quality": "1", "shortening_rate": null, "notes": null, "index_right": 9, "NAME_EN": "People's Republic of China" }, "geometry": { "type": "LineString", "coordinates": [ [ 83.015565470200784, 32.268395269970831 ], [ 83.057576332002824, 32.287533551458424 ], [ 83.091185021444446, 32.300603597352392 ], [ 83.115457963818955, 32.308072195006083 ], [ 83.149066653260576, 32.316007580013135 ], [ 83.186409641529053, 32.320208666193338 ], [ 83.226086566564305, 32.329544413260457 ] ] } },
{ "type": "Feature", "properties": { "average_dip": null, "average_rake": null, "catalog_id": "GAF_251", "catalog_name": "HimaTibetMap", "dip_dir": null, "lower_seis_depth": null, "name": null, "net_slip_rate": null, "slip_type": "Normal", "upper_seis_depth": null, "downthrown_side_id": null, "reference": null, "epistemic_quality": null, "accuracy": null, "activity_confidence": null, "fs_name": null, "last_movement": null, "downthrown_side_dir": null, "vert_sep_rate": null, "strike_slip_rate": null, "exposure_quality": "1", "shortening_rate": null, "notes": null, "index_right": 9, "NAME_EN": "People's Republic of China" }, "geometry": { "type": "LineString", "coordinates": [ [ 83.006696510487032, 32.225917620815444 ], [ 83.007630085193739, 32.209580063447994 ], [ 83.020233343734347, 32.185307121073485 ] ] } },
{ "type": "Feature", "properties": { "average_dip": null, "average_rake": null, "catalog_id": "GAF_252", "catalog_name": "HimaTibetMap", "dip_dir": null, "lower_seis_depth": null, "name": null, "net_slip_rate": null, "slip_type": "Normal", "upper_seis_depth": null, "downthrown_side_id": null, "reference": null, "epistemic_quality": null, "accuracy": null, "activity_confidence": null, "fs_name": null, "last_movement": null, "downthrown_side_dir": null, "vert_sep_rate": null, "strike_slip_rate": null, "exposure_quality": "1", "shortening_rate": null, "notes": null, "index_right": 9, "NAME_EN": "People's Republic of China" }, "geometry": { "type": "LineString", "coordinates": [ [ 82.453530641179157, 34.75637425149133 ], [ 82.472499710698457, 34.78272018137924 ], [ 82.481984245458094, 34.803796925289568 ], [ 82.512545524128072, 34.837519715546094 ], [ 82.537837616820468, 34.850165761892285 ], [ 82.575775755859055, 34.873350180193647 ], [ 82.602121685746965, 34.892319249712941 ], [ 82.611606220506616, 34.896534598495009 ] ] } },
{ "type": "Feature", "properties": { "average_dip": null, "average_rake": null, "catalog_id": "GAF_253", "catalog_name": "HimaTibetMap", "dip_dir": null, "lower_seis_depth": null, "name": null, "net_slip_rate": null, "slip_type": "Normal", "upper_seis_depth": null, "downthrown_side_id": null, "reference": null, "epistemic_quality": null, "accuracy": null, "activity_confidence": null, "fs_name": null, "last_movement": null, "downthrown_side_dir": null, "vert_sep_rate": null, "strike_slip_rate": null, "exposure_quality": "1", "shortening_rate": null, "notes": null, "index_right": 9, "NAME_EN": "People's Republic of China" }, "geometry": { "type": "LineString", "coordinates": [ [ 83.446223917790789, 34.786685421840417 ], [ 83.44282742899172, 34.764042163179994 ], [ 83.441129184592199, 34.737436334254006 ], [ 83.431505799661522, 34.727812949323322 ], [ 83.424146740596882, 34.690451572533632 ], [ 83.41791984446526, 34.678563861736912 ], [ 83.41791984446526, 34.657052766009514 ], [ 83.433204044061043, 34.618559226286806 ], [ 83.435468369927094, 34.585160419762687 ], [ 83.441129184592199, 34.547799042972997 ], [ 83.434902288460577, 34.525721865779083 ], [ 83.438298777259646, 34.49345522218799 ], [ 83.447356080723807, 34.44816870486715 ], [ 83.444525673391254, 34.433450586737877 ], [ 83.449054325123342, 34.420996794474647 ] ] } },
{ "type": "Feature", "properties": { "average_dip": null, "average_rake": null, "catalog_id": "GAF_254", "catalog_name": "HimaTibetMap", "dip_dir": null, "lower_seis_depth": null, "name": null, "net_slip_rate": null, "slip_type": "Normal", "upper_seis_depth": null, "downthrown_side_id": null, "reference": null, "epistemic_quality": null, "accuracy": null, "activity_confidence": null, "fs_name": null, "last_movement": null, "downthrown_side_dir": null, "vert_sep_rate": null, "strike_slip_rate": null, "exposure_quality": "1", "shortening_rate": null, "notes": null, "index_right": 9, "NAME_EN": "People's Republic of China" }, "geometry": { "type": "LineString", "coordinates": [ [ 83.923172034018521, 34.138595030082293 ], [ 83.97909308524514, 34.17650760718508 ], [ 84.018901291203065, 34.239063359404675 ], [ 84.062500754871266, 34.270341235514472 ], [ 84.132639022511412, 34.287401895210728 ], [ 84.178134115034766, 34.291193152921004 ], [ 84.221733578702967, 34.291193152921004 ], [ 84.260593970233316, 34.294036596203718 ], [ 84.289976217487975, 34.316784142465387 ], [ 84.320306279170211, 34.331001358878929 ], [ 84.337366938866467, 34.348062018575185 ], [ 84.338314753294028, 34.385974595677972 ], [ 84.348740711997294, 34.417252471787769 ], [ 84.350636340852432, 34.43905220362187 ], [ 84.339262567721605, 34.458008492173263 ], [ 84.317462835887497, 34.481703852862509 ], [ 84.301349990618817, 34.50350358469661 ], [ 84.298506547336103, 34.519616429965289 ], [ 84.299454361763679, 34.546155233937242 ], [ 84.304193433901517, 34.567007151343773 ], [ 84.321254093597773, 34.596389398598433 ], [ 84.344001639859442, 34.611554429439551 ], [ 84.354427598562708, 34.631458532418513 ], [ 84.358218856272998, 34.647571377687193 ], [ 84.371488258258964, 34.658945150818028 ] ] } },
{ "type": "Feature", "properties": { "average_dip": null, "average_rake": null, "catalog_id": "GAF_255", "catalog_name": "HimaTibetMap", "dip_dir": null, "lower_seis_depth": null, "name": null, "net_slip_rate": null, "slip_type": "Normal", "upper_seis_depth": null, "downthrown_side_id": null, "reference": null, "epistemic_quality": null, "accuracy": null, "activity_confidence": null, "fs_name": null, "last_movement": null, "downthrown_side_dir": null, "vert_sep_rate": null, "strike_slip_rate": null, "exposure_quality": "1", "shortening_rate": null, "notes": null, "index_right": 9, "NAME_EN": "People's Republic of China" }, "geometry": { "type": "LineString", "coordinates": [ [ 85.765575185209642, 34.173775235905595 ], [ 85.728551184132698, 34.20524563682099 ], [ 85.698931983271152, 34.247823238059475 ], [ 85.698931983271152, 34.308912839836424 ], [ 85.750765584778861, 34.35334164112875 ], [ 85.815557586663502, 34.392216842259543 ], [ 85.830367187094282, 34.438496843605712 ], [ 85.824813586932748, 34.505140045544209 ], [ 85.830367187094282, 34.560676047159617 ] ] } },
{ "type": "Feature", "properties": { "average_dip": null, "average_rake": null, "catalog_id": "GAF_256", "catalog_name": "HimaTibetMap", "dip_dir": null, "lower_seis_depth": null, "name": null, "net_slip_rate": null, "slip_type": "Sinistral", "upper_seis_depth": null, "downthrown_side_id": null, "reference": null, "epistemic_quality": null, "accuracy": null, "activity_confidence": null, "fs_name": null, "last_movement": null, "downthrown_side_dir": null, "vert_sep_rate": null, "strike_slip_rate": null, "exposure_quality": "1", "shortening_rate": null, "notes": null, "index_right": 9, "NAME_EN": "People's Republic of China" }, "geometry": { "type": "LineString", "coordinates": [ [ 85.897010389032772, 34.538461646513454 ], [ 85.948843990540496, 34.599551248290403 ], [ 86.026594392802068, 34.632872849259648 ], [ 86.10249359500979, 34.664343250175051 ], [ 86.254291999425249, 34.690260050928906 ], [ 86.33389360174067, 34.721730451844302 ], [ 86.38387600319453, 34.745796052544314 ], [ 86.494948006425346, 34.777266453459717 ], [ 86.563442408417686, 34.806885654321263 ], [ 86.713389612779295, 34.86612405604437 ], [ 86.785586414879333, 34.912404057390546 ] ] } },
{ "type": "Feature", "properties": { "average_dip": null, "average_rake": null, "catalog_id": "GAF_257", "catalog_name": "HimaTibetMap", "dip_dir": null, "lower_seis_depth": null, "name": null, "net_slip_rate": null, "slip_type": "Sinistral", "upper_seis_depth": null, "downthrown_side_id": null, "reference": null, "epistemic_quality": null, "accuracy": null, "activity_confidence": null, "fs_name": null, "last_movement": null, "downthrown_side_dir": null, "vert_sep_rate": null, "strike_slip_rate": null, "exposure_quality": "1", "shortening_rate": null, "notes": null, "index_right": 9, "NAME_EN": "People's Republic of China" }, "geometry": { "type": "LineString", "coordinates": [ [ 86.046957593394382, 34.705069651359679 ], [ 86.170987997002129, 34.745796052544314 ], [ 86.237631198940619, 34.779117653513559 ], [ 86.324637601471423, 34.819844054698194 ], [ 86.441263204863787, 34.879082456421301 ], [ 86.567144808525384, 34.921660057659778 ], [ 86.693026412186981, 34.979047259329036 ], [ 86.770776814448553, 35.012368860298281 ], [ 86.870741617356288, 35.07345846207523 ] ] } },
{ "type": "Feature", "properties": { "average_dip": null, "average_rake": null, "catalog_id": "GAF_258", "catalog_name": "HimaTibetMap", "dip_dir": null, "lower_seis_depth": null, "name": null, "net_slip_rate": null, "slip_type": "Reverse", "upper_seis_depth": null, "downthrown_side_id": null, "reference": "Burchfiel, et al., 1995; Kirby, et al., 2000", "epistemic_quality": null, "accuracy": null, "activity_confidence": null, "fs_name": "Longmen Shan Thrust Belt", "last_movement": null, "downthrown_side_dir": null, "vert_sep_rate": null, "strike_slip_rate": null, "exposure_quality": "1", "shortening_rate": null, "notes": null, "index_right": 9, "NAME_EN": "People's Republic of China" }, "geometry": { "type": "LineString", "coordinates": [ [ 103.537586426799209, 29.449785539178944 ], [ 103.701473809780111, 29.586358358329701 ], [ 103.897228183896203, 29.71382632287041 ], [ 104.038353430351989, 29.823084578191018 ], [ 104.092982558012281, 29.923237978901572 ], [ 104.138506831062543, 30.055258370747307 ], [ 104.133954403757514, 30.150859344152838 ], [ 104.197688386027863, 30.273774881388519 ], [ 104.343366059788679, 30.469529255504607 ], [ 104.461729169719334, 30.61065450196039 ], [ 104.543672861209785, 30.783646739551351 ], [ 104.611959270785164, 30.947534122532261 ], [ 104.648378689225368, 31.106869078208145 ], [ 104.625616552700251, 31.193365197003626 ], [ 104.53912043390477, 31.26620403388403 ], [ 104.479938878939436, 31.307175879629259 ] ] } },
{ "type": "Feature", "properties": { "average_dip": null, "average_rake": null, "catalog_id": "GAF_259", "catalog_name": "HimaTibetMap", "dip_dir": null, "lower_seis_depth": null, "name": null, "net_slip_rate": null, "slip_type": "Reverse-Dextral", "upper_seis_depth": null, "downthrown_side_id": null, "reference": "Meng et al., 2008; Mohadjer (2017)", "epistemic_quality": null, "accuracy": null, "activity_confidence": null, "fs_name": "Longmen Shan Thrust Belt", "last_movement": null, "downthrown_side_dir": null, "vert_sep_rate": null, "strike_slip_rate": "(2.,1.,3.)", "exposure_quality": "1", "shortening_rate": "(2.,1.,3.)", "notes": null, "index_right": 9, "NAME_EN": "People's Republic of China" }, "geometry": { "type": "LineString", "coordinates": [ [ 104.60285441617512, 31.728275405344093 ], [ 104.739427235325877, 31.91492492485013 ], [ 104.876000054476634, 32.019630752865709 ], [ 105.039887437457551, 32.087917162441087 ], [ 105.19466996582841, 32.20628027237175 ], [ 105.285718511928906, 32.297328818472252 ], [ 105.445053467604794, 32.411139501097885 ], [ 105.608940850585711, 32.52039775641849 ], [ 105.818352506616861, 32.643313293654174 ], [ 106.045973871868128, 32.752571548974778 ] ] } },
{ "type": "Feature", "properties": { "average_dip": null, "average_rake": null, "catalog_id": "GAF_260", "catalog_name": "HimaTibetMap", "dip_dir": null, "lower_seis_depth": null, "name": null, "net_slip_rate": null, "slip_type": "Reverse", "upper_seis_depth": null, "downthrown_side_id": null, "reference": null, "epistemic_quality": null, "accuracy": null, "activity_confidence": null, "fs_name": null, "last_movement": null, "downthrown_side_dir": null, "vert_sep_rate": null, "strike_slip_rate": null, "exposure_quality": "1", "shortening_rate": null, "notes": null, "index_right": 9, "NAME_EN": "People's Republic of China" }, "geometry": { "type": "LineString", "coordinates": [ [ 102.718149511894651, 30.068915652662383 ], [ 102.872932040265511, 30.187278762593039 ], [ 103.023162141331341, 30.28287973599857 ], [ 103.191601951617287, 30.373928282099076 ], [ 103.332727198073059, 30.510501101249833 ], [ 103.432880598783626, 30.669836056925718 ], [ 103.451090308003728, 30.706255475365921 ] ] } },
{ "type": "Feature", "properties": { "average_dip": null, "average_rake": null, "catalog_id": "GAF_261", "catalog_name": "HimaTibetMap", "dip_dir": null, "lower_seis_depth": null, "name": null, "net_slip_rate": null, "slip_type": "Reverse", "upper_seis_depth": null, "downthrown_side_id": null, "reference": "Burchfiel, et al., 1995; Kirby, et al., 2000", "epistemic_quality": null, "accuracy": null, "activity_confidence": null, "fs_name": "Longmen Shan Thrust Belt", "last_movement": null, "downthrown_side_dir": null, "vert_sep_rate": null, "strike_slip_rate": null, "exposure_quality": "1", "shortening_rate": null, "notes": null, "index_right": 9, "NAME_EN": "People's Republic of China" }, "geometry": { "type": "LineString", "coordinates": [ [ 105.158250547388207, 32.752571548974778 ], [ 105.367662203419371, 32.779886112804931 ], [ 105.659017550940987, 32.857277376990361 ], [ 105.941268043852546, 32.961983205005943 ], [ 106.642341848826447, 33.171394861037108 ], [ 106.815334086417408, 33.207814279477304 ], [ 107.097584579328966, 33.253338552527559 ], [ 107.288786526140029, 33.303415252882836 ], [ 107.420806917985772, 33.358044380543141 ] ] } },
{ "type": "Feature", "properties": { "average_dip": null, "average_rake": null, "catalog_id": "GAF_262", "catalog_name": "HimaTibetMap", "dip_dir": null, "lower_seis_depth": null, "name": null, "net_slip_rate": null, "slip_type": "Sinistral", "upper_seis_depth": null, "downthrown_side_id": null, "reference": null, "epistemic_quality": null, "accuracy": null, "activity_confidence": null, "fs_name": null, "last_movement": null, "downthrown_side_dir": null, "vert_sep_rate": null, "strike_slip_rate": null, "exposure_quality": "1", "shortening_rate": null, "notes": null, "index_right": 9, "NAME_EN": "People's Republic of China" }, "geometry": { "type": "LineString", "coordinates": [ [ 106.144315860558279, 32.728800513894463 ], [ 106.59584072875198, 32.783986886673695 ], [ 106.901874250527726, 32.753885228794111 ], [ 107.162755285484096, 32.768936057733903 ], [ 107.37848383362109, 32.809071601573343 ], [ 107.789873157975364, 32.944529062031457 ], [ 108.015635592072215, 33.009749320770553 ], [ 108.146076109550393, 33.039850978650129 ] ] } },
{ "type": "Feature", "properties": { "average_dip": null, "average_rake": null, "catalog_id": "GAF_263", "catalog_name": "HimaTibetMap", "dip_dir": null, "lower_seis_depth": null, "name": null, "net_slip_rate": null, "slip_type": "Reverse", "upper_seis_depth": null, "downthrown_side_id": null, "reference": null, "epistemic_quality": null, "accuracy": null, "activity_confidence": null, "fs_name": null, "last_movement": null, "downthrown_side_dir": null, "vert_sep_rate": null, "strike_slip_rate": null, "exposure_quality": "1", "shortening_rate": null, "notes": null, "index_right": 9, "NAME_EN": "People's Republic of China" }, "geometry": { "type": "LineString", "coordinates": [ [ 108.070821964851447, 32.452868649998308 ], [ 108.371838543647257, 32.121750413322914 ], [ 108.733058438202221, 31.941140466045432 ], [ 109.17454942043608, 31.750496632808087 ], [ 109.6611928894893, 31.735445803868295 ], [ 109.907023095505878, 31.805683005587319 ] ] } },
{ "type": "Feature", "properties": { "average_dip": null, "average_rake": null, "catalog_id": "GAF_264", "catalog_name": "HimaTibetMap", "dip_dir": null, "lower_seis_depth": null, "name": null, "net_slip_rate": null, "slip_type": "Reverse", "upper_seis_depth": null, "downthrown_side_id": null, "reference": null, "epistemic_quality": null, "accuracy": null, "activity_confidence": null, "fs_name": null, "last_movement": null, "downthrown_side_dir": null, "vert_sep_rate": null, "strike_slip_rate": null, "exposure_quality": "1", "shortening_rate": null, "notes": null, "index_right": 9, "NAME_EN": "People's Republic of China" }, "geometry": { "type": "LineString", "coordinates": [ [ 107.860110359694374, 32.703715798994814 ], [ 108.025669478032071, 32.292326474640539 ], [ 108.196245539349704, 32.016394610744385 ], [ 108.396923258546906, 31.830767720486968 ] ] } },
{ "type": "Feature", "properties": { "average_dip": null, "average_rake": null, "catalog_id": "GAF_265", "catalog_name": "HimaTibetMap", "dip_dir": null, "lower_seis_depth": null, "name": null, "net_slip_rate": null, "slip_type": "Reverse", "upper_seis_depth": null, "downthrown_side_id": null, "reference": null, "epistemic_quality": null, "accuracy": null, "activity_confidence": null, "fs_name": null, "last_movement": null, "downthrown_side_dir": null, "vert_sep_rate": null, "strike_slip_rate": null, "exposure_quality": "1", "shortening_rate": null, "notes": null, "index_right": 9, "NAME_EN": "People's Republic of China" }, "geometry": { "type": "LineString", "coordinates": [ [ 109.706345376308676, 31.404327567192908 ], [ 109.294956051954401, 31.414361453152768 ], [ 108.808312582901181, 31.454496996992209 ], [ 108.482211289205722, 31.524734198711229 ], [ 108.131025280610601, 31.705344145988715 ], [ 107.794890100955286, 31.991309895844733 ], [ 107.629330982617589, 32.232123158881379 ], [ 107.508924351099267, 32.487987250857813 ], [ 107.433670206400322, 32.753885228794111 ] ] } },
{ "type": "Feature", "properties": { "average_dip": null, "average_rake": null, "catalog_id": "GAF_266", "catalog_name": "HimaTibetMap", "dip_dir": null, "lower_seis_depth": null, "name": null, "net_slip_rate": null, "slip_type": "Reverse", "upper_seis_depth": null, "downthrown_side_id": null, "reference": null, "epistemic_quality": null, "accuracy": null, "activity_confidence": null, "fs_name": null, "last_movement": null, "downthrown_side_dir": null, "vert_sep_rate": null, "strike_slip_rate": null, "exposure_quality": "1", "shortening_rate": null, "notes": null, "index_right": 9, "NAME_EN": "People's Republic of China" }, "geometry": { "type": "LineString", "coordinates": [ [ 107.814957872875013, 31.233751505875283 ], [ 107.950415333333126, 31.228734562895351 ], [ 108.196245539349704, 31.344124251433744 ], [ 108.447092688346203, 31.364192023353468 ], [ 108.697939837342716, 31.364192023353468 ], [ 108.978888644218799, 31.354158137393604 ], [ 109.485599885191746, 31.329073422493956 ] ] } },
{ "type": "Feature", "properties": { "average_dip": null, "average_rake": null, "catalog_id": "GAF_267", "catalog_name": "HimaTibetMap", "dip_dir": null, "lower_seis_depth": null, "name": null, "net_slip_rate": null, "slip_type": "Sinistral", "upper_seis_depth": null, "downthrown_side_id": null, "reference": null, "epistemic_quality": null, "accuracy": null, "activity_confidence": null, "fs_name": null, "last_movement": null, "downthrown_side_dir": null, "vert_sep_rate": null, "strike_slip_rate": null, "exposure_quality": "1", "shortening_rate": null, "notes": null, "index_right": 9, "NAME_EN": "People's Republic of China" }, "geometry": { "type": "LineString", "coordinates": [ [ 107.579161552818292, 33.225477868907547 ], [ 107.373466890641154, 33.150223724208594 ], [ 106.886823421587934, 32.989681548850832 ], [ 106.575772956832267, 32.929478233091672 ], [ 106.134281974598409, 32.768936057733903 ], [ 106.064044772879384, 32.733817456874391 ] ] } },
{ "type": "Feature", "properties": { "average_dip": null, "average_rake": null, "catalog_id": "GAF_268", "catalog_name": "HimaTibetMap", "dip_dir": null, "lower_seis_depth": null, "name": null, "net_slip_rate": null, "slip_type": "Sinistral", "upper_seis_depth": null, "downthrown_side_id": null, "reference": null, "epistemic_quality": null, "accuracy": null, "activity_confidence": null, "fs_name": null, "last_movement": null, "downthrown_side_dir": null, "vert_sep_rate": null, "strike_slip_rate": null, "exposure_quality": "1", "shortening_rate": null, "notes": null, "index_right": 9, "NAME_EN": "People's Republic of China" }, "geometry": { "type": "LineString", "coordinates": [ [ 107.101355040529654, 34.304827730518902 ], [ 107.456291505299134, 34.276203822069753 ], [ 107.719631463031334, 34.173157751652802 ], [ 107.99442098414319, 34.121634716444333 ], [ 108.206237906666914, 34.075836462925686 ], [ 108.463853082709278, 34.052937336166366 ], [ 108.692844350302494, 34.024313427717217 ], [ 108.835963892548264, 34.035762991096874 ], [ 109.059230378451645, 34.024313427717217 ], [ 109.322570336183844, 34.001414300957897 ] ] } },
{ "type": "Feature", "properties": { "average_dip": null, "average_rake": null, "catalog_id": "GAF_269", "catalog_name": "HimaTibetMap", "dip_dir": null, "lower_seis_depth": null, "name": null, "net_slip_rate": null, "slip_type": "Normal", "upper_seis_depth": null, "downthrown_side_id": null, "reference": "Burchfiel, et al., 1991", "epistemic_quality": null, "accuracy": null, "activity_confidence": null, "fs_name": "Shangxi Graben", "last_movement": null, "downthrown_side_dir": null, "vert_sep_rate": null, "strike_slip_rate": null, "exposure_quality": "1", "shortening_rate": null, "notes": null, "index_right": 9, "NAME_EN": "People's Republic of China" }, "geometry": { "type": "LineString", "coordinates": [ [ 111.692629955773626, 36.503143899413772 ], [ 111.480813033249902, 36.239803941681579 ], [ 111.354867836073637, 36.090959617745987 ], [ 111.246096983966851, 35.924940948740904 ], [ 111.102977441721094, 35.776096624805312 ], [ 110.982757026234651, 35.678775336078196 ], [ 110.84536226567873, 35.678775336078196 ], [ 110.685068378363468, 35.684500117768032 ], [ 110.553398399497382, 35.638701864249384 ], [ 110.461801892460088, 35.529931012142605 ], [ 110.26143453331602, 35.312389307929053 ] ] } },
{ "type": "Feature", "properties": { "average_dip": null, "average_rake": null, "catalog_id": "GAF_270", "catalog_name": "HimaTibetMap", "dip_dir": null, "lower_seis_depth": null, "name": null, "net_slip_rate": null, "slip_type": "Normal", "upper_seis_depth": null, "downthrown_side_id": null, "reference": "Burchfiel, et al., 1991", "epistemic_quality": null, "accuracy": null, "activity_confidence": null, "fs_name": "Shangxi Graben", "last_movement": null, "downthrown_side_dir": null, "vert_sep_rate": null, "strike_slip_rate": null, "exposure_quality": "1", "shortening_rate": null, "notes": null, "index_right": 9, "NAME_EN": "People's Republic of China" }, "geometry": { "type": "LineString", "coordinates": [ [ 110.198461934727888, 34.676938540357881 ], [ 110.416003638941447, 34.865856336122285 ], [ 110.662169251604155, 34.865856336122285 ], [ 110.902610082577027, 34.905929807951097 ], [ 111.102977441721094, 35.037599786817196 ], [ 111.280445674105835, 35.203618455822273 ], [ 111.349143054383802, 35.346737998068036 ], [ 111.423565216351591, 35.392536251586677 ] ] } },
{ "type": "Feature", "properties": { "average_dip": null, "average_rake": null, "catalog_id": "GAF_271", "catalog_name": "HimaTibetMap", "dip_dir": null, "lower_seis_depth": null, "name": null, "net_slip_rate": null, "slip_type": "Sinistral", "upper_seis_depth": null, "downthrown_side_id": null, "reference": null, "epistemic_quality": null, "accuracy": null, "activity_confidence": null, "fs_name": null, "last_movement": null, "downthrown_side_dir": null, "vert_sep_rate": null, "strike_slip_rate": null, "exposure_quality": "1", "shortening_rate": null, "notes": null, "index_right": 9, "NAME_EN": "People's Republic of China" }, "geometry": { "type": "LineString", "coordinates": [ [ 109.213799484077072, 34.742773529790931 ], [ 108.961909089724529, 34.714149621341775 ], [ 108.698569131992329, 34.737048748101095 ], [ 108.469577864399113, 34.737048748101095 ], [ 108.257760941875389, 34.748498311480759 ] ] } },
{ "type": "Feature", "properties": { "average_dip": null, "average_rake": null, "catalog_id": "GAF_273", "catalog_name": "HimaTibetMap", "dip_dir": null, "lower_seis_depth": null, "name": null, "net_slip_rate": null, "slip_type": "Sinistral", "upper_seis_depth": null, "downthrown_side_id": null, "reference": null, "epistemic_quality": null, "accuracy": null, "activity_confidence": null, "fs_name": null, "last_movement": null, "downthrown_side_dir": null, "vert_sep_rate": null, "strike_slip_rate": null, "exposure_quality": "1", "shortening_rate": null, "notes": null, "index_right": 9, "NAME_EN": "People's Republic of China" }, "geometry": { "type": "LineString", "coordinates": [ [ 109.420320983537678, 33.982093162754715 ], [ 109.742339953590644, 33.924845345856411 ], [ 110.107294786317325, 33.781725803610648 ], [ 110.515185481717737, 33.624294307140318 ], [ 110.958856062679601, 33.50979867334371 ], [ 111.338122849630864, 33.438238902220824 ], [ 111.810417339041877, 33.287963382862777 ], [ 112.232619988666869, 33.123375909280156 ], [ 112.576106890056693, 32.973100389922109 ] ] } },
{ "type": "Feature", "properties": { "average_dip": null, "average_rake": null, "catalog_id": "GAF_284", "catalog_name": "HimaTibetMap", "dip_dir": null, "lower_seis_depth": null, "name": null, "net_slip_rate": null, "slip_type": "Reverse", "upper_seis_depth": null, "downthrown_side_id": null, "reference": null, "epistemic_quality": null, "accuracy": null, "activity_confidence": null, "fs_name": null, "last_movement": null, "downthrown_side_dir": null, "vert_sep_rate": null, "strike_slip_rate": null, "exposure_quality": "1", "shortening_rate": null, "notes": null, "index_right": 9, "NAME_EN": "People's Republic of China" }, "geometry": { "type": "LineString", "coordinates": [ [ 96.535593320504688, 37.878680431250032 ], [ 96.384252481631478, 38.01740953355047 ], [ 96.258135115903812, 38.086774084700693 ], [ 96.075264935598682, 38.149832767564526 ], [ 95.942841701584626, 38.200279713855593 ], [ 95.835641940716116, 38.244420791860279 ], [ 95.69691283841567, 38.282256001578581 ], [ 95.387925292382874, 38.282256001578581 ], [ 95.242890321796054, 38.263338396719426 ], [ 95.123078824354764, 38.326397079583266 ], [ 95.003267326913488, 38.395761630733482 ], [ 94.896067566044962, 38.395761630733482 ], [ 94.732114990598987, 38.383149894160717 ], [ 94.580774151725777, 38.376844025874334 ] ] } },
{ "type": "Feature", "properties": { "average_dip": null, "average_rake": null, "catalog_id": "GAF_285", "catalog_name": "HimaTibetMap", "dip_dir": null, "lower_seis_depth": null, "name": null, "net_slip_rate": null, "slip_type": "Reverse", "upper_seis_depth": null, "downthrown_side_id": null, "reference": "Yin, et al., 2008", "epistemic_quality": null, "accuracy": null, "activity_confidence": null, "fs_name": "North Qaidam Thrust Belt", "last_movement": null, "downthrown_side_dir": null, "vert_sep_rate": null, "strike_slip_rate": null, "exposure_quality": "1", "shortening_rate": null, "notes": null, "index_right": 9, "NAME_EN": "People's Republic of China" }, "geometry": { "type": "LineString", "coordinates": [ [ 95.381619424096499, 37.405740309771268 ], [ 95.6086306824063, 37.298540548902743 ], [ 95.715830443274825, 37.191340788034225 ], [ 95.949147569871016, 37.058917554020169 ], [ 96.333805535340417, 37.058917554020169 ], [ 96.718463500809804, 36.939106056578886 ], [ 97.008533441983445, 36.794071085992059 ] ] } },
{ "type": "Feature", "properties": { "average_dip": null, "average_rake": null, "catalog_id": "GAF_286", "catalog_name": "HimaTibetMap", "dip_dir": null, "lower_seis_depth": null, "name": null, "net_slip_rate": null, "slip_type": "Reverse", "upper_seis_depth": null, "downthrown_side_id": null, "reference": "Yin, et al., 2008", "epistemic_quality": null, "accuracy": null, "activity_confidence": null, "fs_name": "North Qaidam Thrust Belt", "last_movement": null, "downthrown_side_dir": null, "vert_sep_rate": null, "strike_slip_rate": null, "exposure_quality": "1", "shortening_rate": null, "notes": null, "index_right": 9, "NAME_EN": "People's Republic of China" }, "geometry": { "type": "LineString", "coordinates": [ [ 96.686934159377884, 36.781459349419293 ], [ 96.94547475911962, 36.686871325123541 ], [ 97.11573320285197, 36.705788929982695 ], [ 97.298603383157101, 36.705788929982695 ], [ 97.456250090316686, 36.66164785197801 ], [ 97.645426138908192, 36.66164785197801 ], [ 97.777849372922248, 36.712094798269078 ], [ 97.872437397217993, 36.712094798269078 ] ] } },
{ "type": "Feature", "properties": { "average_dip": null, "average_rake": null, "catalog_id": "GAF_287", "catalog_name": "HimaTibetMap", "dip_dir": null, "lower_seis_depth": null, "name": null, "net_slip_rate": null, "slip_type": "Reverse", "upper_seis_depth": null, "downthrown_side_id": null, "reference": "Yin, et al., 2008", "epistemic_quality": null, "accuracy": null, "activity_confidence": null, "fs_name": "North Qaidam Thrust Belt", "last_movement": null, "downthrown_side_dir": null, "vert_sep_rate": null, "strike_slip_rate": null, "exposure_quality": "1", "shortening_rate": null, "notes": null, "index_right": 9, "NAME_EN": "People's Republic of China" }, "geometry": { "type": "LineString", "coordinates": [ [ 94.618609361444086, 38.282256001578581 ], [ 94.896067566044962, 38.175056240710056 ], [ 95.110467087781998, 38.074162348127921 ], [ 95.261807926655209, 37.98588019211855 ], [ 95.375313555810109, 37.90390390439557 ], [ 95.438372238673949, 37.777786538667897 ], [ 95.58340720926077, 37.645363304653841 ], [ 95.823030204143336, 37.550775280358089 ], [ 96.050041462453152, 37.525551807212551 ] ] } },
{ "type": "Feature", "properties": { "average_dip": null, "average_rake": null, "catalog_id": "GAF_288", "catalog_name": "HimaTibetMap", "dip_dir": null, "lower_seis_depth": null, "name": null, "net_slip_rate": null, "slip_type": "Reverse", "upper_seis_depth": null, "downthrown_side_id": null, "reference": "Yin, et al., 2008", "epistemic_quality": null, "accuracy": null, "activity_confidence": null, "fs_name": "North Qaidam Thrust Belt", "last_movement": null, "downthrown_side_dir": null, "vert_sep_rate": null, "strike_slip_rate": null, "exposure_quality": "1", "shortening_rate": null, "notes": null, "index_right": 9, "NAME_EN": "People's Republic of China" }, "geometry": { "type": "LineString", "coordinates": [ [ 95.980676911302936, 37.449881387775953 ], [ 96.176158828180817, 37.424657914630416 ], [ 96.321193798767638, 37.367905100052965 ], [ 96.529287452218298, 37.23548186603891 ], [ 96.668016554518744, 37.222870129466145 ] ] } },
{ "type": "Feature", "properties": { "average_dip": null, "average_rake": null, "catalog_id": "GAF_289", "catalog_name": "HimaTibetMap", "dip_dir": null, "lower_seis_depth": null, "name": null, "net_slip_rate": null, "slip_type": "Reverse", "upper_seis_depth": null, "downthrown_side_id": null, "reference": "Yin, et al., 2008", "epistemic_quality": null, "accuracy": null, "activity_confidence": null, "fs_name": "North Qaidam Thrust Belt", "last_movement": null, "downthrown_side_dir": null, "vert_sep_rate": null, "strike_slip_rate": null, "exposure_quality": "1", "shortening_rate": null, "notes": null, "index_right": 9, "NAME_EN": "People's Republic of China" }, "geometry": { "type": "LineString", "coordinates": [ [ 96.932863022546854, 37.071529290592935 ], [ 97.229238832006871, 36.945411924865269 ], [ 97.475167695175827, 36.939106056578886 ], [ 97.620202665762662, 36.913882583433349 ], [ 97.796766977781388, 36.894964978574201 ], [ 97.941801948368223, 36.838212163996744 ], [ 98.345377518696765, 36.800376954278448 ] ] } },
{ "type": "Feature", "properties": { "average_dip": null, "average_rake": null, "catalog_id": "GAF_290", "catalog_name": "HimaTibetMap", "dip_dir": null, "lower_seis_depth": null, "name": null, "net_slip_rate": null, "slip_type": "Reverse", "upper_seis_depth": null, "downthrown_side_id": null, "reference": "Yin, et al., 2008", "epistemic_quality": null, "accuracy": null, "activity_confidence": null, "fs_name": "North Qaidam Thrust Belt", "last_movement": null, "downthrown_side_dir": null, "vert_sep_rate": null, "strike_slip_rate": null, "exposure_quality": "1", "shortening_rate": null, "notes": null, "index_right": 9, "NAME_EN": "People's Republic of China" }, "geometry": { "type": "LineString", "coordinates": [ [ 98.29493057240569, 37.361599231766583 ], [ 98.074225182382264, 37.399434441484885 ], [ 97.916578475222678, 37.437269651203181 ], [ 97.771543504635858, 37.437269651203181 ], [ 97.550838114612432, 37.393128573198496 ], [ 97.342744461161772, 37.437269651203181 ], [ 97.17879188571581, 37.437269651203181 ], [ 97.014839310269835, 37.487716597494256 ], [ 96.794133920246409, 37.500328334067021 ], [ 96.573428530222984, 37.481410729207866 ] ] } },
{ "type": "Feature", "properties": { "average_dip": null, "average_rake": null, "catalog_id": "GAF_291", "catalog_name": "HimaTibetMap", "dip_dir": null, "lower_seis_depth": null, "name": null, "net_slip_rate": null, "slip_type": "Reverse", "upper_seis_depth": null, "downthrown_side_id": null, "reference": "Yin, et al., 2008", "epistemic_quality": null, "accuracy": null, "activity_confidence": null, "fs_name": "North Qaidam Thrust Belt", "last_movement": null, "downthrown_side_dir": null, "vert_sep_rate": null, "strike_slip_rate": null, "exposure_quality": "1", "shortening_rate": null, "notes": null, "index_right": 9, "NAME_EN": "People's Republic of China" }, "geometry": { "type": "LineString", "coordinates": [ [ 97.424720748884766, 37.298540548902743 ], [ 97.601285060903507, 37.229175997752527 ], [ 97.834602187499698, 37.153505578315922 ], [ 97.960719553227364, 37.071529290592935 ], [ 98.130977996959729, 37.027388212588257 ], [ 98.29493057240569, 37.027388212588257 ], [ 98.54085943557466, 36.958023661438034 ], [ 98.717423747593386, 36.806682822564831 ] ] } },
{ "type": "Feature", "properties": { "average_dip": null, "average_rake": null, "catalog_id": "GAF_292", "catalog_name": "HimaTibetMap", "dip_dir": null, "lower_seis_depth": null, "name": null, "net_slip_rate": null, "slip_type": "Reverse", "upper_seis_depth": null, "downthrown_side_id": null, "reference": null, "epistemic_quality": null, "accuracy": null, "activity_confidence": null, "fs_name": null, "last_movement": null, "downthrown_side_dir": null, "vert_sep_rate": null, "strike_slip_rate": null, "exposure_quality": "1", "shortening_rate": null, "notes": null, "index_right": 9, "NAME_EN": "People's Republic of China" }, "geometry": { "type": "LineString", "coordinates": [ [ 95.236584453509678, 38.584937679324987 ], [ 95.450983975246714, 38.509267259888389 ], [ 95.684301101842905, 38.477737918456469 ], [ 95.860865413861646, 38.395761630733482 ], [ 96.100488408744212, 38.370538157587951 ], [ 96.573428530222984, 38.345314684442414 ], [ 96.781522183673644, 38.332702947869649 ] ] } },
{ "type": "Feature", "properties": { "average_dip": null, "average_rake": null, "catalog_id": "GAF_293", "catalog_name": "HimaTibetMap", "dip_dir": null, "lower_seis_depth": null, "name": null, "net_slip_rate": null, "slip_type": "Reverse", "upper_seis_depth": null, "downthrown_side_id": null, "reference": null, "epistemic_quality": null, "accuracy": null, "activity_confidence": null, "fs_name": null, "last_movement": null, "downthrown_side_dir": null, "vert_sep_rate": null, "strike_slip_rate": null, "exposure_quality": "1", "shortening_rate": null, "notes": null, "index_right": 9, "NAME_EN": "People's Republic of China" }, "geometry": { "type": "LineString", "coordinates": [ [ 91.444426215546585, 38.717360913339043 ], [ 91.753413761579381, 38.65430223047521 ], [ 91.993036756461947, 38.65430223047521 ], [ 92.169601068480688, 38.647996362188827 ], [ 92.396612326790503, 38.59754941589776 ] ] } },
{ "type": "Feature", "properties": { "average_dip": null, "average_rake": null, "catalog_id": "GAF_294", "catalog_name": "HimaTibetMap", "dip_dir": null, "lower_seis_depth": null, "name": null, "net_slip_rate": null, "slip_type": "Anticline", "upper_seis_depth": null, "downthrown_side_id": null, "reference": null, "epistemic_quality": null, "accuracy": null, "activity_confidence": null, "fs_name": null, "last_movement": null, "downthrown_side_dir": null, "vert_sep_rate": null, "strike_slip_rate": null, "exposure_quality": "1", "shortening_rate": null, "notes": null, "index_right": 9, "NAME_EN": "People's Republic of China" }, "geometry": { "type": "LineString", "coordinates": [ [ 92.705599872823299, 38.477737918456469 ], [ 92.856940711696495, 38.389455762447099 ], [ 92.957834604278631, 38.275950133292199 ], [ 93.178539994302056, 38.181362108996446 ], [ 93.329880833175267, 38.099385821273458 ], [ 93.399245384325482, 38.04893887498239 ], [ 93.619950774348908, 37.866068694677267 ] ] } },
{ "type": "Feature", "properties": { "average_dip": null, "average_rake": null, "catalog_id": "GAF_295", "catalog_name": "HimaTibetMap", "dip_dir": null, "lower_seis_depth": null, "name": null, "net_slip_rate": null, "slip_type": "Anticline", "upper_seis_depth": null, "downthrown_side_id": null, "reference": null, "epistemic_quality": null, "accuracy": null, "activity_confidence": null, "fs_name": null, "last_movement": null, "downthrown_side_dir": null, "vert_sep_rate": null, "strike_slip_rate": null, "exposure_quality": "1", "shortening_rate": null, "notes": null, "index_right": 9, "NAME_EN": "People's Republic of China" }, "geometry": { "type": "LineString", "coordinates": [ [ 93.140704784583761, 38.584937679324987 ], [ 93.367716042893562, 38.496655523315617 ], [ 93.544280354912303, 38.320091211296884 ], [ 93.720844666931043, 38.200279713855593 ], [ 93.884797242377019, 38.074162348127921 ], [ 93.973079398386389, 37.98588019211855 ] ] } },
{ "type": "Feature", "properties": { "average_dip": null, "average_rake": null, "catalog_id": "GAF_296", "catalog_name": "HimaTibetMap", "dip_dir": null, "lower_seis_depth": null, "name": null, "net_slip_rate": null, "slip_type": "Anticline", "upper_seis_depth": null, "downthrown_side_id": null, "reference": null, "epistemic_quality": null, "accuracy": null, "activity_confidence": null, "fs_name": null, "last_movement": null, "downthrown_side_dir": null, "vert_sep_rate": null, "strike_slip_rate": null, "exposure_quality": "1", "shortening_rate": null, "notes": null, "index_right": 9, "NAME_EN": "People's Republic of China" }, "geometry": { "type": "LineString", "coordinates": [ [ 91.845411887817377, 37.752721840662694 ], [ 92.147117895402914, 37.670438384048452 ], [ 92.464496942343558, 37.603827966789311 ], [ 92.68391949331486, 37.545054069207708 ] ] } },
{ "type": "Feature", "properties": { "average_dip": null, "average_rake": null, "catalog_id": "GAF_297", "catalog_name": "HimaTibetMap", "dip_dir": null, "lower_seis_depth": null, "name": null, "net_slip_rate": null, "slip_type": "Reverse", "upper_seis_depth": null, "downthrown_side_id": null, "reference": null, "epistemic_quality": null, "accuracy": null, "activity_confidence": null, "fs_name": null, "last_movement": null, "downthrown_side_dir": null, "vert_sep_rate": null, "strike_slip_rate": null, "exposure_quality": "1", "shortening_rate": null, "notes": null, "index_right": 9, "NAME_EN": "People's Republic of China" }, "geometry": { "type": "LineString", "coordinates": [ [ 88.128961805385089, 36.851461076917481 ], [ 88.336666514750078, 36.806025671743889 ], [ 88.619015104043115, 36.786553355240919 ], [ 88.885136762917014, 36.750854108318812 ], [ 89.083105314030519, 36.692437158809909 ], [ 89.28431925122787, 36.588584804127414 ], [ 89.417380080664813, 36.556130943289133 ] ] } },
{ "type": "Feature", "properties": { "average_dip": null, "average_rake": null, "catalog_id": "GAF_298", "catalog_name": "HimaTibetMap", "dip_dir": null, "lower_seis_depth": null, "name": null, "net_slip_rate": null, "slip_type": "Reverse", "upper_seis_depth": null, "downthrown_side_id": null, "reference": null, "epistemic_quality": null, "accuracy": null, "activity_confidence": null, "fs_name": null, "last_movement": null, "downthrown_side_dir": null, "vert_sep_rate": null, "strike_slip_rate": null, "exposure_quality": "1", "shortening_rate": null, "notes": null, "index_right": 9, "NAME_EN": "People's Republic of China" }, "geometry": { "type": "LineString", "coordinates": [ [ 89.401153150245676, 36.588584804127414 ], [ 89.527723207514967, 36.491223221612572 ], [ 89.702974056041683, 36.416579341684525 ], [ 89.949623398412612, 36.358162392175622 ] ] } },
{ "type": "Feature", "properties": { "average_dip": null, "average_rake": null, "catalog_id": "GAF_299", "catalog_name": "HimaTibetMap", "dip_dir": null, "lower_seis_depth": null, "name": null, "net_slip_rate": null, "slip_type": "Reverse", "upper_seis_depth": null, "downthrown_side_id": null, "reference": null, "epistemic_quality": null, "accuracy": null, "activity_confidence": null, "fs_name": null, "last_movement": null, "downthrown_side_dir": null, "vert_sep_rate": null, "strike_slip_rate": null, "exposure_quality": "1", "shortening_rate": null, "notes": null, "index_right": 9, "NAME_EN": "People's Republic of China" }, "geometry": { "type": "LineString", "coordinates": [ [ 89.647802492616606, 36.371143936510933 ], [ 89.819807955059488, 36.257555423576953 ], [ 90.011285734005341, 36.234837720990157 ], [ 90.167064266029087, 36.228346948822498 ], [ 90.339069728471969, 36.212120018403361 ] ] } },
{ "type": "Feature", "properties": { "average_dip": null, "average_rake": null, "catalog_id": "GAF_300", "catalog_name": "HimaTibetMap", "dip_dir": null, "lower_seis_depth": null, "name": null, "net_slip_rate": null, "slip_type": "Reverse", "upper_seis_depth": null, "downthrown_side_id": null, "reference": null, "epistemic_quality": null, "accuracy": null, "activity_confidence": null, "fs_name": null, "last_movement": null, "downthrown_side_dir": null, "vert_sep_rate": null, "strike_slip_rate": null, "exposure_quality": "1", "shortening_rate": null, "notes": null, "index_right": 9, "NAME_EN": "People's Republic of China" }, "geometry": { "type": "LineString", "coordinates": [ [ 89.75953800412799, 36.873210093021093 ], [ 89.961521974040252, 36.777027250205734 ], [ 90.10900233302381, 36.725729734037536 ], [ 90.429611809075013, 36.661607838827294 ] ] } },
{ "type": "Feature", "properties": { "average_dip": null, "average_rake": null, "catalog_id": "GAF_301", "catalog_name": "HimaTibetMap", "dip_dir": null, "lower_seis_depth": null, "name": null, "net_slip_rate": null, "slip_type": "Reverse", "upper_seis_depth": null, "downthrown_side_id": null, "reference": null, "epistemic_quality": null, "accuracy": null, "activity_confidence": null, "fs_name": null, "last_movement": null, "downthrown_side_dir": null, "vert_sep_rate": null, "strike_slip_rate": null, "exposure_quality": "1", "shortening_rate": null, "notes": null, "index_right": 9, "NAME_EN": "People's Republic of China" }, "geometry": { "type": "LineString", "coordinates": [ [ 89.16961656819376, 36.902064945865703 ], [ 89.374806632866523, 36.777027250205734 ], [ 89.778774572691063, 36.597485943617052 ], [ 89.964728068800753, 36.530157953646302 ], [ 90.163505943952515, 36.488478721759641 ], [ 90.307780208175558, 36.424356826549399 ], [ 90.490527609524747, 36.40832635274684 ], [ 90.695717674197525, 36.35061664705762 ] ] } },
{ "type": "Feature", "properties": { "average_dip": null, "average_rake": null, "catalog_id": "GAF_302", "catalog_name": "HimaTibetMap", "dip_dir": null, "lower_seis_depth": null, "name": null, "net_slip_rate": null, "slip_type": "Sinistral", "upper_seis_depth": null, "downthrown_side_id": null, "reference": null, "epistemic_quality": null, "accuracy": null, "activity_confidence": null, "fs_name": null, "last_movement": null, "downthrown_side_dir": null, "vert_sep_rate": null, "strike_slip_rate": null, "exposure_quality": "1", "shortening_rate": null, "notes": null, "index_right": 9, "NAME_EN": "People's Republic of China" }, "geometry": { "type": "LineString", "coordinates": [ [ 84.374477170531222, 36.585306209183571 ], [ 84.522664965715904, 36.638230421749526 ], [ 84.604319465103373, 36.641254662467581 ], [ 84.695046686645014, 36.654863745698826 ], [ 84.911279897985935, 36.728957643291167 ], [ 85.361891764976079, 36.862024234885574 ], [ 85.549394689495472, 36.913436327092505 ] ] } },
{ "type": "Feature", "properties": { "average_dip": null, "average_rake": null, "catalog_id": "GAF_303", "catalog_name": "HimaTibetMap", "dip_dir": null, "lower_seis_depth": null, "name": null, "net_slip_rate": null, "slip_type": "Sinistral", "upper_seis_depth": null, "downthrown_side_id": null, "reference": null, "epistemic_quality": null, "accuracy": null, "activity_confidence": null, "fs_name": null, "last_movement": null, "downthrown_side_dir": null, "vert_sep_rate": null, "strike_slip_rate": null, "exposure_quality": "1", "shortening_rate": null, "notes": null, "index_right": 9, "NAME_EN": "People's Republic of China" }, "geometry": { "type": "LineString", "coordinates": [ [ 86.526927341125244, 37.622499687713201 ], [ 86.733662546461005, 37.629883087903764 ], [ 87.01054005360713, 37.604041187236795 ], [ 87.202508458561766, 37.574507586474539 ], [ 87.368634962849441, 37.563432486188695 ], [ 87.612287169138028, 37.581890986665101 ], [ 87.815330674378515, 37.637266488094326 ], [ 87.922389977141691, 37.64834158838017 ] ] } },
{ "type": "Feature", "properties": { "average_dip": null, "average_rake": null, "catalog_id": "GAF_312", "catalog_name": "HimaTibetMap", "dip_dir": null, "lower_seis_depth": null, "name": null, "net_slip_rate": null, "slip_type": "Sinistral", "upper_seis_depth": null, "downthrown_side_id": null, "reference": "Kirby et al., 2007", "epistemic_quality": null, "accuracy": null, "activity_confidence": null, "fs_name": "Bailong Jiang Fault", "last_movement": null, "downthrown_side_dir": null, "vert_sep_rate": null, "strike_slip_rate": "None", "exposure_quality": "1", "shortening_rate": null, "notes": null, "index_right": 9, "NAME_EN": "People's Republic of China" }, "geometry": { "type": "LineString", "coordinates": [ [ 102.765618643283503, 34.15263671963767 ], [ 102.995238392312174, 34.1317621969987 ], [ 103.237382854924221, 34.05661391549841 ], [ 103.421078654147152, 34.002340156637089 ], [ 103.667398021286999, 33.943891493247975 ], [ 103.86361853409332, 33.847868689108715 ], [ 104.047314333316251, 33.74349607591386 ], [ 104.222660323483595, 33.685047412524746 ], [ 104.468979690623442, 33.555625372163135 ], [ 104.744523389457839, 33.459602568023875 ], [ 104.886470143402846, 33.447077854440494 ] ] } },
{ "type": "Feature", "properties": { "average_dip": null, "average_rake": null, "catalog_id": "GAF_313", "catalog_name": "HimaTibetMap", "dip_dir": null, "lower_seis_depth": null, "name": null, "net_slip_rate": null, "slip_type": "Sinistral", "upper_seis_depth": null, "downthrown_side_id": null, "reference": "Kirby et al., 2007", "epistemic_quality": null, "accuracy": null, "activity_confidence": null, "fs_name": "Bailong Jiang Fault", "last_movement": null, "downthrown_side_dir": null, "vert_sep_rate": null, "strike_slip_rate": "None", "exposure_quality": "1", "shortening_rate": null, "notes": null, "index_right": 9, "NAME_EN": "People's Republic of China" }, "geometry": { "type": "LineString", "coordinates": [ [ 104.924044284152984, 33.476302186135051 ], [ 105.245511932793121, 33.430378236329318 ], [ 105.888447230073396, 33.396979000106967 ], [ 106.226614496824709, 33.355229954829021 ], [ 106.364386346241901, 33.313480909551082 ], [ 106.531382527353657, 33.234157723522998 ], [ 106.652454758659687, 33.209108296356234 ] ] } },
{ "type": "Feature", "properties": { "average_dip": null, "average_rake": null, "catalog_id": "GAF_314", "catalog_name": "HimaTibetMap", "dip_dir": null, "lower_seis_depth": null, "name": null, "net_slip_rate": null, "slip_type": "Sinistral", "upper_seis_depth": null, "downthrown_side_id": null, "reference": null, "epistemic_quality": null, "accuracy": null, "activity_confidence": null, "fs_name": null, "last_movement": null, "downthrown_side_dir": null, "vert_sep_rate": null, "strike_slip_rate": null, "exposure_quality": "1", "shortening_rate": null, "notes": null, "index_right": 9, "NAME_EN": "People's Republic of China" }, "geometry": { "type": "LineString", "coordinates": [ [ 105.414178075715952, 33.634948558191219 ], [ 105.639622920216837, 33.705921935163715 ], [ 105.81079400585638, 33.730971362330479 ], [ 106.002839614134913, 33.735146266858273 ], [ 106.282558217497098, 33.726796457802685 ], [ 106.432854780497692, 33.705921935163715 ], [ 106.608200770665036, 33.705921935163715 ] ] } },
{ "type": "Feature", "properties": { "average_dip": null, "average_rake": null, "catalog_id": "GAF_315", "catalog_name": "HimaTibetMap", "dip_dir": null, "lower_seis_depth": null, "name": null, "net_slip_rate": null, "slip_type": "Sinistral", "upper_seis_depth": null, "downthrown_side_id": null, "reference": null, "epistemic_quality": null, "accuracy": null, "activity_confidence": null, "fs_name": null, "last_movement": null, "downthrown_side_dir": null, "vert_sep_rate": null, "strike_slip_rate": null, "exposure_quality": "1", "shortening_rate": null, "notes": null, "index_right": 9, "NAME_EN": "People's Republic of China" }, "geometry": { "type": "LineString", "coordinates": [ [ 106.641600006887387, 33.730971362330479 ], [ 106.758497333665616, 33.722621553274891 ], [ 106.896269183082822, 33.676697603469158 ] ] } },
{ "type": "Feature", "properties": { "average_dip": null, "average_rake": null, "catalog_id": "GAF_316", "catalog_name": "HimaTibetMap", "dip_dir": null, "lower_seis_depth": null, "name": null, "net_slip_rate": null, "slip_type": "Sinistral", "upper_seis_depth": null, "downthrown_side_id": null, "reference": null, "epistemic_quality": null, "accuracy": null, "activity_confidence": null, "fs_name": null, "last_movement": null, "downthrown_side_dir": null, "vert_sep_rate": null, "strike_slip_rate": null, "exposure_quality": "1", "shortening_rate": null, "notes": null, "index_right": 9, "NAME_EN": "People's Republic of China" }, "geometry": { "type": "LineString", "coordinates": [ [ 106.896269183082822, 33.718446648747097 ], [ 107.13006383663928, 33.722621553274891 ], [ 107.372208299251326, 33.680872507996952 ] ] } },
{ "type": "Feature", "properties": { "average_dip": null, "average_rake": null, "catalog_id": "GAF_317", "catalog_name": "HimaTibetMap", "dip_dir": null, "lower_seis_depth": null, "name": null, "net_slip_rate": null, "slip_type": "Sinistral", "upper_seis_depth": null, "downthrown_side_id": null, "reference": null, "epistemic_quality": null, "accuracy": null, "activity_confidence": null, "fs_name": null, "last_movement": null, "downthrown_side_dir": null, "vert_sep_rate": null, "strike_slip_rate": null, "exposure_quality": "1", "shortening_rate": null, "notes": null, "index_right": 9, "NAME_EN": "People's Republic of China" }, "geometry": { "type": "LineString", "coordinates": [ [ 108.687303225506426, 33.785245121191799 ], [ 108.93779749717406, 33.810294548358563 ], [ 109.204991386952884, 33.818644357414158 ], [ 109.468010372203906, 33.772720407608418 ] ] } },
{ "type": "Feature", "properties": { "average_dip": null, "average_rake": null, "catalog_id": "GAF_318", "catalog_name": "HimaTibetMap", "dip_dir": null, "lower_seis_depth": null, "name": null, "net_slip_rate": null, "slip_type": "Sinistral", "upper_seis_depth": null, "downthrown_side_id": null, "reference": null, "epistemic_quality": null, "accuracy": null, "activity_confidence": null, "fs_name": null, "last_movement": null, "downthrown_side_dir": null, "vert_sep_rate": null, "strike_slip_rate": null, "exposure_quality": "1", "shortening_rate": null, "notes": null, "index_right": 9, "NAME_EN": "People's Republic of China" }, "geometry": { "type": "LineString", "coordinates": [ [ 105.307945609868256, 33.754988794877299 ], [ 105.533381040776845, 33.817815062507556 ], [ 105.692294541253389, 33.858467353327136 ], [ 105.91403430936019, 33.884336992939602 ], [ 106.205991670700811, 33.913902295353843 ] ] } },
{ "type": "Feature", "properties": { "average_dip": null, "average_rake": null, "catalog_id": "GAF_319", "catalog_name": "HimaTibetMap", "dip_dir": null, "lower_seis_depth": null, "name": null, "net_slip_rate": null, "slip_type": "Sinistral", "upper_seis_depth": null, "downthrown_side_id": null, "reference": null, "epistemic_quality": null, "accuracy": null, "activity_confidence": null, "fs_name": null, "last_movement": null, "downthrown_side_dir": null, "vert_sep_rate": null, "strike_slip_rate": null, "exposure_quality": "1", "shortening_rate": null, "notes": null, "index_right": 9, "NAME_EN": "People's Republic of China" }, "geometry": { "type": "LineString", "coordinates": [ [ 106.460992404023642, 33.906510969750279 ], [ 106.73816711415715, 33.954554586173423 ], [ 107.000559173083531, 33.969337237380543 ], [ 107.163168336361863, 33.99151121419122 ], [ 107.22599460399212, 33.987815551389438 ] ] } },
{ "type": "Feature", "properties": { "average_dip": null, "average_rake": null, "catalog_id": "GAF_320", "catalog_name": "HimaTibetMap", "dip_dir": null, "lower_seis_depth": null, "name": null, "net_slip_rate": null, "slip_type": "Sinistral", "upper_seis_depth": null, "downthrown_side_id": null, "reference": null, "epistemic_quality": null, "accuracy": null, "activity_confidence": null, "fs_name": null, "last_movement": null, "downthrown_side_dir": null, "vert_sep_rate": null, "strike_slip_rate": null, "exposure_quality": "1", "shortening_rate": null, "notes": null, "index_right": 9, "NAME_EN": "People's Republic of China" }, "geometry": { "type": "LineString", "coordinates": [ [ 107.255559906406361, 34.054337481821484 ], [ 107.34056015084731, 34.069120133028605 ], [ 107.554908593350547, 34.07281579583038 ], [ 107.669474140205736, 34.069120133028605 ] ] } },
{ "type": "Feature", "properties": { "average_dip": null, "average_rake": null, "catalog_id": "GAF_321", "catalog_name": "HimaTibetMap", "dip_dir": null, "lower_seis_depth": null, "name": null, "net_slip_rate": null, "slip_type": "Sinistral", "upper_seis_depth": null, "downthrown_side_id": null, "reference": null, "epistemic_quality": null, "accuracy": null, "activity_confidence": null, "fs_name": null, "last_movement": null, "downthrown_side_dir": null, "vert_sep_rate": null, "strike_slip_rate": null, "exposure_quality": "1", "shortening_rate": null, "notes": null, "index_right": 9, "NAME_EN": "People's Republic of China" }, "geometry": { "type": "LineString", "coordinates": [ [ 97.724216657708837, 40.025203760640693 ], [ 98.302218842422747, 39.96310435236564 ], [ 99.324470640181246, 39.886674311411731 ], [ 99.649298314235352, 39.858013046054019 ], [ 99.931134090252883, 39.848459290934784 ], [ 100.222523621389655, 39.824574903136686 ], [ 100.39926809109555, 39.805467392898208 ], [ 100.633335091516898, 39.805467392898208 ] ] } },
{ "type": "Feature", "properties": { "average_dip": null, "average_rake": null, "catalog_id": "GAF_322", "catalog_name": "HimaTibetMap", "dip_dir": null, "lower_seis_depth": null, "name": null, "net_slip_rate": null, "slip_type": "Sinistral", "upper_seis_depth": null, "downthrown_side_id": null, "reference": null, "epistemic_quality": null, "accuracy": null, "activity_confidence": null, "fs_name": null, "last_movement": null, "downthrown_side_dir": null, "vert_sep_rate": null, "strike_slip_rate": null, "exposure_quality": "1", "shortening_rate": null, "notes": null, "index_right": 9, "NAME_EN": "People's Republic of China" }, "geometry": { "type": "LineString", "coordinates": [ [ 99.55853764060258, 39.767252372421254 ], [ 99.935910967812504, 39.686045453907731 ], [ 100.174754845793458, 39.58095414759611 ], [ 100.504359397407171, 39.490193473963345 ], [ 100.872178969497853, 39.466309086165246 ], [ 101.244775419148141, 39.475862841284489 ], [ 101.674694399513868, 39.494970351522966 ], [ 102.075952114521883, 39.547516004678776 ], [ 102.281357849585504, 39.58095414759611 ] ] } },
{ "type": "Feature", "properties": { "average_dip": null, "average_rake": null, "catalog_id": "GAF_323", "catalog_name": "HimaTibetMap", "dip_dir": null, "lower_seis_depth": null, "name": null, "net_slip_rate": null, "slip_type": "Sinistral", "upper_seis_depth": null, "downthrown_side_id": null, "reference": null, "epistemic_quality": null, "accuracy": null, "activity_confidence": null, "fs_name": null, "last_movement": null, "downthrown_side_dir": null, "vert_sep_rate": null, "strike_slip_rate": null, "exposure_quality": "1", "shortening_rate": null, "notes": null, "index_right": 9, "NAME_EN": "People's Republic of China" }, "geometry": { "type": "LineString", "coordinates": [ [ 102.90712880989561, 39.719483596825064 ], [ 103.179410830793898, 39.786359882659731 ] ] } },
{ "type": "Feature", "properties": { "average_dip": null, "average_rake": null, "catalog_id": "GAF_326", "catalog_name": "HimaTibetMap", "dip_dir": null, "lower_seis_depth": null, "name": null, "net_slip_rate": null, "slip_type": "Sinistral", "upper_seis_depth": null, "downthrown_side_id": null, "reference": null, "epistemic_quality": null, "accuracy": null, "activity_confidence": null, "fs_name": null, "last_movement": null, "downthrown_side_dir": null, "vert_sep_rate": null, "strike_slip_rate": null, "exposure_quality": "1", "shortening_rate": null, "notes": null, "index_right": 9, "NAME_EN": "People's Republic of China" }, "geometry": { "type": "LineString", "coordinates": [ [ 112.533716966848104, 38.560535527039086 ], [ 112.96730695173639, 38.716627921598871 ], [ 113.325741339244033, 38.884282715755667 ], [ 113.753550124333785, 39.080843508905019 ] ] } },
{ "type": "Feature", "properties": { "average_dip": null, "average_rake": null, "catalog_id": "GAF_327", "catalog_name": "HimaTibetMap", "dip_dir": null, "lower_seis_depth": null, "name": null, "net_slip_rate": null, "slip_type": "Sinistral", "upper_seis_depth": null, "downthrown_side_id": null, "reference": null, "epistemic_quality": null, "accuracy": null, "activity_confidence": null, "fs_name": null, "last_movement": null, "downthrown_side_dir": null, "vert_sep_rate": null, "strike_slip_rate": null, "exposure_quality": "1", "shortening_rate": null, "notes": null, "index_right": 9, "NAME_EN": "People's Republic of China" }, "geometry": { "type": "LineString", "coordinates": [ [ 112.603091364430227, 38.225225938725487 ], [ 112.880588954758736, 38.39288073288229 ], [ 113.186992544079772, 38.496942329255475 ], [ 113.412459336221687, 38.606785125427173 ] ] } },
{ "type": "Feature", "properties": { "average_dip": null, "average_rake": null, "catalog_id": "GAF_328", "catalog_name": "HimaTibetMap", "dip_dir": null, "lower_seis_depth": null, "name": null, "net_slip_rate": null, "slip_type": "Sinistral", "upper_seis_depth": null, "downthrown_side_id": null, "reference": null, "epistemic_quality": null, "accuracy": null, "activity_confidence": null, "fs_name": null, "last_movement": null, "downthrown_side_dir": null, "vert_sep_rate": null, "strike_slip_rate": null, "exposure_quality": "1", "shortening_rate": null, "notes": null, "index_right": 9, "NAME_EN": "People's Republic of China" }, "geometry": { "type": "LineString", "coordinates": [ [ 112.7534025591915, 37.959290747994011 ], [ 113.17543014448276, 38.132726741949327 ], [ 113.551208131385934, 38.254131937718043 ], [ 113.926986118289108, 38.404443132479308 ] ] } },
{ "type": "Feature", "properties": { "average_dip": null, "average_rake": null, "catalog_id": "GAF_329", "catalog_name": "HimaTibetMap", "dip_dir": null, "lower_seis_depth": null, "name": null, "net_slip_rate": null, "slip_type": "Sinistral", "upper_seis_depth": null, "downthrown_side_id": null, "reference": null, "epistemic_quality": null, "accuracy": null, "activity_confidence": null, "fs_name": null, "last_movement": null, "downthrown_side_dir": null, "vert_sep_rate": null, "strike_slip_rate": null, "exposure_quality": "1", "shortening_rate": null, "notes": null, "index_right": 9, "NAME_EN": "People's Republic of China" }, "geometry": { "type": "LineString", "coordinates": [ [ 111.822629391631338, 36.982267982045762 ], [ 112.186844978937486, 37.155703976001078 ], [ 112.348718573295784, 37.2828903715683 ], [ 112.539498166646624, 37.363827168747449 ], [ 112.845901755967674, 37.467888765120634 ] ] } },
{ "type": "Feature", "properties": { "average_dip": null, "average_rake": null, "catalog_id": "GAF_330", "catalog_name": "HimaTibetMap", "dip_dir": null, "lower_seis_depth": null, "name": null, "net_slip_rate": null, "slip_type": "Sinistral", "upper_seis_depth": null, "downthrown_side_id": null, "reference": null, "epistemic_quality": null, "accuracy": null, "activity_confidence": null, "fs_name": null, "last_movement": null, "downthrown_side_dir": null, "vert_sep_rate": null, "strike_slip_rate": null, "exposure_quality": "1", "shortening_rate": null, "notes": null, "index_right": 9, "NAME_EN": "People's Republic of China" }, "geometry": { "type": "LineString", "coordinates": [ [ 108.71350013999249, 40.719813651782694 ], [ 108.990997730320998, 40.690907652790138 ], [ 109.366775717224172, 40.667782853596101 ], [ 109.673179306545208, 40.708251252185669 ], [ 110.129894090627531, 40.812312848558861 ], [ 110.390048081560494, 40.835437647752897 ], [ 110.673326871687507, 40.864343646745453 ], [ 111.020198859598125, 40.864343646745453 ], [ 111.367070847508742, 40.800750448961836 ], [ 111.505819642672989, 40.777625649767799 ] ] } },
{ "type": "Feature", "properties": { "average_dip": null, "average_rake": null, "catalog_id": "GAF_331", "catalog_name": "HimaTibetMap", "dip_dir": null, "lower_seis_depth": null, "name": null, "net_slip_rate": null, "slip_type": "Sinistral", "upper_seis_depth": null, "downthrown_side_id": null, "reference": null, "epistemic_quality": null, "accuracy": null, "activity_confidence": null, "fs_name": null, "last_movement": null, "downthrown_side_dir": null, "vert_sep_rate": null, "strike_slip_rate": null, "exposure_quality": "1", "shortening_rate": null, "notes": null, "index_right": 9, "NAME_EN": "People's Republic of China" }, "geometry": { "type": "LineString", "coordinates": [ [ 110.008488894858814, 40.609970855610996 ], [ 110.505672077530704, 40.604189655812483 ], [ 110.760044868665162, 40.627314455006527 ], [ 111.020198859598125, 40.708251252185669 ], [ 111.251446851538532, 40.737157251178225 ], [ 111.413320445896829, 40.766063250170774 ] ] } },
{ "type": "Feature", "properties": { "average_dip": null, "average_rake": null, "catalog_id": "GAF_332", "catalog_name": "HimaTibetMap", "dip_dir": null, "lower_seis_depth": null, "name": null, "net_slip_rate": null, "slip_type": "Sinistral", "upper_seis_depth": null, "downthrown_side_id": null, "reference": null, "epistemic_quality": null, "accuracy": null, "activity_confidence": null, "fs_name": null, "last_movement": null, "downthrown_side_dir": null, "vert_sep_rate": null, "strike_slip_rate": null, "exposure_quality": "1", "shortening_rate": null, "notes": null, "index_right": 9, "NAME_EN": "People's Republic of China" }, "geometry": { "type": "LineString", "coordinates": [ [ 111.540506841464051, 40.806531648760348 ], [ 111.690818036225323, 40.899030845536515 ], [ 111.950972027158286, 40.979967642715657 ], [ 112.13597042071062, 41.03199844090225 ], [ 112.372999612449547, 41.205434434857558 ], [ 112.563779205800387, 41.297933631633725 ], [ 112.870182795121437, 41.396214028208405 ], [ 113.315335179606734, 41.488713224984572 ] ] } },
{ "type": "Feature", "properties": { "average_dip": null, "average_rake": null, "catalog_id": "GAF_333", "catalog_name": "HimaTibetMap", "dip_dir": null, "lower_seis_depth": null, "name": null, "net_slip_rate": null, "slip_type": "Sinistral", "upper_seis_depth": null, "downthrown_side_id": null, "reference": null, "epistemic_quality": null, "accuracy": null, "activity_confidence": null, "fs_name": null, "last_movement": null, "downthrown_side_dir": null, "vert_sep_rate": null, "strike_slip_rate": null, "exposure_quality": "1", "shortening_rate": null, "notes": null, "index_right": 9, "NAME_EN": "People's Republic of China" }, "geometry": { "type": "LineString", "coordinates": [ [ 113.440209095254531, 40.320910865685477 ], [ 113.665675887396432, 40.407628862663131 ], [ 113.839111881351741, 40.459659660849724 ], [ 113.931611078127901, 40.494346859640793 ] ] } },
{ "type": "Feature", "properties": { "average_dip": null, "average_rake": null, "catalog_id": "GAF_334", "catalog_name": "HimaTibetMap", "dip_dir": null, "lower_seis_depth": null, "name": null, "net_slip_rate": null, "slip_type": "Sinistral", "upper_seis_depth": null, "downthrown_side_id": null, "reference": null, "epistemic_quality": null, "accuracy": null, "activity_confidence": null, "fs_name": null, "last_movement": null, "downthrown_side_dir": null, "vert_sep_rate": null, "strike_slip_rate": null, "exposure_quality": "1", "shortening_rate": null, "notes": null, "index_right": 9, "NAME_EN": "People's Republic of China" }, "geometry": { "type": "LineString", "coordinates": [ [ 112.012252745022465, 38.719518521498109 ], [ 112.237719537164381, 38.927641714244487 ], [ 112.445842729910751, 39.095296508401283 ], [ 112.758027519030307, 39.245607703162555 ], [ 113.099118307142419, 39.395918897923821 ], [ 113.32458509928432, 39.453730895908926 ], [ 113.526927092232185, 39.598260890871686 ], [ 113.72348788538153, 39.725447286438914 ], [ 113.839111881351741, 39.78325928442402 ], [ 113.972079476717482, 39.817946483215081 ] ] } },
{ "type": "Feature", "properties": { "average_dip": null, "average_rake": null, "catalog_id": "GAF_335", "catalog_name": "HimaTibetMap", "dip_dir": null, "lower_seis_depth": null, "name": null, "net_slip_rate": null, "slip_type": "Sinistral", "upper_seis_depth": null, "downthrown_side_id": null, "reference": null, "epistemic_quality": null, "accuracy": null, "activity_confidence": null, "fs_name": null, "last_movement": null, "downthrown_side_dir": null, "vert_sep_rate": null, "strike_slip_rate": null, "exposure_quality": "1", "shortening_rate": null, "notes": null, "index_right": 9, "NAME_EN": "People's Republic of China" }, "geometry": { "type": "LineString", "coordinates": [ [ 112.781152318224343, 39.517324093692544 ], [ 113.087555907545394, 39.679197688050827 ], [ 113.463333894448567, 39.864196081603161 ], [ 113.758175084172592, 39.968257677976347 ] ] } },
{ "type": "Feature", "properties": { "average_dip": null, "average_rake": null, "catalog_id": "GAF_336", "catalog_name": "HimaTibetMap", "dip_dir": null, "lower_seis_depth": null, "name": null, "net_slip_rate": null, "slip_type": "Reverse", "upper_seis_depth": null, "downthrown_side_id": null, "reference": null, "epistemic_quality": null, "accuracy": null, "activity_confidence": null, "fs_name": null, "last_movement": null, "downthrown_side_dir": null, "vert_sep_rate": null, "strike_slip_rate": null, "exposure_quality": "1", "shortening_rate": null, "notes": null, "index_right": 9, "NAME_EN": "People's Republic of China" }, "geometry": { "type": "LineString", "coordinates": [ [ 98.672079030818736, 35.074376860656734 ], [ 97.738347428459306, 35.339056684947593 ], [ 97.363384344047248, 35.464044379751613 ], [ 97.223692214560401, 35.486101031775853 ] ] } },
{ "type": "Feature", "properties": { "average_dip": null, "average_rake": null, "catalog_id": "GAF_337", "catalog_name": "HimaTibetMap", "dip_dir": null, "lower_seis_depth": null, "name": null, "net_slip_rate": null, "slip_type": "Dextral", "upper_seis_depth": null, "downthrown_side_id": null, "reference": "Zubovich et al., 2010; Mohadjer (2017)", "epistemic_quality": null, "accuracy": null, "activity_confidence": null, "fs_name": "Muji Fault", "last_movement": null, "downthrown_side_dir": null, "vert_sep_rate": null, "strike_slip_rate": null, "exposure_quality": "1", "shortening_rate": null, "notes": null, "index_right": 9, "NAME_EN": "People's Republic of China" }, "geometry": { "type": "LineString", "coordinates": [ [ 73.368336735327134, 39.315505293909609 ], [ 73.759294871152022, 39.326675526361747 ], [ 73.965944171516611, 39.293164829005327 ], [ 74.211689285463692, 39.242898782970698 ], [ 74.362487423567572, 39.226143434292489 ], [ 74.530040910349683, 39.198217853162141 ], [ 74.613817653740725, 39.164707155805722 ] ] } },
{ "type": "Feature", "properties": { "average_dip": null, "average_rake": null, "catalog_id": "GAF_338", "catalog_name": "HimaTibetMap", "dip_dir": null, "lower_seis_depth": null, "name": null, "net_slip_rate": null, "slip_type": "Normal", "upper_seis_depth": null, "downthrown_side_id": null, "reference": "Avouac and Peltzer, 1993; Robinson, et al., 2004b; Schoenbohm et al., 2011", "epistemic_quality": null, "accuracy": null, "activity_confidence": null, "fs_name": "Kongur Shan", "last_movement": null, "downthrown_side_dir": null, "vert_sep_rate": null, "strike_slip_rate": null, "exposure_quality": "1", "shortening_rate": "(5.75,5.,6.5)", "notes": null, "index_right": 9, "NAME_EN": "People's Republic of China" }, "geometry": { "type": "LineString", "coordinates": [ [ 75.15530221931256, 37.868718672817991 ], [ 75.197809482265569, 37.992376165044924 ], [ 75.219063113742081, 38.029086983049794 ], [ 75.211334520477891, 38.069662097686752 ], [ 75.159166515944662, 38.1179658055879 ], [ 75.083812731618863, 38.145015882012537 ], [ 75.000730354028903, 38.168201661805092 ], [ 74.952426646127748, 38.212641073074145 ], [ 74.93890160791544, 38.266741225923425 ], [ 74.960155239391938, 38.328569972036895 ], [ 75.020051837189357, 38.390398718150358 ], [ 75.043237616981912, 38.423245239523141 ], [ 75.050966210246088, 38.473481095740333 ], [ 75.008458947293079, 38.616460071127719 ], [ 74.981408870868435, 38.682153113873277 ], [ 74.994933909080757, 38.734321118406513 ], [ 75.023916133821444, 38.7884212712558 ], [ 75.006526798977035, 38.836724979156941 ], [ 74.964019536024026, 38.890825132006228 ], [ 74.853887082009422, 38.917875208430864 ], [ 74.784329742631769, 38.919807356746915 ], [ 74.701247365041795, 38.94106098822342 ], [ 74.65101150882461, 38.968111064648056 ], [ 74.604639949239512, 39.012550475917109 ], [ 74.571793427866723, 39.082107815294762 ], [ 74.577589872814869, 39.128479374879859 ], [ 74.614300690819732, 39.161325896252642 ] ] } },
{ "type": "Feature", "properties": { "average_dip": null, "average_rake": null, "catalog_id": "GAF_339", "catalog_name": "HimaTibetMap", "dip_dir": null, "lower_seis_depth": null, "name": null, "net_slip_rate": null, "slip_type": "Normal", "upper_seis_depth": null, "downthrown_side_id": null, "reference": "Avouac and Peltzer, 1993; Robinson, et al., 2004b", "epistemic_quality": null, "accuracy": null, "activity_confidence": null, "fs_name": "Kongur Shan", "last_movement": null, "downthrown_side_dir": null, "vert_sep_rate": null, "strike_slip_rate": null, "exposure_quality": "1", "shortening_rate": null, "notes": null, "index_right": 9, "NAME_EN": "People's Republic of China" }, "geometry": { "type": "LineString", "coordinates": [ [ 75.139346900796468, 37.826468023313197 ], [ 75.207273990032462, 37.690613844841224 ], [ 75.301617169526878, 37.460416486874827 ], [ 75.380865440302202, 37.309467399683747 ] ] } },
{ "type": "Feature", "properties": { "average_dip": null, "average_rake": null, "catalog_id": "GAF_340", "catalog_name": "HimaTibetMap", "dip_dir": null, "lower_seis_depth": null, "name": null, "net_slip_rate": null, "slip_type": "Normal", "upper_seis_depth": null, "downthrown_side_id": null, "reference": "Murphy, et al., 2002", "epistemic_quality": null, "accuracy": null, "activity_confidence": null, "fs_name": "Gurla Mandhata detachment", "last_movement": null, "downthrown_side_dir": null, "vert_sep_rate": null, "strike_slip_rate": null, "exposure_quality": "1", "shortening_rate": null, "notes": null, "index_right": 9, "NAME_EN": "People's Republic of China" }, "geometry": { "type": "LineString", "coordinates": [ [ 81.459615674079686, 30.547349131866813 ], [ 81.482458499735657, 30.560674113499463 ], [ 81.508156678598624, 30.585420507960098 ], [ 81.572878017957194, 30.633009728076704 ], [ 81.583680770923706, 30.654139341808488 ], [ 81.613424033496585, 30.699943966170729 ], [ 81.613424033496585, 30.730282093995068 ], [ 81.644951891823851, 30.757051030310659 ] ] } },
{ "type": "Feature", "properties": { "average_dip": null, "average_rake": null, "catalog_id": "GAF_341", "catalog_name": "HimaTibetMap", "dip_dir": null, "lower_seis_depth": null, "name": null, "net_slip_rate": null, "slip_type": "Anticline", "upper_seis_depth": null, "downthrown_side_id": null, "reference": null, "epistemic_quality": null, "accuracy": null, "activity_confidence": null, "fs_name": null, "last_movement": null, "downthrown_side_dir": null, "vert_sep_rate": null, "strike_slip_rate": null, "exposure_quality": "1", "shortening_rate": null, "notes": null, "index_right": 9, "NAME_EN": "People's Republic of China" }, "geometry": { "type": "LineString", "coordinates": [ [ 75.601546979117487, 39.585619857969718 ], [ 75.71417894641489, 39.591763419822307 ], [ 75.828858767663164, 39.581524150067992 ], [ 75.925107903353677, 39.589715565871444 ], [ 75.929203611255403, 39.589715565871444 ], [ 75.937395027058841, 39.583572004018855 ], [ 75.941490734960567, 39.587667711920581 ], [ 75.953777858665745, 39.612241959330923 ], [ 75.968112836321779, 39.608146251429197 ], [ 76.060266264110552, 39.614289813281786 ], [ 76.156515399801066, 39.626576936986957 ], [ 76.207711748572621, 39.636816206741265 ] ] } },
{ "type": "Feature", "properties": { "average_dip": null, "average_rake": null, "catalog_id": "GAF_342", "catalog_name": "HimaTibetMap", "dip_dir": null, "lower_seis_depth": null, "name": null, "net_slip_rate": null, "slip_type": "Anticline", "upper_seis_depth": null, "downthrown_side_id": null, "reference": null, "epistemic_quality": null, "accuracy": null, "activity_confidence": null, "fs_name": null, "last_movement": null, "downthrown_side_dir": null, "vert_sep_rate": null, "strike_slip_rate": null, "exposure_quality": "1", "shortening_rate": null, "notes": null, "index_right": 9, "NAME_EN": "People's Republic of China" }, "geometry": { "type": "LineString", "coordinates": [ [ 75.454101494655433, 39.66958186995506 ], [ 75.599499125166631, 39.679821139709368 ], [ 75.689604699004548, 39.688012555512813 ] ] } },
{ "type": "Feature", "properties": { "average_dip": null, "average_rake": null, "catalog_id": "GAF_343", "catalog_name": "HimaTibetMap", "dip_dir": null, "lower_seis_depth": null, "name": null, "net_slip_rate": null, "slip_type": "Anticline", "upper_seis_depth": null, "downthrown_side_id": null, "reference": null, "epistemic_quality": null, "accuracy": null, "activity_confidence": null, "fs_name": null, "last_movement": null, "downthrown_side_dir": null, "vert_sep_rate": null, "strike_slip_rate": null, "exposure_quality": "1", "shortening_rate": null, "notes": null, "index_right": 9, "NAME_EN": "People's Republic of China" }, "geometry": { "type": "LineString", "coordinates": [ [ 75.757183879382993, 39.72692178057919 ], [ 75.953777858665745, 39.722826072677464 ], [ 75.992687083732122, 39.72692178057919 ] ] } },
{ "type": "Feature", "properties": { "average_dip": null, "average_rake": null, "catalog_id": "GAF_344", "catalog_name": "HimaTibetMap", "dip_dir": null, "lower_seis_depth": null, "name": null, "net_slip_rate": null, "slip_type": "Anticline", "upper_seis_depth": null, "downthrown_side_id": null, "reference": null, "epistemic_quality": null, "accuracy": null, "activity_confidence": null, "fs_name": null, "last_movement": null, "downthrown_side_dir": null, "vert_sep_rate": null, "strike_slip_rate": null, "exposure_quality": "1", "shortening_rate": null, "notes": null, "index_right": 9, "NAME_EN": "People's Republic of China" }, "geometry": { "type": "LineString", "coordinates": [ [ 75.835002329515746, 39.671629723905916 ], [ 76.066409825963149, 39.690060409463676 ], [ 76.256860243393305, 39.794500960957635 ], [ 76.355157233034674, 39.833410186024011 ], [ 76.482124177988112, 39.880510826893833 ], [ 76.559942628120865, 39.903037220353312 ], [ 76.666431033565686, 39.903037220353312 ] ] } },
{ "type": "Feature", "properties": { "average_dip": null, "average_rake": null, "catalog_id": "GAF_345", "catalog_name": "HimaTibetMap", "dip_dir": null, "lower_seis_depth": null, "name": null, "net_slip_rate": null, "slip_type": "Anticline", "upper_seis_depth": null, "downthrown_side_id": null, "reference": null, "epistemic_quality": null, "accuracy": null, "activity_confidence": null, "fs_name": null, "last_movement": null, "downthrown_side_dir": null, "vert_sep_rate": null, "strike_slip_rate": null, "exposure_quality": "1", "shortening_rate": null, "notes": null, "index_right": 9, "NAME_EN": "People's Republic of China" }, "geometry": { "type": "LineString", "coordinates": [ [ 76.039787724601936, 39.835458039974874 ], [ 76.20566389462175, 39.89689365850073 ], [ 76.338774401427784, 39.970616400731757 ], [ 76.428879975265701, 40.005429917896407 ], [ 76.523081257005359, 40.011573479748996 ], [ 76.572229751826043, 39.984951378387791 ] ] } },
{ "type": "Feature", "properties": { "average_dip": null, "average_rake": null, "catalog_id": "GAF_346", "catalog_name": "HimaTibetMap", "dip_dir": null, "lower_seis_depth": null, "name": null, "net_slip_rate": null, "slip_type": "Anticline", "upper_seis_depth": null, "downthrown_side_id": null, "reference": null, "epistemic_quality": null, "accuracy": null, "activity_confidence": null, "fs_name": null, "last_movement": null, "downthrown_side_dir": null, "vert_sep_rate": null, "strike_slip_rate": null, "exposure_quality": "1", "shortening_rate": null, "notes": null, "index_right": 9, "NAME_EN": "People's Republic of China" }, "geometry": { "type": "LineString", "coordinates": [ [ 76.705340258632063, 39.989047086289517 ], [ 76.93060419322687, 39.989047086289517 ], [ 77.032996890769965, 39.99109494024038 ], [ 77.129246026460478, 39.970616400731757 ], [ 77.209112330544087, 39.970616400731757 ] ] } },
{ "type": "Feature", "properties": { "average_dip": null, "average_rake": null, "catalog_id": "GAF_347", "catalog_name": "HimaTibetMap", "dip_dir": null, "lower_seis_depth": null, "name": null, "net_slip_rate": null, "slip_type": "Anticline", "upper_seis_depth": null, "downthrown_side_id": null, "reference": null, "epistemic_quality": null, "accuracy": null, "activity_confidence": null, "fs_name": null, "last_movement": null, "downthrown_side_dir": null, "vert_sep_rate": null, "strike_slip_rate": null, "exposure_quality": "1", "shortening_rate": null, "notes": null, "index_right": 9, "NAME_EN": "People's Republic of China" }, "geometry": { "type": "LineString", "coordinates": [ [ 76.699196696779481, 39.958329277026586 ], [ 76.848690035192391, 39.929659321714517 ], [ 76.994087665703589, 39.882558680844696 ], [ 77.133341734362205, 39.864127995286935 ], [ 77.334031421546669, 39.864127995286935 ], [ 77.407754163777696, 39.868223703188661 ], [ 77.65861627275828, 39.900989366402463 ], [ 77.765104678203102, 39.93989859146884 ] ] } },
{ "type": "Feature", "properties": { "average_dip": null, "average_rake": null, "catalog_id": "GAF_348", "catalog_name": "HimaTibetMap", "dip_dir": null, "lower_seis_depth": null, "name": null, "net_slip_rate": null, "slip_type": "Anticline", "upper_seis_depth": null, "downthrown_side_id": null, "reference": null, "epistemic_quality": null, "accuracy": null, "activity_confidence": null, "fs_name": null, "last_movement": null, "downthrown_side_dir": null, "vert_sep_rate": null, "strike_slip_rate": null, "exposure_quality": "1", "shortening_rate": null, "notes": null, "index_right": 9, "NAME_EN": "People's Republic of China" }, "geometry": { "type": "LineString", "coordinates": [ [ 77.64018558720052, 39.931707175665387 ], [ 77.761008970301376, 39.960377130977456 ], [ 77.879784499451361, 39.964472838879182 ], [ 78.006751444404813, 39.960377130977456 ], [ 78.055899939225498, 39.960377130977456 ] ] } },
{ "type": "Feature", "properties": { "average_dip": null, "average_rake": null, "catalog_id": "GAF_349", "catalog_name": "HimaTibetMap", "dip_dir": null, "lower_seis_depth": null, "name": null, "net_slip_rate": null, "slip_type": "Anticline", "upper_seis_depth": null, "downthrown_side_id": null, "reference": null, "epistemic_quality": null, "accuracy": null, "activity_confidence": null, "fs_name": null, "last_movement": null, "downthrown_side_dir": null, "vert_sep_rate": null, "strike_slip_rate": null, "exposure_quality": "1", "shortening_rate": null, "notes": null, "index_right": 9, "NAME_EN": "People's Republic of China" }, "geometry": { "type": "LineString", "coordinates": [ [ 78.107096287997038, 39.946042153321422 ], [ 78.279116019869434, 39.978807816535216 ], [ 78.363078031854783, 40.013621333699867 ], [ 78.41837008852805, 40.048434850864517 ], [ 78.483901414955625, 40.058674120618825 ], [ 78.580150550646138, 40.103726907537791 ], [ 78.617011921761659, 40.146731840505893 ], [ 78.743978866715096, 40.193832481375715 ], [ 78.776744529928877, 40.222502436687783 ], [ 78.815653754995253, 40.236837414343817 ], [ 78.862754395865082, 40.26141166175416 ], [ 79.000984537548263, 40.35356508954294 ], [ 79.09109011138618, 40.42933568572483 ], [ 79.164812853617207, 40.468244910791206 ], [ 79.265157697209446, 40.480532034496377 ] ] } },
{ "type": "Feature", "properties": { "average_dip": null, "average_rake": null, "catalog_id": "GAF_350", "catalog_name": "HimaTibetMap", "dip_dir": null, "lower_seis_depth": null, "name": null, "net_slip_rate": null, "slip_type": "Anticline", "upper_seis_depth": null, "downthrown_side_id": null, "reference": null, "epistemic_quality": null, "accuracy": null, "activity_confidence": null, "fs_name": null, "last_movement": null, "downthrown_side_dir": null, "vert_sep_rate": null, "strike_slip_rate": null, "exposure_quality": "1", "shortening_rate": null, "notes": null, "index_right": 9, "NAME_EN": "People's Republic of China" }, "geometry": { "type": "LineString", "coordinates": [ [ 77.792750706539735, 40.095535491734346 ], [ 77.8971912580337, 40.077104806176585 ], [ 77.991392539773344, 40.09143978383262 ], [ 78.034397472741446, 40.142636132604167 ] ] } },
{ "type": "Feature", "properties": { "average_dip": null, "average_rake": null, "catalog_id": "GAF_351", "catalog_name": "HimaTibetMap", "dip_dir": null, "lower_seis_depth": null, "name": null, "net_slip_rate": null, "slip_type": "Anticline", "upper_seis_depth": null, "downthrown_side_id": null, "reference": null, "epistemic_quality": null, "accuracy": null, "activity_confidence": null, "fs_name": null, "last_movement": null, "downthrown_side_dir": null, "vert_sep_rate": null, "strike_slip_rate": null, "exposure_quality": "1", "shortening_rate": null, "notes": null, "index_right": 9, "NAME_EN": "People's Republic of China" }, "geometry": { "type": "LineString", "coordinates": [ [ 78.032349618790576, 40.089391929881756 ], [ 78.169555833498322, 40.073009098274859 ], [ 78.259661407336253, 40.079152660127448 ], [ 78.337479857469006, 40.070961244324003 ] ] } },
{ "type": "Feature", "properties": { "average_dip": null, "average_rake": null, "catalog_id": "GAF_352", "catalog_name": "HimaTibetMap", "dip_dir": null, "lower_seis_depth": null, "name": null, "net_slip_rate": null, "slip_type": "Anticline", "upper_seis_depth": null, "downthrown_side_id": null, "reference": null, "epistemic_quality": null, "accuracy": null, "activity_confidence": null, "fs_name": null, "last_movement": null, "downthrown_side_dir": null, "vert_sep_rate": null, "strike_slip_rate": null, "exposure_quality": "1", "shortening_rate": null, "notes": null, "index_right": 9, "NAME_EN": "People's Republic of China" }, "geometry": { "type": "LineString", "coordinates": [ [ 78.024158202987138, 40.197928189277441 ], [ 78.077402405709535, 40.242980976196399 ], [ 78.110168068923329, 40.214311020884331 ], [ 78.208465058564698, 40.234789560392954 ], [ 78.280139946844869, 40.275746639410187 ], [ 78.329288441665554, 40.285985909164502 ] ] } },
{ "type": "Feature", "properties": { "average_dip": null, "average_rake": null, "catalog_id": "GAF_353", "catalog_name": "HimaTibetMap", "dip_dir": null, "lower_seis_depth": null, "name": null, "net_slip_rate": null, "slip_type": "Anticline", "upper_seis_depth": null, "downthrown_side_id": null, "reference": null, "epistemic_quality": null, "accuracy": null, "activity_confidence": null, "fs_name": null, "last_movement": null, "downthrown_side_dir": null, "vert_sep_rate": null, "strike_slip_rate": null, "exposure_quality": "1", "shortening_rate": null, "notes": null, "index_right": 9, "NAME_EN": "People's Republic of China" }, "geometry": { "type": "LineString", "coordinates": [ [ 77.723123672210434, 40.165162526063646 ], [ 77.839851347409564, 40.191784627424852 ], [ 77.929956921247481, 40.240933122245536 ], [ 77.991392539773344, 40.259363807803297 ], [ 78.058971720151789, 40.285985909164502 ], [ 78.122455192628507, 40.285985909164502 ] ] } },
{ "type": "Feature", "properties": { "average_dip": null, "average_rake": null, "catalog_id": "GAF_354", "catalog_name": "HimaTibetMap", "dip_dir": null, "lower_seis_depth": null, "name": null, "net_slip_rate": null, "slip_type": "Anticline", "upper_seis_depth": null, "downthrown_side_id": null, "reference": null, "epistemic_quality": null, "accuracy": null, "activity_confidence": null, "fs_name": null, "last_movement": null, "downthrown_side_dir": null, "vert_sep_rate": null, "strike_slip_rate": null, "exposure_quality": "1", "shortening_rate": null, "notes": null, "index_right": 9, "NAME_EN": "People's Republic of China" }, "geometry": { "type": "LineString", "coordinates": [ [ 77.669879469488023, 40.275746639410187 ], [ 77.739506503817324, 40.335134403985187 ], [ 77.778415728883701, 40.322847280280016 ], [ 77.84394705531129, 40.322847280280016 ], [ 77.905382673837138, 40.343325819788632 ], [ 77.960674730510419, 40.35356508954294 ], [ 78.005727517429378, 40.355612943493803 ], [ 78.081498113611261, 40.326942988181735 ], [ 78.122455192628507, 40.335134403985187 ], [ 78.157268709793158, 40.367900067198974 ] ] } },
{ "type": "Feature", "properties": { "average_dip": null, "average_rake": null, "catalog_id": "GAF_355", "catalog_name": "HimaTibetMap", "dip_dir": null, "lower_seis_depth": null, "name": null, "net_slip_rate": null, "slip_type": "Anticline", "upper_seis_depth": null, "downthrown_side_id": null, "reference": null, "epistemic_quality": null, "accuracy": null, "activity_confidence": null, "fs_name": null, "last_movement": null, "downthrown_side_dir": null, "vert_sep_rate": null, "strike_slip_rate": null, "exposure_quality": "1", "shortening_rate": null, "notes": null, "index_right": 9, "NAME_EN": "People's Republic of China" }, "geometry": { "type": "LineString", "coordinates": [ [ 78.120407338677637, 40.310560156574844 ], [ 78.202321496712116, 40.324895134230879 ], [ 78.239182867827637, 40.363804359297255 ], [ 78.306762048206082, 40.328990842132598 ], [ 78.396867622043999, 40.304416594722255 ], [ 78.493116757734512, 40.298273032869673 ], [ 78.534073836751745, 40.335134403985187 ], [ 78.601653017130189, 40.335134403985187 ], [ 78.679471467262942, 40.351517235592084 ], [ 78.706093568624141, 40.400665730412769 ], [ 78.753194209493969, 40.415000708068803 ], [ 78.798246996412928, 40.421144269921385 ], [ 78.82486909777414, 40.474388472643795 ], [ 78.900639693956023, 40.535824091169651 ], [ 78.935453211120674, 40.591116147842925 ], [ 79.025558784958605, 40.709891676992918 ], [ 79.103377235091358, 40.742657340206705 ], [ 79.138190752256008, 40.79180583502739 ], [ 79.138190752256008, 40.838906475897211 ], [ 79.205769932634453, 40.806140812683424 ], [ 79.287684090668932, 40.806140812683424 ], [ 79.347071855243925, 40.781566565273081 ], [ 79.44741669883615, 40.75084875601015 ], [ 79.553905104280972, 40.759040171813602 ], [ 79.609197160954253, 40.785662273174808 ], [ 79.678824195283553, 40.777470857371355 ], [ 79.738211959858546, 40.793853688978253 ], [ 79.781216892826649, 40.843002183798937 ], [ 79.830365387647333, 40.847097891700663 ], [ 79.846748219254223, 40.847097891700663 ] ] } },
{ "type": "Feature", "properties": { "average_dip": null, "average_rake": null, "catalog_id": "GAF_356", "catalog_name": "HimaTibetMap", "dip_dir": null, "lower_seis_depth": null, "name": null, "net_slip_rate": null, "slip_type": "Anticline", "upper_seis_depth": null, "downthrown_side_id": null, "reference": null, "epistemic_quality": null, "accuracy": null, "activity_confidence": null, "fs_name": null, "last_movement": null, "downthrown_side_dir": null, "vert_sep_rate": null, "strike_slip_rate": null, "exposure_quality": "1", "shortening_rate": null, "notes": null, "index_right": 9, "NAME_EN": "People's Republic of China" }, "geometry": { "type": "LineString", "coordinates": [ [ 79.181195685224111, 40.679173867729986 ], [ 79.254918427455138, 40.742657340206705 ], [ 79.271301259062028, 40.767231587617047 ] ] } },
{ "type": "Feature", "properties": { "average_dip": null, "average_rake": null, "catalog_id": "GAF_357", "catalog_name": "HimaTibetMap", "dip_dir": null, "lower_seis_depth": null, "name": null, "net_slip_rate": null, "slip_type": "Anticline", "upper_seis_depth": null, "downthrown_side_id": null, "reference": null, "epistemic_quality": null, "accuracy": null, "activity_confidence": null, "fs_name": null, "last_movement": null, "downthrown_side_dir": null, "vert_sep_rate": null, "strike_slip_rate": null, "exposure_quality": "1", "shortening_rate": null, "notes": null, "index_right": 9, "NAME_EN": "People's Republic of China" }, "geometry": { "type": "LineString", "coordinates": [ [ 79.310210484128405, 40.746753048108431 ], [ 79.527283002919773, 40.703748115140328 ], [ 79.580527205642184, 40.703748115140328 ] ] } },
{ "type": "Feature", "properties": { "average_dip": null, "average_rake": null, "catalog_id": "GAF_358", "catalog_name": "HimaTibetMap", "dip_dir": null, "lower_seis_depth": null, "name": null, "net_slip_rate": null, "slip_type": "Anticline", "upper_seis_depth": null, "downthrown_side_id": null, "reference": null, "epistemic_quality": null, "accuracy": null, "activity_confidence": null, "fs_name": null, "last_movement": null, "downthrown_side_dir": null, "vert_sep_rate": null, "strike_slip_rate": null, "exposure_quality": "1", "shortening_rate": null, "notes": null, "index_right": 9, "NAME_EN": "People's Republic of China" }, "geometry": { "type": "LineString", "coordinates": [ [ 79.320449753882713, 40.685317429582568 ], [ 79.44741669883615, 40.650503912417918 ], [ 79.533426564772356, 40.652551766368781 ] ] } },
{ "type": "Feature", "properties": { "average_dip": null, "average_rake": null, "catalog_id": "GAF_359", "catalog_name": "HimaTibetMap", "dip_dir": null, "lower_seis_depth": null, "name": null, "net_slip_rate": null, "slip_type": "Anticline", "upper_seis_depth": null, "downthrown_side_id": null, "reference": null, "epistemic_quality": null, "accuracy": null, "activity_confidence": null, "fs_name": null, "last_movement": null, "downthrown_side_dir": null, "vert_sep_rate": null, "strike_slip_rate": null, "exposure_quality": "1", "shortening_rate": null, "notes": null, "index_right": 9, "NAME_EN": "People's Republic of China" }, "geometry": { "type": "LineString", "coordinates": [ [ 78.581174477621573, 40.507154135857583 ], [ 78.751146355543113, 40.550159068825685 ], [ 78.841251929381031, 40.603403271548096 ], [ 78.933405357169818, 40.697604553287739 ], [ 78.998936683597393, 40.75084875601015 ], [ 79.054228740270673, 40.781566565273081 ], [ 79.078802987681016, 40.82661935219204 ], [ 79.070611571877564, 40.926964195784279 ], [ 79.099281527189632, 40.947442735292896 ], [ 79.195530662880145, 40.900342094423074 ], [ 79.287684090668932, 40.910581364177382 ], [ 79.328641169686165, 40.945394881342033 ], [ 79.383933226359432, 40.947442735292896 ], [ 79.441273136983568, 40.937203465538587 ] ] } },
{ "type": "Feature", "properties": { "average_dip": null, "average_rake": null, "catalog_id": "GAF_360", "catalog_name": "HimaTibetMap", "dip_dir": null, "lower_seis_depth": null, "name": null, "net_slip_rate": null, "slip_type": "Anticline", "upper_seis_depth": null, "downthrown_side_id": null, "reference": null, "epistemic_quality": null, "accuracy": null, "activity_confidence": null, "fs_name": null, "last_movement": null, "downthrown_side_dir": null, "vert_sep_rate": null, "strike_slip_rate": null, "exposure_quality": "1", "shortening_rate": null, "notes": null, "index_right": 9, "NAME_EN": "People's Republic of China" }, "geometry": { "type": "LineString", "coordinates": [ [ 77.637113806274229, 40.408857146216214 ], [ 77.74360221171905, 40.445718517331727 ], [ 77.817324953950077, 40.453909933135179 ], [ 77.882856280377666, 40.48872345029983 ], [ 77.950435460756097, 40.529680529317069 ], [ 77.968866146313857, 40.544015506973103 ] ] } },
{ "type": "Feature", "properties": { "average_dip": null, "average_rake": null, "catalog_id": "GAF_361", "catalog_name": "HimaTibetMap", "dip_dir": null, "lower_seis_depth": null, "name": null, "net_slip_rate": null, "slip_type": "Anticline", "upper_seis_depth": null, "downthrown_side_id": null, "reference": null, "epistemic_quality": null, "accuracy": null, "activity_confidence": null, "fs_name": null, "last_movement": null, "downthrown_side_dir": null, "vert_sep_rate": null, "strike_slip_rate": null, "exposure_quality": "1", "shortening_rate": null, "notes": null, "index_right": 9, "NAME_EN": "People's Republic of China" }, "geometry": { "type": "LineString", "coordinates": [ [ 77.197849133814358, 39.956281423075737 ], [ 77.267476168143659, 39.972664254682627 ], [ 77.312528955062618, 39.970616400731764 ], [ 77.386251697293645, 40.011573479749003 ], [ 77.459974439524672, 40.01566918765073 ], [ 77.580797822625527, 40.036147727159346 ], [ 77.656568418807424, 40.044339142962798 ], [ 77.668855542512588, 40.075056952225722 ], [ 77.677046958316041, 40.134444716800722 ] ] } },
{ "type": "Feature", "properties": { "average_dip": null, "average_rake": null, "catalog_id": "GAF_362", "catalog_name": "HimaTibetMap", "dip_dir": null, "lower_seis_depth": null, "name": null, "net_slip_rate": null, "slip_type": "Anticline", "upper_seis_depth": null, "downthrown_side_id": null, "reference": null, "epistemic_quality": null, "accuracy": null, "activity_confidence": null, "fs_name": null, "last_movement": null, "downthrown_side_dir": null, "vert_sep_rate": null, "strike_slip_rate": null, "exposure_quality": "1", "shortening_rate": null, "notes": null, "index_right": 9, "NAME_EN": "People's Republic of China" }, "geometry": { "type": "LineString", "coordinates": [ [ 77.521410058050535, 39.941946445419703 ], [ 77.62380275559363, 39.972664254682627 ], [ 77.699573351775527, 40.001334209994695 ], [ 77.715956183382417, 40.005429917896421 ], [ 77.691381935972075, 40.111918323341236 ] ] } },
{ "type": "Feature", "properties": { "average_dip": null, "average_rake": null, "catalog_id": "GAF_363", "catalog_name": "HimaTibetMap", "dip_dir": null, "lower_seis_depth": null, "name": null, "net_slip_rate": null, "slip_type": "Anticline", "upper_seis_depth": null, "downthrown_side_id": null, "reference": null, "epistemic_quality": null, "accuracy": null, "activity_confidence": null, "fs_name": null, "last_movement": null, "downthrown_side_dir": null, "vert_sep_rate": null, "strike_slip_rate": null, "exposure_quality": "1", "shortening_rate": null, "notes": null, "index_right": 9, "NAME_EN": "People's Republic of China" }, "geometry": { "type": "LineString", "coordinates": [ [ 77.373964573588481, 40.130349008898996 ], [ 77.562367137067767, 40.189736773473989 ], [ 77.627898463495356, 40.22045458273692 ], [ 77.650424856954828, 40.247076684098126 ], [ 77.656568418807424, 40.251172391999845 ] ] } },
{ "type": "Feature", "properties": { "average_dip": null, "average_rake": null, "catalog_id": "GAF_364", "catalog_name": "HimaTibetMap", "dip_dir": null, "lower_seis_depth": null, "name": null, "net_slip_rate": null, "slip_type": "Anticline", "upper_seis_depth": null, "downthrown_side_id": null, "reference": null, "epistemic_quality": null, "accuracy": null, "activity_confidence": null, "fs_name": null, "last_movement": null, "downthrown_side_dir": null, "vert_sep_rate": null, "strike_slip_rate": null, "exposure_quality": "1", "shortening_rate": null, "notes": null, "index_right": 9, "NAME_EN": "People's Republic of China" }, "geometry": { "type": "LineString", "coordinates": [ [ 77.582845676576397, 40.175401795817955 ], [ 77.636089879298808, 40.193832481375715 ], [ 77.666807688561732, 40.230693852491228 ] ] } },
{ "type": "Feature", "properties": { "average_dip": null, "average_rake": null, "catalog_id": "GAF_365", "catalog_name": "HimaTibetMap", "dip_dir": null, "lower_seis_depth": null, "name": null, "net_slip_rate": null, "slip_type": "Anticline", "upper_seis_depth": null, "downthrown_side_id": null, "reference": null, "epistemic_quality": null, "accuracy": null, "activity_confidence": null, "fs_name": null, "last_movement": null, "downthrown_side_dir": null, "vert_sep_rate": null, "strike_slip_rate": null, "exposure_quality": "1", "shortening_rate": null, "notes": null, "index_right": 9, "NAME_EN": "People's Republic of China" }, "geometry": { "type": "LineString", "coordinates": [ [ 76.620354319671293, 40.036147727159346 ], [ 76.771895512035073, 40.040243435061072 ], [ 76.880431771430764, 40.040243435061072 ], [ 76.98077661502299, 40.058674120618825 ] ] } },
{ "type": "Feature", "properties": { "average_dip": null, "average_rake": null, "catalog_id": "GAF_366", "catalog_name": "HimaTibetMap", "dip_dir": null, "lower_seis_depth": null, "name": null, "net_slip_rate": null, "slip_type": "Anticline", "upper_seis_depth": null, "downthrown_side_id": null, "reference": null, "epistemic_quality": null, "accuracy": null, "activity_confidence": null, "fs_name": null, "last_movement": null, "downthrown_side_dir": null, "vert_sep_rate": null, "strike_slip_rate": null, "exposure_quality": "1", "shortening_rate": null, "notes": null, "index_right": 9, "NAME_EN": "People's Republic of China" }, "geometry": { "type": "LineString", "coordinates": [ [ 76.98077661502299, 40.058674120618825 ], [ 77.023781547991092, 40.062769828520551 ] ] } },
{ "type": "Feature", "properties": { "average_dip": null, "average_rake": null, "catalog_id": "GAF_367", "catalog_name": "HimaTibetMap", "dip_dir": null, "lower_seis_depth": null, "name": null, "net_slip_rate": null, "slip_type": "Anticline", "upper_seis_depth": null, "downthrown_side_id": null, "reference": null, "epistemic_quality": null, "accuracy": null, "activity_confidence": null, "fs_name": null, "last_movement": null, "downthrown_side_dir": null, "vert_sep_rate": null, "strike_slip_rate": null, "exposure_quality": "1", "shortening_rate": null, "notes": null, "index_right": 9, "NAME_EN": "People's Republic of China" }, "geometry": { "type": "LineString", "coordinates": [ [ 75.085487783500298, 39.470940036721458 ], [ 75.167401941534777, 39.493466430180945 ], [ 75.234981121913222, 39.518040677591287 ], [ 75.300512448340797, 39.491418576230082 ], [ 75.39471373008044, 39.440222227458534 ], [ 75.499154281574405, 39.378786608932678 ], [ 75.552398484296816, 39.378786608932678 ], [ 75.660934743692493, 39.409504418195603 ] ] } },
{ "type": "Feature", "properties": { "average_dip": null, "average_rake": null, "catalog_id": "GAF_368", "catalog_name": "HimaTibetMap", "dip_dir": null, "lower_seis_depth": null, "name": null, "net_slip_rate": null, "slip_type": "Anticline", "upper_seis_depth": null, "downthrown_side_id": null, "reference": null, "epistemic_quality": null, "accuracy": null, "activity_confidence": null, "fs_name": null, "last_movement": null, "downthrown_side_dir": null, "vert_sep_rate": null, "strike_slip_rate": null, "exposure_quality": "1", "shortening_rate": null, "notes": null, "index_right": 9, "NAME_EN": "People's Republic of China" }, "geometry": { "type": "LineString", "coordinates": [ [ 75.200167604748572, 39.567189172411972 ], [ 75.41519226958907, 39.513944969689561 ], [ 75.476627888114919, 39.53647136314904 ], [ 75.515537113181296, 39.558997756608527 ], [ 75.607690540970083, 39.538519217099903 ] ] } },
{ "type": "Feature", "properties": { "average_dip": null, "average_rake": null, "catalog_id": "GAF_369", "catalog_name": "HimaTibetMap", "dip_dir": null, "lower_seis_depth": null, "name": null, "net_slip_rate": null, "slip_type": "Anticline", "upper_seis_depth": null, "downthrown_side_id": null, "reference": null, "epistemic_quality": null, "accuracy": null, "activity_confidence": null, "fs_name": null, "last_movement": null, "downthrown_side_dir": null, "vert_sep_rate": null, "strike_slip_rate": null, "exposure_quality": "1", "shortening_rate": null, "notes": null, "index_right": 9, "NAME_EN": "People's Republic of China" }, "geometry": { "type": "LineString", "coordinates": [ [ 79.838744040097396, 40.928832312553659 ], [ 79.97154706883218, 41.053823398421699 ], [ 80.057478440366452, 41.186626427156483 ] ] } },
{ "type": "Feature", "properties": { "average_dip": null, "average_rake": null, "catalog_id": "GAF_391", "catalog_name": "HimaTibetMap", "dip_dir": null, "lower_seis_depth": null, "name": null, "net_slip_rate": null, "slip_type": "Anticline", "upper_seis_depth": null, "downthrown_side_id": null, "reference": null, "epistemic_quality": null, "accuracy": null, "activity_confidence": null, "fs_name": null, "last_movement": null, "downthrown_side_dir": null, "vert_sep_rate": null, "strike_slip_rate": null, "exposure_quality": "1", "shortening_rate": null, "notes": null, "index_right": 9, "NAME_EN": "People's Republic of China" }, "geometry": { "type": "LineString", "coordinates": [ [ 82.426146048192024, 43.332392419786643 ], [ 82.201764000327231, 43.328773354498502 ], [ 82.053382323513418, 43.339630550362926 ], [ 81.912238777275888, 43.408392790837624 ], [ 81.771095231038345, 43.419249986702049 ], [ 81.593761031919399, 43.448202509007182 ], [ 81.420045898088588, 43.42286905199019 ], [ 81.315093004732489, 43.397535594973192 ], [ 81.181187589071229, 43.386678399108767 ], [ 80.992996194087866, 43.390297464396909 ], [ 80.837376386697755, 43.412011856125766 ] ] } },
{ "type": "Feature", "properties": { "average_dip": null, "average_rake": null, "catalog_id": "GAF_393", "catalog_name": "HimaTibetMap", "dip_dir": null, "lower_seis_depth": null, "name": null, "net_slip_rate": null, "slip_type": "Reverse", "upper_seis_depth": null, "downthrown_side_id": null, "reference": null, "epistemic_quality": null, "accuracy": null, "activity_confidence": null, "fs_name": null, "last_movement": null, "downthrown_side_dir": null, "vert_sep_rate": null, "strike_slip_rate": null, "exposure_quality": "1", "shortening_rate": null, "notes": null, "index_right": 9, "NAME_EN": "People's Republic of China" }, "geometry": { "type": "LineString", "coordinates": [ [ 80.736042558629791, 44.200968088940677 ], [ 80.866328909002902, 44.08877706500828 ], [ 80.992996194087866, 43.994681367516598 ], [ 81.134139740325395, 43.972966975787742 ], [ 81.264426090698493, 44.005538563381023 ], [ 81.322331135308772, 44.045348281550581 ], [ 81.427284028664872, 44.027252955109873 ], [ 81.524998791444702, 44.02001482453359 ], [ 81.622713554224532, 43.991062302228457 ], [ 81.760238035173927, 43.896966604736768 ], [ 81.944810364869156, 43.864395017143494 ], [ 82.078715780530402, 43.857156886567203 ] ] } },
{ "type": "Feature", "properties": { "average_dip": null, "average_rake": null, "catalog_id": "GAF_395", "catalog_name": "HimaTibetMap", "dip_dir": null, "lower_seis_depth": null, "name": null, "net_slip_rate": null, "slip_type": "Anticline", "upper_seis_depth": null, "downthrown_side_id": null, "reference": null, "epistemic_quality": null, "accuracy": null, "activity_confidence": null, "fs_name": null, "last_movement": null, "downthrown_side_dir": null, "vert_sep_rate": null, "strike_slip_rate": null, "exposure_quality": "1", "shortening_rate": null, "notes": null, "index_right": 9, "NAME_EN": "People's Republic of China" }, "geometry": { "type": "LineString", "coordinates": [ [ 81.922010253553864, 43.158677285955825 ], [ 82.070391930367677, 43.147820090091393 ], [ 82.182582954300074, 43.16953448182025 ], [ 82.399726871588584, 43.16953448182025 ], [ 82.562584809554977, 43.187629808260958 ], [ 82.642204245894092, 43.198487004125383 ] ] } },
{ "type": "Feature", "properties": { "average_dip": null, "average_rake": null, "catalog_id": "GAF_396", "catalog_name": "HimaTibetMap", "dip_dir": null, "lower_seis_depth": null, "name": null, "net_slip_rate": null, "slip_type": "Anticline", "upper_seis_depth": null, "downthrown_side_id": null, "reference": null, "epistemic_quality": null, "accuracy": null, "activity_confidence": null, "fs_name": null, "last_movement": null, "downthrown_side_dir": null, "vert_sep_rate": null, "strike_slip_rate": null, "exposure_quality": "1", "shortening_rate": null, "notes": null, "index_right": 9, "NAME_EN": "People's Republic of China" }, "geometry": { "type": "LineString", "coordinates": [ [ 81.683151944536505, 43.158677285955825 ], [ 81.538389333010841, 43.126105698362544 ], [ 81.422579243790295, 43.108010371921836 ], [ 81.310388219857899, 43.086295980192986 ] ] } },
{ "type": "Feature", "properties": { "average_dip": null, "average_rake": null, "catalog_id": "GAF_397", "catalog_name": "HimaTibetMap", "dip_dir": null, "lower_seis_depth": null, "name": null, "net_slip_rate": null, "slip_type": "Anticline", "upper_seis_depth": null, "downthrown_side_id": null, "reference": null, "epistemic_quality": null, "accuracy": null, "activity_confidence": null, "fs_name": null, "last_movement": null, "downthrown_side_dir": null, "vert_sep_rate": null, "strike_slip_rate": null, "exposure_quality": "1", "shortening_rate": null, "notes": null, "index_right": 9, "NAME_EN": "People's Republic of China" }, "geometry": { "type": "LineString", "coordinates": [ [ 82.47210817735143, 43.38667839910876 ], [ 82.68925209463994, 43.336011485074771 ], [ 82.884681620199586, 43.303439897481496 ], [ 83.14525432094581, 43.325154289210346 ], [ 83.268302540742624, 43.35772587680362 ], [ 83.358779172946171, 43.368583072668045 ], [ 83.463732066302285, 43.354106811515479 ], [ 83.597637481963531, 43.339630550362912 ], [ 83.691733179455213, 43.35772587680362 ], [ 83.803924203387609, 43.35772587680362 ], [ 83.952305880201436, 43.307058962769638 ] ] } },
{ "type": "Feature", "properties": { "average_dip": null, "average_rake": null, "catalog_id": "GAF_398", "catalog_name": "HimaTibetMap", "dip_dir": null, "lower_seis_depth": null, "name": null, "net_slip_rate": null, "slip_type": "Reverse", "upper_seis_depth": null, "downthrown_side_id": null, "reference": null, "epistemic_quality": null, "accuracy": null, "activity_confidence": null, "fs_name": null, "last_movement": null, "downthrown_side_dir": null, "vert_sep_rate": null, "strike_slip_rate": null, "exposure_quality": "1", "shortening_rate": null, "notes": null, "index_right": 9, "NAME_EN": "People's Republic of China" }, "geometry": { "type": "LineString", "coordinates": [ [ 81.89667679653688, 43.810109037821348 ], [ 82.110201648537242, 43.650870165143111 ], [ 82.273059586503621, 43.618298577549837 ], [ 82.548108548402396, 43.618298577549837 ], [ 82.819538445013038, 43.589346055244697 ], [ 83.018587035860847, 43.589346055244697 ], [ 83.156111516810228, 43.567631663515847 ], [ 83.282778801895191, 43.560393532939564 ], [ 83.673637853014512, 43.50610755361744 ], [ 83.829257660404608, 43.466297835447875 ], [ 83.970401206642137, 43.422869051990176 ], [ 84.115163818167815, 43.35772587680362 ] ] } },
{ "type": "Feature", "properties": { "average_dip": null, "average_rake": null, "catalog_id": "GAF_399", "catalog_name": "HimaTibetMap", "dip_dir": null, "lower_seis_depth": null, "name": null, "net_slip_rate": null, "slip_type": "Dextral", "upper_seis_depth": null, "downthrown_side_id": null, "reference": null, "epistemic_quality": null, "accuracy": null, "activity_confidence": null, "fs_name": null, "last_movement": null, "downthrown_side_dir": null, "vert_sep_rate": null, "strike_slip_rate": null, "exposure_quality": "1", "shortening_rate": null, "notes": null, "index_right": 9, "NAME_EN": "People's Republic of China" }, "geometry": { "type": "LineString", "coordinates": [ [ 79.655655438697735, 46.67564534944546 ], [ 80.044422217697345, 46.527207124736513 ], [ 80.334230180224338, 46.371700413136672 ], [ 80.588695708296797, 46.237399162209535 ], [ 81.097626764441742, 45.997070607918864 ], [ 81.366229266296017, 45.883974817664438 ], [ 81.719653610841121, 45.785016001191806 ], [ 82.087214929168027, 45.537618960010235 ], [ 82.391159865476808, 45.261947971265059 ], [ 82.772858157585517, 44.830770270920041 ], [ 83.034392172548891, 44.562167769065759 ] ] } },
{ "type": "Feature", "properties": { "average_dip": null, "average_rake": null, "catalog_id": "GAF_400", "catalog_name": "HimaTibetMap", "dip_dir": null, "lower_seis_depth": null, "name": null, "net_slip_rate": null, "slip_type": "Anticline", "upper_seis_depth": null, "downthrown_side_id": null, "reference": null, "epistemic_quality": null, "accuracy": null, "activity_confidence": null, "fs_name": null, "last_movement": null, "downthrown_side_dir": null, "vert_sep_rate": null, "strike_slip_rate": null, "exposure_quality": "1", "shortening_rate": null, "notes": null, "index_right": 9, "NAME_EN": "People's Republic of China" }, "geometry": { "type": "LineString", "coordinates": [ [ 82.702173288676505, 45.502276525555729 ], [ 82.963707303639879, 45.516413499337531 ], [ 83.161624936585127, 45.565892907573847 ], [ 83.409021977766699, 45.686057184719182 ], [ 83.571597176257441, 45.834495409428122 ] ] } },
{ "type": "Feature", "properties": { "average_dip": null, "average_rake": null, "catalog_id": "GAF_401", "catalog_name": "HimaTibetMap", "dip_dir": null, "lower_seis_depth": null, "name": null, "net_slip_rate": null, "slip_type": "Anticline", "upper_seis_depth": null, "downthrown_side_id": null, "reference": null, "epistemic_quality": null, "accuracy": null, "activity_confidence": null, "fs_name": null, "last_movement": null, "downthrown_side_dir": null, "vert_sep_rate": null, "strike_slip_rate": null, "exposure_quality": "1", "shortening_rate": null, "notes": null, "index_right": 9, "NAME_EN": "People's Republic of China" }, "geometry": { "type": "LineString", "coordinates": [ [ 82.242721640767869, 46.13844034573691 ], [ 82.369954404804105, 46.145508832627812 ], [ 82.454776247494934, 46.237399162209535 ], [ 82.560803550858466, 46.28687857044585 ], [ 82.673899341112886, 46.28687857044585 ] ] } },
{ "type": "Feature", "properties": { "average_dip": null, "average_rake": null, "catalog_id": "GAF_402", "catalog_name": "HimaTibetMap", "dip_dir": null, "lower_seis_depth": null, "name": null, "net_slip_rate": null, "slip_type": "Reverse", "upper_seis_depth": null, "downthrown_side_id": null, "reference": null, "epistemic_quality": null, "accuracy": null, "activity_confidence": null, "fs_name": null, "last_movement": null, "downthrown_side_dir": null, "vert_sep_rate": null, "strike_slip_rate": null, "exposure_quality": "1", "shortening_rate": null, "notes": null, "index_right": 9, "NAME_EN": "People's Republic of China" }, "geometry": { "type": "LineString", "coordinates": [ [ 79.382926662770103, 41.575070828646666 ], [ 79.61746305593914, 41.646944884617824 ], [ 79.901176434772665, 41.662076264822282 ], [ 80.082752997226123, 41.662076264822282 ], [ 80.287026629986258, 41.665859109873395 ], [ 80.479951727593047, 41.707470405435643 ], [ 80.638831219739814, 41.745298855946778 ], [ 80.858236232704414, 41.779344461406801 ], [ 81.092772625873451, 41.820955756969056 ], [ 81.576976792415991, 42.040360769933642 ], [ 81.705593524153855, 42.104669135802574 ], [ 81.98930690298738, 42.104669135802574 ], [ 82.20114622584974, 42.146280431364822 ], [ 82.314631577383153, 42.210588797233754 ], [ 82.397854168507649, 42.293811388358257 ], [ 82.534036590347739, 42.339205528971618 ], [ 82.643739096830032, 42.290028543307145 ], [ 82.897189715254655, 42.324074148767167 ], [ 82.999326531634722, 42.293811388358257 ], [ 83.150640333679263, 42.282462853204912 ] ] } },
{ "type": "Feature", "properties": { "average_dip": null, "average_rake": null, "catalog_id": "GAF_403", "catalog_name": "HimaTibetMap", "dip_dir": null, "lower_seis_depth": null, "name": null, "net_slip_rate": null, "slip_type": "Syncline", "upper_seis_depth": null, "downthrown_side_id": null, "reference": null, "epistemic_quality": null, "accuracy": null, "activity_confidence": null, "fs_name": null, "last_movement": null, "downthrown_side_dir": null, "vert_sep_rate": null, "strike_slip_rate": null, "exposure_quality": "1", "shortening_rate": null, "notes": null, "index_right": 9, "NAME_EN": "People's Republic of China" }, "geometry": { "type": "LineString", "coordinates": [ [ 80.922544598573339, 41.749081700997891 ], [ 81.315960483889157, 41.662076264822282 ], [ 81.626153778080479, 41.665859109873395 ], [ 81.807730340533922, 41.730167475742327 ], [ 81.966609832680703, 41.76421308120235 ], [ 82.167100620389718, 41.779344461406801 ], [ 82.329762957587604, 41.843652827275733 ], [ 82.545385125501085, 41.911744038195778 ] ] } },
{ "type": "Feature", "properties": { "average_dip": null, "average_rake": null, "catalog_id": "GAF_404", "catalog_name": "HimaTibetMap", "dip_dir": null, "lower_seis_depth": null, "name": null, "net_slip_rate": null, "slip_type": "Reverse", "upper_seis_depth": null, "downthrown_side_id": null, "reference": null, "epistemic_quality": null, "accuracy": null, "activity_confidence": null, "fs_name": null, "last_movement": null, "downthrown_side_dir": null, "vert_sep_rate": null, "strike_slip_rate": null, "exposure_quality": "1", "shortening_rate": null, "notes": null, "index_right": 9, "NAME_EN": "People's Republic of China" }, "geometry": { "type": "LineString", "coordinates": [ [ 80.034797305246641, 42.852422508867001 ], [ 80.360785657724037, 42.877025403393596 ], [ 80.533005919410201, 42.963135534236677 ], [ 80.837466739176833, 43.141506519554497 ], [ 80.920501508204083, 43.212239841318457 ] ] } },
{ "type": "Feature", "properties": { "average_dip": null, "average_rake": null, "catalog_id": "GAF_407", "catalog_name": "HimaTibetMap", "dip_dir": null, "lower_seis_depth": null, "name": null, "net_slip_rate": null, "slip_type": "Reverse", "upper_seis_depth": null, "downthrown_side_id": null, "reference": null, "epistemic_quality": null, "accuracy": null, "activity_confidence": null, "fs_name": null, "last_movement": null, "downthrown_side_dir": null, "vert_sep_rate": null, "strike_slip_rate": null, "exposure_quality": "1", "shortening_rate": null, "notes": null, "index_right": 9, "NAME_EN": "People's Republic of China" }, "geometry": { "type": "LineString", "coordinates": [ [ 83.150786314202549, 42.938661308282242 ], [ 83.532294728706262, 43.018316911310492 ], [ 83.842532340500497, 43.068625713223071 ], [ 83.897033542572458, 43.097972514338743 ] ] } },
{ "type": "Feature", "properties": { "average_dip": null, "average_rake": null, "catalog_id": "GAF_408", "catalog_name": "HimaTibetMap", "dip_dir": null, "lower_seis_depth": null, "name": null, "net_slip_rate": null, "slip_type": "Sinistral", "upper_seis_depth": null, "downthrown_side_id": null, "reference": null, "epistemic_quality": null, "accuracy": null, "activity_confidence": null, "fs_name": null, "last_movement": null, "downthrown_side_dir": null, "vert_sep_rate": null, "strike_slip_rate": null, "exposure_quality": "1", "shortening_rate": null, "notes": null, "index_right": 9, "NAME_EN": "People's Republic of China" }, "geometry": { "type": "LineString", "coordinates": [ [ 83.95153474464442, 43.081202913701219 ], [ 84.307888758191851, 43.110549714816884 ], [ 84.773245175883204, 43.114742114976266 ], [ 84.974480383533518, 43.139896515932556 ], [ 85.540454405050028, 43.160858516729462 ] ] } },
{ "type": "Feature", "properties": { "average_dip": null, "average_rake": null, "catalog_id": "GAF_409", "catalog_name": "HimaTibetMap", "dip_dir": null, "lower_seis_depth": null, "name": null, "net_slip_rate": null, "slip_type": "Reverse", "upper_seis_depth": null, "downthrown_side_id": null, "reference": null, "epistemic_quality": null, "accuracy": null, "activity_confidence": null, "fs_name": null, "last_movement": null, "downthrown_side_dir": null, "vert_sep_rate": null, "strike_slip_rate": null, "exposure_quality": "1", "shortening_rate": null, "notes": null, "index_right": 9, "NAME_EN": "People's Republic of China" }, "geometry": { "type": "LineString", "coordinates": [ [ 86.59568152516637, 42.615846496009866 ], [ 86.981382339829466, 42.548768093459756 ], [ 87.388045155289475, 42.523613692503467 ], [ 87.698282767083711, 42.502651691706561 ], [ 88.054636780631142, 42.473304890590889 ], [ 88.310373190353417, 42.435573289156459 ] ] } },
{ "type": "Feature", "properties": { "average_dip": null, "average_rake": null, "catalog_id": "GAF_410", "catalog_name": "HimaTibetMap", "dip_dir": null, "lower_seis_depth": null, "name": null, "net_slip_rate": null, "slip_type": "Reverse", "upper_seis_depth": null, "downthrown_side_id": null, "reference": null, "epistemic_quality": null, "accuracy": null, "activity_confidence": null, "fs_name": null, "last_movement": null, "downthrown_side_dir": null, "vert_sep_rate": null, "strike_slip_rate": null, "exposure_quality": "1", "shortening_rate": null, "notes": null, "index_right": 9, "NAME_EN": "People's Republic of China" }, "geometry": { "type": "LineString", "coordinates": [ [ 87.415714996341393, 41.142217839987239 ], [ 87.600180603354175, 41.129640639509098 ], [ 87.721760207976246, 41.133833039668481 ], [ 87.813993011482637, 41.129640639509098 ], [ 87.931380215945325, 41.100293838393426 ], [ 88.044575020248629, 41.062562236958989 ], [ 88.229040627261412, 41.125448239349716 ], [ 88.359005032202234, 41.133833039668481 ] ] } },
{ "type": "Feature", "properties": { "average_dip": null, "average_rake": null, "catalog_id": "GAF_411", "catalog_name": "HimaTibetMap", "dip_dir": null, "lower_seis_depth": null, "name": null, "net_slip_rate": null, "slip_type": "Reverse", "upper_seis_depth": null, "downthrown_side_id": null, "reference": null, "epistemic_quality": null, "accuracy": null, "activity_confidence": null, "fs_name": null, "last_movement": null, "downthrown_side_dir": null, "vert_sep_rate": null, "strike_slip_rate": null, "exposure_quality": "1", "shortening_rate": null, "notes": null, "index_right": 9, "NAME_EN": "People's Republic of China" }, "geometry": { "type": "LineString", "coordinates": [ [ 87.679836206382433, 42.869486705652442 ], [ 87.956534616901607, 42.827562704058622 ], [ 88.136807823755021, 42.835947504377387 ], [ 88.287734229492756, 42.903025906927489 ], [ 88.463815036186773, 42.95752710899945 ], [ 88.597971841286991, 42.974296709636981 ] ] } },
{ "type": "Feature", "properties": { "average_dip": null, "average_rake": null, "catalog_id": "GAF_412", "catalog_name": "HimaTibetMap", "dip_dir": null, "lower_seis_depth": null, "name": null, "net_slip_rate": null, "slip_type": "Sinistral", "upper_seis_depth": null, "downthrown_side_id": null, "reference": "Tapponnier and Molnar, 1979", "epistemic_quality": null, "accuracy": null, "activity_confidence": null, "fs_name": "Gobi- Tian Shan Fault", "last_movement": null, "downthrown_side_dir": null, "vert_sep_rate": null, "strike_slip_rate": null, "exposure_quality": "1", "shortening_rate": null, "notes": null, "index_right": 9, "NAME_EN": "People's Republic of China" }, "geometry": { "type": "LineString", "coordinates": [ [ 92.945739163467238, 43.526056829240638 ], [ 92.07993759578963, 43.471259261666106 ], [ 91.279893109201467, 43.394542667061764 ], [ 90.534646190187843, 43.317826072457414 ], [ 90.151063217166111, 43.241109477853072 ] ] } },
{ "type": "Feature", "properties": { "average_dip": null, "average_rake": null, "catalog_id": "GAF_413", "catalog_name": "HimaTibetMap", "dip_dir": null, "lower_seis_depth": null, "name": null, "net_slip_rate": null, "slip_type": "Anticline", "upper_seis_depth": null, "downthrown_side_id": null, "reference": null, "epistemic_quality": null, "accuracy": null, "activity_confidence": null, "fs_name": null, "last_movement": null, "downthrown_side_dir": null, "vert_sep_rate": null, "strike_slip_rate": null, "exposure_quality": "1", "shortening_rate": null, "notes": null, "index_right": 9, "NAME_EN": "People's Republic of China" }, "geometry": { "type": "LineString", "coordinates": [ [ 87.783808297946351, 43.734287586023861 ], [ 88.222188838542607, 43.832923207658013 ], [ 88.49617667641526, 43.821963694143108 ], [ 88.967435757556231, 43.569894883300265 ], [ 89.285261649488518, 43.526056829240638 ], [ 89.65788510899533, 43.449340234636296 ], [ 89.953791973897808, 43.449340234636296 ], [ 90.293536892859905, 43.547975856270448 ], [ 90.589443757762368, 43.482218775181011 ], [ 90.742876946971052, 43.471259261666106 ] ] } },
{ "type": "Feature", "properties": { "average_dip": null, "average_rake": null, "catalog_id": "GAF_414", "catalog_name": "HimaTibetMap", "dip_dir": null, "lower_seis_depth": null, "name": null, "net_slip_rate": null, "slip_type": "Anticline", "upper_seis_depth": null, "downthrown_side_id": null, "reference": null, "epistemic_quality": null, "accuracy": null, "activity_confidence": null, "fs_name": null, "last_movement": null, "downthrown_side_dir": null, "vert_sep_rate": null, "strike_slip_rate": null, "exposure_quality": "1", "shortening_rate": null, "notes": null, "index_right": 9, "NAME_EN": "People's Republic of China" }, "geometry": { "type": "LineString", "coordinates": [ [ 92.993652971742137, 43.482230623303728 ], [ 93.277842043275697, 43.418606204303678 ], [ 93.557789486875919, 43.308323878036923 ], [ 93.884394837742846, 43.227732947303522 ] ] } },
{ "type": "Feature", "properties": { "average_dip": null, "average_rake": null, "catalog_id": "GAF_415", "catalog_name": "HimaTibetMap", "dip_dir": null, "lower_seis_depth": null, "name": null, "net_slip_rate": null, "slip_type": "Anticline", "upper_seis_depth": null, "downthrown_side_id": null, "reference": null, "epistemic_quality": null, "accuracy": null, "activity_confidence": null, "fs_name": null, "last_movement": null, "downthrown_side_dir": null, "vert_sep_rate": null, "strike_slip_rate": null, "exposure_quality": "1", "shortening_rate": null, "notes": null, "index_right": 9, "NAME_EN": "People's Republic of China" }, "geometry": { "type": "LineString", "coordinates": [ [ 93.252392275675675, 43.893668532837388 ], [ 93.59172251034262, 43.796111090370644 ], [ 93.884394837742846, 43.673103880303884 ], [ 94.198275304809769, 43.503438762970411 ] ] } },
{ "type": "Feature", "properties": { "average_dip": null, "average_rake": null, "catalog_id": "GAF_416", "catalog_name": "HimaTibetMap", "dip_dir": null, "lower_seis_depth": null, "name": null, "net_slip_rate": null, "slip_type": "Anticline", "upper_seis_depth": null, "downthrown_side_id": null, "reference": null, "epistemic_quality": null, "accuracy": null, "activity_confidence": null, "fs_name": null, "last_movement": null, "downthrown_side_dir": null, "vert_sep_rate": null, "strike_slip_rate": null, "exposure_quality": "1", "shortening_rate": null, "notes": null, "index_right": 9, "NAME_EN": "People's Republic of China" }, "geometry": { "type": "LineString", "coordinates": [ [ 94.079509722676335, 43.185316667970156 ], [ 94.380665305943239, 43.062309457903396 ], [ 94.60547158641009, 43.002926666836679 ], [ 94.813311355143597, 42.985960155103335 ] ] } },
{ "type": "Feature", "properties": { "average_dip": null, "average_rake": null, "catalog_id": "GAF_417", "catalog_name": "HimaTibetMap", "dip_dir": null, "lower_seis_depth": null, "name": null, "net_slip_rate": null, "slip_type": "Reverse", "upper_seis_depth": null, "downthrown_side_id": null, "reference": null, "epistemic_quality": null, "accuracy": null, "activity_confidence": null, "fs_name": null, "last_movement": null, "downthrown_side_dir": null, "vert_sep_rate": null, "strike_slip_rate": null, "exposure_quality": "1", "shortening_rate": null, "notes": null, "index_right": 9, "NAME_EN": "People's Republic of China" }, "geometry": { "type": "LineString", "coordinates": [ [ 93.706246464542701, 43.070792713770068 ], [ 93.850461814276159, 42.968993643369984 ], [ 94.020126931609624, 42.884161084703251 ], [ 94.198275304809769, 42.87143620090324 ], [ 94.359457166276556, 42.884161084703251 ], [ 94.465497864609986, 42.896885968503263 ], [ 94.9532850769437, 42.896885968503263 ] ] } },
{ "type": "Feature", "properties": { "average_dip": null, "average_rake": null, "catalog_id": "GAF_418", "catalog_name": "HimaTibetMap", "dip_dir": null, "lower_seis_depth": null, "name": null, "net_slip_rate": null, "slip_type": "Reverse", "upper_seis_depth": null, "downthrown_side_id": null, "reference": null, "epistemic_quality": null, "accuracy": null, "activity_confidence": null, "fs_name": null, "last_movement": null, "downthrown_side_dir": null, "vert_sep_rate": null, "strike_slip_rate": null, "exposure_quality": "1", "shortening_rate": null, "notes": null, "index_right": 9, "NAME_EN": "People's Republic of China" }, "geometry": { "type": "LineString", "coordinates": [ [ 94.630921354010113, 42.625421780769713 ], [ 94.868452518276968, 42.680562943903091 ], [ 95.050842519410452, 42.744187362903141 ] ] } },
{ "type": "Feature", "properties": { "average_dip": null, "average_rake": null, "catalog_id": "GAF_419", "catalog_name": "HimaTibetMap", "dip_dir": null, "lower_seis_depth": null, "name": null, "net_slip_rate": null, "slip_type": "Reverse", "upper_seis_depth": null, "downthrown_side_id": null, "reference": null, "epistemic_quality": null, "accuracy": null, "activity_confidence": null, "fs_name": null, "last_movement": null, "downthrown_side_dir": null, "vert_sep_rate": null, "strike_slip_rate": null, "exposure_quality": "1", "shortening_rate": null, "notes": null, "index_right": 9, "NAME_EN": "People's Republic of China" }, "geometry": { "type": "LineString", "coordinates": [ [ 94.440048097009964, 43.605237833370495 ], [ 94.155859025476403, 43.651895740637201 ], [ 93.939536000876231, 43.749453183103945 ], [ 93.803803907009453, 43.863977137304033 ], [ 93.672313441076014, 43.948809695970766 ], [ 93.570514370675937, 43.948809695970766 ], [ 93.358432974009091, 43.923359928370751 ] ] } },
{ "type": "Feature", "properties": { "average_dip": null, "average_rake": null, "catalog_id": "GAF_420", "catalog_name": "HimaTibetMap", "dip_dir": null, "lower_seis_depth": null, "name": null, "net_slip_rate": null, "slip_type": "Sinistral", "upper_seis_depth": null, "downthrown_side_id": null, "reference": null, "epistemic_quality": null, "accuracy": null, "activity_confidence": null, "fs_name": null, "last_movement": null, "downthrown_side_dir": null, "vert_sep_rate": null, "strike_slip_rate": null, "exposure_quality": "1", "shortening_rate": null, "notes": null, "index_right": 9, "NAME_EN": "People's Republic of China" }, "geometry": { "type": "LineString", "coordinates": [ [ 92.170777152674816, 43.796111090370644 ], [ 92.590698318075155, 43.84701062557069 ], [ 93.103935298008892, 43.902151788704067 ], [ 93.269358787409018, 43.910635044570739 ] ] } },
{ "type": "Feature", "properties": { "average_dip": null, "average_rake": null, "catalog_id": "GAF_421", "catalog_name": "HimaTibetMap", "dip_dir": null, "lower_seis_depth": null, "name": null, "net_slip_rate": null, "slip_type": "Reverse", "upper_seis_depth": null, "downthrown_side_id": null, "reference": null, "epistemic_quality": null, "accuracy": null, "activity_confidence": null, "fs_name": null, "last_movement": null, "downthrown_side_dir": null, "vert_sep_rate": null, "strike_slip_rate": null, "exposure_quality": "1", "shortening_rate": null, "notes": null, "index_right": 9, "NAME_EN": "People's Republic of China" }, "geometry": { "type": "LineString", "coordinates": [ [ 95.411380893744067, 43.312565505970262 ], [ 95.131433450143845, 43.380431552903644 ], [ 94.932076937277017, 43.482230623303728 ], [ 94.766653447876891, 43.528888530570434 ], [ 94.584263446743407, 43.537371786437106 ], [ 94.533363911543361, 43.537371786437106 ] ] } },
{ "type": "Feature", "properties": { "average_dip": null, "average_rake": null, "catalog_id": "GAF_423", "catalog_name": "HimaTibetMap", "dip_dir": null, "lower_seis_depth": null, "name": null, "net_slip_rate": null, "slip_type": "Dextral", "upper_seis_depth": null, "downthrown_side_id": null, "reference": null, "epistemic_quality": null, "accuracy": null, "activity_confidence": null, "fs_name": null, "last_movement": null, "downthrown_side_dir": null, "vert_sep_rate": null, "strike_slip_rate": null, "exposure_quality": "1", "shortening_rate": null, "notes": null, "index_right": 9, "NAME_EN": "People's Republic of China" }, "geometry": { "type": "LineString", "coordinates": [ [ 91.053108192240572, 45.244627029605134 ], [ 91.587553311840992, 45.113136563671695 ], [ 92.066857268308041, 45.007095865338279 ] ] } },
{ "type": "Feature", "properties": { "average_dip": null, "average_rake": null, "catalog_id": "GAF_425", "catalog_name": "HimaTibetMap", "dip_dir": null, "lower_seis_depth": null, "name": null, "net_slip_rate": null, "slip_type": "Reverse", "upper_seis_depth": null, "downthrown_side_id": null, "reference": null, "epistemic_quality": null, "accuracy": null, "activity_confidence": null, "fs_name": null, "last_movement": null, "downthrown_side_dir": null, "vert_sep_rate": null, "strike_slip_rate": null, "exposure_quality": "1", "shortening_rate": null, "notes": null, "index_right": 9, "NAME_EN": "People's Republic of China" }, "geometry": { "type": "LineString", "coordinates": [ [ 90.917600997507165, 43.665148569085147 ], [ 90.739476750680552, 43.711460873260066 ], [ 90.589852383346198, 43.779148087054175 ], [ 90.386790741963864, 43.846835300848291 ], [ 90.197979040327667, 43.829022876165624 ], [ 89.941480124897339, 43.707898388323535 ], [ 89.706356119086223, 43.675836023894746 ], [ 89.456982173528971, 43.675836023894746 ], [ 89.282420411638896, 43.707898388323535 ], [ 89.104296164812283, 43.761335662371515 ], [ 88.947546827604867, 43.829022876165624 ] ] } },
{ "type": "Feature", "properties": { "average_dip": null, "average_rake": null, "catalog_id": "GAF_426", "catalog_name": "HimaTibetMap", "dip_dir": null, "lower_seis_depth": null, "name": null, "net_slip_rate": null, "slip_type": "Reverse", "upper_seis_depth": null, "downthrown_side_id": null, "reference": null, "epistemic_quality": null, "accuracy": null, "activity_confidence": null, "fs_name": null, "last_movement": null, "downthrown_side_dir": null, "vert_sep_rate": null, "strike_slip_rate": null, "exposure_quality": "1", "shortening_rate": null, "notes": null, "index_right": 9, "NAME_EN": "People's Republic of China" }, "geometry": { "type": "LineString", "coordinates": [ [ 89.43204477897325, 43.768460632244583 ], [ 88.929734402922207, 44.010709607928767 ], [ 88.715985306730275, 44.092646761469005 ], [ 88.430986511807703, 44.114021671088203 ], [ 88.202987475869634, 44.114021671088203 ], [ 87.914426196010538, 44.135396580707393 ], [ 87.625864916151428, 44.106896701215135 ] ] } },
{ "type": "Feature", "properties": { "average_dip": null, "average_rake": null, "catalog_id": "GAF_427", "catalog_name": "HimaTibetMap", "dip_dir": null, "lower_seis_depth": null, "name": null, "net_slip_rate": null, "slip_type": "Reverse", "upper_seis_depth": null, "downthrown_side_id": null, "reference": null, "epistemic_quality": null, "accuracy": null, "activity_confidence": null, "fs_name": null, "last_movement": null, "downthrown_side_dir": null, "vert_sep_rate": null, "strike_slip_rate": null, "exposure_quality": "1", "shortening_rate": null, "notes": null, "index_right": 9, "NAME_EN": "People's Republic of China" }, "geometry": { "type": "LineString", "coordinates": [ [ 88.63761063812656, 42.98827643114403 ], [ 88.758735125968656, 43.002526370890159 ], [ 88.801484945207051, 43.013213825699758 ], [ 89.072233800383486, 42.938401642032581 ], [ 89.164858408733323, 42.93127667215952 ] ] } },
{ "type": "Feature", "properties": { "average_dip": null, "average_rake": null, "catalog_id": "GAF_428", "catalog_name": "HimaTibetMap", "dip_dir": null, "lower_seis_depth": null, "name": null, "net_slip_rate": null, "slip_type": "Anticline", "upper_seis_depth": null, "downthrown_side_id": null, "reference": null, "epistemic_quality": null, "accuracy": null, "activity_confidence": null, "fs_name": null, "last_movement": null, "downthrown_side_dir": null, "vert_sep_rate": null, "strike_slip_rate": null, "exposure_quality": "1", "shortening_rate": null, "notes": null, "index_right": 9, "NAME_EN": "People's Republic of China" }, "geometry": { "type": "LineString", "coordinates": [ [ 84.123585975046666, 43.013213825699758 ], [ 84.294585252000203, 43.00608885582669 ], [ 84.454897074144156, 42.959776551651771 ], [ 84.72920841425713, 42.924151702286451 ], [ 84.804020597924307, 42.924151702286451 ], [ 84.89308272133762, 42.888526852921132 ], [ 85.067644483227696, 42.824402124063553 ] ] } },
{ "type": "Feature", "properties": { "average_dip": null, "average_rake": null, "catalog_id": "GAF_429", "catalog_name": "HimaTibetMap", "dip_dir": null, "lower_seis_depth": null, "name": null, "net_slip_rate": null, "slip_type": "Anticline", "upper_seis_depth": null, "downthrown_side_id": null, "reference": null, "epistemic_quality": null, "accuracy": null, "activity_confidence": null, "fs_name": null, "last_movement": null, "downthrown_side_dir": null, "vert_sep_rate": null, "strike_slip_rate": null, "exposure_quality": "1", "shortening_rate": null, "notes": null, "index_right": 9, "NAME_EN": "People's Republic of China" }, "geometry": { "type": "LineString", "coordinates": [ [ 84.682896110082211, 44.292145917914809 ], [ 84.89308272133762, 44.288583432978278 ], [ 85.106831817529553, 44.288583432978278 ], [ 85.31345594384841, 44.292145917914809 ], [ 85.541454979786479, 44.327770767280136 ] ] } },
{ "type": "Feature", "properties": { "average_dip": null, "average_rake": null, "catalog_id": "GAF_430", "catalog_name": "HimaTibetMap", "dip_dir": null, "lower_seis_depth": null, "name": null, "net_slip_rate": null, "slip_type": "Anticline", "upper_seis_depth": null, "downthrown_side_id": null, "reference": null, "epistemic_quality": null, "accuracy": null, "activity_confidence": null, "fs_name": null, "last_movement": null, "downthrown_side_dir": null, "vert_sep_rate": null, "strike_slip_rate": null, "exposure_quality": "1", "shortening_rate": null, "notes": null, "index_right": 9, "NAME_EN": "People's Republic of China" }, "geometry": { "type": "LineString", "coordinates": [ [ 85.740954136232276, 44.199521309564972 ], [ 85.958265717360746, 44.174583915009251 ], [ 86.058015295583644, 44.174583915009251 ], [ 86.136389964187345, 44.142521550580462 ], [ 86.207639662917998, 44.117584156024733 ], [ 86.364389000125414, 44.085521791595944 ], [ 86.471263548221373, 44.074834336786346 ], [ 86.592388036063468, 44.074834336786346 ], [ 86.724199978715163, 44.071271851849815 ] ] } },
{ "type": "Feature", "properties": { "average_dip": null, "average_rake": null, "catalog_id": "GAF_431", "catalog_name": "HimaTibetMap", "dip_dir": null, "lower_seis_depth": null, "name": null, "net_slip_rate": null, "slip_type": "Anticline", "upper_seis_depth": null, "downthrown_side_id": null, "reference": null, "epistemic_quality": null, "accuracy": null, "activity_confidence": null, "fs_name": null, "last_movement": null, "downthrown_side_dir": null, "vert_sep_rate": null, "strike_slip_rate": null, "exposure_quality": "1", "shortening_rate": null, "notes": null, "index_right": 9, "NAME_EN": "People's Republic of China" }, "geometry": { "type": "LineString", "coordinates": [ [ 83.086902858515799, 44.530832408662469 ], [ 83.204464861421357, 44.466707679804891 ], [ 83.34696425888265, 44.427520345503034 ], [ 83.471651231661269, 44.427520345503034 ], [ 83.585650749630304, 44.406145435883843 ], [ 83.649775478487882, 44.370520586518516 ] ] } },
{ "type": "Feature", "properties": { "average_dip": null, "average_rake": null, "catalog_id": "GAF_432", "catalog_name": "HimaTibetMap", "dip_dir": null, "lower_seis_depth": null, "name": null, "net_slip_rate": null, "slip_type": "Anticline", "upper_seis_depth": null, "downthrown_side_id": null, "reference": null, "epistemic_quality": null, "accuracy": null, "activity_confidence": null, "fs_name": null, "last_movement": null, "downthrown_side_dir": null, "vert_sep_rate": null, "strike_slip_rate": null, "exposure_quality": "1", "shortening_rate": null, "notes": null, "index_right": 9, "NAME_EN": "People's Republic of China" }, "geometry": { "type": "LineString", "coordinates": [ [ 84.764833263622464, 44.138959065643924 ], [ 85.060519513354635, 44.149646520453523 ], [ 85.552142434596078, 44.149646520453523 ], [ 85.712454256740017, 44.117584156024733 ] ] } },
{ "type": "Feature", "properties": { "average_dip": null, "average_rake": null, "catalog_id": "GAF_433", "catalog_name": "HimaTibetMap", "dip_dir": null, "lower_seis_depth": null, "name": null, "net_slip_rate": null, "slip_type": "Sinistral", "upper_seis_depth": null, "downthrown_side_id": null, "reference": null, "epistemic_quality": null, "accuracy": null, "activity_confidence": null, "fs_name": null, "last_movement": null, "downthrown_side_dir": null, "vert_sep_rate": null, "strike_slip_rate": null, "exposure_quality": "1", "shortening_rate": null, "notes": null, "index_right": 9, "NAME_EN": "People's Republic of China" }, "geometry": { "type": "LineString", "coordinates": [ [ 83.834955973167482, 45.339946622498161 ], [ 84.144159652514531, 45.55857548668294 ], [ 84.412760828512987, 45.692876074682168 ], [ 84.700101621441561, 45.849039549099871 ], [ 84.946839911021527, 45.958353981192268 ], [ 85.224810895485049, 46.102024377656555 ], [ 85.66831516283132, 46.270680930027673 ], [ 85.974395572690028, 46.339392858771461 ] ] } },
{ "type": "Feature", "properties": { "average_dip": null, "average_rake": null, "catalog_id": "GAF_434", "catalog_name": "HimaTibetMap", "dip_dir": null, "lower_seis_depth": null, "name": null, "net_slip_rate": null, "slip_type": "Sinistral", "upper_seis_depth": null, "downthrown_side_id": null, "reference": null, "epistemic_quality": null, "accuracy": null, "activity_confidence": null, "fs_name": null, "last_movement": null, "downthrown_side_dir": null, "vert_sep_rate": null, "strike_slip_rate": null, "exposure_quality": "1", "shortening_rate": null, "notes": null, "index_right": 9, "NAME_EN": "People's Republic of China" }, "geometry": { "type": "LineString", "coordinates": [ [ 85.003058761811914, 46.18947592333047 ], [ 84.725087777348392, 46.080161491238073 ], [ 84.272213701537055, 45.927121286308726 ], [ 83.994242717073533, 45.839669740634811 ] ] } },
{ "type": "Feature", "properties": { "average_dip": null, "average_rake": null, "catalog_id": "GAF_437", "catalog_name": "HimaTibetMap", "dip_dir": null, "lower_seis_depth": null, "name": null, "net_slip_rate": null, "slip_type": "Reverse", "upper_seis_depth": null, "downthrown_side_id": null, "reference": null, "epistemic_quality": null, "accuracy": null, "activity_confidence": null, "fs_name": null, "last_movement": null, "downthrown_side_dir": null, "vert_sep_rate": null, "strike_slip_rate": null, "exposure_quality": "1", "shortening_rate": null, "notes": null, "index_right": 9, "NAME_EN": "People's Republic of China" }, "geometry": { "type": "LineString", "coordinates": [ [ 82.53640694560255, 46.97338549247926 ], [ 82.762860383981888, 47.000424709002168 ], [ 83.012973136818758, 46.966625688348536 ], [ 83.205627554544463, 46.932826667694904 ], [ 83.394902070204793, 46.882128136714456 ], [ 83.543617761080782, 46.882128136714456 ], [ 83.658534431303124, 46.88888794084518 ], [ 83.783590807721566, 46.88888794084518 ], [ 83.952585910989725, 46.85846882225691 ], [ 84.084402091538891, 46.85846882225691 ], [ 84.195938859695872, 46.865228626387641 ], [ 84.239877586545589, 46.871988430518364 ] ] } },
{ "type": "Feature", "properties": { "average_dip": null, "average_rake": null, "catalog_id": "GAF_438", "catalog_name": "HimaTibetMap", "dip_dir": null, "lower_seis_depth": null, "name": null, "net_slip_rate": null, "slip_type": "Anticline", "upper_seis_depth": null, "downthrown_side_id": null, "reference": null, "epistemic_quality": null, "accuracy": null, "activity_confidence": null, "fs_name": null, "last_movement": null, "downthrown_side_dir": null, "vert_sep_rate": null, "strike_slip_rate": null, "exposure_quality": "1", "shortening_rate": null, "notes": null, "index_right": 9, "NAME_EN": "People's Republic of China" }, "geometry": { "type": "LineString", "coordinates": [ [ 83.006213332688034, 45.771830308242627 ], [ 83.110990296714292, 45.829288643353806 ], [ 83.151549121498647, 45.907026390857155 ], [ 83.219147162805911, 45.974624432164418 ], [ 83.337443735093629, 46.035462669340959 ], [ 83.41856138466234, 46.109820514778946 ], [ 83.54023785901542, 46.143619535432578 ] ] } },
{ "type": "Feature", "properties": { "average_dip": null, "average_rake": null, "catalog_id": "GAF_439", "catalog_name": "HimaTibetMap", "dip_dir": null, "lower_seis_depth": null, "name": null, "net_slip_rate": null, "slip_type": "Anticline", "upper_seis_depth": null, "downthrown_side_id": null, "reference": null, "epistemic_quality": null, "accuracy": null, "activity_confidence": null, "fs_name": null, "last_movement": null, "downthrown_side_dir": null, "vert_sep_rate": null, "strike_slip_rate": null, "exposure_quality": "1", "shortening_rate": null, "notes": null, "index_right": 9, "NAME_EN": "People's Republic of China" }, "geometry": { "type": "LineString", "coordinates": [ [ 82.478948610491372, 45.690712658673917 ], [ 82.712161853001433, 45.72113177726218 ], [ 82.843978033550599, 45.768450406177266 ], [ 82.952134899642218, 45.795489622700174 ], [ 82.996073626491949, 45.81238913302699 ] ] } },
{ "type": "Feature", "properties": { "average_dip": null, "average_rake": null, "catalog_id": "GAF_673", "catalog_name": "HimaTibetMap", "dip_dir": null, "lower_seis_depth": null, "name": null, "net_slip_rate": null, "slip_type": "Anticline", "upper_seis_depth": null, "downthrown_side_id": null, "reference": null, "epistemic_quality": null, "accuracy": null, "activity_confidence": null, "fs_name": null, "last_movement": null, "downthrown_side_dir": null, "vert_sep_rate": null, "strike_slip_rate": null, "exposure_quality": "1", "shortening_rate": null, "notes": null, "index_right": 9, "NAME_EN": "People's Republic of China" }, "geometry": { "type": "LineString", "coordinates": [ [ 73.418193297986633, 39.47678615685529 ], [ 73.642583655871547, 39.473224405142837 ], [ 73.88122102060629, 39.494594915417586 ], [ 74.027252840817113, 39.537335935967093 ], [ 74.262328453839402, 39.665558997615619 ], [ 74.404798522337757, 39.69049125960283 ], [ 74.493842315149237, 39.69049125960283 ] ] } },
{ "type": "Feature", "properties": { "average_dip": null, "average_rake": null, "catalog_id": "GAF_697", "catalog_name": "HimaTibetMap", "dip_dir": null, "lower_seis_depth": null, "name": null, "net_slip_rate": null, "slip_type": "Anticline", "upper_seis_depth": null, "downthrown_side_id": null, "reference": null, "epistemic_quality": null, "accuracy": null, "activity_confidence": null, "fs_name": null, "last_movement": null, "downthrown_side_dir": null, "vert_sep_rate": null, "strike_slip_rate": null, "exposure_quality": "1", "shortening_rate": null, "notes": null, "index_right": 9, "NAME_EN": "People's Republic of China" }, "geometry": { "type": "LineString", "coordinates": [ [ 81.385477689727168, 44.561251307089442 ], [ 81.614056115472636, 44.513959219004171 ], [ 81.740168350366702, 44.513959219004171 ], [ 81.874162599941627, 44.557310299749005 ], [ 81.980569798133487, 44.577015336451197 ], [ 82.094859011006236, 44.577015336451197 ], [ 82.280086356006876, 44.521841233685052 ], [ 82.362847510156101, 44.4666671309189 ] ] } },
{ "type": "Feature", "properties": { "average_dip": null, "average_rake": null, "catalog_id": "GAF_698", "catalog_name": "HimaTibetMap", "dip_dir": null, "lower_seis_depth": null, "name": null, "net_slip_rate": null, "slip_type": "Anticline", "upper_seis_depth": null, "downthrown_side_id": null, "reference": null, "epistemic_quality": null, "accuracy": null, "activity_confidence": null, "fs_name": null, "last_movement": null, "downthrown_side_dir": null, "vert_sep_rate": null, "strike_slip_rate": null, "exposure_quality": "1", "shortening_rate": null, "notes": null, "index_right": 9, "NAME_EN": "People's Republic of China" }, "geometry": { "type": "LineString", "coordinates": [ [ 82.849956017434394, 47.093348523321659 ], [ 83.047006384456367, 47.097289530662096 ], [ 83.255879773499643, 47.093348523321659 ], [ 83.417461074457648, 47.03423341321507 ], [ 83.594806404777415, 47.00270535449156 ], [ 83.740623676373673, 46.983000317789362 ], [ 83.965261094778711, 46.979059310448925 ], [ 84.170193476481543, 46.979059310448925 ], [ 84.323892762758675, 46.983000317789362 ] ] } },
{ "type": "Feature", "properties": { "average_dip": null, "average_rake": null, "catalog_id": "GAF_701", "catalog_name": "HimaTibetMap", "dip_dir": null, "lower_seis_depth": null, "name": null, "net_slip_rate": null, "slip_type": "Reverse", "upper_seis_depth": null, "downthrown_side_id": null, "reference": null, "epistemic_quality": null, "accuracy": null, "activity_confidence": null, "fs_name": null, "last_movement": null, "downthrown_side_dir": null, "vert_sep_rate": null, "strike_slip_rate": null, "exposure_quality": "1", "shortening_rate": null, "notes": null, "index_right": 9, "NAME_EN": "People's Republic of China" }, "geometry": { "type": "LineString", "coordinates": [ [ 84.802725154622081, 47.116994567364294 ], [ 85.066772646431502, 47.026351398534189 ], [ 85.275646035474779, 47.006646361831997 ], [ 85.413581292390163, 47.006646361831997 ], [ 85.492401439198943, 46.979059310448925 ], [ 85.66974676951871, 46.979059310448925 ], [ 85.787976989731888, 46.986941325129798 ], [ 85.957440305370767, 46.986941325129798 ], [ 86.241192833882394, 46.959354273746726 ], [ 86.410656149521287, 46.986941325129798 ], [ 86.536768384415339, 47.042115427895951 ], [ 86.71805472207555, 47.156404640768685 ], [ 86.820520912926966, 47.239165794917909 ], [ 86.891459045054873, 47.24704780959879 ] ] } },
{ "type": "Feature", "properties": { "average_dip": null, "average_rake": null, "catalog_id": "GAF_702", "catalog_name": "HimaTibetMap", "dip_dir": null, "lower_seis_depth": null, "name": null, "net_slip_rate": null, "slip_type": "Dextral", "upper_seis_depth": null, "downthrown_side_id": null, "reference": null, "epistemic_quality": null, "accuracy": null, "activity_confidence": null, "fs_name": null, "last_movement": null, "downthrown_side_dir": null, "vert_sep_rate": null, "strike_slip_rate": null, "exposure_quality": "1", "shortening_rate": null, "notes": null, "index_right": 9, "NAME_EN": "People's Republic of China" }, "geometry": { "type": "LineString", "coordinates": [ [ 85.598808637390803, 48.011603233644003 ], [ 86.193900745797123, 47.850021932685998 ], [ 86.623470545905008, 47.723909697791939 ], [ 87.088509412076831, 47.507154294067782 ], [ 87.612663388355259, 47.361337022471531 ] ] } },
{ "type": "Feature", "properties": { "average_dip": null, "average_rake": null, "catalog_id": "GAF_703", "catalog_name": "HimaTibetMap", "dip_dir": null, "lower_seis_depth": null, "name": null, "net_slip_rate": null, "slip_type": "Anticline", "upper_seis_depth": null, "downthrown_side_id": null, "reference": null, "epistemic_quality": null, "accuracy": null, "activity_confidence": null, "fs_name": null, "last_movement": null, "downthrown_side_dir": null, "vert_sep_rate": null, "strike_slip_rate": null, "exposure_quality": "1", "shortening_rate": null, "notes": null, "index_right": 9, "NAME_EN": "People's Republic of China" }, "geometry": { "type": "LineString", "coordinates": [ [ 85.657923747497392, 46.474610370872696 ], [ 86.024437430158244, 46.458846341510942 ] ] } },
{ "type": "Feature", "properties": { "average_dip": null, "average_rake": null, "catalog_id": "GAF_704", "catalog_name": "HimaTibetMap", "dip_dir": null, "lower_seis_depth": null, "name": null, "net_slip_rate": null, "slip_type": "Anticline", "upper_seis_depth": null, "downthrown_side_id": null, "reference": null, "epistemic_quality": null, "accuracy": null, "activity_confidence": null, "fs_name": null, "last_movement": null, "downthrown_side_dir": null, "vert_sep_rate": null, "strike_slip_rate": null, "exposure_quality": "1", "shortening_rate": null, "notes": null, "index_right": 9, "NAME_EN": "People's Republic of China" }, "geometry": { "type": "LineString", "coordinates": [ [ 86.517063347713147, 46.868711104916621 ], [ 86.647116589947643, 46.868711104916621 ], [ 86.714113714735106, 46.919944200342336 ], [ 86.816579905586536, 46.927826215023209 ], [ 86.93086911845927, 46.927826215023209 ], [ 87.06880437537464, 46.975118303108481 ], [ 87.151565529523864, 46.990882332470242 ], [ 87.238267691013533, 46.986941325129798 ], [ 87.297382801120122, 46.951472259065845 ] ] } },
{ "type": "Feature", "properties": { "average_dip": null, "average_rake": null, "catalog_id": "GAF_705", "catalog_name": "HimaTibetMap", "dip_dir": null, "lower_seis_depth": null, "name": null, "net_slip_rate": null, "slip_type": "Reverse", "upper_seis_depth": null, "downthrown_side_id": null, "reference": null, "epistemic_quality": null, "accuracy": null, "activity_confidence": null, "fs_name": null, "last_movement": null, "downthrown_side_dir": null, "vert_sep_rate": null, "strike_slip_rate": null, "exposure_quality": "1", "shortening_rate": null, "notes": null, "index_right": 9, "NAME_EN": "People's Republic of China" }, "geometry": { "type": "LineString", "coordinates": [ [ 82.609603335969013, 45.370502409541118 ], [ 82.870377301317191, 45.325368454000085 ], [ 83.201359641951413, 45.109728444192946 ], [ 83.38189546411553, 45.109728444192946 ], [ 83.537356866534637, 45.124773096039952 ], [ 83.662728965259717, 45.27521961451005 ], [ 83.788101063984797, 45.330383337949087 ] ] } },
{ "type": "Feature", "properties": { "average_dip": null, "average_rake": null, "catalog_id": "GAF_729", "catalog_name": "HimaTibetMap", "dip_dir": null, "lower_seis_depth": null, "name": null, "net_slip_rate": null, "slip_type": "Reverse", "upper_seis_depth": null, "downthrown_side_id": null, "reference": "Arrowsmith and Strecker, 1999; Robinson, et al., 2004b", "epistemic_quality": null, "accuracy": null, "activity_confidence": null, "fs_name": "Main Pamir Thrust", "last_movement": null, "downthrown_side_dir": null, "vert_sep_rate": null, "strike_slip_rate": null, "exposure_quality": "1", "shortening_rate": null, "notes": null, "index_right": 9, "NAME_EN": "People's Republic of China" }, "geometry": { "type": "LineString", "coordinates": [ [ 74.381887878206513, 39.517684998953087 ], [ 74.211677665829441, 39.46094826149406 ], [ 74.06120197082943, 39.419012412067829 ], [ 73.923060349190067, 39.364742489280935 ], [ 73.777518283534306, 39.364742489280935 ], [ 73.474100078862151, 39.332673898543227 ], [ 73.335958457222787, 39.33514071321536 ], [ 73.257020387714576, 39.421479226739962 ], [ 73.200283650255557, 39.502884110920299 ], [ 73.11641195140308, 39.515218184280954 ], [ 73.022672993862088, 39.515218184280954 ] ] } },
{ "type": "Feature", "properties": { "average_dip": null, "average_rake": null, "catalog_id": "GAF_733", "catalog_name": "HimaTibetMap", "dip_dir": null, "lower_seis_depth": null, "name": null, "net_slip_rate": null, "slip_type": "Syncline", "upper_seis_depth": null, "downthrown_side_id": null, "reference": "Avouac and Peltzer, 1993", "epistemic_quality": null, "accuracy": null, "activity_confidence": null, "fs_name": "Western Kunlun Shan Thrust Belt", "last_movement": null, "downthrown_side_dir": null, "vert_sep_rate": null, "strike_slip_rate": null, "exposure_quality": "2", "shortening_rate": null, "notes": null, "index_right": 9, "NAME_EN": "People's Republic of China" }, "geometry": { "type": "LineString", "coordinates": [ [ 77.219925813009525, 37.602902577457009 ], [ 77.354234009799583, 37.541439504349697 ], [ 77.53179399877628, 37.475423611012211 ], [ 77.770817060860281, 37.420789768250152 ], [ 77.959759100412398, 37.366155925488094 ], [ 78.16463601077011, 37.300140032150608 ], [ 78.349025230092067, 37.256888239963978 ] ] } },
{ "type": "Feature", "properties": { "average_dip": null, "average_rake": null, "catalog_id": "GAF_734", "catalog_name": "HimaTibetMap", "dip_dir": null, "lower_seis_depth": null, "name": null, "net_slip_rate": null, "slip_type": "Anticline", "upper_seis_depth": null, "downthrown_side_id": null, "reference": "Avouac and Peltzer, 1993", "epistemic_quality": null, "accuracy": null, "activity_confidence": null, "fs_name": "Western Kunlun Shan Thrust Belt", "last_movement": null, "downthrown_side_dir": null, "vert_sep_rate": null, "strike_slip_rate": null, "exposure_quality": "1", "shortening_rate": null, "notes": null, "index_right": 9, "NAME_EN": "People's Republic of China" }, "geometry": { "type": "LineString", "coordinates": [ [ 79.394406588962426, 37.07684296486299 ], [ 79.337511717234705, 37.09429072552615 ], [ 79.238135341283623, 37.135255033170111 ], [ 79.20323981995729, 37.146634007515651 ], [ 79.159999717444222, 37.151185597253871 ], [ 79.119794008089968, 37.161805973309711 ], [ 79.080346897025422, 37.176219340814065 ] ] } },
{ "type": "Feature", "properties": { "average_dip": null, "average_rake": null, "catalog_id": "GAF_735", "catalog_name": "HimaTibetMap", "dip_dir": null, "lower_seis_depth": null, "name": null, "net_slip_rate": null, "slip_type": "Reverse", "upper_seis_depth": null, "downthrown_side_id": null, "reference": "Avouac and Peltzer, 1993", "epistemic_quality": null, "accuracy": null, "activity_confidence": null, "fs_name": "Western Kunlun Shan Thrust Belt", "last_movement": null, "downthrown_side_dir": null, "vert_sep_rate": null, "strike_slip_rate": null, "exposure_quality": "1", "shortening_rate": null, "notes": null, "index_right": 9, "NAME_EN": "People's Republic of China" }, "geometry": { "type": "LineString", "coordinates": [ [ 76.839258815497047, 38.53851110762001 ], [ 76.668214004209716, 38.606579961091498 ] ] } },
{ "type": "Feature", "properties": { "average_dip": null, "average_rake": null, "catalog_id": "GAF_736", "catalog_name": "HimaTibetMap", "dip_dir": null, "lower_seis_depth": null, "name": null, "net_slip_rate": "(7,4,10)", "slip_type": "Sinistral", "upper_seis_depth": null, "downthrown_side_id": null, "reference": "Avouac and Peltzer, 1993; Taylor, et al., 2003; Shen et al., 2001b", "epistemic_quality": null, "accuracy": null, "activity_confidence": null, "fs_name": "Karakax Fault", "last_movement": null, "downthrown_side_dir": null, "vert_sep_rate": null, "strike_slip_rate": null, "exposure_quality": "1", "shortening_rate": null, "notes": null, "index_right": 9, "NAME_EN": "People's Republic of China" }, "geometry": { "type": "LineString", "coordinates": [ [ 76.892328914665924, 36.433126208533402 ], [ 77.216307222801476, 36.461055373027847 ], [ 77.534699698038139, 36.455469540128959 ], [ 77.931293833859229, 36.377267879544512 ], [ 78.417261296062549, 36.265551221566739 ], [ 78.81944126478254, 36.215278725476743 ], [ 79.188106236109206, 36.159420396487853 ], [ 79.640558700919186, 36.081218735903413 ], [ 80.115354497324731, 35.980673743723415 ], [ 80.65718028851694, 35.919229581835637 ], [ 80.869441938674711, 35.874542918644529 ], [ 81.171076915214698, 35.89688625024008 ], [ 81.567671051035802, 35.941572913431195 ], [ 81.846962695980238, 36.042117905611192 ], [ 82.092739343531349, 36.114733733296745 ], [ 82.293829327891345, 36.142662897791183 ], [ 82.601050137330219, 36.170592062285628 ], [ 82.89151344807243, 36.215278725476743 ], [ 82.997644273151323, 36.237622057072294 ] ] } },
{ "type": "Feature", "properties": { "average_dip": null, "average_rake": null, "catalog_id": "GAF_737", "catalog_name": "HimaTibetMap", "dip_dir": null, "lower_seis_depth": null, "name": null, "net_slip_rate": null, "slip_type": "Sinistral", "upper_seis_depth": null, "downthrown_side_id": null, "reference": "Cowgill, et al., 2000, 2004b; Meriaux, et al., 2004, 2005; Elliott et al., 2008; Bendick et al., 2000", "epistemic_quality": null, "accuracy": null, "activity_confidence": null, "fs_name": "Altyn Tagh Fault", "last_movement": null, "downthrown_side_dir": null, "vert_sep_rate": null, "strike_slip_rate": "None", "exposure_quality": "1", "shortening_rate": null, "notes": null, "index_right": 9, "NAME_EN": "People's Republic of China" }, "geometry": { "type": "LineString", "coordinates": [ [ 82.984238274194013, 36.237622057072294 ], [ 83.185328258554009, 36.338167049252291 ], [ 83.431104906105105, 36.472227038825622 ], [ 83.654538222060665, 36.65097369159006 ], [ 83.866799872218436, 36.740347017972283 ], [ 84.162849015859535, 36.835306177253393 ], [ 84.464483992399522, 36.924679503635609 ], [ 84.632058979366192, 37.014052830017832 ], [ 84.883421459816191, 37.103426156400047 ], [ 85.25767226404173, 37.215142814377828 ], [ 85.659852232761722, 37.382717801344484 ], [ 86.000588039593936, 37.516777790917814 ], [ 86.425111339909478, 37.673181112086702 ], [ 86.90549296921391, 37.779311937165588 ] ] } },
{ "type": "Feature", "properties": { "average_dip": null, "average_rake": null, "catalog_id": "GAF_738", "catalog_name": "HimaTibetMap", "dip_dir": null, "lower_seis_depth": null, "name": null, "net_slip_rate": null, "slip_type": "Sinistral", "upper_seis_depth": null, "downthrown_side_id": null, "reference": null, "epistemic_quality": null, "accuracy": null, "activity_confidence": null, "fs_name": null, "last_movement": null, "downthrown_side_dir": null, "vert_sep_rate": null, "strike_slip_rate": null, "exposure_quality": "1", "shortening_rate": null, "notes": null, "index_right": 9, "NAME_EN": "People's Republic of China" }, "geometry": { "type": "LineString", "coordinates": [ [ 90.317728876386269, 38.561867278162687 ], [ 90.36955161036461, 38.577109258744557 ], [ 90.458717196768518, 38.612165814082843 ], [ 90.533402901619638, 38.660940151944807 ], [ 90.58751193268526, 38.687613617963066 ], [ 90.672104924914606, 38.715049183010422 ], [ 90.719355064718386, 38.724956470388634 ] ] } },
{ "type": "Feature", "properties": { "average_dip": null, "average_rake": null, "catalog_id": "GAF_739", "catalog_name": "HimaTibetMap", "dip_dir": null, "lower_seis_depth": null, "name": null, "net_slip_rate": null, "slip_type": "Sinistral", "upper_seis_depth": null, "downthrown_side_id": null, "reference": "Cowgill, et al., 2000, 2004b; Meriaux, et al., 2004, 2005; Elliott et al., 2008; Bendick et al., 2000", "epistemic_quality": null, "accuracy": null, "activity_confidence": null, "fs_name": "Altyn Tagh Fault", "last_movement": null, "downthrown_side_dir": null, "vert_sep_rate": null, "strike_slip_rate": "None", "exposure_quality": "1", "shortening_rate": null, "notes": null, "index_right": 9, "NAME_EN": "People's Republic of China" }, "geometry": { "type": "LineString", "coordinates": [ [ 86.916265646947494, 37.780109913293991 ], [ 87.136507058389384, 37.823200624228278 ], [ 87.227476337028435, 37.847139908080656 ], [ 87.347172756290334, 37.847139908080656 ], [ 87.45011167685557, 37.880654905473989 ], [ 87.66077737475652, 37.933321329949223 ], [ 87.861867359116516, 37.99795739635065 ], [ 88.067745200246975, 38.055411677596368 ], [ 88.32389553746745, 38.141593099464934 ], [ 88.558500519220772, 38.199047380710645 ], [ 88.721287649416965, 38.220592736177785 ], [ 88.876892994457435, 38.234956306489217 ], [ 89.117482797173864, 38.254107733571132 ], [ 89.294633497681474, 38.254107733571132 ], [ 89.455026699492421, 38.278047017423518 ], [ 89.677662039319571, 38.325925585128275 ], [ 89.893115593990984, 38.390561651529701 ], [ 90.156447716367168, 38.503076285635892 ], [ 90.256992708547173, 38.550954853340656 ], [ 90.495188582878356, 38.572500208807796 ], [ 90.595733575058361, 38.584469850733988 ], [ 90.725005707861214, 38.620378776512553 ], [ 90.866247482590254, 38.673045200987794 ], [ 91.01227711408977, 38.708954126766365 ] ] } },
{ "type": "Feature", "properties": { "average_dip": null, "average_rake": null, "catalog_id": "GAF_740", "catalog_name": "HimaTibetMap", "dip_dir": null, "lower_seis_depth": null, "name": null, "net_slip_rate": null, "slip_type": "Reverse", "upper_seis_depth": null, "downthrown_side_id": null, "reference": null, "epistemic_quality": null, "accuracy": null, "activity_confidence": null, "fs_name": null, "last_movement": null, "downthrown_side_dir": null, "vert_sep_rate": null, "strike_slip_rate": null, "exposure_quality": "1", "shortening_rate": null, "notes": null, "index_right": 9, "NAME_EN": "People's Republic of China" }, "geometry": { "type": "LineString", "coordinates": [ [ 90.083629873517225, 37.82814130754182 ], [ 90.045728292842696, 37.843622234859581 ], [ 90.023841464565862, 37.844156059939507 ], [ 89.98113545817202, 37.857501686937582 ], [ 89.964586880694412, 37.857501686937582 ], [ 89.933091200978964, 37.862306112656881 ], [ 89.914941148261576, 37.870313488855729 ], [ 89.889851369505195, 37.874050264415189 ], [ 89.85301743899052, 37.872448789175422 ], [ 89.767605426202849, 37.913019495249564 ], [ 89.701944941372332, 37.931169547966945 ] ] } },
{ "type": "Feature", "properties": { "average_dip": null, "average_rake": null, "catalog_id": "GAF_741", "catalog_name": "HimaTibetMap", "dip_dir": null, "lower_seis_depth": null, "name": null, "net_slip_rate": null, "slip_type": "Anticline", "upper_seis_depth": null, "downthrown_side_id": null, "reference": null, "epistemic_quality": null, "accuracy": null, "activity_confidence": null, "fs_name": null, "last_movement": null, "downthrown_side_dir": null, "vert_sep_rate": null, "strike_slip_rate": null, "exposure_quality": "1", "shortening_rate": null, "notes": null, "index_right": 9, "NAME_EN": "People's Republic of China" }, "geometry": { "type": "LineString", "coordinates": [ [ 91.075628313590272, 38.574119369679423 ], [ 91.189665653661706, 38.533391748225341 ], [ 91.280895525718847, 38.468227553898814 ], [ 91.373754502634156, 38.390030520706979 ], [ 91.471500794123955, 38.360706633260037 ], [ 91.535035883592315, 38.321608116664116 ], [ 91.645815013947413, 38.264589446628406 ], [ 91.725641151997422, 38.194537937727382 ], [ 91.825016548345374, 38.126115533684526 ], [ 91.909730000969873, 38.100049855953912 ] ] } },
{ "type": "Feature", "properties": { "average_dip": null, "average_rake": null, "catalog_id": "GAF_742", "catalog_name": "HimaTibetMap", "dip_dir": null, "lower_seis_depth": null, "name": null, "net_slip_rate": null, "slip_type": "Anticline", "upper_seis_depth": null, "downthrown_side_id": null, "reference": null, "epistemic_quality": null, "accuracy": null, "activity_confidence": null, "fs_name": null, "last_movement": null, "downthrown_side_dir": null, "vert_sep_rate": null, "strike_slip_rate": null, "exposure_quality": "1", "shortening_rate": null, "notes": null, "index_right": 9, "NAME_EN": "People's Republic of China" }, "geometry": { "type": "LineString", "coordinates": [ [ 93.220507769841177, 37.810069191200846 ], [ 93.096695800620765, 37.873604280669213 ], [ 92.941930839095264, 37.893153538967177 ], [ 92.806715135867705, 37.920848321555951 ], [ 92.684532271505461, 37.951801313861054 ], [ 92.57538224600853, 37.994158040173296 ], [ 92.495556107958521, 38.036514766485539 ] ] } },
{ "type": "Feature", "properties": { "average_dip": null, "average_rake": null, "catalog_id": "GAF_743", "catalog_name": "HimaTibetMap", "dip_dir": null, "lower_seis_depth": null, "name": null, "net_slip_rate": null, "slip_type": "Anticline", "upper_seis_depth": null, "downthrown_side_id": null, "reference": null, "epistemic_quality": null, "accuracy": null, "activity_confidence": null, "fs_name": null, "last_movement": null, "downthrown_side_dir": null, "vert_sep_rate": null, "strike_slip_rate": null, "exposure_quality": "1", "shortening_rate": null, "notes": null, "index_right": 9, "NAME_EN": "People's Republic of China" }, "geometry": { "type": "LineString", "coordinates": [ [ 91.599548435968728, 38.36070663326003 ], [ 91.876496261856488, 38.285767809784524 ], [ 92.036148537956478, 38.223861825174318 ], [ 92.177880660616694, 38.199425252301872 ], [ 92.29028889582996, 38.158697630847783 ] ] } },
{ "type": "Feature", "properties": { "average_dip": null, "average_rake": null, "catalog_id": "GAF_744", "catalog_name": "HimaTibetMap", "dip_dir": null, "lower_seis_depth": null, "name": null, "net_slip_rate": null, "slip_type": "Anticline", "upper_seis_depth": null, "downthrown_side_id": null, "reference": null, "epistemic_quality": null, "accuracy": null, "activity_confidence": null, "fs_name": null, "last_movement": null, "downthrown_side_dir": null, "vert_sep_rate": null, "strike_slip_rate": null, "exposure_quality": "1", "shortening_rate": null, "notes": null, "index_right": 9, "NAME_EN": "People's Republic of China" }, "geometry": { "type": "LineString", "coordinates": [ [ 92.171364241184037, 38.390030520706972 ], [ 92.296805315262603, 38.344415584678401 ], [ 92.366856824163634, 38.285767809784524 ], [ 92.420617284483015, 38.228749139748807 ], [ 92.503701632249346, 38.186392413436565 ], [ 92.578640455724852, 38.170101364854929 ], [ 92.707339739519753, 38.109824485102891 ] ] } },
{ "type": "Feature", "properties": { "average_dip": null, "average_rake": null, "catalog_id": "GAF_745", "catalog_name": "HimaTibetMap", "dip_dir": null, "lower_seis_depth": null, "name": null, "net_slip_rate": null, "slip_type": "Anticline", "upper_seis_depth": null, "downthrown_side_id": null, "reference": null, "epistemic_quality": null, "accuracy": null, "activity_confidence": null, "fs_name": null, "last_movement": null, "downthrown_side_dir": null, "vert_sep_rate": null, "strike_slip_rate": null, "exposure_quality": "1", "shortening_rate": null, "notes": null, "index_right": 9, "NAME_EN": "People's Republic of China" }, "geometry": { "type": "LineString", "coordinates": [ [ 93.314499483728184, 37.211716795131871 ], [ 93.037678931657467, 37.342172457601976 ], [ 92.935859878022271, 37.345354303028074 ] ] } },
{ "type": "Feature", "properties": { "average_dip": null, "average_rake": null, "catalog_id": "GAF_746", "catalog_name": "HimaTibetMap", "dip_dir": null, "lower_seis_depth": null, "name": null, "net_slip_rate": null, "slip_type": "Anticline", "upper_seis_depth": null, "downthrown_side_id": null, "reference": null, "epistemic_quality": null, "accuracy": null, "activity_confidence": null, "fs_name": null, "last_movement": null, "downthrown_side_dir": null, "vert_sep_rate": null, "strike_slip_rate": null, "exposure_quality": "1", "shortening_rate": null, "notes": null, "index_right": 9, "NAME_EN": "People's Republic of China" }, "geometry": { "type": "LineString", "coordinates": [ [ 92.889599675739547, 37.551878914017159 ], [ 92.756545929186927, 37.605100412638208 ], [ 92.620691051127935, 37.690534923582526 ], [ 92.532455408677251, 37.707341712620746 ], [ 92.372790912814096, 37.711543409880306 ], [ 92.22012924571689, 37.773168303020469 ], [ 92.154302655317167, 37.813784709862844 ], [ 92.075870973138777, 37.840395459173365 ], [ 91.98203306767536, 37.869807339990267 ], [ 91.928811569054304, 37.907622615326268 ], [ 91.836374229344074, 37.946838456415463 ], [ 91.806962348527179, 37.952440719428203 ] ] } },
{ "type": "Feature", "properties": { "average_dip": null, "average_rake": null, "catalog_id": "GAF_747", "catalog_name": "HimaTibetMap", "dip_dir": null, "lower_seis_depth": null, "name": null, "net_slip_rate": null, "slip_type": "Anticline", "upper_seis_depth": null, "downthrown_side_id": null, "reference": null, "epistemic_quality": null, "accuracy": null, "activity_confidence": null, "fs_name": null, "last_movement": null, "downthrown_side_dir": null, "vert_sep_rate": null, "strike_slip_rate": null, "exposure_quality": "1", "shortening_rate": null, "notes": null, "index_right": 9, "NAME_EN": "People's Republic of China" }, "geometry": { "type": "LineString", "coordinates": [ [ 92.283154704610226, 37.963645245453691 ], [ 92.409205622396925, 37.916026009845382 ], [ 92.599682564830147, 37.838994893420185 ], [ 92.629094445647041, 37.820787538628771 ] ] } },
{ "type": "Feature", "properties": { "average_dip": null, "average_rake": null, "catalog_id": "GAF_748", "catalog_name": "HimaTibetMap", "dip_dir": null, "lower_seis_depth": null, "name": null, "net_slip_rate": null, "slip_type": "Reverse", "upper_seis_depth": null, "downthrown_side_id": null, "reference": null, "epistemic_quality": null, "accuracy": null, "activity_confidence": null, "fs_name": null, "last_movement": null, "downthrown_side_dir": null, "vert_sep_rate": null, "strike_slip_rate": null, "exposure_quality": "1", "shortening_rate": null, "notes": null, "index_right": 9, "NAME_EN": "People's Republic of China" }, "geometry": { "type": "LineString", "coordinates": [ [ 93.434157147649955, 38.810724920052166 ], [ 93.530446043181456, 38.672856728722977 ], [ 93.631111706691669, 38.513104697500253 ], [ 93.729588986212519, 38.458395097766449 ], [ 94.000948600892201, 38.454018329787743 ] ] } },
{ "type": "Feature", "properties": { "average_dip": null, "average_rake": null, "catalog_id": "GAF_749", "catalog_name": "HimaTibetMap", "dip_dir": null, "lower_seis_depth": null, "name": null, "net_slip_rate": null, "slip_type": "Reverse", "upper_seis_depth": null, "downthrown_side_id": null, "reference": null, "epistemic_quality": null, "accuracy": null, "activity_confidence": null, "fs_name": null, "last_movement": null, "downthrown_side_dir": null, "vert_sep_rate": null, "strike_slip_rate": null, "exposure_quality": "1", "shortening_rate": null, "notes": null, "index_right": 9, "NAME_EN": "People's Republic of China" }, "geometry": { "type": "LineString", "coordinates": [ [ 93.95478251756775, 38.767457002975341 ], [ 93.910153989708718, 38.796871259973337 ], [ 93.86653974657375, 38.807014107214023 ], [ 93.790468392268593, 38.807014107214023 ], [ 93.746854149133625, 38.819185523902853 ], [ 93.707297044894943, 38.844542642004576 ], [ 93.666725655932197, 38.853671204521191 ], [ 93.624125697521293, 38.858742628141535 ], [ 93.565297183525303, 38.858742628141535 ] ] } },
{ "type": "Feature", "properties": { "average_dip": null, "average_rake": null, "catalog_id": "GAF_750", "catalog_name": "HimaTibetMap", "dip_dir": null, "lower_seis_depth": null, "name": null, "net_slip_rate": null, "slip_type": "Anticline", "upper_seis_depth": null, "downthrown_side_id": null, "reference": null, "epistemic_quality": null, "accuracy": null, "activity_confidence": null, "fs_name": null, "last_movement": null, "downthrown_side_dir": null, "vert_sep_rate": null, "strike_slip_rate": null, "exposure_quality": "1", "shortening_rate": null, "notes": null, "index_right": 9, "NAME_EN": "People's Republic of China" }, "geometry": { "type": "LineString", "coordinates": [ [ 92.718673724345052, 39.228956552426673 ], [ 93.084830509733905, 39.279670788630114 ], [ 93.217701808586924, 39.295899344215215 ], [ 93.421573038124762, 39.336470733177968 ], [ 93.525030079979786, 39.348642149866798 ] ] } },
{ "type": "Feature", "properties": { "average_dip": null, "average_rake": null, "catalog_id": "GAF_751", "catalog_name": "HimaTibetMap", "dip_dir": null, "lower_seis_depth": null, "name": null, "net_slip_rate": null, "slip_type": "Reverse", "upper_seis_depth": null, "downthrown_side_id": null, "reference": "Gold, et al., 2006", "epistemic_quality": null, "accuracy": null, "activity_confidence": null, "fs_name": "Dalong Fault", "last_movement": null, "downthrown_side_dir": null, "vert_sep_rate": null, "strike_slip_rate": null, "exposure_quality": "1", "shortening_rate": null, "notes": null, "index_right": 9, "NAME_EN": "People's Republic of China" }, "geometry": { "type": "LineString", "coordinates": [ [ 94.177468728737082, 39.397961744574644 ], [ 94.026593876031839, 39.413176015435674 ], [ 93.968272504397873, 39.423318862676368 ], [ 93.915022556384258, 39.428390286296711 ], [ 93.861772608370643, 39.443604557157741 ], [ 93.822469075312981, 39.46769381935438 ], [ 93.775558406824786, 39.489247369740838 ], [ 93.642433536790747, 39.539961605944285 ], [ 93.547344343909302, 39.534890182323942 ], [ 93.515647946282144, 39.55771158861549 ], [ 93.492826539990588, 39.562783012235833 ], [ 93.448451583312576, 39.560247300425658 ], [ 93.400273058919311, 39.555175876805315 ] ] } },
{ "type": "Feature", "properties": { "average_dip": null, "average_rake": null, "catalog_id": "GAF_752", "catalog_name": "HimaTibetMap", "dip_dir": null, "lower_seis_depth": null, "name": null, "net_slip_rate": null, "slip_type": "Reverse", "upper_seis_depth": null, "downthrown_side_id": null, "reference": null, "epistemic_quality": null, "accuracy": null, "activity_confidence": null, "fs_name": null, "last_movement": null, "downthrown_side_dir": null, "vert_sep_rate": null, "strike_slip_rate": null, "exposure_quality": "1", "shortening_rate": null, "notes": null, "index_right": 9, "NAME_EN": "People's Republic of China" }, "geometry": { "type": "LineString", "coordinates": [ [ 94.250566620765937, 38.579864850184293 ], [ 94.200562622913964, 38.622499837826503 ], [ 94.085816606790488, 38.656186741642571 ], [ 94.03160174596151, 38.659344888875324 ], [ 93.990019474063558, 38.656713099514697 ], [ 93.957911643863866, 38.656713099514697 ], [ 93.934225539618197, 38.665661183340838 ], [ 93.907381288139774, 38.667240256957214 ], [ 93.874220742195831, 38.671977477806351 ], [ 93.837375691147017, 38.687241856098005 ], [ 93.814742302645598, 38.700400802901157 ], [ 93.788424409039294, 38.708296170983047 ], [ 93.732104116721814, 38.708296170983047 ], [ 93.716313380558034, 38.710927960343675 ] ] } },
{ "type": "Feature", "properties": { "average_dip": null, "average_rake": null, "catalog_id": "GAF_753", "catalog_name": "HimaTibetMap", "dip_dir": null, "lower_seis_depth": null, "name": null, "net_slip_rate": null, "slip_type": "Reverse", "upper_seis_depth": null, "downthrown_side_id": null, "reference": null, "epistemic_quality": null, "accuracy": null, "activity_confidence": null, "fs_name": null, "last_movement": null, "downthrown_side_dir": null, "vert_sep_rate": null, "strike_slip_rate": null, "exposure_quality": "2", "shortening_rate": null, "notes": null, "index_right": 9, "NAME_EN": "People's Republic of China" }, "geometry": { "type": "LineString", "coordinates": [ [ 92.671843462761515, 38.821276225048557 ], [ 92.655910537175714, 38.848680857056117 ], [ 92.645713464800806, 38.876722806087116 ], [ 92.629143222191587, 38.904127438094683 ], [ 92.587717615668524, 38.950014263781767 ], [ 92.574971275199886, 38.969133774484717 ], [ 92.546292009145461, 38.988253285187668 ], [ 92.48383494084915, 38.992077187328256 ], [ 92.433486895998044, 38.992077187328256 ] ] } },
{ "type": "Feature", "properties": { "average_dip": null, "average_rake": null, "catalog_id": "GAF_754", "catalog_name": "HimaTibetMap", "dip_dir": null, "lower_seis_depth": null, "name": null, "net_slip_rate": null, "slip_type": "Reverse", "upper_seis_depth": null, "downthrown_side_id": null, "reference": null, "epistemic_quality": null, "accuracy": null, "activity_confidence": null, "fs_name": null, "last_movement": null, "downthrown_side_dir": null, "vert_sep_rate": null, "strike_slip_rate": null, "exposure_quality": "2", "shortening_rate": null, "notes": null, "index_right": 9, "NAME_EN": "People's Republic of China" }, "geometry": { "type": "LineString", "coordinates": [ [ 90.708786697348032, 39.576786174256441 ], [ 90.639348895496923, 39.565213207281253 ], [ 90.597686214386272, 39.555954833701108 ], [ 90.542907504037075, 39.555954833701108 ], [ 90.506645540848169, 39.569070862939654 ], [ 90.47269817105429, 39.572928518598047 ], [ 90.404031900334871, 39.572156987466364 ], [ 90.368541468277641, 39.576786174256441 ], [ 90.320706538113555, 39.578329236519799 ], [ 90.21577830420523, 39.578329236519799 ], [ 90.174115623094565, 39.56984239407133 ], [ 90.140939784432376, 39.565213207281253 ], [ 90.089247198609897, 39.603018232733518 ], [ 90.036011550524051, 39.60841895065527 ], [ 89.977375184516461, 39.609962012918629 ], [ 89.932626378879078, 39.603789763865201 ] ] } },
{ "type": "Feature", "properties": { "average_dip": null, "average_rake": null, "catalog_id": "GAF_755", "catalog_name": "HimaTibetMap", "dip_dir": null, "lower_seis_depth": null, "name": null, "net_slip_rate": null, "slip_type": "Sinistral", "upper_seis_depth": null, "downthrown_side_id": null, "reference": null, "epistemic_quality": null, "accuracy": null, "activity_confidence": null, "fs_name": null, "last_movement": null, "downthrown_side_dir": null, "vert_sep_rate": null, "strike_slip_rate": null, "exposure_quality": "1", "shortening_rate": null, "notes": null, "index_right": 9, "NAME_EN": "People's Republic of China" }, "geometry": { "type": "LineString", "coordinates": [ [ 90.327806914715907, 39.698025356826243 ], [ 90.869806933517395, 39.934821481545349 ], [ 91.332874910745872, 40.071637020271936 ], [ 91.711748710296433, 40.155831197949844 ], [ 92.31163222625149, 40.355792369934861 ], [ 92.748389522955605, 40.513656453080927 ], [ 93.343010902805801, 40.645209855702653 ] ] } },
{ "type": "Feature", "properties": { "average_dip": null, "average_rake": null, "catalog_id": "GAF_756", "catalog_name": "HimaTibetMap", "dip_dir": null, "lower_seis_depth": null, "name": null, "net_slip_rate": null, "slip_type": "Reverse", "upper_seis_depth": null, "downthrown_side_id": null, "reference": null, "epistemic_quality": null, "accuracy": null, "activity_confidence": null, "fs_name": null, "last_movement": null, "downthrown_side_dir": null, "vert_sep_rate": null, "strike_slip_rate": null, "exposure_quality": "2", "shortening_rate": null, "notes": null, "index_right": 9, "NAME_EN": "People's Republic of China" }, "geometry": { "type": "LineString", "coordinates": [ [ 72.400343853995736, 39.58337953722728 ], [ 72.827699422285207, 39.71247653181473 ], [ 73.517700600252596, 39.71247653181473 ], [ 73.793701071439543, 39.685766808796636 ], [ 73.913894825020961, 39.694670049802667 ], [ 74.06970154262649, 39.756992736844879 ], [ 74.198798537213932, 39.801508941875035 ], [ 74.345702013813451, 39.801508941875035 ] ] } },
{ "type": "Feature", "properties": { "average_dip": null, "average_rake": null, "catalog_id": "GAF_757", "catalog_name": "HimaTibetMap", "dip_dir": null, "lower_seis_depth": null, "name": null, "net_slip_rate": null, "slip_type": "Reverse", "upper_seis_depth": null, "downthrown_side_id": null, "reference": null, "epistemic_quality": null, "accuracy": null, "activity_confidence": null, "fs_name": null, "last_movement": null, "downthrown_side_dir": null, "vert_sep_rate": null, "strike_slip_rate": null, "exposure_quality": "3", "shortening_rate": null, "notes": null, "index_right": 9, "NAME_EN": "People's Republic of China" }, "geometry": { "type": "LineString", "coordinates": [ [ 83.700112707107678, 36.806579201467393 ], [ 83.60949687951576, 36.787502185132254 ], [ 83.466419257002201, 36.770014920158374 ], [ 83.345068236425874, 36.748818235341552 ], [ 83.208349619357364, 36.714373622514209 ], [ 82.88642496870186, 36.64283481125743 ], [ 82.73062933529819, 36.618988540838508 ] ] } },
{ "type": "Feature", "properties": { "average_dip": null, "average_rake": null, "catalog_id": "GAF_758", "catalog_name": "HimaTibetMap", "dip_dir": null, "lower_seis_depth": null, "name": null, "net_slip_rate": null, "slip_type": "Reverse", "upper_seis_depth": null, "downthrown_side_id": null, "reference": "Avouac and Peltzer, 1993", "epistemic_quality": null, "accuracy": null, "activity_confidence": null, "fs_name": "Western Kunlun Shan Thrust Belt", "last_movement": null, "downthrown_side_dir": null, "vert_sep_rate": null, "strike_slip_rate": null, "exposure_quality": "1", "shortening_rate": null, "notes": null, "index_right": 9, "NAME_EN": "People's Republic of China" }, "geometry": { "type": "LineString", "coordinates": [ [ 79.753011402024384, 37.030872492111733 ], [ 79.502187106883298, 37.168966766964687 ], [ 79.369729333044745, 37.214058775079941 ], [ 79.20627080362695, 37.253514282180788 ], [ 78.983629013557902, 37.301424540803239 ], [ 78.755350722474432, 37.307061041817647 ], [ 78.580619191027836, 37.371880803483322 ], [ 78.46788917073971, 37.450791817685008 ], [ 78.388978156538016, 37.524066330872294 ], [ 78.194518871540993, 37.681888359275675 ], [ 77.938058075385499, 37.743889870434145 ], [ 77.495592745754593, 37.757981122970165 ], [ 77.334952466844015, 37.769254124998973 ], [ 77.20813119401987, 37.831255636157444 ], [ 77.115128927282157, 37.927076153402353 ], [ 76.920669642285134, 38.225810707165898 ], [ 76.906578389749114, 38.37235973354047 ], [ 76.838940377576236, 38.530181761943851 ] ] } },
{ "type": "Feature", "properties": { "average_dip": null, "average_rake": null, "catalog_id": "GAF_759", "catalog_name": "HimaTibetMap", "dip_dir": null, "lower_seis_depth": null, "name": null, "net_slip_rate": null, "slip_type": "Reverse", "upper_seis_depth": null, "downthrown_side_id": null, "reference": null, "epistemic_quality": null, "accuracy": null, "activity_confidence": null, "fs_name": null, "last_movement": null, "downthrown_side_dir": null, "vert_sep_rate": null, "strike_slip_rate": null, "exposure_quality": "1", "shortening_rate": null, "notes": null, "index_right": 9, "NAME_EN": "People's Republic of China" }, "geometry": { "type": "LineString", "coordinates": [ [ 82.616017955678927, 36.581457252827697 ], [ 82.521645625611455, 36.592692054026209 ], [ 82.486817741896076, 36.592692054026209 ], [ 82.455360298540256, 36.590445093786506 ], [ 82.311554843199346, 36.591568573906358 ], [ 82.220552953491421, 36.581457252827697 ], [ 82.145279785461412, 36.556740690190978 ] ] } },
{ "type": "Feature", "properties": { "average_dip": null, "average_rake": null, "catalog_id": "GAF_760", "catalog_name": "HimaTibetMap", "dip_dir": null, "lower_seis_depth": null, "name": null, "net_slip_rate": null, "slip_type": "Reverse", "upper_seis_depth": null, "downthrown_side_id": null, "reference": null, "epistemic_quality": null, "accuracy": null, "activity_confidence": null, "fs_name": null, "last_movement": null, "downthrown_side_dir": null, "vert_sep_rate": null, "strike_slip_rate": null, "exposure_quality": "2", "shortening_rate": null, "notes": null, "index_right": 9, "NAME_EN": "People's Republic of China" }, "geometry": { "type": "LineString", "coordinates": [ [ 84.449587793802024, 37.034385524259108 ], [ 84.370843556615867, 37.039965824532139 ], [ 84.329301321249957, 37.038725757804805 ], [ 84.292719352793398, 37.026325090531394 ], [ 84.248696983972792, 36.999043622529889 ], [ 84.216455249061923, 36.982922755074462 ], [ 84.137090978512106, 36.957501387163973 ], [ 84.098648909964538, 36.951921086890934 ], [ 84.065167108326335, 36.937660319526515 ], [ 84.02920517323345, 36.937040286162848 ] ] } },
{ "type": "Feature", "properties": { "average_dip": null, "average_rake": null, "catalog_id": "GAF_761", "catalog_name": "HimaTibetMap", "dip_dir": null, "lower_seis_depth": null, "name": null, "net_slip_rate": null, "slip_type": "Sinistral", "upper_seis_depth": null, "downthrown_side_id": null, "reference": null, "epistemic_quality": null, "accuracy": null, "activity_confidence": null, "fs_name": null, "last_movement": null, "downthrown_side_dir": null, "vert_sep_rate": null, "strike_slip_rate": null, "exposure_quality": "1", "shortening_rate": null, "notes": null, "index_right": 9, "NAME_EN": "People's Republic of China" }, "geometry": { "type": "LineString", "coordinates": [ [ 84.438117176574139, 37.014234439939798 ], [ 84.480899478667396, 37.047716241578009 ], [ 84.527401980942685, 37.07995797648887 ], [ 84.591885450764408, 37.119020078400105 ], [ 84.660089120768163, 37.163662480584385 ], [ 84.693570922406366, 37.1884638151312 ], [ 84.737593291226972, 37.213265149678016 ], [ 84.773555226319857, 37.238066484224838 ] ] } },
{ "type": "Feature", "properties": { "average_dip": null, "average_rake": null, "catalog_id": "GAF_762", "catalog_name": "HimaTibetMap", "dip_dir": null, "lower_seis_depth": null, "name": null, "net_slip_rate": null, "slip_type": "Sinistral", "upper_seis_depth": null, "downthrown_side_id": null, "reference": null, "epistemic_quality": null, "accuracy": null, "activity_confidence": null, "fs_name": null, "last_movement": null, "downthrown_side_dir": null, "vert_sep_rate": null, "strike_slip_rate": null, "exposure_quality": "1", "shortening_rate": null, "notes": null, "index_right": 9, "NAME_EN": "People's Republic of China" }, "geometry": { "type": "LineString", "coordinates": [ [ 84.655128853858798, 37.125220412036811 ], [ 84.850439363414992, 37.25170721822559 ], [ 84.894461732235598, 37.277748619499746 ] ] } },
{ "type": "Feature", "properties": { "average_dip": null, "average_rake": null, "catalog_id": "GAF_763", "catalog_name": "HimaTibetMap", "dip_dir": null, "lower_seis_depth": null, "name": null, "net_slip_rate": null, "slip_type": "Sinistral", "upper_seis_depth": null, "downthrown_side_id": null, "reference": null, "epistemic_quality": null, "accuracy": null, "activity_confidence": null, "fs_name": null, "last_movement": null, "downthrown_side_dir": null, "vert_sep_rate": null, "strike_slip_rate": null, "exposure_quality": "1", "shortening_rate": null, "notes": null, "index_right": 9, "NAME_EN": "People's Republic of China" }, "geometry": { "type": "LineString", "coordinates": [ [ 85.443847514512072, 37.364266879941056 ], [ 85.360711830398557, 37.33050875366466 ], [ 85.286141641011895, 37.296246774757272 ], [ 85.228198588447924, 37.262488648480875 ] ] } },
{ "type": "Feature", "properties": { "average_dip": null, "average_rake": null, "catalog_id": "GAF_764", "catalog_name": "HimaTibetMap", "dip_dir": null, "lower_seis_depth": null, "name": null, "net_slip_rate": null, "slip_type": "Sinistral", "upper_seis_depth": null, "downthrown_side_id": null, "reference": null, "epistemic_quality": null, "accuracy": null, "activity_confidence": null, "fs_name": null, "last_movement": null, "downthrown_side_dir": null, "vert_sep_rate": null, "strike_slip_rate": null, "exposure_quality": "1", "shortening_rate": null, "notes": null, "index_right": 9, "NAME_EN": "People's Republic of China" }, "geometry": { "type": "LineString", "coordinates": [ [ 85.463296226068337, 37.372328522036909 ], [ 85.64065235217717, 37.456471911412407 ] ] } },
{ "type": "Feature", "properties": { "average_dip": null, "average_rake": null, "catalog_id": "GAF_765", "catalog_name": "HimaTibetMap", "dip_dir": null, "lower_seis_depth": null, "name": null, "net_slip_rate": null, "slip_type": "Sinistral", "upper_seis_depth": null, "downthrown_side_id": null, "reference": null, "epistemic_quality": null, "accuracy": null, "activity_confidence": null, "fs_name": null, "last_movement": null, "downthrown_side_dir": null, "vert_sep_rate": null, "strike_slip_rate": null, "exposure_quality": "1", "shortening_rate": null, "notes": null, "index_right": 9, "NAME_EN": "People's Republic of China" }, "geometry": { "type": "LineString", "coordinates": [ [ 85.617475131151593, 37.438333216696734 ], [ 85.689526057383304, 37.459998879829342 ], [ 85.729834267862586, 37.474106753497097 ] ] } },
{ "type": "Feature", "properties": { "average_dip": null, "average_rake": null, "catalog_id": "GAF_766", "catalog_name": "HimaTibetMap", "dip_dir": null, "lower_seis_depth": null, "name": null, "net_slip_rate": null, "slip_type": "Sinistral", "upper_seis_depth": null, "downthrown_side_id": null, "reference": null, "epistemic_quality": null, "accuracy": null, "activity_confidence": null, "fs_name": null, "last_movement": null, "downthrown_side_dir": null, "vert_sep_rate": null, "strike_slip_rate": null, "exposure_quality": "2", "shortening_rate": null, "notes": null, "index_right": 9, "NAME_EN": "People's Republic of China" }, "geometry": { "type": "LineString", "coordinates": [ [ 83.164439059485844, 36.147926911008398 ], [ 83.587327765422074, 36.288297531886393 ], [ 83.759681565740621, 36.323834397931449 ], [ 84.02087753117182, 36.336272301047224 ], [ 84.246536630557955, 36.325611241233702 ], [ 84.406452527760734, 36.341602830953981 ], [ 84.55926105175449, 36.346933360860739 ], [ 84.969711854574953, 36.407346033137344 ] ] } },
{ "type": "Feature", "properties": { "average_dip": null, "average_rake": null, "catalog_id": "GAF_767", "catalog_name": "HimaTibetMap", "dip_dir": null, "lower_seis_depth": null, "name": null, "net_slip_rate": null, "slip_type": "Normal", "upper_seis_depth": null, "downthrown_side_id": null, "reference": null, "epistemic_quality": null, "accuracy": null, "activity_confidence": null, "fs_name": null, "last_movement": null, "downthrown_side_dir": null, "vert_sep_rate": null, "strike_slip_rate": null, "exposure_quality": "1", "shortening_rate": null, "notes": null, "index_right": 9, "NAME_EN": "People's Republic of China" }, "geometry": { "type": "LineString", "coordinates": [ [ 88.756286626550988, 38.727466127790663 ], [ 88.74641934383051, 38.688654815756777 ], [ 88.751681894614762, 38.651816960266984 ], [ 88.737209879958058, 38.613663467081139 ], [ 88.704976756404506, 38.556433227302357 ], [ 88.699714205620239, 38.522226647204697 ], [ 88.699714205620239, 38.505123357155867 ] ] } },
{ "type": "Feature", "properties": { "average_dip": null, "average_rake": null, "catalog_id": "GAF_768", "catalog_name": "HimaTibetMap", "dip_dir": null, "lower_seis_depth": null, "name": null, "net_slip_rate": null, "slip_type": "Normal", "upper_seis_depth": null, "downthrown_side_id": null, "reference": null, "epistemic_quality": null, "accuracy": null, "activity_confidence": null, "fs_name": null, "last_movement": null, "downthrown_side_dir": null, "vert_sep_rate": null, "strike_slip_rate": null, "exposure_quality": "1", "shortening_rate": null, "notes": null, "index_right": 9, "NAME_EN": "People's Republic of China" }, "geometry": { "type": "LineString", "coordinates": [ [ 88.607619566895778, 38.585377256615764 ], [ 88.653666886258009, 38.624846387497676 ], [ 88.676032727091098, 38.664315518379595 ], [ 88.693793835987961, 38.7097050188938 ] ] } },
{ "type": "Feature", "properties": { "average_dip": null, "average_rake": null, "catalog_id": "GAF_769", "catalog_name": "HimaTibetMap", "dip_dir": null, "lower_seis_depth": null, "name": null, "net_slip_rate": null, "slip_type": "Sinistral", "upper_seis_depth": null, "downthrown_side_id": null, "reference": null, "epistemic_quality": null, "accuracy": null, "activity_confidence": null, "fs_name": null, "last_movement": null, "downthrown_side_dir": null, "vert_sep_rate": null, "strike_slip_rate": null, "exposure_quality": "1", "shortening_rate": null, "notes": null, "index_right": 9, "NAME_EN": "People's Republic of China" }, "geometry": { "type": "LineString", "coordinates": [ [ 88.647582061913695, 38.085188250043473 ], [ 88.886041394325275, 38.130413295845671 ], [ 89.011438112231374, 38.144803083146371 ], [ 89.104971729685914, 38.163304238247264 ], [ 89.160475194988607, 38.172554815797717 ] ] } },
{ "type": "Feature", "properties": { "average_dip": null, "average_rake": null, "catalog_id": "GAF_770", "catalog_name": "HimaTibetMap", "dip_dir": null, "lower_seis_depth": null, "name": null, "net_slip_rate": null, "slip_type": "Sinistral", "upper_seis_depth": null, "downthrown_side_id": null, "reference": null, "epistemic_quality": null, "accuracy": null, "activity_confidence": null, "fs_name": null, "last_movement": null, "downthrown_side_dir": null, "vert_sep_rate": null, "strike_slip_rate": null, "exposure_quality": "1", "shortening_rate": null, "notes": null, "index_right": 9, "NAME_EN": "People's Republic of China" }, "geometry": { "type": "LineString", "coordinates": [ [ 87.913997771271653, 37.882043748373995 ], [ 87.992129411890929, 37.909724672479115 ], [ 88.151517958754255, 37.952585458190256 ] ] } },
{ "type": "Feature", "properties": { "average_dip": null, "average_rake": null, "catalog_id": "GAF_771", "catalog_name": "HimaTibetMap", "dip_dir": null, "lower_seis_depth": null, "name": null, "net_slip_rate": null, "slip_type": "Anticline", "upper_seis_depth": null, "downthrown_side_id": null, "reference": null, "epistemic_quality": null, "accuracy": null, "activity_confidence": null, "fs_name": null, "last_movement": null, "downthrown_side_dir": null, "vert_sep_rate": null, "strike_slip_rate": null, "exposure_quality": "1", "shortening_rate": null, "notes": null, "index_right": 9, "NAME_EN": "People's Republic of China" }, "geometry": { "type": "LineString", "coordinates": [ [ 88.157768490003804, 37.95481779077938 ], [ 88.222952601606167, 37.975801717117129 ], [ 88.239471862765669, 37.979373449259725 ] ] } },
{ "type": "Feature", "properties": { "average_dip": null, "average_rake": null, "catalog_id": "GAF_772", "catalog_name": "HimaTibetMap", "dip_dir": null, "lower_seis_depth": null, "name": null, "net_slip_rate": null, "slip_type": "Anticline", "upper_seis_depth": null, "downthrown_side_id": null, "reference": null, "epistemic_quality": null, "accuracy": null, "activity_confidence": null, "fs_name": null, "last_movement": null, "downthrown_side_dir": null, "vert_sep_rate": null, "strike_slip_rate": null, "exposure_quality": "1", "shortening_rate": null, "notes": null, "index_right": 9, "NAME_EN": "People's Republic of China" }, "geometry": { "type": "LineString", "coordinates": [ [ 88.33206901856245, 38.004375574257892 ], [ 88.423594654716453, 38.029377699256059 ], [ 88.488778766318816, 38.049468692558165 ], [ 88.598609529703637, 38.075363750591976 ] ] } },
{ "type": "Feature", "properties": { "average_dip": null, "average_rake": null, "catalog_id": "GAF_773", "catalog_name": "HimaTibetMap", "dip_dir": null, "lower_seis_depth": null, "name": null, "net_slip_rate": null, "slip_type": "Reverse", "upper_seis_depth": null, "downthrown_side_id": null, "reference": null, "epistemic_quality": null, "accuracy": null, "activity_confidence": null, "fs_name": null, "last_movement": null, "downthrown_side_dir": null, "vert_sep_rate": null, "strike_slip_rate": null, "exposure_quality": "1", "shortening_rate": null, "notes": null, "index_right": 9, "NAME_EN": "People's Republic of China" }, "geometry": { "type": "LineString", "coordinates": [ [ 88.765811240628864, 38.13407409768589 ], [ 88.831441818749056, 38.131841765096773 ], [ 88.910019925886161, 38.134520564203719 ] ] } },
{ "type": "Feature", "properties": { "average_dip": null, "average_rake": null, "catalog_id": "GAF_774", "catalog_name": "HimaTibetMap", "dip_dir": null, "lower_seis_depth": null, "name": null, "net_slip_rate": null, "slip_type": "Reverse", "upper_seis_depth": null, "downthrown_side_id": null, "reference": null, "epistemic_quality": null, "accuracy": null, "activity_confidence": null, "fs_name": null, "last_movement": null, "downthrown_side_dir": null, "vert_sep_rate": null, "strike_slip_rate": null, "exposure_quality": "1", "shortening_rate": null, "notes": null, "index_right": 9, "NAME_EN": "People's Republic of China" }, "geometry": { "type": "LineString", "coordinates": [ [ 89.130875928659563, 38.149899551515738 ], [ 89.183583219373091, 38.14388404551039 ], [ 89.232566625416638, 38.135290465502749 ], [ 89.250326690765746, 38.137582086838123 ], [ 89.265795134779509, 38.145602761511917 ], [ 89.313632730155362, 38.141592424175023 ], [ 89.333397964172931, 38.145889214178844 ], [ 89.36634002086889, 38.16794606953178 ], [ 89.394985287561028, 38.182268702877849 ], [ 89.408162110239402, 38.183414513545536 ] ] } },
{ "type": "Feature", "properties": { "average_dip": null, "average_rake": null, "catalog_id": "GAF_775", "catalog_name": "HimaTibetMap", "dip_dir": null, "lower_seis_depth": null, "name": null, "net_slip_rate": null, "slip_type": "Reverse", "upper_seis_depth": null, "downthrown_side_id": null, "reference": null, "epistemic_quality": null, "accuracy": null, "activity_confidence": null, "fs_name": null, "last_movement": null, "downthrown_side_dir": null, "vert_sep_rate": null, "strike_slip_rate": null, "exposure_quality": "1", "shortening_rate": null, "notes": null, "index_right": 9, "NAME_EN": "People's Republic of China" }, "geometry": { "type": "LineString", "coordinates": [ [ 89.607819619083571, 38.220366907578388 ], [ 89.633600359106495, 38.220653360245308 ], [ 89.662532078465546, 38.227241771584502 ], [ 89.689745081823077, 38.235548898925217 ], [ 89.715812274512913, 38.23755406759367 ], [ 89.739874298534318, 38.247579910935912 ], [ 89.782555745905597, 38.252163153606652 ], [ 89.796591926584739, 38.256173490943553 ], [ 89.814638444600774, 38.254741227608946 ], [ 89.864194755978176, 38.241564404930564 ] ] } },
{ "type": "Feature", "properties": { "average_dip": null, "average_rake": null, "catalog_id": "GAF_776", "catalog_name": "HimaTibetMap", "dip_dir": null, "lower_seis_depth": null, "name": null, "net_slip_rate": null, "slip_type": "Reverse", "upper_seis_depth": null, "downthrown_side_id": null, "reference": null, "epistemic_quality": null, "accuracy": null, "activity_confidence": null, "fs_name": null, "last_movement": null, "downthrown_side_dir": null, "vert_sep_rate": null, "strike_slip_rate": null, "exposure_quality": "2", "shortening_rate": null, "notes": null, "index_right": 9, "NAME_EN": "People's Republic of China" }, "geometry": { "type": "LineString", "coordinates": [ [ 89.871575387974303, 38.237399651702901 ], [ 89.916333617180769, 38.239637563163228 ], [ 89.967246102903104, 38.254743465520406 ], [ 90.003052686268276, 38.263135633496617 ], [ 90.046132481879496, 38.277682057988713 ], [ 90.082498543109736, 38.293906916076054 ], [ 90.111591392093942, 38.310691252028477 ], [ 90.131732595236841, 38.326356632250736 ], [ 90.164741789276604, 38.339224623147594 ] ] } },
{ "type": "Feature", "properties": { "average_dip": null, "average_rake": null, "catalog_id": "GAF_777", "catalog_name": "HimaTibetMap", "dip_dir": null, "lower_seis_depth": null, "name": null, "net_slip_rate": null, "slip_type": "Sinistral", "upper_seis_depth": null, "downthrown_side_id": null, "reference": null, "epistemic_quality": null, "accuracy": null, "activity_confidence": null, "fs_name": null, "last_movement": null, "downthrown_side_dir": null, "vert_sep_rate": null, "strike_slip_rate": null, "exposure_quality": "2", "shortening_rate": null, "notes": null, "index_right": 9, "NAME_EN": "People's Republic of China" }, "geometry": { "type": "LineString", "coordinates": [ [ 89.482738271743187, 38.144736130298909 ], [ 89.578548856138269, 38.204880000795086 ], [ 89.624006432676083, 38.238448672699931 ], [ 89.695339860473865, 38.281808207243685 ] ] } },
{ "type": "Feature", "properties": { "average_dip": null, "average_rake": null, "catalog_id": "GAF_778", "catalog_name": "HimaTibetMap", "dip_dir": null, "lower_seis_depth": null, "name": null, "net_slip_rate": null, "slip_type": "Anticline", "upper_seis_depth": null, "downthrown_side_id": null, "reference": null, "epistemic_quality": null, "accuracy": null, "activity_confidence": null, "fs_name": null, "last_movement": null, "downthrown_side_dir": null, "vert_sep_rate": null, "strike_slip_rate": null, "exposure_quality": "1", "shortening_rate": null, "notes": null, "index_right": 9, "NAME_EN": "People's Republic of China" }, "geometry": { "type": "LineString", "coordinates": [ [ 89.179711073068802, 38.001369927371968 ], [ 89.104181561282914, 37.988781675407651 ], [ 89.084599836005083, 37.9824875494255 ], [ 89.013266408207286, 37.970598644792531 ], [ 88.994384030260818, 37.970598644792531 ] ] } },
{ "type": "Feature", "properties": { "average_dip": null, "average_rake": null, "catalog_id": "GAF_779", "catalog_name": "HimaTibetMap", "dip_dir": null, "lower_seis_depth": null, "name": null, "net_slip_rate": null, "slip_type": "Anticline", "upper_seis_depth": null, "downthrown_side_id": null, "reference": null, "epistemic_quality": null, "accuracy": null, "activity_confidence": null, "fs_name": null, "last_movement": null, "downthrown_side_dir": null, "vert_sep_rate": null, "strike_slip_rate": null, "exposure_quality": "1", "shortening_rate": null, "notes": null, "index_right": 9, "NAME_EN": "People's Republic of China" }, "geometry": { "type": "LineString", "coordinates": [ [ 88.510435676965983, 38.106971374405958 ], [ 88.544703696202177, 38.116762237044874 ], [ 88.585965188751885, 38.120258973701624 ], [ 88.678978383821558, 38.120258973701624 ] ] } },
{ "type": "Feature", "properties": { "average_dip": null, "average_rake": null, "catalog_id": "GAF_780", "catalog_name": "HimaTibetMap", "dip_dir": null, "lower_seis_depth": null, "name": null, "net_slip_rate": null, "slip_type": "Sinistral", "upper_seis_depth": null, "downthrown_side_id": null, "reference": null, "epistemic_quality": null, "accuracy": null, "activity_confidence": null, "fs_name": null, "last_movement": null, "downthrown_side_dir": null, "vert_sep_rate": null, "strike_slip_rate": null, "exposure_quality": "1", "shortening_rate": null, "notes": null, "index_right": 9, "NAME_EN": "People's Republic of China" }, "geometry": { "type": "LineString", "coordinates": [ [ 89.498099468840451, 38.151554386423896 ], [ 89.459424902133549, 38.122860353060709 ], [ 89.368352535372125, 38.083354075241829 ], [ 89.248586135247521, 38.028461141851388 ], [ 89.21199084632056, 38.013906197391798 ] ] } },
{ "type": "Feature", "properties": { "average_dip": null, "average_rake": null, "catalog_id": "GAF_781", "catalog_name": "HimaTibetMap", "dip_dir": null, "lower_seis_depth": null, "name": null, "net_slip_rate": null, "slip_type": "Reverse", "upper_seis_depth": null, "downthrown_side_id": null, "reference": null, "epistemic_quality": null, "accuracy": null, "activity_confidence": null, "fs_name": null, "last_movement": null, "downthrown_side_dir": null, "vert_sep_rate": null, "strike_slip_rate": null, "exposure_quality": "2", "shortening_rate": null, "notes": null, "index_right": 9, "NAME_EN": "People's Republic of China" }, "geometry": { "type": "LineString", "coordinates": [ [ 89.419502768758676, 38.181911842011033 ], [ 89.443622391005988, 38.182743553123011 ], [ 89.463167602137446, 38.186902108682894 ], [ 89.476474979929066, 38.194803364246674 ], [ 89.497683613284465, 38.203952186478411 ], [ 89.529288635539572, 38.205615608702367 ] ] } },
{ "type": "Feature", "properties": { "average_dip": null, "average_rake": null, "catalog_id": "GAF_782", "catalog_name": "HimaTibetMap", "dip_dir": null, "lower_seis_depth": null, "name": null, "net_slip_rate": null, "slip_type": "Normal", "upper_seis_depth": null, "downthrown_side_id": null, "reference": "Burchfiel, et al., 1991", "epistemic_quality": null, "accuracy": null, "activity_confidence": null, "fs_name": "Yinchuan Graben", "last_movement": null, "downthrown_side_dir": null, "vert_sep_rate": null, "strike_slip_rate": null, "exposure_quality": "1", "shortening_rate": null, "notes": null, "index_right": 9, "NAME_EN": "People's Republic of China" }, "geometry": { "type": "LineString", "coordinates": [ [ 109.044198678609405, 41.199500914874903 ], [ 108.63041908763924, 41.302945812617445 ], [ 107.518386436906908, 41.302945812617445 ], [ 107.027023172629825, 41.121917241567992 ], [ 106.716688479402194, 40.953819282736362 ], [ 106.548590520570571, 40.759860099469094 ], [ 106.341700725085488, 40.527109079548374 ], [ 106.17360276625385, 40.436594794023648 ], [ 106.018435419640042, 40.30728867184547 ], [ 105.824476236372774, 40.216774386320743 ] ] } },
{ "type": "Feature", "properties": { "average_dip": null, "average_rake": null, "catalog_id": "GAF_783", "catalog_name": "HimaTibetMap", "dip_dir": null, "lower_seis_depth": null, "name": null, "net_slip_rate": null, "slip_type": "Normal", "upper_seis_depth": null, "downthrown_side_id": null, "reference": "Burchfiel, et al., 1991", "epistemic_quality": null, "accuracy": null, "activity_confidence": null, "fs_name": "Yinchuan Graben", "last_movement": null, "downthrown_side_dir": null, "vert_sep_rate": null, "strike_slip_rate": null, "exposure_quality": "1", "shortening_rate": null, "notes": null, "index_right": 9, "NAME_EN": "People's Republic of China" }, "geometry": { "type": "LineString", "coordinates": [ [ 105.813034391940008, 40.218060458022407 ], [ 105.631348805999494, 40.049668939345835 ], [ 105.529427623642619, 39.921159622461076 ], [ 105.485114066096145, 39.766062171048439 ], [ 105.303428480155631, 39.673003700200859 ], [ 105.192644586289461, 39.562219806334689 ], [ 105.09958611544188, 39.455867268223166 ], [ 104.909037817992072, 39.331789307093061 ], [ 104.567823424884267, 39.23873083624548 ], [ 104.293079368096173, 39.216574057472243 ] ] } },
{ "type": "Feature", "properties": { "average_dip": null, "average_rake": null, "catalog_id": "GAF_784", "catalog_name": "HimaTibetMap", "dip_dir": null, "lower_seis_depth": null, "name": null, "net_slip_rate": null, "slip_type": "Normal", "upper_seis_depth": null, "downthrown_side_id": null, "reference": "Burchfiel, et al., 1991", "epistemic_quality": null, "accuracy": null, "activity_confidence": null, "fs_name": "Yinchuan Graben", "last_movement": null, "downthrown_side_dir": null, "vert_sep_rate": null, "strike_slip_rate": null, "exposure_quality": "1", "shortening_rate": null, "notes": null, "index_right": 9, "NAME_EN": "People's Republic of China" }, "geometry": { "type": "LineString", "coordinates": [ [ 106.734756388906533, 39.225436768981538 ], [ 106.916441974847061, 39.358377441620938 ], [ 106.934167397865636, 39.495749470014992 ], [ 106.912010619092413, 39.686297767464801 ], [ 106.876559773055234, 39.872414709159962 ], [ 106.938598753620283, 40.169315544721293 ], [ 107.160166541352623, 40.373157909435044 ], [ 107.510243645969723, 40.541549428111622 ] ] } },
{ "type": "Feature", "properties": { "average_dip": null, "average_rake": null, "catalog_id": "GAF_785", "catalog_name": "HimaTibetMap", "dip_dir": null, "lower_seis_depth": null, "name": null, "net_slip_rate": null, "slip_type": "Normal", "upper_seis_depth": null, "downthrown_side_id": null, "reference": "Burchfiel, et al., 1991", "epistemic_quality": null, "accuracy": null, "activity_confidence": null, "fs_name": "Yinchuan Graben", "last_movement": null, "downthrown_side_dir": null, "vert_sep_rate": null, "strike_slip_rate": null, "exposure_quality": "1", "shortening_rate": null, "notes": null, "index_right": 9, "NAME_EN": "People's Republic of China" }, "geometry": { "type": "LineString", "coordinates": [ [ 106.654991985322894, 39.455867268223166 ], [ 106.632835206549657, 39.189985922944359 ], [ 106.460012332118438, 39.070339317568902 ], [ 106.291620813441867, 39.03931982728637 ], [ 106.185268275330344, 38.888653731628381 ], [ 106.109935227501339, 38.800026616535447 ], [ 105.994719977880536, 38.755713058988981 ], [ 105.897230151278293, 38.565164761539172 ], [ 105.852916593731834, 38.396773242862594 ], [ 105.870642016750423, 38.250538502959252 ], [ 105.848485237977187, 38.130891897583787 ] ] } },
{ "type": "Feature", "properties": { "average_dip": null, "average_rake": null, "catalog_id": "GAF_786", "catalog_name": "HimaTibetMap", "dip_dir": null, "lower_seis_depth": null, "name": null, "net_slip_rate": null, "slip_type": "Normal", "upper_seis_depth": null, "downthrown_side_id": null, "reference": "Burchfiel, et al., 1991", "epistemic_quality": null, "accuracy": null, "activity_confidence": null, "fs_name": "Yinchuan Graben", "last_movement": null, "downthrown_side_dir": null, "vert_sep_rate": null, "strike_slip_rate": null, "exposure_quality": "1", "shortening_rate": null, "notes": null, "index_right": 9, "NAME_EN": "People's Republic of China" }, "geometry": { "type": "LineString", "coordinates": [ [ 105.644642873263436, 37.384208452925812 ], [ 105.848485237977187, 37.526011837074506 ], [ 105.954837776088709, 37.658952509713906 ], [ 105.968131843352651, 37.836206739899779 ], [ 105.906092862787588, 38.079931306405349 ] ] } },
{ "type": "Feature", "properties": { "average_dip": null, "average_rake": null, "catalog_id": "GAF_787", "catalog_name": "HimaTibetMap", "dip_dir": null, "lower_seis_depth": null, "name": null, "net_slip_rate": null, "slip_type": "Normal", "upper_seis_depth": null, "downthrown_side_id": null, "reference": "Burchfiel, et al., 1991", "epistemic_quality": null, "accuracy": null, "activity_confidence": null, "fs_name": "Yinchuan Graben", "last_movement": null, "downthrown_side_dir": null, "vert_sep_rate": null, "strike_slip_rate": null, "exposure_quality": "1", "shortening_rate": null, "notes": null, "index_right": 9, "NAME_EN": "People's Republic of China" }, "geometry": { "type": "LineString", "coordinates": [ [ 105.813034391940008, 37.933696566502007 ], [ 105.750995411374959, 37.79632453810796 ], [ 105.733269988356369, 37.605776240658145 ], [ 105.60476067147161, 37.508286414055917 ], [ 105.365467460720694, 37.48169827952804 ] ] } },
{ "type": "Feature", "properties": { "average_dip": null, "average_rake": null, "catalog_id": "GAF_788", "catalog_name": "HimaTibetMap", "dip_dir": null, "lower_seis_depth": null, "name": null, "net_slip_rate": null, "slip_type": "Sinistral", "upper_seis_depth": null, "downthrown_side_id": null, "reference": null, "epistemic_quality": null, "accuracy": null, "activity_confidence": null, "fs_name": null, "last_movement": null, "downthrown_side_dir": null, "vert_sep_rate": null, "strike_slip_rate": null, "exposure_quality": "1", "shortening_rate": null, "notes": null, "index_right": 9, "NAME_EN": "People's Republic of China" }, "geometry": { "type": "LineString", "coordinates": [ [ 105.518349234256021, 40.390883332453633 ], [ 103.980668787393597, 39.996492670290074 ], [ 103.64388575004044, 39.876846064914609 ] ] } },
{ "type": "Feature", "properties": { "average_dip": null, "average_rake": null, "catalog_id": "GAF_789", "catalog_name": "HimaTibetMap", "dip_dir": null, "lower_seis_depth": null, "name": null, "net_slip_rate": null, "slip_type": "Normal", "upper_seis_depth": null, "downthrown_side_id": null, "reference": null, "epistemic_quality": null, "accuracy": null, "activity_confidence": null, "fs_name": null, "last_movement": null, "downthrown_side_dir": null, "vert_sep_rate": null, "strike_slip_rate": null, "exposure_quality": "1", "shortening_rate": null, "notes": null, "index_right": 9, "NAME_EN": "People's Republic of China" }, "geometry": { "type": "LineString", "coordinates": [ [ 103.767963711170552, 40.000924026044721 ], [ 103.497651010137105, 39.85468928614138 ], [ 103.227338309103644, 39.779356238312381 ], [ 103.085534924954956, 39.721748613501973 ], [ 102.988045098352714, 39.571082517843983 ], [ 102.819653579676142, 39.486886758505698 ], [ 102.341067158174297, 39.274181682282652 ] ] } },
{ "type": "Feature", "properties": { "average_dip": null, "average_rake": null, "catalog_id": "GAF_790", "catalog_name": "HimaTibetMap", "dip_dir": null, "lower_seis_depth": null, "name": null, "net_slip_rate": null, "slip_type": "Normal", "upper_seis_depth": null, "downthrown_side_id": null, "reference": null, "epistemic_quality": null, "accuracy": null, "activity_confidence": null, "fs_name": null, "last_movement": null, "downthrown_side_dir": null, "vert_sep_rate": null, "strike_slip_rate": null, "exposure_quality": "1", "shortening_rate": null, "notes": null, "index_right": 9, "NAME_EN": "People's Republic of China" }, "geometry": { "type": "LineString", "coordinates": [ [ 110.182870465524232, 40.200646614705327 ], [ 110.944509735854155, 40.122751689330677 ], [ 111.308019387602513, 40.157371656163853 ], [ 111.593634113976236, 40.365091457162926 ], [ 111.879248840349945, 40.66801616695323 ], [ 112.086968641349017, 40.815151025994233 ] ] } },
{ "type": "Feature", "properties": { "average_dip": null, "average_rake": null, "catalog_id": "GAF_791", "catalog_name": "HimaTibetMap", "dip_dir": null, "lower_seis_depth": null, "name": null, "net_slip_rate": null, "slip_type": "Normal", "upper_seis_depth": null, "downthrown_side_id": null, "reference": null, "epistemic_quality": null, "accuracy": null, "activity_confidence": null, "fs_name": null, "last_movement": null, "downthrown_side_dir": null, "vert_sep_rate": null, "strike_slip_rate": null, "exposure_quality": "1", "shortening_rate": null, "notes": null, "index_right": 9, "NAME_EN": "People's Republic of China" }, "geometry": { "type": "LineString", "coordinates": [ [ 113.40941610382319, 40.359623150799088 ], [ 113.23863718170746, 40.156314910185117 ], [ 113.108519907714523, 39.989602152881666 ], [ 112.998733457782976, 39.843220219639605 ], [ 112.852351524540921, 39.745632264144902 ], [ 112.758829733858491, 39.696838286397551 ], [ 112.685638767237464, 39.54639018834321 ], [ 112.63277862467784, 39.404074419913435 ] ] } },
{ "type": "Feature", "properties": { "average_dip": null, "average_rake": null, "catalog_id": "GAF_792", "catalog_name": "HimaTibetMap", "dip_dir": null, "lower_seis_depth": null, "name": null, "net_slip_rate": null, "slip_type": "Normal", "upper_seis_depth": null, "downthrown_side_id": null, "reference": null, "epistemic_quality": null, "accuracy": null, "activity_confidence": null, "fs_name": null, "last_movement": null, "downthrown_side_dir": null, "vert_sep_rate": null, "strike_slip_rate": null, "exposure_quality": "1", "shortening_rate": null, "notes": null, "index_right": 9, "NAME_EN": "People's Republic of China" }, "geometry": { "type": "LineString", "coordinates": [ [ 112.299353110070925, 39.37561126622748 ], [ 112.291220780446366, 39.22109700336086 ], [ 112.279022286009535, 39.099112058992482 ], [ 112.185500495327105, 38.920200807252186 ] ] } },
{ "type": "Feature", "properties": { "average_dip": null, "average_rake": null, "catalog_id": "GAF_793", "catalog_name": "HimaTibetMap", "dip_dir": null, "lower_seis_depth": null, "name": null, "net_slip_rate": null, "slip_type": "Normal", "upper_seis_depth": null, "downthrown_side_id": null, "reference": null, "epistemic_quality": null, "accuracy": null, "activity_confidence": null, "fs_name": null, "last_movement": null, "downthrown_side_dir": null, "vert_sep_rate": null, "strike_slip_rate": null, "exposure_quality": "1", "shortening_rate": null, "notes": null, "index_right": 9, "NAME_EN": "People's Republic of China" }, "geometry": { "type": "LineString", "coordinates": [ [ 112.53482685217736, 38.158053118435284 ], [ 112.448058106117188, 38.087221488998402 ], [ 112.430350198757964, 37.996911161466386 ], [ 112.462224432004561, 37.904830043198444 ], [ 112.460453641268643, 37.773791528740226 ], [ 112.391392802567694, 37.669314875320829 ], [ 112.304624056507507, 37.623274316186858 ], [ 112.150565262482303, 37.582546129260656 ], [ 112.007131212872622, 37.444424451858744 ], [ 111.911508513132844, 37.338177007703429 ], [ 111.722033904389193, 37.277970122682085 ], [ 111.612244878762041, 37.191201376621912 ] ] } },
{ "type": "Feature", "properties": { "average_dip": null, "average_rake": null, "catalog_id": "GAF_794", "catalog_name": "HimaTibetMap", "dip_dir": null, "lower_seis_depth": null, "name": null, "net_slip_rate": null, "slip_type": "Normal", "upper_seis_depth": null, "downthrown_side_id": null, "reference": "Burchfiel, et al., 1991", "epistemic_quality": null, "accuracy": null, "activity_confidence": null, "fs_name": "Shangxi Graben", "last_movement": null, "downthrown_side_dir": null, "vert_sep_rate": null, "strike_slip_rate": null, "exposure_quality": "1", "shortening_rate": null, "notes": null, "index_right": 9, "NAME_EN": "People's Republic of China" }, "geometry": { "type": "LineString", "coordinates": [ [ 110.339198963225854, 35.226977541393218 ], [ 110.162715915381071, 35.15039055836624 ], [ 110.03618089994518, 35.053824362375693 ], [ 109.912975753336553, 34.950598428730629 ], [ 109.806419950864239, 34.870681576876386 ], [ 109.16375526720303, 34.620941414831883 ] ] } },
{ "type": "Feature", "properties": { "average_dip": null, "average_rake": null, "catalog_id": "GAF_798", "catalog_name": "HimaTibetMap", "dip_dir": null, "lower_seis_depth": null, "name": null, "net_slip_rate": null, "slip_type": "Anticline", "upper_seis_depth": null, "downthrown_side_id": null, "reference": null, "epistemic_quality": null, "accuracy": null, "activity_confidence": null, "fs_name": null, "last_movement": null, "downthrown_side_dir": null, "vert_sep_rate": null, "strike_slip_rate": null, "exposure_quality": "2", "shortening_rate": null, "notes": null, "index_right": 9, "NAME_EN": "People's Republic of China" }, "geometry": { "type": "LineString", "coordinates": [ [ 92.157142406957931, 40.935889980085456 ], [ 92.604396546337355, 40.996193908990541 ], [ 92.910941518271571, 41.056497837895634 ], [ 93.132055924256903, 41.106751111983208 ] ] } },
{ "type": "Feature", "properties": { "average_dip": null, "average_rake": null, "catalog_id": "GAF_799", "catalog_name": "HimaTibetMap", "dip_dir": null, "lower_seis_depth": null, "name": null, "net_slip_rate": null, "slip_type": "Anticline", "upper_seis_depth": null, "downthrown_side_id": null, "reference": null, "epistemic_quality": null, "accuracy": null, "activity_confidence": null, "fs_name": null, "last_movement": null, "downthrown_side_dir": null, "vert_sep_rate": null, "strike_slip_rate": null, "exposure_quality": "1", "shortening_rate": null, "notes": null, "index_right": 9, "NAME_EN": "People's Republic of China" }, "geometry": { "type": "LineString", "coordinates": [ [ 93.689867266628994, 40.503711822932303 ], [ 93.98636158374569, 40.488635840706031 ], [ 94.132096078599659, 40.488635840706031 ] ] } },
{ "type": "Feature", "properties": { "average_dip": null, "average_rake": null, "catalog_id": "GAF_803", "catalog_name": "HimaTibetMap", "dip_dir": null, "lower_seis_depth": null, "name": null, "net_slip_rate": null, "slip_type": "Anticline", "upper_seis_depth": null, "downthrown_side_id": null, "reference": null, "epistemic_quality": null, "accuracy": null, "activity_confidence": null, "fs_name": null, "last_movement": null, "downthrown_side_dir": null, "vert_sep_rate": null, "strike_slip_rate": null, "exposure_quality": "1", "shortening_rate": null, "notes": null, "index_right": 9, "NAME_EN": "People's Republic of China" }, "geometry": { "type": "LineString", "coordinates": [ [ 84.67181549073365, 37.05630804348872 ], [ 84.694421310147433, 37.054833750918256 ], [ 84.72390716155671, 37.055325181775075 ] ] } },
{ "type": "Feature", "properties": { "average_dip": null, "average_rake": null, "catalog_id": "GAF_804", "catalog_name": "HimaTibetMap", "dip_dir": null, "lower_seis_depth": null, "name": null, "net_slip_rate": null, "slip_type": "Anticline", "upper_seis_depth": null, "downthrown_side_id": null, "reference": null, "epistemic_quality": null, "accuracy": null, "activity_confidence": null, "fs_name": null, "last_movement": null, "downthrown_side_dir": null, "vert_sep_rate": null, "strike_slip_rate": null, "exposure_quality": "1", "shortening_rate": null, "notes": null, "index_right": 9, "NAME_EN": "People's Republic of China" }, "geometry": { "type": "LineString", "coordinates": [ [ 84.724398592413536, 37.065153798911503 ], [ 84.743072964972754, 37.065645229768329 ], [ 84.771084523811567, 37.070559538336539 ] ] } },
{ "type": "Feature", "properties": { "average_dip": null, "average_rake": null, "catalog_id": "GAF_805", "catalog_name": "HimaTibetMap", "dip_dir": null, "lower_seis_depth": null, "name": null, "net_slip_rate": null, "slip_type": "Sinistral", "upper_seis_depth": null, "downthrown_side_id": null, "reference": null, "epistemic_quality": null, "accuracy": null, "activity_confidence": null, "fs_name": null, "last_movement": null, "downthrown_side_dir": null, "vert_sep_rate": null, "strike_slip_rate": null, "exposure_quality": "1", "shortening_rate": null, "notes": null, "index_right": 9, "NAME_EN": "People's Republic of China" }, "geometry": { "type": "LineString", "coordinates": [ [ 85.866841443629355, 37.567466295233508 ], [ 85.961517090362292, 37.643440579648832 ], [ 86.05619273709523, 37.724090204643559 ], [ 86.14736187839361, 37.796557983624325 ], [ 86.34723268816316, 37.949675387599825 ], [ 86.457103191779154, 38.017467826001187 ], [ 86.527233300470229, 38.057208220926121 ], [ 86.6020387497407, 38.073571912954037 ], [ 86.71892226422581, 38.095779780706209 ], [ 86.884896854794661, 38.132013670196592 ], [ 86.971390655513645, 38.15655920823847 ], [ 87.10113135659212, 38.210325624901621 ], [ 87.232040892815448, 38.259416700985369 ], [ 87.277625463464631, 38.288637579606643 ], [ 87.486846954392988, 38.361105358587409 ] ] } },
{ "type": "Feature", "properties": { "average_dip": null, "average_rake": null, "catalog_id": "GAF_806", "catalog_name": "HimaTibetMap", "dip_dir": null, "lower_seis_depth": null, "name": null, "net_slip_rate": null, "slip_type": "Sinistral", "upper_seis_depth": null, "downthrown_side_id": null, "reference": null, "epistemic_quality": null, "accuracy": null, "activity_confidence": null, "fs_name": null, "last_movement": null, "downthrown_side_dir": null, "vert_sep_rate": null, "strike_slip_rate": null, "exposure_quality": "1", "shortening_rate": null, "notes": null, "index_right": 9, "NAME_EN": "People's Republic of China" }, "geometry": { "type": "LineString", "coordinates": [ [ 86.680350704445715, 38.099286286140767 ], [ 86.720091099370663, 38.144870856789957 ], [ 86.929312590299006, 38.260585536130215 ], [ 87.026325907321649, 38.31902729337277 ] ] } },
{ "type": "Feature", "properties": { "average_dip": null, "average_rake": null, "catalog_id": "GAF_807", "catalog_name": "HimaTibetMap", "dip_dir": null, "lower_seis_depth": null, "name": null, "net_slip_rate": null, "slip_type": "Sinistral", "upper_seis_depth": null, "downthrown_side_id": null, "reference": null, "epistemic_quality": null, "accuracy": null, "activity_confidence": null, "fs_name": null, "last_movement": null, "downthrown_side_dir": null, "vert_sep_rate": null, "strike_slip_rate": null, "exposure_quality": "1", "shortening_rate": null, "notes": null, "index_right": 9, "NAME_EN": "People's Republic of China" }, "geometry": { "type": "LineString", "coordinates": [ [ 87.486846954392959, 38.362274193732269 ], [ 87.586197941705308, 38.393832742643248 ], [ 87.639964358368459, 38.418378280685126 ], [ 87.691393104741906, 38.456949840465214 ], [ 87.818796135530675, 38.522404608576871 ], [ 87.920484793132729, 38.556300827777555 ], [ 87.98009538552013, 38.580846365819426 ], [ 88.042043648197236, 38.611236079585559 ], [ 88.123862108336823, 38.654482979945051 ], [ 88.170615514130859, 38.665002496248711 ], [ 88.261784655429253, 38.697729880304536 ] ] } },
{ "type": "Feature", "properties": { "average_dip": null, "average_rake": null, "catalog_id": "GAF_808", "catalog_name": "HimaTibetMap", "dip_dir": null, "lower_seis_depth": null, "name": null, "net_slip_rate": null, "slip_type": "Anticline", "upper_seis_depth": null, "downthrown_side_id": null, "reference": null, "epistemic_quality": null, "accuracy": null, "activity_confidence": null, "fs_name": null, "last_movement": null, "downthrown_side_dir": null, "vert_sep_rate": null, "strike_slip_rate": null, "exposure_quality": "1", "shortening_rate": null, "notes": null, "index_right": 9, "NAME_EN": "People's Republic of China" }, "geometry": { "type": "LineString", "coordinates": [ [ 87.784899916329991, 38.690716869435434 ], [ 87.866718376469578, 38.732794934650073 ], [ 87.928666639146684, 38.762015813271347 ], [ 87.971913539506176, 38.785392516168372 ], [ 88.022173450734769, 38.792405527037481 ] ] } },
{ "type": "Feature", "properties": { "average_dip": null, "average_rake": null, "catalog_id": "GAF_809", "catalog_name": "HimaTibetMap", "dip_dir": null, "lower_seis_depth": null, "name": null, "net_slip_rate": null, "slip_type": "Sinistral", "upper_seis_depth": null, "downthrown_side_id": null, "reference": null, "epistemic_quality": null, "accuracy": null, "activity_confidence": null, "fs_name": null, "last_movement": null, "downthrown_side_dir": null, "vert_sep_rate": null, "strike_slip_rate": null, "exposure_quality": "1", "shortening_rate": null, "notes": null, "index_right": 9, "NAME_EN": "People's Republic of China" }, "geometry": { "type": "LineString", "coordinates": [ [ 88.125405840436244, 38.683929521495926 ], [ 88.177545507396673, 38.72070170766802 ], [ 88.229685174357101, 38.763511118435524 ], [ 88.258224781535432, 38.779976276423028 ], [ 88.325183090684618, 38.800832143207195 ], [ 88.365797147053783, 38.81619962399553 ], [ 88.425071715808798, 38.833213620582619 ], [ 88.573258137696314, 38.883157933144709 ], [ 88.649546703038411, 38.921576635115549 ], [ 88.694002629604668, 38.946274372096802 ], [ 88.792244738930094, 38.994572168860138 ], [ 88.877863560465116, 39.03957693402598 ], [ 88.923966002830113, 39.061530478009317 ], [ 88.953603287207628, 39.081288667594322 ], [ 88.977752185589296, 39.08622821499057 ] ] } },
{ "type": "Feature", "properties": { "average_dip": null, "average_rake": null, "catalog_id": "GAF_810", "catalog_name": "HimaTibetMap", "dip_dir": null, "lower_seis_depth": null, "name": null, "net_slip_rate": null, "slip_type": "Sinistral", "upper_seis_depth": null, "downthrown_side_id": null, "reference": null, "epistemic_quality": null, "accuracy": null, "activity_confidence": null, "fs_name": null, "last_movement": null, "downthrown_side_dir": null, "vert_sep_rate": null, "strike_slip_rate": null, "exposure_quality": "1", "shortening_rate": null, "notes": null, "index_right": 9, "NAME_EN": "People's Republic of China" }, "geometry": { "type": "LineString", "coordinates": [ [ 88.648449025839241, 38.913892894721378 ], [ 88.704979401596333, 38.923223150914296 ], [ 88.761509777353425, 38.941334824700554 ], [ 88.825723893504687, 38.966581400281392 ], [ 89.026598820952216, 39.031344355032232 ], [ 89.12813396187515, 39.072507250000989 ], [ 89.166003825246406, 39.090070085187655 ] ] } },
{ "type": "Feature", "properties": { "average_dip": null, "average_rake": null, "catalog_id": "GAF_811", "catalog_name": "HimaTibetMap", "dip_dir": null, "lower_seis_depth": null, "name": null, "net_slip_rate": null, "slip_type": "Reverse", "upper_seis_depth": null, "downthrown_side_id": null, "reference": null, "epistemic_quality": null, "accuracy": null, "activity_confidence": null, "fs_name": null, "last_movement": null, "downthrown_side_dir": null, "vert_sep_rate": null, "strike_slip_rate": null, "exposure_quality": "2", "shortening_rate": null, "notes": null, "index_right": 9, "NAME_EN": "People's Republic of China" }, "geometry": { "type": "LineString", "coordinates": [ [ 88.685313457688125, 38.953117355725766 ], [ 88.638254256142758, 38.953367670627607 ], [ 88.570669232646765, 38.937097202008196 ], [ 88.540381129524491, 38.916321065155728 ], [ 88.512095545616901, 38.904806579671224 ], [ 88.499579800525055, 38.89729713261611 ], [ 88.477051459359714, 38.890288315364671 ], [ 88.461782250347653, 38.879775089487516 ], [ 88.432745721734562, 38.852490765187284 ] ] } },
{ "type": "Feature", "properties": { "average_dip": null, "average_rake": null, "catalog_id": "GAF_812", "catalog_name": "HimaTibetMap", "dip_dir": null, "lower_seis_depth": null, "name": null, "net_slip_rate": null, "slip_type": "Sinistral", "upper_seis_depth": null, "downthrown_side_id": null, "reference": null, "epistemic_quality": null, "accuracy": null, "activity_confidence": null, "fs_name": null, "last_movement": null, "downthrown_side_dir": null, "vert_sep_rate": null, "strike_slip_rate": null, "exposure_quality": "1", "shortening_rate": null, "notes": null, "index_right": 9, "NAME_EN": "People's Republic of China" }, "geometry": { "type": "LineString", "coordinates": [ [ 91.325141406216261, 39.126502009330075 ], [ 91.259146574173869, 39.109896858041985 ], [ 91.194003288351382, 39.089033975654395 ], [ 91.063716716706409, 39.051565941978716 ], [ 90.996018792224206, 39.037941202460281 ], [ 90.928320867742016, 39.019632958732394 ], [ 90.88191159875737, 39.010691723423427 ], [ 90.771210590170142, 39.00643399232392 ], [ 90.740129153143712, 39.006859765433866 ], [ 90.709047716117297, 39.010691723423427 ], [ 90.692442564829221, 39.01111749653338 ], [ 90.657529169813245, 39.023464916721956 ], [ 90.580038463802182, 39.037941202460281 ], [ 90.536183833477239, 39.037941202460281 ], [ 90.511063219990135, 39.039644294900086 ], [ 90.449751892157209, 39.054546353748371 ], [ 90.431443648429308, 39.054546353748371 ], [ 90.403768396282501, 39.051565941978716 ], [ 90.370132320596383, 39.04603089154935 ], [ 90.359062219737666, 39.042624706669741 ], [ 90.307543673433599, 39.043476252889647 ], [ 90.216428227904103, 39.05071439575881 ] ] } },
{ "type": "Feature", "properties": { "average_dip": null, "average_rake": null, "catalog_id": "GAF_813", "catalog_name": "HimaTibetMap", "dip_dir": null, "lower_seis_depth": null, "name": null, "net_slip_rate": null, "slip_type": "Sinistral", "upper_seis_depth": null, "downthrown_side_id": null, "reference": null, "epistemic_quality": null, "accuracy": null, "activity_confidence": null, "fs_name": null, "last_movement": null, "downthrown_side_dir": null, "vert_sep_rate": null, "strike_slip_rate": null, "exposure_quality": "1", "shortening_rate": null, "notes": null, "index_right": 9, "NAME_EN": "People's Republic of China" }, "geometry": { "type": "LineString", "coordinates": [ [ 89.848986034016477, 38.937884521621818 ], [ 89.914129319838963, 38.954489672909908 ], [ 90.031642698185408, 38.979610286397012 ], [ 90.077200420950163, 38.991957706585588 ], [ 90.155542673181131, 39.007711311653772 ], [ 90.190030295087155, 39.037515429350336 ], [ 90.209615858144886, 39.05071439575881 ] ] } },
{ "type": "Feature", "properties": { "average_dip": null, "average_rake": null, "catalog_id": "GAF_814", "catalog_name": "HimaTibetMap", "dip_dir": null, "lower_seis_depth": null, "name": null, "net_slip_rate": null, "slip_type": "Sinistral", "upper_seis_depth": null, "downthrown_side_id": null, "reference": "Cowgill, et al., 2000, 2004b; Meriaux, et al., 2004, 2005; Elliott et al., 2008; Bendick et al., 2000", "epistemic_quality": null, "accuracy": null, "activity_confidence": null, "fs_name": "Altyn Tagh Fault", "last_movement": null, "downthrown_side_dir": null, "vert_sep_rate": null, "strike_slip_rate": "None", "exposure_quality": "1", "shortening_rate": null, "notes": null, "index_right": 9, "NAME_EN": "People's Republic of China" }, "geometry": { "type": "LineString", "coordinates": [ [ 91.013814427015859, 38.708997113749355 ], [ 91.136732675064934, 38.742872221479409 ], [ 91.32643327835325, 38.799975974510083 ], [ 91.431930042426856, 38.829979641356701 ], [ 91.578076935776537, 38.862886888865901 ], [ 92.036842680463593, 39.000323040227848 ], [ 92.169439530721249, 39.029358846853611 ], [ 92.289454198107734, 39.066137535246249 ], [ 92.370754456659881, 39.097109062313727 ], [ 92.488833403604644, 39.129048449602067 ], [ 92.634980296954325, 39.159052116448692 ], [ 92.941791986966535, 39.213252288816783 ], [ 93.094713901862221, 39.230673772792237 ], [ 93.181821321739505, 39.235513073896534 ], [ 93.336678957076913, 39.236480934117388 ], [ 93.470243667555422, 39.240352375000825 ], [ 93.537026022794677, 39.236480934117388 ], [ 93.61832628134681, 39.223898751246224 ], [ 93.708337281886671, 39.214220149037637 ], [ 93.831255529935746, 39.217123729700219 ], [ 93.917395089592176, 39.230673772792237 ], [ 93.998695348144309, 39.246159536325976 ] ] } },
{ "type": "Feature", "properties": { "average_dip": null, "average_rake": null, "catalog_id": "GAF_815", "catalog_name": "HimaTibetMap", "dip_dir": null, "lower_seis_depth": null, "name": null, "net_slip_rate": null, "slip_type": "Sinistral", "upper_seis_depth": null, "downthrown_side_id": null, "reference": "Cowgill, et al., 2000, 2004b; Meriaux, et al., 2004, 2005", "epistemic_quality": null, "accuracy": null, "activity_confidence": null, "fs_name": "Altyn Tagh Fault", "last_movement": null, "downthrown_side_dir": null, "vert_sep_rate": null, "strike_slip_rate": null, "exposure_quality": "1", "shortening_rate": null, "notes": null, "index_right": 9, "NAME_EN": "People's Republic of China" }, "geometry": { "type": "LineString", "coordinates": [ [ 94.016296888147167, 39.247475339460706 ], [ 94.282127637284404, 39.339777682911141 ], [ 94.451963949233189, 39.365622339077262 ], [ 94.710410510894405, 39.365622339077262 ], [ 94.832249604248972, 39.409927463933464 ] ] } },
{ "type": "Feature", "properties": { "average_dip": null, "average_rake": null, "catalog_id": "GAF_816", "catalog_name": "HimaTibetMap", "dip_dir": null, "lower_seis_depth": null, "name": null, "net_slip_rate": null, "slip_type": "Sinistral", "upper_seis_depth": null, "downthrown_side_id": null, "reference": "Cowgill, et al., 2000, 2004b; Meriaux, et al., 2004, 2005", "epistemic_quality": null, "accuracy": null, "activity_confidence": null, "fs_name": "Altyn Tagh Fault", "last_movement": null, "downthrown_side_dir": null, "vert_sep_rate": null, "strike_slip_rate": null, "exposure_quality": "1", "shortening_rate": null, "notes": null, "index_right": 9, "NAME_EN": "People's Republic of China" }, "geometry": { "type": "LineString", "coordinates": [ [ 94.186133200095952, 39.406235370195446 ], [ 94.57749513632578, 39.480077244955794 ], [ 94.943012416389479, 39.583455869620273 ], [ 95.393447852427585, 39.70529496297484 ], [ 95.836499100989656, 39.804981493901309 ], [ 96.360776411788095, 39.956357337160014 ], [ 96.82967231651628, 40.02281502444432 ], [ 97.16196075293783, 40.081888524252598 ] ] } },
{ "type": "Feature", "properties": { "average_dip": null, "average_rake": null, "catalog_id": "GAF_817", "catalog_name": "HimaTibetMap", "dip_dir": null, "lower_seis_depth": null, "name": null, "net_slip_rate": null, "slip_type": "Normal", "upper_seis_depth": null, "downthrown_side_id": null, "reference": null, "epistemic_quality": null, "accuracy": null, "activity_confidence": null, "fs_name": null, "last_movement": null, "downthrown_side_dir": null, "vert_sep_rate": null, "strike_slip_rate": null, "exposure_quality": "1", "shortening_rate": null, "notes": null, "index_right": 9, "NAME_EN": "People's Republic of China" }, "geometry": { "type": "LineString", "coordinates": [ [ 86.608400291210202, 32.806532583471345 ], [ 86.94339157647299, 32.954551988587461 ], [ 87.161525436644112, 33.11036188870969 ], [ 87.239430386705223, 33.235009808807469 ], [ 87.317335336766334, 33.336286243886917 ] ] } },
{ "type": "Feature", "properties": { "average_dip": null, "average_rake": null, "catalog_id": "GAF_818", "catalog_name": "HimaTibetMap", "dip_dir": null, "lower_seis_depth": null, "name": null, "net_slip_rate": null, "slip_type": "Normal", "upper_seis_depth": null, "downthrown_side_id": null, "reference": null, "epistemic_quality": null, "accuracy": null, "activity_confidence": null, "fs_name": null, "last_movement": null, "downthrown_side_dir": null, "vert_sep_rate": null, "strike_slip_rate": null, "exposure_quality": "1", "shortening_rate": null, "notes": null, "index_right": 9, "NAME_EN": "People's Republic of China" }, "geometry": { "type": "LineString", "coordinates": [ [ 88.828691367951919, 33.344076738893023 ], [ 88.766367407903033, 33.180476343764688 ], [ 88.672881467829697, 33.071409413679135 ], [ 88.532652557719686, 33.032456938648572 ], [ 88.298937707536354, 32.977923473605799 ], [ 88.104175332383576, 32.938970998575236 ] ] } },
{ "type": "Feature", "properties": { "average_dip": null, "average_rake": null, "catalog_id": "GAF_819", "catalog_name": "HimaTibetMap", "dip_dir": null, "lower_seis_depth": null, "name": null, "net_slip_rate": null, "slip_type": "Normal", "upper_seis_depth": null, "downthrown_side_id": null, "reference": null, "epistemic_quality": null, "accuracy": null, "activity_confidence": null, "fs_name": null, "last_movement": null, "downthrown_side_dir": null, "vert_sep_rate": null, "strike_slip_rate": null, "exposure_quality": "1", "shortening_rate": null, "notes": null, "index_right": 9, "NAME_EN": "People's Republic of China" }, "geometry": { "type": "LineString", "coordinates": [ [ 89.810293738721938, 35.229376530371951 ], [ 89.709017303642497, 35.120309600286397 ], [ 89.716807798648603, 34.995661680188618 ], [ 89.662274333605822, 34.902175740115283 ], [ 89.631112353581386, 34.800899305035834 ], [ 89.592159878550831, 34.684041879944168 ], [ 89.584369383544711, 34.60613692988305 ], [ 89.592159878550831, 34.528231979821939 ], [ 89.553207403520275, 34.442536534754716 ] ] } },
{ "type": "Feature", "properties": { "average_dip": null, "average_rake": null, "catalog_id": "GAF_820", "catalog_name": "HimaTibetMap", "dip_dir": null, "lower_seis_depth": null, "name": null, "net_slip_rate": null, "slip_type": "Normal", "upper_seis_depth": null, "downthrown_side_id": null, "reference": null, "epistemic_quality": null, "accuracy": null, "activity_confidence": null, "fs_name": null, "last_movement": null, "downthrown_side_dir": null, "vert_sep_rate": null, "strike_slip_rate": null, "exposure_quality": "1", "shortening_rate": null, "notes": null, "index_right": 9, "NAME_EN": "People's Republic of China" }, "geometry": { "type": "LineString", "coordinates": [ [ 89.810293738721938, 34.255564654608044 ], [ 89.740179283666947, 34.411374554730273 ], [ 89.740179283666947, 34.645089404913605 ], [ 89.763550768685278, 34.754156334999166 ], [ 89.794712748709713, 34.847642275072502 ], [ 89.818084233728058, 34.941128215145838 ], [ 89.841455718746388, 35.050195145231392 ] ] } },
{ "type": "Feature", "properties": { "average_dip": null, "average_rake": null, "catalog_id": "GAF_821", "catalog_name": "HimaTibetMap", "dip_dir": null, "lower_seis_depth": null, "name": null, "net_slip_rate": null, "slip_type": "Normal", "upper_seis_depth": null, "downthrown_side_id": null, "reference": null, "epistemic_quality": null, "accuracy": null, "activity_confidence": null, "fs_name": null, "last_movement": null, "downthrown_side_dir": null, "vert_sep_rate": null, "strike_slip_rate": null, "exposure_quality": "1", "shortening_rate": null, "notes": null, "index_right": 9, "NAME_EN": "People's Republic of China" }, "geometry": { "type": "LineString", "coordinates": [ [ 82.791786254775715, 34.952944501084836 ], [ 82.753246465426557, 34.90402861460322 ], [ 82.692472182222133, 34.822502137133867 ], [ 82.64800319451156, 34.773586250652251 ], [ 82.591675810078186, 34.746904858025914 ], [ 82.538313024825527, 34.733564161712742 ], [ 82.498290935886018, 34.71577656662852 ], [ 82.473091842850039, 34.695024372363591 ] ] } },
{ "type": "Feature", "properties": { "average_dip": null, "average_rake": null, "catalog_id": "GAF_822", "catalog_name": "HimaTibetMap", "dip_dir": null, "lower_seis_depth": null, "name": null, "net_slip_rate": null, "slip_type": "Normal", "upper_seis_depth": null, "downthrown_side_id": null, "reference": null, "epistemic_quality": null, "accuracy": null, "activity_confidence": null, "fs_name": null, "last_movement": null, "downthrown_side_dir": null, "vert_sep_rate": null, "strike_slip_rate": null, "exposure_quality": "1", "shortening_rate": null, "notes": null, "index_right": 9, "NAME_EN": "People's Republic of China" }, "geometry": { "type": "LineString", "coordinates": [ [ 82.897029525690712, 34.799341206034619 ], [ 82.858119161443966, 34.717814728565259 ], [ 82.848854789004264, 34.664081368414998 ], [ 82.839590416564562, 34.519557158355681 ], [ 82.839590416564562, 34.449147927813961 ], [ 82.856266286956028, 34.404678940103402 ], [ 82.856266286956028, 34.369474324832538 ] ] } },
{ "type": "Feature", "properties": { "average_dip": null, "average_rake": null, "catalog_id": "GAF_823", "catalog_name": "HimaTibetMap", "dip_dir": null, "lower_seis_depth": null, "name": null, "net_slip_rate": null, "slip_type": "Dextral", "upper_seis_depth": null, "downthrown_side_id": null, "reference": null, "epistemic_quality": null, "accuracy": null, "activity_confidence": null, "fs_name": null, "last_movement": null, "downthrown_side_dir": null, "vert_sep_rate": null, "strike_slip_rate": null, "exposure_quality": "1", "shortening_rate": null, "notes": null, "index_right": 9, "NAME_EN": "People's Republic of China" }, "geometry": { "type": "LineString", "coordinates": [ [ 84.454555820253049, 35.058743634346214 ], [ 84.604638653776192, 34.947571165069817 ], [ 84.643549018022924, 34.923483796726593 ] ] } },
{ "type": "Feature", "properties": { "average_dip": null, "average_rake": null, "catalog_id": "GAF_824", "catalog_name": "HimaTibetMap", "dip_dir": null, "lower_seis_depth": null, "name": null, "net_slip_rate": null, "slip_type": "Normal", "upper_seis_depth": null, "downthrown_side_id": null, "reference": null, "epistemic_quality": null, "accuracy": null, "activity_confidence": null, "fs_name": null, "last_movement": null, "downthrown_side_dir": null, "vert_sep_rate": null, "strike_slip_rate": null, "exposure_quality": "1", "shortening_rate": null, "notes": null, "index_right": 9, "NAME_EN": "People's Republic of China" }, "geometry": { "type": "LineString", "coordinates": [ [ 84.662077762902328, 34.879014809016034 ], [ 84.695429503685247, 34.793782582570799 ], [ 84.689870880221434, 34.730784849980836 ], [ 84.645401892510861, 34.693727360222034 ], [ 84.602785779288254, 34.665934242902935 ], [ 84.578698410945023, 34.632582502120016 ], [ 84.578698410945023, 34.612200882752681 ] ] } },
{ "type": "Feature", "properties": { "average_dip": null, "average_rake": null, "catalog_id": "GAF_825", "catalog_name": "HimaTibetMap", "dip_dir": null, "lower_seis_depth": null, "name": null, "net_slip_rate": null, "slip_type": "Normal", "upper_seis_depth": null, "downthrown_side_id": null, "reference": null, "epistemic_quality": null, "accuracy": null, "activity_confidence": null, "fs_name": null, "last_movement": null, "downthrown_side_dir": null, "vert_sep_rate": null, "strike_slip_rate": null, "exposure_quality": "1", "shortening_rate": null, "notes": null, "index_right": 9, "NAME_EN": "People's Republic of China" }, "geometry": { "type": "LineString", "coordinates": [ [ 86.216004335894112, 32.648214256324593 ], [ 86.244547086953332, 32.703396908372419 ], [ 86.274992688083159, 32.743356759855324 ], [ 86.280701238295009, 32.775705211055772 ], [ 86.288312638577466, 32.796636561832536 ] ] } },
{ "type": "Feature", "properties": { "average_dip": null, "average_rake": null, "catalog_id": "GAF_826", "catalog_name": "HimaTibetMap", "dip_dir": null, "lower_seis_depth": null, "name": null, "net_slip_rate": null, "slip_type": "Normal", "upper_seis_depth": null, "downthrown_side_id": null, "reference": null, "epistemic_quality": null, "accuracy": null, "activity_confidence": null, "fs_name": null, "last_movement": null, "downthrown_side_dir": null, "vert_sep_rate": null, "strike_slip_rate": null, "exposure_quality": "1", "shortening_rate": null, "notes": null, "index_right": 9, "NAME_EN": "People's Republic of China" }, "geometry": { "type": "LineString", "coordinates": [ [ 86.644145601782398, 33.33514313181648 ], [ 86.625117101076256, 33.276154779627426 ], [ 86.632728501358713, 33.2209721275796 ], [ 86.636534201499941, 33.165789475531774 ], [ 86.64033990164117, 33.141052424613783 ], [ 86.657465552276705, 33.101092573130877 ], [ 86.661271252417933, 33.053521321365515 ] ] } },
{ "type": "Feature", "properties": { "average_dip": null, "average_rake": null, "catalog_id": "GAF_827", "catalog_name": "HimaTibetMap", "dip_dir": null, "lower_seis_depth": null, "name": null, "net_slip_rate": null, "slip_type": "Normal", "upper_seis_depth": null, "downthrown_side_id": null, "reference": null, "epistemic_quality": null, "accuracy": null, "activity_confidence": null, "fs_name": null, "last_movement": null, "downthrown_side_dir": null, "vert_sep_rate": null, "strike_slip_rate": null, "exposure_quality": "1", "shortening_rate": null, "notes": null, "index_right": 9, "NAME_EN": "People's Republic of China" }, "geometry": { "type": "LineString", "coordinates": [ [ 86.83443060884386, 33.491176837606879 ], [ 86.809693557925868, 33.430285635347211 ], [ 86.788762207149119, 33.384617233652463 ], [ 86.786859357078498, 33.333240281745866 ], [ 86.788762207149119, 33.281863329839268 ], [ 86.796373607431576, 33.245709178497592 ] ] } },
{ "type": "Feature", "properties": { "average_dip": null, "average_rake": null, "catalog_id": "GAF_828", "catalog_name": "HimaTibetMap", "dip_dir": null, "lower_seis_depth": null, "name": null, "net_slip_rate": null, "slip_type": "Normal", "upper_seis_depth": null, "downthrown_side_id": null, "reference": null, "epistemic_quality": null, "accuracy": null, "activity_confidence": null, "fs_name": null, "last_movement": null, "downthrown_side_dir": null, "vert_sep_rate": null, "strike_slip_rate": null, "exposure_quality": "1", "shortening_rate": null, "notes": null, "index_right": 9, "NAME_EN": "People's Republic of China" }, "geometry": { "type": "LineString", "coordinates": [ [ 87.629559756517295, 34.710015826117342 ], [ 87.609770670980851, 34.682805833504744 ], [ 87.58833249498305, 34.670437655044474 ], [ 87.576788861753471, 34.648999479046672 ], [ 87.570192499907989, 34.630859483971612 ], [ 87.561122502370466, 34.620964941203397 ], [ 87.561122502370466, 34.59705312951354 ], [ 87.550403414371559, 34.572316772592998 ], [ 87.524842512220332, 34.553352232287246 ], [ 87.486913431608841, 34.520370423059859 ], [ 87.464650710380354, 34.506353154138218 ], [ 87.444861624843909, 34.489862249524528 ], [ 87.460527984226928, 34.432968628607277 ] ] } },
{ "type": "Feature", "properties": { "average_dip": null, "average_rake": null, "catalog_id": "GAF_829", "catalog_name": "HimaTibetMap", "dip_dir": null, "lower_seis_depth": null, "name": null, "net_slip_rate": null, "slip_type": "Normal", "upper_seis_depth": null, "downthrown_side_id": null, "reference": null, "epistemic_quality": null, "accuracy": null, "activity_confidence": null, "fs_name": null, "last_movement": null, "downthrown_side_dir": null, "vert_sep_rate": null, "strike_slip_rate": null, "exposure_quality": "1", "shortening_rate": null, "notes": null, "index_right": 9, "NAME_EN": "People's Republic of China" }, "geometry": { "type": "LineString", "coordinates": [ [ 87.792819712192866, 34.557474958440672 ], [ 87.751592450658634, 34.519545877829174 ], [ 87.73345245558356, 34.484090432909731 ], [ 87.707891553432333, 34.4535822593744 ], [ 87.690576103587958, 34.428021357223173 ], [ 87.674909744204953, 34.378548643382089 ], [ 87.658418839591249, 34.347215924616073 ], [ 87.611419761442221, 34.315883205850049 ], [ 87.595753402059216, 34.293620484621563 ] ] } },
{ "type": "Feature", "properties": { "average_dip": null, "average_rake": null, "catalog_id": "GAF_830", "catalog_name": "HimaTibetMap", "dip_dir": null, "lower_seis_depth": null, "name": null, "net_slip_rate": null, "slip_type": "Sinistral", "upper_seis_depth": null, "downthrown_side_id": null, "reference": null, "epistemic_quality": null, "accuracy": null, "activity_confidence": null, "fs_name": null, "last_movement": null, "downthrown_side_dir": null, "vert_sep_rate": null, "strike_slip_rate": null, "exposure_quality": "1", "shortening_rate": null, "notes": null, "index_right": 9, "NAME_EN": "People's Republic of China" }, "geometry": { "type": "LineString", "coordinates": [ [ 86.854525971990228, 35.489274596923188 ], [ 86.936148321912228, 35.487763071924633 ], [ 86.999632371851575, 35.480205446931855 ], [ 87.055558796798124, 35.478693921933299 ], [ 87.09334692176202, 35.48171697193041 ], [ 87.173457746685472, 35.49532069691741 ], [ 87.312518046552597, 35.48171697193041 ], [ 87.371467521496271, 35.483228496928966 ], [ 87.403209546465931, 35.505901371907299 ], [ 87.474251221398049, 35.507412896905855 ], [ 87.584592546292626, 35.504389846908744 ], [ 87.661680321218952, 35.537643396876973 ], [ 87.824925021062967, 35.592058296824973 ], [ 87.953404645940211, 35.628334896790314 ], [ 88.195248645709114, 35.681238271739758 ] ] } },
{ "type": "Feature", "properties": { "average_dip": null, "average_rake": null, "catalog_id": "GAF_831", "catalog_name": "HimaTibetMap", "dip_dir": null, "lower_seis_depth": null, "name": null, "net_slip_rate": null, "slip_type": "Reverse", "upper_seis_depth": null, "downthrown_side_id": null, "reference": null, "epistemic_quality": null, "accuracy": null, "activity_confidence": null, "fs_name": null, "last_movement": null, "downthrown_side_dir": null, "vert_sep_rate": null, "strike_slip_rate": null, "exposure_quality": "1", "shortening_rate": null, "notes": null, "index_right": 9, "NAME_EN": "People's Republic of China" }, "geometry": { "type": "LineString", "coordinates": [ [ 90.172990672970855, 37.201823763040956 ], [ 90.0714712948716, 37.263460528315505 ], [ 89.921005073760199, 37.303343141140218 ], [ 89.601944171162529, 37.37766982867717 ], [ 89.380776954589152, 37.408488211314449 ], [ 89.190428120653038, 37.4556222082891 ], [ 89.03452336142918, 37.457435054326588 ], [ 88.945693905592321, 37.441119439989208 ] ] } },
{ "type": "Feature", "properties": { "average_dip": null, "average_rake": null, "catalog_id": "GAF_832", "catalog_name": "HimaTibetMap", "dip_dir": null, "lower_seis_depth": null, "name": null, "net_slip_rate": null, "slip_type": "Reverse", "upper_seis_depth": null, "downthrown_side_id": null, "reference": null, "epistemic_quality": null, "accuracy": null, "activity_confidence": null, "fs_name": null, "last_movement": null, "downthrown_side_dir": null, "vert_sep_rate": null, "strike_slip_rate": null, "exposure_quality": "1", "shortening_rate": null, "notes": null, "index_right": 9, "NAME_EN": "People's Republic of China" }, "geometry": { "type": "LineString", "coordinates": [ [ 90.352669095130267, 36.492266759738456 ], [ 90.484553644357433, 36.477310779929191 ], [ 90.566131716044339, 36.456916262007461 ], [ 90.623236366225171, 36.456916262007461 ], [ 90.714331879608878, 36.444679551254424 ], [ 90.814944834689399, 36.421565764276473 ], [ 91.0311267246597, 36.384855632017363 ], [ 91.127660776155864, 36.379417093904905 ], [ 91.248668249158101, 36.334549154477109 ], [ 91.362877549519766, 36.289681215049306 ], [ 91.479806118937674, 36.26112888995889 ] ] } },
{ "type": "Feature", "properties": { "average_dip": null, "average_rake": null, "catalog_id": "GAF_833", "catalog_name": "HimaTibetMap", "dip_dir": null, "lower_seis_depth": null, "name": null, "net_slip_rate": null, "slip_type": "Reverse", "upper_seis_depth": null, "downthrown_side_id": null, "reference": null, "epistemic_quality": null, "accuracy": null, "activity_confidence": null, "fs_name": null, "last_movement": null, "downthrown_side_dir": null, "vert_sep_rate": null, "strike_slip_rate": null, "exposure_quality": "1", "shortening_rate": null, "notes": null, "index_right": 9, "NAME_EN": "People's Republic of China" }, "geometry": { "type": "LineString", "coordinates": [ [ 90.483194009829319, 36.724764264046129 ], [ 90.578368426797368, 36.682615593674562 ], [ 90.669463940181089, 36.649984364999803 ], [ 90.733366763002493, 36.637747654246766 ], [ 90.801348489408241, 36.637747654246766 ], [ 90.911478886185563, 36.669019248393411 ], [ 90.94818901844468, 36.654063268584146 ], [ 91.002574399569269, 36.607835694628236 ], [ 91.070556125975031, 36.560248486144211 ], [ 91.157572735774394, 36.516740181244529 ], [ 91.225554462180142, 36.505863105019607 ], [ 91.293536188585904, 36.467793338232383 ], [ 91.341123397069936, 36.462354800119925 ], [ 91.443095986678557, 36.432442840501395 ], [ 91.515156616668662, 36.432442840501395 ] ] } },
{ "type": "Feature", "properties": { "average_dip": null, "average_rake": null, "catalog_id": "GAF_834", "catalog_name": "HimaTibetMap", "dip_dir": null, "lower_seis_depth": null, "name": null, "net_slip_rate": null, "slip_type": "Reverse", "upper_seis_depth": null, "downthrown_side_id": null, "reference": null, "epistemic_quality": null, "accuracy": null, "activity_confidence": null, "fs_name": null, "last_movement": null, "downthrown_side_dir": null, "vert_sep_rate": null, "strike_slip_rate": null, "exposure_quality": "1", "shortening_rate": null, "notes": null, "index_right": 9, "NAME_EN": "People's Republic of China" }, "geometry": { "type": "LineString", "coordinates": [ [ 90.376813912744595, 36.132929686069062 ], [ 90.216032722862323, 36.174005172535338 ], [ 90.130360993946951, 36.174005172535338 ], [ 90.020043973151829, 36.144665539345141 ], [ 89.902685440391039, 36.128235344758629 ], [ 89.788847663613097, 36.121193832792983 ], [ 89.712564617318591, 36.134103271396668 ], [ 89.65623252159341, 36.134103271396668 ], [ 89.602247596523455, 36.141144783362314 ], [ 89.563519280712399, 36.179873099173378 ], [ 89.521270208918509, 36.209212732363568 ], [ 89.471979625158994, 36.235031609570939 ], [ 89.340538068466913, 36.334786362417603 ], [ 89.256039924879161, 36.36764675159062 ], [ 89.203228585136799, 36.394639214125597 ], [ 89.112862514911001, 36.507303405575946 ], [ 89.042447395254541, 36.544858136059396 ], [ 88.979073787563721, 36.561288330645908 ], [ 88.964990763632429, 36.563635501301121 ] ] } },
{ "type": "Feature", "properties": { "average_dip": null, "average_rake": null, "catalog_id": "GAF_835", "catalog_name": "HimaTibetMap", "dip_dir": null, "lower_seis_depth": null, "name": null, "net_slip_rate": null, "slip_type": "Reverse", "upper_seis_depth": null, "downthrown_side_id": null, "reference": null, "epistemic_quality": null, "accuracy": null, "activity_confidence": null, "fs_name": null, "last_movement": null, "downthrown_side_dir": null, "vert_sep_rate": null, "strike_slip_rate": null, "exposure_quality": "1", "shortening_rate": null, "notes": null, "index_right": 9, "NAME_EN": "People's Republic of China" }, "geometry": { "type": "LineString", "coordinates": [ [ 88.954116762081298, 36.56725711227304 ], [ 88.80971075497331, 36.617684606818685 ], [ 88.635506682906538, 36.642898354091507 ], [ 88.442965340095881, 36.661235624835378 ], [ 88.319188762574754, 36.679572895579248 ], [ 88.24354752075628, 36.739169025496835 ], [ 88.154153325879903, 36.775843566984577 ], [ 88.083096401747397, 36.785012202356512 ] ] } },
{ "type": "Feature", "properties": { "average_dip": null, "average_rake": null, "catalog_id": "GAF_836", "catalog_name": "HimaTibetMap", "dip_dir": null, "lower_seis_depth": null, "name": null, "net_slip_rate": null, "slip_type": "Anticline", "upper_seis_depth": null, "downthrown_side_id": null, "reference": null, "epistemic_quality": null, "accuracy": null, "activity_confidence": null, "fs_name": null, "last_movement": null, "downthrown_side_dir": null, "vert_sep_rate": null, "strike_slip_rate": null, "exposure_quality": "1", "shortening_rate": null, "notes": null, "index_right": 9, "NAME_EN": "People's Republic of China" }, "geometry": { "type": "LineString", "coordinates": [ [ 92.530629508760256, 37.344670661478595 ], [ 92.609876254488498, 37.314953131830507 ], [ 92.693694927854921, 37.305047288614475 ], [ 92.761511854487736, 37.306571264493861 ], [ 92.826280829361792, 37.300475360976307 ], [ 92.852188419311403, 37.293617469519056 ] ] } },
{ "type": "Feature", "properties": { "average_dip": null, "average_rake": null, "catalog_id": "GAF_837", "catalog_name": "HimaTibetMap", "dip_dir": null, "lower_seis_depth": null, "name": null, "net_slip_rate": null, "slip_type": "Anticline", "upper_seis_depth": null, "downthrown_side_id": null, "reference": null, "epistemic_quality": null, "accuracy": null, "activity_confidence": null, "fs_name": null, "last_movement": null, "downthrown_side_dir": null, "vert_sep_rate": null, "strike_slip_rate": null, "exposure_quality": "1", "shortening_rate": null, "notes": null, "index_right": 9, "NAME_EN": "People's Republic of China" }, "geometry": { "type": "LineString", "coordinates": [ [ 88.244713041428213, 37.293913264662805 ], [ 88.35608678438021, 37.269532942822565 ], [ 88.462473643319427, 37.267870648151643 ], [ 88.507355599434405, 37.263991960586146 ], [ 88.552237555549382, 37.255680487231523 ], [ 88.651421137581266, 37.25789688012609 ], [ 88.694640799025322, 37.248477210324182 ] ] } },
{ "type": "Feature", "properties": { "average_dip": null, "average_rake": null, "catalog_id": "GAF_838", "catalog_name": "HimaTibetMap", "dip_dir": null, "lower_seis_depth": null, "name": null, "net_slip_rate": null, "slip_type": "Anticline", "upper_seis_depth": null, "downthrown_side_id": null, "reference": null, "epistemic_quality": null, "accuracy": null, "activity_confidence": null, "fs_name": null, "last_movement": null, "downthrown_side_dir": null, "vert_sep_rate": null, "strike_slip_rate": null, "exposure_quality": "1", "shortening_rate": null, "notes": null, "index_right": 9, "NAME_EN": "People's Republic of China" }, "geometry": { "type": "LineString", "coordinates": [ [ 88.358303177274777, 37.469839450669063 ], [ 88.465798232661271, 37.473164040010914 ], [ 88.557778537785808, 37.463744370209007 ], [ 88.652529334028543, 37.437701753697844 ], [ 88.746726032047647, 37.401685369161129 ], [ 88.895224355983629, 37.331868992982272 ] ] } },
{ "type": "Feature", "properties": { "average_dip": null, "average_rake": null, "catalog_id": "GAF_839", "catalog_name": "HimaTibetMap", "dip_dir": null, "lower_seis_depth": null, "name": null, "net_slip_rate": null, "slip_type": "Anticline", "upper_seis_depth": null, "downthrown_side_id": null, "reference": null, "epistemic_quality": null, "accuracy": null, "activity_confidence": null, "fs_name": null, "last_movement": null, "downthrown_side_dir": null, "vert_sep_rate": null, "strike_slip_rate": null, "exposure_quality": "1", "shortening_rate": null, "notes": null, "index_right": 9, "NAME_EN": "People's Republic of China" }, "geometry": { "type": "LineString", "coordinates": [ [ 98.130765335169471, 39.733442220282811 ], [ 98.248398965107853, 39.702633412441806 ], [ 98.354829392194958, 39.66062140174953 ], [ 98.419247808589773, 39.607406188205978 ] ] } },
{ "type": "Feature", "properties": { "average_dip": null, "average_rake": null, "catalog_id": "GAF_840", "catalog_name": "HimaTibetMap", "dip_dir": null, "lower_seis_depth": null, "name": null, "net_slip_rate": null, "slip_type": "Normal", "upper_seis_depth": null, "downthrown_side_id": null, "reference": "Dewane et al., 2006", "epistemic_quality": null, "accuracy": null, "activity_confidence": null, "fs_name": "Tangra Yum Co Rift", "last_movement": null, "downthrown_side_dir": null, "vert_sep_rate": null, "strike_slip_rate": null, "exposure_quality": "1", "shortening_rate": null, "notes": null, "index_right": 9, "NAME_EN": "People's Republic of China" }, "geometry": { "type": "LineString", "coordinates": [ [ 86.537331994776068, 30.426973532982338 ], [ 86.423663478835735, 30.40074233699611 ], [ 86.351374872507861, 30.352890345791593 ], [ 86.335238659259616, 30.283944707367311 ], [ 86.326616712292108, 30.209041543087004 ], [ 86.342243991170733, 30.199880724434017 ] ] } },
{ "type": "Feature", "properties": { "average_dip": null, "average_rake": null, "catalog_id": "GAF_841", "catalog_name": "HimaTibetMap", "dip_dir": null, "lower_seis_depth": null, "name": null, "net_slip_rate": null, "slip_type": "Normal", "upper_seis_depth": null, "downthrown_side_id": null, "reference": null, "epistemic_quality": null, "accuracy": null, "activity_confidence": null, "fs_name": "Kung Co fault", "last_movement": null, "downthrown_side_dir": null, "vert_sep_rate": null, "strike_slip_rate": null, "exposure_quality": "1", "shortening_rate": null, "notes": null, "index_right": 9, "NAME_EN": "People's Republic of China" }, "geometry": { "type": "LineString", "coordinates": [ [ 86.515472664787538, 28.63450847392339 ], [ 86.47612587080819, 28.71757392787978 ], [ 86.464318060700322, 28.780398204386163 ], [ 86.47612587080819, 28.831242443820106 ], [ 86.491062984413816, 28.845350161976068 ], [ 86.468138764087968, 28.875915789077197 ], [ 86.442157981052006, 28.942396028022156 ], [ 86.416941338693576, 29.010404548322171 ], [ 86.398601962432892, 29.083762053364886 ], [ 86.37262117939693, 29.121204946563772 ], [ 86.349187531952737, 29.141964101636624 ], [ 86.283980860803652, 29.188831396525025 ] ] } },
{ "type": "Feature", "properties": { "average_dip": null, "average_rake": null, "catalog_id": "GAF_842", "catalog_name": "HimaTibetMap", "dip_dir": null, "lower_seis_depth": null, "name": null, "net_slip_rate": null, "slip_type": "Normal", "upper_seis_depth": null, "downthrown_side_id": null, "reference": null, "epistemic_quality": null, "accuracy": null, "activity_confidence": null, "fs_name": null, "last_movement": null, "downthrown_side_dir": null, "vert_sep_rate": null, "strike_slip_rate": null, "exposure_quality": "1", "shortening_rate": null, "notes": null, "index_right": 9, "NAME_EN": "People's Republic of China" }, "geometry": { "type": "LineString", "coordinates": [ [ 88.222177432290181, 29.65886112880602 ], [ 88.185799049748724, 29.633772589122252 ], [ 88.169491498954272, 29.593630925628219 ], [ 88.172000352922637, 29.533418430387172 ], [ 88.183290195780344, 29.480732497051253 ], [ 88.175763633875206, 29.407975731968321 ], [ 88.13813082434956, 29.360307506569161 ], [ 88.128095408476042, 29.325183551011882 ], [ 88.120568846570919, 29.278769752596908 ], [ 88.103006868792278, 29.249917931960571 ], [ 88.101752441808088, 29.231101527197744 ] ] } },
{ "type": "Feature", "properties": { "average_dip": null, "average_rake": null, "catalog_id": "GAF_843", "catalog_name": "HimaTibetMap", "dip_dir": null, "lower_seis_depth": null, "name": null, "net_slip_rate": null, "slip_type": "Normal", "upper_seis_depth": null, "downthrown_side_id": null, "reference": null, "epistemic_quality": null, "accuracy": null, "activity_confidence": null, "fs_name": null, "last_movement": null, "downthrown_side_dir": null, "vert_sep_rate": null, "strike_slip_rate": null, "exposure_quality": "1", "shortening_rate": null, "notes": null, "index_right": 9, "NAME_EN": "People's Republic of China" }, "geometry": { "type": "LineString", "coordinates": [ [ 90.280692113343505, 29.677677533568847 ], [ 90.241804876833669, 29.612447330391046 ], [ 90.23929602286529, 29.555998116102565 ], [ 90.240550449849479, 29.453135103399109 ], [ 90.2154619101657, 29.420520001810207 ] ] } },
{ "type": "Feature", "properties": { "average_dip": null, "average_rake": null, "catalog_id": "GAF_844", "catalog_name": "HimaTibetMap", "dip_dir": null, "lower_seis_depth": null, "name": null, "net_slip_rate": null, "slip_type": "Normal", "upper_seis_depth": null, "downthrown_side_id": null, "reference": null, "epistemic_quality": null, "accuracy": null, "activity_confidence": null, "fs_name": null, "last_movement": null, "downthrown_side_dir": null, "vert_sep_rate": null, "strike_slip_rate": null, "exposure_quality": "1", "shortening_rate": null, "notes": null, "index_right": 9, "NAME_EN": "People's Republic of China" }, "geometry": { "type": "LineString", "coordinates": [ [ 90.290727529217023, 29.794339243098378 ], [ 90.339650181600362, 29.737890028809897 ], [ 90.342159035568741, 29.704020500236808 ] ] } },
{ "type": "Feature", "properties": { "average_dip": null, "average_rake": null, "catalog_id": "GAF_845", "catalog_name": "HimaTibetMap", "dip_dir": null, "lower_seis_depth": null, "name": null, "net_slip_rate": null, "slip_type": "Normal", "upper_seis_depth": null, "downthrown_side_id": null, "reference": null, "epistemic_quality": null, "accuracy": null, "activity_confidence": null, "fs_name": null, "last_movement": null, "downthrown_side_dir": null, "vert_sep_rate": null, "strike_slip_rate": null, "exposure_quality": "1", "shortening_rate": null, "notes": null, "index_right": 9, "NAME_EN": "People's Republic of China" }, "geometry": { "type": "LineString", "coordinates": [ [ 92.213764095977979, 29.287550741486225 ], [ 92.33795236741264, 29.360307506569161 ], [ 92.394401581701132, 29.39166818117387 ], [ 92.421998975353276, 29.424283282762772 ], [ 92.429525537258399, 29.525891868482042 ], [ 92.419490121384896, 29.584849936738898 ], [ 92.419490121384896, 29.631263735153873 ], [ 92.416981267416517, 29.683949668489792 ] ] } },
{ "type": "Feature", "properties": { "average_dip": null, "average_rake": null, "catalog_id": "GAF_846", "catalog_name": "HimaTibetMap", "dip_dir": null, "lower_seis_depth": null, "name": null, "net_slip_rate": null, "slip_type": "Normal", "upper_seis_depth": null, "downthrown_side_id": null, "reference": null, "epistemic_quality": null, "accuracy": null, "activity_confidence": null, "fs_name": null, "last_movement": null, "downthrown_side_dir": null, "vert_sep_rate": null, "strike_slip_rate": null, "exposure_quality": "1", "shortening_rate": null, "notes": null, "index_right": 9, "NAME_EN": "People's Republic of China" }, "geometry": { "type": "LineString", "coordinates": [ [ 91.005704383059424, 30.502477436988123 ], [ 90.947265929033676, 30.482698267933252 ], [ 90.880735996758204, 30.47280868340582 ], [ 90.833985233537604, 30.441341823545798 ], [ 90.762060982428991, 30.384701475797765 ], [ 90.716209272347257, 30.338849765716024 ], [ 90.658669871460361, 30.31277722468915 ], [ 90.621808692767189, 30.292099002495423 ], [ 90.590341832907171, 30.245348239274822 ] ] } },
{ "type": "Feature", "properties": { "average_dip": null, "average_rake": null, "catalog_id": "GAF_847", "catalog_name": "HimaTibetMap", "dip_dir": null, "lower_seis_depth": null, "name": null, "net_slip_rate": null, "slip_type": "Normal", "upper_seis_depth": null, "downthrown_side_id": null, "reference": null, "epistemic_quality": null, "accuracy": null, "activity_confidence": null, "fs_name": null, "last_movement": null, "downthrown_side_dir": null, "vert_sep_rate": null, "strike_slip_rate": null, "exposure_quality": "1", "shortening_rate": null, "notes": null, "index_right": 9, "NAME_EN": "People's Republic of China" }, "geometry": { "type": "LineString", "coordinates": [ [ 91.631049482882133, 31.106958798029392 ], [ 91.594096833602123, 30.992405585261348 ], [ 91.594096833602123, 30.914805021773319 ], [ 91.553448919394114, 30.855680782925294 ], [ 91.520191535042102, 30.789166014221269 ], [ 91.520191535042102, 30.785470749293268 ] ] } },
{ "type": "Feature", "properties": { "average_dip": null, "average_rake": null, "catalog_id": "GAF_848", "catalog_name": "HimaTibetMap", "dip_dir": null, "lower_seis_depth": null, "name": null, "net_slip_rate": null, "slip_type": "Normal", "upper_seis_depth": null, "downthrown_side_id": null, "reference": null, "epistemic_quality": null, "accuracy": null, "activity_confidence": null, "fs_name": null, "last_movement": null, "downthrown_side_dir": null, "vert_sep_rate": null, "strike_slip_rate": null, "exposure_quality": "1", "shortening_rate": null, "notes": null, "index_right": 9, "NAME_EN": "People's Republic of China" }, "geometry": { "type": "LineString", "coordinates": [ [ 90.807157125744425, 31.541973476072378 ], [ 90.797020922628931, 31.606169429137182 ], [ 90.776748516397944, 31.655161077528746 ], [ 90.778437883583862, 31.709220827478056 ], [ 90.817293328859918, 31.798757288331597 ], [ 90.837565735090919, 31.840991467979496 ], [ 90.883178649110647, 31.871400077325983 ] ] } },
{ "type": "Feature", "properties": { "average_dip": null, "average_rake": null, "catalog_id": "GAF_849", "catalog_name": "HimaTibetMap", "dip_dir": null, "lower_seis_depth": null, "name": null, "net_slip_rate": null, "slip_type": "Normal", "upper_seis_depth": null, "downthrown_side_id": null, "reference": "Murphy et al., 2010 EPSL", "epistemic_quality": null, "accuracy": null, "activity_confidence": null, "fs_name": null, "last_movement": null, "downthrown_side_dir": null, "vert_sep_rate": null, "strike_slip_rate": null, "exposure_quality": "1", "shortening_rate": null, "notes": null, "index_right": 9, "NAME_EN": "People's Republic of China" }, "geometry": { "type": "LineString", "coordinates": [ [ 83.918804549407625, 31.161406476941661 ], [ 83.955714480376955, 31.054367677130625 ], [ 84.020306859573267, 30.947328877319588 ], [ 84.103354204254245, 30.85136305679935 ], [ 84.179019562741345, 30.784925181054568 ], [ 84.276830879810063, 30.685268367437398 ], [ 84.356594229337404, 30.529142412150858 ], [ 84.363599561248506, 30.471483141805585 ] ] } },
{ "type": "Feature", "properties": { "average_dip": null, "average_rake": null, "catalog_id": "GAF_850", "catalog_name": "HimaTibetMap", "dip_dir": null, "lower_seis_depth": null, "name": null, "net_slip_rate": null, "slip_type": "Normal", "upper_seis_depth": null, "downthrown_side_id": null, "reference": "Murphy et al., 2010 EPSL", "epistemic_quality": null, "accuracy": null, "activity_confidence": null, "fs_name": "Lopukangri Rift", "last_movement": null, "downthrown_side_dir": null, "vert_sep_rate": null, "strike_slip_rate": null, "exposure_quality": "1", "shortening_rate": null, "notes": null, "index_right": 9, "NAME_EN": "People's Republic of China" }, "geometry": { "type": "LineString", "coordinates": [ [ 84.522502156124759, 29.927531468050859 ], [ 84.533717423078599, 30.030590677896956 ], [ 84.595030917040972, 30.10882249748439 ], [ 84.596467908202229, 30.136125329548197 ], [ 84.570961315089988, 30.151572984531665 ], [ 84.536451074233014, 30.263411312253545 ], [ 84.518271038912332, 30.28871329771173 ] ] } },
{ "type": "Feature", "properties": { "average_dip": null, "average_rake": null, "catalog_id": "GAF_851", "catalog_name": "HimaTibetMap", "dip_dir": null, "lower_seis_depth": null, "name": null, "net_slip_rate": null, "slip_type": "Normal", "upper_seis_depth": null, "downthrown_side_id": null, "reference": "Murphy et al., 2010 EPSLc", "epistemic_quality": null, "accuracy": null, "activity_confidence": null, "fs_name": null, "last_movement": null, "downthrown_side_dir": null, "vert_sep_rate": null, "strike_slip_rate": null, "exposure_quality": "1", "shortening_rate": null, "notes": null, "index_right": 9, "NAME_EN": "People's Republic of China" }, "geometry": { "type": "LineString", "coordinates": [ [ 84.810179382316775, 29.975674944552161 ], [ 84.865544278770756, 30.088250234008594 ], [ 84.869235271867694, 30.163915592495705 ], [ 84.836016333995303, 30.230353468240487 ], [ 84.767732961702052, 30.33001028185766 ], [ 84.717904554893465, 30.383529681763179 ], [ 84.603483768888566, 30.464731529895687 ] ] } },
{ "type": "Feature", "properties": { "average_dip": null, "average_rake": null, "catalog_id": "GAF_852", "catalog_name": "HimaTibetMap", "dip_dir": null, "lower_seis_depth": null, "name": null, "net_slip_rate": null, "slip_type": "Normal", "upper_seis_depth": null, "downthrown_side_id": null, "reference": "Dewane et al., 2006", "epistemic_quality": null, "accuracy": null, "activity_confidence": null, "fs_name": "Tangra Yum Co Rift", "last_movement": null, "downthrown_side_dir": null, "vert_sep_rate": null, "strike_slip_rate": null, "exposure_quality": "1", "shortening_rate": null, "notes": null, "index_right": 9, "NAME_EN": "People's Republic of China" }, "geometry": { "type": "LineString", "coordinates": [ [ 86.797779165014802, 31.118960056326941 ], [ 86.795933668466333, 31.224153359589511 ], [ 86.76640572369088, 31.327501166303616 ], [ 86.727650296173096, 31.377329573112199 ], [ 86.718422813430763, 31.434539966114652 ], [ 86.755332744400079, 31.499132345310965 ], [ 86.786706185724, 31.54526975902262 ], [ 86.808852144305604, 31.585870683088874 ], [ 86.810697640854073, 31.595098165831207 ], [ 86.742414268560822, 31.64492657263979 ] ] } },
{ "type": "Feature", "properties": { "average_dip": null, "average_rake": null, "catalog_id": "GAF_853", "catalog_name": "HimaTibetMap", "dip_dir": null, "lower_seis_depth": null, "name": null, "net_slip_rate": null, "slip_type": "Normal", "upper_seis_depth": null, "downthrown_side_id": null, "reference": "Dewane et al., 2006", "epistemic_quality": null, "accuracy": null, "activity_confidence": null, "fs_name": "Tangra Yum Co Rift", "last_movement": null, "downthrown_side_dir": null, "vert_sep_rate": null, "strike_slip_rate": null, "exposure_quality": "1", "shortening_rate": null, "notes": null, "index_right": 9, "NAME_EN": "People's Republic of China" }, "geometry": { "type": "LineString", "coordinates": [ [ 86.482199255227087, 31.320119180109749 ], [ 86.399151910546124, 31.296127724979691 ], [ 86.367778469222188, 31.253681304364971 ], [ 86.37700595196452, 31.155869987296263 ], [ 86.336405027898266, 31.074668139163755 ], [ 86.336405027898266, 31.048831187485227 ] ] } },
{ "type": "Feature", "properties": { "average_dip": null, "average_rake": null, "catalog_id": "GAF_854", "catalog_name": "HimaTibetMap", "dip_dir": null, "lower_seis_depth": null, "name": null, "net_slip_rate": null, "slip_type": "Anticline", "upper_seis_depth": null, "downthrown_side_id": null, "reference": null, "epistemic_quality": null, "accuracy": null, "activity_confidence": null, "fs_name": null, "last_movement": null, "downthrown_side_dir": null, "vert_sep_rate": null, "strike_slip_rate": null, "exposure_quality": "1", "shortening_rate": null, "notes": null, "index_right": 9, "NAME_EN": "People's Republic of China" }, "geometry": { "type": "LineString", "coordinates": [ [ 94.85560108925884, 41.561303992147614 ], [ 95.078288067076627, 41.521147324016539 ], [ 95.264468982957055, 41.517496717822809 ], [ 95.363035350187886, 41.517496717822809 ] ] } },
{ "type": "Feature", "properties": { "average_dip": null, "average_rake": null, "catalog_id": "GAF_855", "catalog_name": "HimaTibetMap", "dip_dir": null, "lower_seis_depth": null, "name": null, "net_slip_rate": null, "slip_type": "Anticline", "upper_seis_depth": null, "downthrown_side_id": null, "reference": null, "epistemic_quality": null, "accuracy": null, "activity_confidence": null, "fs_name": null, "last_movement": null, "downthrown_side_dir": null, "vert_sep_rate": null, "strike_slip_rate": null, "exposure_quality": "1", "shortening_rate": null, "notes": null, "index_right": 9, "NAME_EN": "People's Republic of China" }, "geometry": { "type": "LineString", "coordinates": [ [ 93.964853177987735, 40.900544271081749 ], [ 93.796925293075958, 40.871339421531879 ], [ 93.548684071902045, 40.871339421531879 ] ] } },
{ "type": "Feature", "properties": { "average_dip": null, "average_rake": null, "catalog_id": "GAF_859", "catalog_name": "HimaTibetMap", "dip_dir": null, "lower_seis_depth": null, "name": null, "net_slip_rate": null, "slip_type": "Reverse", "upper_seis_depth": null, "downthrown_side_id": null, "reference": null, "epistemic_quality": null, "accuracy": null, "activity_confidence": null, "fs_name": null, "last_movement": null, "downthrown_side_dir": null, "vert_sep_rate": null, "strike_slip_rate": null, "exposure_quality": "1", "shortening_rate": null, "notes": null, "index_right": 9, "NAME_EN": "People's Republic of China" }, "geometry": { "type": "LineString", "coordinates": [ [ 103.024588418410261, 33.836881013848739 ], [ 103.307535640866703, 33.749350578124805 ], [ 103.474454146200728, 33.667926916986261 ], [ 103.684120073632471, 33.537649059164586 ], [ 103.716689538087891, 33.39312206064367 ], [ 103.708547171974033, 33.264879794350463 ], [ 103.649515017648596, 33.112210429715695 ], [ 103.580304905680833, 33.01857321940637 ], [ 103.470382963143791, 32.935113966739358 ], [ 103.397101668119106, 32.884224178527774 ], [ 103.262752627240516, 32.821120841145401 ] ] } },
{ "type": "Feature", "properties": { "average_dip": null, "average_rake": null, "catalog_id": "GAF_860", "catalog_name": "HimaTibetMap", "dip_dir": null, "lower_seis_depth": null, "name": null, "net_slip_rate": null, "slip_type": "Reverse", "upper_seis_depth": null, "downthrown_side_id": null, "reference": "Xu, et al., 2008", "epistemic_quality": null, "accuracy": null, "activity_confidence": null, "fs_name": "Longriba Fault", "last_movement": null, "downthrown_side_dir": null, "vert_sep_rate": null, "strike_slip_rate": null, "exposure_quality": "1", "shortening_rate": null, "notes": null, "index_right": 9, "NAME_EN": "People's Republic of China" }, "geometry": { "type": "LineString", "coordinates": [ [ 101.214184643279609, 31.512589978969689 ], [ 101.314990609141745, 31.610595779113435 ], [ 101.511002209429236, 31.759004562188245 ], [ 101.589406849544233, 31.815007876556098 ], [ 101.701413478279932, 31.859810528050382 ], [ 101.768617455521365, 31.882211853797525 ], [ 101.855422592791541, 31.907413345263059 ], [ 101.9450278957801, 31.966216825349303 ], [ 101.995430878711176, 32.033420802590726 ], [ 102.031833033050276, 32.100624779832152 ], [ 102.071035353107774, 32.142627265608041 ], [ 102.171841318969911, 32.198630579975898 ], [ 102.292248444860789, 32.305036877274816 ] ] } },
{ "type": "Feature", "properties": { "average_dip": null, "average_rake": null, "catalog_id": "GAF_863", "catalog_name": "HimaTibetMap", "dip_dir": null, "lower_seis_depth": null, "name": null, "net_slip_rate": null, "slip_type": "Reverse", "upper_seis_depth": null, "downthrown_side_id": null, "reference": "Xu, et al., 2008", "epistemic_quality": null, "accuracy": null, "activity_confidence": null, "fs_name": "Longriba Fault", "last_movement": null, "downthrown_side_dir": null, "vert_sep_rate": null, "strike_slip_rate": null, "exposure_quality": "1", "shortening_rate": null, "notes": null, "index_right": 9, "NAME_EN": "People's Republic of China" }, "geometry": { "type": "LineString", "coordinates": [ [ 102.507861205177036, 32.243433231470178 ], [ 102.625468165349517, 32.316237540148386 ], [ 102.692672142590951, 32.386241683108203 ], [ 102.757075954113972, 32.43384450032088 ], [ 102.849481422820929, 32.484247483251949 ], [ 102.950287388683066, 32.531850300464626 ], [ 103.165900148999313, 32.685859414976221 ] ] } },
{ "type": "Feature", "properties": { "average_dip": null, "average_rake": null, "catalog_id": "GAF_867", "catalog_name": "HimaTibetMap", "dip_dir": null, "lower_seis_depth": null, "name": null, "net_slip_rate": null, "slip_type": "Normal", "upper_seis_depth": null, "downthrown_side_id": null, "reference": null, "epistemic_quality": null, "accuracy": null, "activity_confidence": null, "fs_name": null, "last_movement": null, "downthrown_side_dir": null, "vert_sep_rate": null, "strike_slip_rate": null, "exposure_quality": "1", "shortening_rate": null, "notes": null, "index_right": 9, "NAME_EN": "People's Republic of China" }, "geometry": { "type": "LineString", "coordinates": [ [ 88.968029206510749, 27.558484775607397 ], [ 89.088008896295023, 27.641948907631239 ], [ 89.19233906132483, 27.735846056158064 ], [ 89.270586685097172, 27.876691778948295 ], [ 89.338401292366555, 27.928856861463199 ], [ 89.42186542439039, 27.965372419223627 ], [ 89.43751494914487, 28.101001633762372 ], [ 89.489680031659759, 28.132300683271314 ], [ 89.567927655432115, 28.231414340049625 ], [ 89.609659721444032, 28.278362914313039 ] ] } },
{ "type": "Feature", "properties": { "average_dip": null, "average_rake": null, "catalog_id": "GAF_868", "catalog_name": "HimaTibetMap", "dip_dir": null, "lower_seis_depth": null, "name": null, "net_slip_rate": null, "slip_type": "Sinistral", "upper_seis_depth": null, "downthrown_side_id": null, "reference": null, "epistemic_quality": null, "accuracy": null, "activity_confidence": null, "fs_name": null, "last_movement": null, "downthrown_side_dir": null, "vert_sep_rate": null, "strike_slip_rate": null, "exposure_quality": "1", "shortening_rate": null, "notes": null, "index_right": 9, "NAME_EN": "People's Republic of China" }, "geometry": { "type": "LineString", "coordinates": [ [ 87.84647993244036, 28.08013560075641 ], [ 88.117738361517851, 28.085352109007903 ], [ 88.305532658571494, 28.101001633762372 ], [ 88.592440612403465, 28.132300683271314 ], [ 88.764585384702627, 28.174032749283235 ] ] } },
{ "type": "Feature", "properties": { "average_dip": null, "average_rake": null, "catalog_id": "GAF_869", "catalog_name": "HimaTibetMap", "dip_dir": null, "lower_seis_depth": null, "name": null, "net_slip_rate": null, "slip_type": "Sinistral", "upper_seis_depth": null, "downthrown_side_id": null, "reference": null, "epistemic_quality": null, "accuracy": null, "activity_confidence": null, "fs_name": null, "last_movement": null, "downthrown_side_dir": null, "vert_sep_rate": null, "strike_slip_rate": null, "exposure_quality": "1", "shortening_rate": null, "notes": null, "index_right": 9, "NAME_EN": "People's Republic of China" }, "geometry": { "type": "LineString", "coordinates": [ [ 87.726500242656087, 28.179249257534725 ], [ 87.935160572715702, 28.215764815295156 ], [ 88.122954869769345, 28.262713389558566 ], [ 88.347264724583425, 28.278362914313039 ], [ 88.49332695562515, 28.309661963821977 ], [ 88.733286335193696, 28.294012439067508 ], [ 88.936730157001804, 28.273146406061546 ], [ 89.103658421049488, 28.288795930816018 ], [ 89.249720652091213, 28.304445455570487 ], [ 89.427081932641883, 28.340961013330919 ], [ 89.526195589420198, 28.37747657109135 ] ] } },
{ "type": "Feature", "properties": { "average_dip": null, "average_rake": null, "catalog_id": "GAF_884", "catalog_name": "HimaTibetMap", "dip_dir": null, "lower_seis_depth": null, "name": null, "net_slip_rate": null, "slip_type": "Reverse", "upper_seis_depth": null, "downthrown_side_id": null, "reference": null, "epistemic_quality": null, "accuracy": null, "activity_confidence": null, "fs_name": null, "last_movement": null, "downthrown_side_dir": null, "vert_sep_rate": null, "strike_slip_rate": null, "exposure_quality": "1", "shortening_rate": null, "notes": null, "index_right": 9, "NAME_EN": "People's Republic of China" }, "geometry": { "type": "LineString", "coordinates": [ [ 75.102797700263451, 40.433889444213129 ], [ 75.218840447171615, 40.43803382803128 ], [ 75.339027577897923, 40.475333282394615 ], [ 75.421915254260895, 40.541643423484999 ], [ 75.479936627714977, 40.603809180757231 ], [ 75.583546223168696, 40.653541786575012 ], [ 75.67472266716797, 40.7032743923928 ], [ 75.794909797894277, 40.711563160029094 ] ] } },
{ "type": "Feature", "properties": { "average_dip": null, "average_rake": null, "catalog_id": "GAF_888", "catalog_name": "HimaTibetMap", "dip_dir": null, "lower_seis_depth": null, "name": null, "net_slip_rate": null, "slip_type": "Sinistral", "upper_seis_depth": null, "downthrown_side_id": null, "reference": "Yin, et al., 2008; Van der Woerd, et al., 1998, 2000, 2002;", "epistemic_quality": null, "accuracy": null, "activity_confidence": null, "fs_name": "Kunlun Fault", "last_movement": null, "downthrown_side_dir": null, "vert_sep_rate": null, "strike_slip_rate": "None", "exposure_quality": "1", "shortening_rate": null, "notes": null, "index_right": 9, "NAME_EN": "People's Republic of China" }, "geometry": { "type": "LineString", "coordinates": [ [ 90.486200457219581, 36.210849354347019 ], [ 90.694572296018009, 36.161820686394449 ], [ 91.560745429846804, 35.973877459242914 ], [ 91.875346049209156, 35.924848791290337 ], [ 92.69657623741476, 35.855391511690854 ], [ 93.529628842732336, 35.742722706665703 ], [ 94.214549325210271, 35.733941674839059 ], [ 95.254238415607347, 35.781848509762 ], [ 96.038697102848516, 35.75324845345633 ], [ 96.913041681336082, 35.602076727269228 ], [ 97.595246578466728, 35.540758974652974 ], [ 98.376758411037727, 35.338795242640252 ], [ 98.78068587506317, 35.198298733414006 ], [ 99.176531851813223, 35.050504212802778 ], [ 99.44618952555237, 34.887075319627527 ], [ 99.687247142985868, 34.662360591511572 ], [ 100.189790989499741, 34.474417364360029 ], [ 100.791542163363772, 34.320195550749993 ], [ 101.318404072962181, 34.249947296136874 ], [ 101.685165362053226, 34.102616632386351 ], [ 102.130509095955773, 33.951444906199249 ], [ 102.690253055080987, 33.828873236317811 ] ] } },
{ "type": "Feature", "properties": { "average_dip": null, "average_rake": null, "catalog_id": "GAF_889", "catalog_name": "HimaTibetMap", "dip_dir": null, "lower_seis_depth": null, "name": null, "net_slip_rate": null, "slip_type": "Normal", "upper_seis_depth": null, "downthrown_side_id": null, "reference": null, "epistemic_quality": null, "accuracy": null, "activity_confidence": null, "fs_name": null, "last_movement": null, "downthrown_side_dir": null, "vert_sep_rate": null, "strike_slip_rate": null, "exposure_quality": "1", "shortening_rate": null, "notes": null, "index_right": 9, "NAME_EN": "People's Republic of China" }, "geometry": { "type": "LineString", "coordinates": [ [ 87.855701141042474, 28.626844082838719 ], [ 87.868744573642644, 28.705104678439749 ], [ 87.907874871443155, 28.79640870664095 ], [ 87.907874871443155, 28.979016763043351 ], [ 87.986135467044178, 29.070320791244548 ] ] } },
{ "type": "Feature", "properties": { "average_dip": null, "average_rake": null, "catalog_id": "GAF_890", "catalog_name": "HimaTibetMap", "dip_dir": null, "lower_seis_depth": null, "name": null, "net_slip_rate": null, "slip_type": "Normal", "upper_seis_depth": null, "downthrown_side_id": null, "reference": "Jessup, et al., 2008", "epistemic_quality": null, "accuracy": null, "activity_confidence": null, "fs_name": "Ama Drime Detachment", "last_movement": null, "downthrown_side_dir": null, "vert_sep_rate": null, "strike_slip_rate": null, "exposure_quality": "1", "shortening_rate": null, "notes": null, "index_right": 9, "NAME_EN": "People's Republic of China" }, "geometry": { "type": "LineString", "coordinates": [ [ 87.364282364799664, 28.100711976073907 ], [ 87.36713771800666, 28.126410154936874 ], [ 87.366185933604328, 28.136879783362524 ], [ 87.373800208822985, 28.164481531030155 ], [ 87.373800208822985, 28.18922792549079 ], [ 87.382366268443974, 28.240624283216725 ], [ 87.382366268443974, 28.251093911642378 ], [ 87.404257309697613, 28.28916528773566 ], [ 87.424244782146587, 28.292972425344988 ], [ 87.435666194974573, 28.300586700563645 ], [ 87.442328685790898, 28.310104544586967 ], [ 87.45660545182588, 28.32057417301262 ], [ 87.485158983895843, 28.319622388610288 ], [ 87.554639245266088, 28.331995585840605 ], [ 87.569867795703402, 28.337706292254598 ], [ 87.58224099293372, 28.33865807665693 ], [ 87.635540919464319, 28.359597333508237 ], [ 87.649817685499301, 28.372922315140887 ], [ 87.672660511155271, 28.390054434382865 ], [ 87.690744414799582, 28.411945475636504 ], [ 87.702165827627567, 28.430981163683146 ], [ 87.702165827627567, 28.458582911350774 ], [ 87.720249731271878, 28.542339938756001 ], [ 87.719297946869546, 28.568989902021301 ], [ 87.711683671650889, 28.597543434091261 ] ] } },
{ "type": "Feature", "properties": { "average_dip": null, "average_rake": null, "catalog_id": "GAF_891", "catalog_name": "HimaTibetMap", "dip_dir": null, "lower_seis_depth": null, "name": null, "net_slip_rate": null, "slip_type": "Normal", "upper_seis_depth": null, "downthrown_side_id": null, "reference": "Jessup, et al., 2008", "epistemic_quality": null, "accuracy": null, "activity_confidence": null, "fs_name": "Nyonno Ri Detachment", "last_movement": null, "downthrown_side_dir": null, "vert_sep_rate": null, "strike_slip_rate": null, "exposure_quality": "1", "shortening_rate": null, "notes": null, "index_right": 9, "NAME_EN": "People's Republic of China" }, "geometry": { "type": "LineString", "coordinates": [ [ 87.783781340127518, 28.476547841944775 ], [ 87.784971070630434, 28.456322423395218 ], [ 87.768314843589621, 28.401594820261121 ], [ 87.759986730069215, 28.388507784729054 ], [ 87.7587969995663, 28.370661827185327 ], [ 87.739761311519658, 28.354005600144514 ], [ 87.724294814981761, 28.331400720589127 ], [ 87.701689935426373, 28.273103925946284 ], [ 87.696931013414712, 28.262396351420048 ], [ 87.685033708385561, 28.243360663373409 ], [ 87.681464516876815, 28.233842819350087 ], [ 87.6802747863739, 28.214807131303445 ], [ 87.671946672853494, 28.186253599233481 ], [ 87.650531523801021, 28.151751414648942 ], [ 87.646962332292276, 28.142233570625621 ], [ 87.642203410280615, 28.126767074087724 ], [ 87.642203410280615, 28.110110847046911 ], [ 87.646962332292276, 28.10059300302359 ], [ 87.633875296760209, 28.042296208380748 ], [ 87.633875296760209, 28.033968094860342 ], [ 87.630306105251464, 28.02207078983119 ], [ 87.626736913742718, 27.987568605246651 ] ] } },
{ "type": "Feature", "properties": { "average_dip": null, "average_rake": null, "catalog_id": "GAF_892", "catalog_name": "HimaTibetMap", "dip_dir": null, "lower_seis_depth": null, "name": null, "net_slip_rate": null, "slip_type": "Normal", "upper_seis_depth": null, "downthrown_side_id": null, "reference": null, "epistemic_quality": null, "accuracy": null, "activity_confidence": null, "fs_name": "Tingri fault", "last_movement": null, "downthrown_side_dir": null, "vert_sep_rate": null, "strike_slip_rate": null, "exposure_quality": "1", "shortening_rate": null, "notes": null, "index_right": 9, "NAME_EN": "People's Republic of China" }, "geometry": { "type": "LineString", "coordinates": [ [ 86.585422520750811, 28.227924936136848 ], [ 86.659744242711795, 28.402799576045037 ], [ 86.659744242711795, 28.507724359989954 ], [ 86.611653716737038, 28.603905411939458 ] ] } },
{ "type": "Feature", "properties": { "average_dip": null, "average_rake": null, "catalog_id": "GAF_893", "catalog_name": "HimaTibetMap", "dip_dir": null, "lower_seis_depth": null, "name": null, "net_slip_rate": null, "slip_type": "Normal", "upper_seis_depth": null, "downthrown_side_id": null, "reference": null, "epistemic_quality": null, "accuracy": null, "activity_confidence": null, "fs_name": null, "last_movement": null, "downthrown_side_dir": null, "vert_sep_rate": null, "strike_slip_rate": null, "exposure_quality": "1", "shortening_rate": null, "notes": null, "index_right": 9, "NAME_EN": "People's Republic of China" }, "geometry": { "type": "LineString", "coordinates": [ [ 83.401791000993839, 32.237015762029543 ], [ 83.532035149209349, 32.185171004002008 ], [ 83.588937932410303, 32.145971308908017 ], [ 83.677453372945124, 32.072629943893453 ], [ 83.711595042865696, 32.028372223626043 ], [ 83.722975599505887, 31.976527465598508 ] ] } },
{ "type": "Feature", "properties": { "average_dip": null, "average_rake": null, "catalog_id": "GAF_894", "catalog_name": "HimaTibetMap", "dip_dir": null, "lower_seis_depth": null, "name": null, "net_slip_rate": null, "slip_type": "Normal", "upper_seis_depth": null, "downthrown_side_id": null, "reference": "Murphy et al., 2010 EPSL", "epistemic_quality": null, "accuracy": null, "activity_confidence": null, "fs_name": "Lopukangri Rift", "last_movement": null, "downthrown_side_dir": null, "vert_sep_rate": null, "strike_slip_rate": null, "exposure_quality": "1", "shortening_rate": null, "notes": null, "index_right": 9, "NAME_EN": "People's Republic of China" }, "geometry": { "type": "LineString", "coordinates": [ [ 84.49441908276637, 30.28604392304328 ], [ 84.418564473166427, 30.421906946742361 ], [ 84.399720803915145, 30.481098633443189 ], [ 84.358032727942572, 30.654817674387701 ] ] } },
{ "type": "Feature", "properties": { "average_dip": null, "average_rake": null, "catalog_id": "GAF_895", "catalog_name": "HimaTibetMap", "dip_dir": null, "lower_seis_depth": null, "name": null, "net_slip_rate": null, "slip_type": "Normal", "upper_seis_depth": null, "downthrown_side_id": null, "reference": "Dewane et al., 2006", "epistemic_quality": null, "accuracy": null, "activity_confidence": null, "fs_name": "Tangra Yum Co Rift", "last_movement": null, "downthrown_side_dir": null, "vert_sep_rate": null, "strike_slip_rate": null, "exposure_quality": "1", "shortening_rate": null, "notes": null, "index_right": 9, "NAME_EN": "People's Republic of China" }, "geometry": { "type": "LineString", "coordinates": [ [ 86.356793526678416, 30.188025547353682 ], [ 86.3589490134203, 30.154076631169083 ], [ 86.307217331615192, 30.102344949363978 ], [ 86.299134256333147, 30.050074395873402 ], [ 86.282968105769029, 30.02905840014008 ], [ 86.27057405700323, 29.973015744851214 ] ] } },
{ "type": "Feature", "properties": { "average_dip": null, "average_rake": null, "catalog_id": "GAF_896", "catalog_name": "HimaTibetMap", "dip_dir": null, "lower_seis_depth": null, "name": null, "net_slip_rate": null, "slip_type": "Normal", "upper_seis_depth": null, "downthrown_side_id": null, "reference": "Dewane et al., 2006", "epistemic_quality": null, "accuracy": null, "activity_confidence": null, "fs_name": "Tangra Yum Co Rift", "last_movement": null, "downthrown_side_dir": null, "vert_sep_rate": null, "strike_slip_rate": null, "exposure_quality": "1", "shortening_rate": null, "notes": null, "index_right": 9, "NAME_EN": "People's Republic of China" }, "geometry": { "type": "LineString", "coordinates": [ [ 86.397793709494266, 29.894523317963237 ], [ 86.401314403924957, 29.894523317963237 ], [ 86.425959264939777, 29.9332509567008 ], [ 86.438163151184341, 29.967627027996517 ], [ 86.447862841522806, 29.977865590020443 ] ] } },
{ "type": "Feature", "properties": { "average_dip": null, "average_rake": null, "catalog_id": "GAF_897", "catalog_name": "HimaTibetMap", "dip_dir": null, "lower_seis_depth": null, "name": null, "net_slip_rate": null, "slip_type": "Normal", "upper_seis_depth": null, "downthrown_side_id": null, "reference": "Murphy et al., 2010 EPSL", "epistemic_quality": null, "accuracy": null, "activity_confidence": null, "fs_name": null, "last_movement": null, "downthrown_side_dir": null, "vert_sep_rate": null, "strike_slip_rate": null, "exposure_quality": "1", "shortening_rate": null, "notes": null, "index_right": 9, "NAME_EN": "People's Republic of China" }, "geometry": { "type": "LineString", "coordinates": [ [ 85.771335635566842, 29.860144579732179 ], [ 85.760558201857435, 29.868227655014223 ], [ 85.757863843430087, 29.877927345352681 ], [ 85.750858511518985, 29.886010420634729 ], [ 85.736308976011301, 29.915648363335571 ], [ 85.736308976011301, 29.923731438617619 ], [ 85.732536874213011, 29.938819845810773 ], [ 85.722837183874546, 29.954985996374869 ], [ 85.71744846701985, 29.959296969858627 ], [ 85.708287648366863, 29.961452456600508 ], [ 85.696432471286528, 29.978696350535543 ], [ 85.69373811285918, 29.988934912559468 ], [ 85.70128231645576, 30.02072834200219 ], [ 85.696971342971992, 30.039588850993635 ], [ 85.698049086342934, 30.058449359985079 ], [ 85.695893599601064, 30.072460023807295 ], [ 85.69751021465747, 30.081081970774811 ], [ 85.70343780319763, 30.092398276169678 ] ] } },
{ "type": "Feature", "properties": { "average_dip": null, "average_rake": null, "catalog_id": "GAF_898", "catalog_name": "HimaTibetMap", "dip_dir": null, "lower_seis_depth": null, "name": null, "net_slip_rate": null, "slip_type": "Normal", "upper_seis_depth": null, "downthrown_side_id": null, "reference": "Styron et al., 2010", "epistemic_quality": null, "accuracy": null, "activity_confidence": null, "fs_name": null, "last_movement": null, "downthrown_side_dir": null, "vert_sep_rate": null, "strike_slip_rate": null, "exposure_quality": "1", "shortening_rate": null, "notes": null, "index_right": 9, "NAME_EN": "People's Republic of China" }, "geometry": { "type": "LineString", "coordinates": [ [ 83.236227345335891, 30.667224394456653 ], [ 83.230487419070712, 30.747789287070049 ], [ 83.199107753644952, 30.804281348392475 ] ] } },
{ "type": "Feature", "properties": { "average_dip": null, "average_rake": null, "catalog_id": "GAF_899", "catalog_name": "HimaTibetMap", "dip_dir": null, "lower_seis_depth": null, "name": null, "net_slip_rate": null, "slip_type": "Normal", "upper_seis_depth": null, "downthrown_side_id": null, "reference": "Styron et al., 2010", "epistemic_quality": null, "accuracy": null, "activity_confidence": null, "fs_name": null, "last_movement": null, "downthrown_side_dir": null, "vert_sep_rate": null, "strike_slip_rate": null, "exposure_quality": "1", "shortening_rate": null, "notes": null, "index_right": 9, "NAME_EN": "People's Republic of China" }, "geometry": { "type": "LineString", "coordinates": [ [ 83.210285476899529, 30.673648939172395 ], [ 83.210285476899529, 30.645897364513999 ], [ 83.179968036539236, 30.537620791798652 ], [ 83.146402692365797, 30.477700325342273 ], [ 83.105475963065516, 30.386329022718389 ] ] } },
{ "type": "Feature", "properties": { "average_dip": null, "average_rake": null, "catalog_id": "GAF_900", "catalog_name": "HimaTibetMap", "dip_dir": null, "lower_seis_depth": null, "name": null, "net_slip_rate": null, "slip_type": "Normal", "upper_seis_depth": null, "downthrown_side_id": null, "reference": "Murphy et al., 2002", "epistemic_quality": null, "accuracy": null, "activity_confidence": null, "fs_name": "Gurla Mandhata Detachment", "last_movement": null, "downthrown_side_dir": null, "vert_sep_rate": null, "strike_slip_rate": null, "exposure_quality": "1", "shortening_rate": null, "notes": null, "index_right": 9, "NAME_EN": "People's Republic of China" }, "geometry": { "type": "LineString", "coordinates": [ [ 81.263643265639487, 30.51434600771595 ], [ 81.293053403671564, 30.515940246589853 ], [ 81.30447481649955, 30.524506306210842 ], [ 81.333980132971845, 30.528313443820171 ], [ 81.366340802651138, 30.531168797027167 ], [ 81.386328275100112, 30.529265228222503 ], [ 81.453904967665693, 30.515940246589853 ], [ 81.495783481368306, 30.510229540175864 ], [ 81.546228054691895, 30.494049205336218 ], [ 81.564311958336205, 30.486434930117561 ], [ 81.587154783992176, 30.473109948484911 ], [ 81.631888650901786, 30.467399242070918 ], [ 81.669008242592739, 30.455026044840601 ], [ 81.694706421455706, 30.451218907231272 ], [ 81.722308169123338, 30.449315338426608 ], [ 81.782270586470261, 30.438845710000955 ], [ 81.811775902942557, 30.43694214119629 ], [ 81.867931182680152, 30.427424297172969 ], [ 81.885063301922131, 30.426472512770637 ], [ 81.92979716883174, 30.417906453149648 ], [ 82.008795274225307, 30.389352921079684 ], [ 82.062095200755905, 30.379835077056363 ] ] } },
{ "type": "Feature", "properties": { "average_dip": null, "average_rake": null, "catalog_id": "GAF_901", "catalog_name": "HimaTibetMap", "dip_dir": null, "lower_seis_depth": null, "name": null, "net_slip_rate": null, "slip_type": "Normal", "upper_seis_depth": null, "downthrown_side_id": null, "reference": "Pullen et al., 2011", "epistemic_quality": null, "accuracy": null, "activity_confidence": null, "fs_name": "Xiao Gurla Detachment", "last_movement": null, "downthrown_side_dir": null, "vert_sep_rate": null, "strike_slip_rate": null, "exposure_quality": "1", "shortening_rate": null, "notes": null, "index_right": 9, "NAME_EN": "People's Republic of China" }, "geometry": { "type": "LineString", "coordinates": [ [ 81.945977503671401, 30.46073675125459 ], [ 81.970723898132036, 30.463592104461586 ], [ 81.982145310960021, 30.473109948484908 ], [ 81.985000664167018, 30.493097420933882 ], [ 81.9726274669367, 30.504518833761868 ], [ 81.951688210085393, 30.51022954017586 ], [ 81.92789360002709, 30.526409875015506 ], [ 81.901243636761791, 30.541638425452817 ], [ 81.87840081110582, 30.55210805387847 ], [ 81.824149100172889, 30.582565154753098 ], [ 81.804161627723914, 30.587324076764759 ], [ 81.789442054328518, 30.606043055504536 ], [ 81.770284944905313, 30.611645606373585 ], [ 81.769897389239958, 30.631106159272036 ], [ 81.787981292884268, 30.637768650088361 ], [ 81.844136572621863, 30.636816865686029 ], [ 81.897436499152462, 30.633009728076701 ], [ 81.918375756003769, 30.635865081283697 ], [ 81.926941815624758, 30.644431140904686 ], [ 81.963109622913379, 30.643479356502354 ], [ 82.038300590697617, 30.634913296881365 ], [ 82.076371966790887, 30.623491884053379 ], [ 82.109684420872512, 30.619684746444051 ] ] } },
{ "type": "Feature", "properties": { "average_dip": null, "average_rake": null, "catalog_id": "GAF_904", "catalog_name": "HimaTibetMap", "dip_dir": null, "lower_seis_depth": null, "name": null, "net_slip_rate": null, "slip_type": "Normal", "upper_seis_depth": null, "downthrown_side_id": null, "reference": "Thiede et al., 2006; Saylor et al., 2010", "epistemic_quality": null, "accuracy": null, "activity_confidence": null, "fs_name": "Qusum Detachment", "last_movement": null, "downthrown_side_dir": null, "vert_sep_rate": null, "strike_slip_rate": null, "exposure_quality": "1", "shortening_rate": null, "notes": null, "index_right": 9, "NAME_EN": "People's Republic of China" }, "geometry": { "type": "LineString", "coordinates": [ [ 79.321773070318059, 32.485483573409098 ], [ 79.296074891455078, 32.465496100960124 ], [ 79.266093682781616, 32.434087215683164 ], [ 79.241823180522147, 32.395539947388713 ], [ 79.218980354866176, 32.366986415318749 ], [ 79.186143792985717, 32.334149853438284 ], [ 79.131892082052786, 32.264193699866873 ], [ 79.103338549982823, 32.234212491193411 ], [ 79.091917137154837, 32.212797342140938 ], [ 79.071929664705863, 32.192809869691956 ], [ 79.024816336790423, 32.12713674593104 ], [ 79.003401187737936, 32.090017154240087 ], [ 78.987696745099456, 32.068602005187614 ], [ 78.980558362081965, 32.045759179531636 ], [ 78.930589680959528, 31.994362821805701 ], [ 78.902036148889565, 31.937255757665767 ] ] } },
{ "type": "Feature", "properties": { "average_dip": null, "average_rake": null, "catalog_id": "GAF_905", "catalog_name": "HimaTibetMap", "dip_dir": null, "lower_seis_depth": null, "name": null, "net_slip_rate": null, "slip_type": "Normal", "upper_seis_depth": null, "downthrown_side_id": null, "reference": "Thiede et al., 2006", "epistemic_quality": null, "accuracy": null, "activity_confidence": null, "fs_name": "Leo Pargil Detachment", "last_movement": null, "downthrown_side_dir": null, "vert_sep_rate": null, "strike_slip_rate": null, "exposure_quality": "1", "shortening_rate": null, "notes": null, "index_right": 9, "NAME_EN": "People's Republic of China" }, "geometry": { "type": "LineString", "coordinates": [ [ 78.613645474982917, 31.840173748627887 ], [ 78.605079415361928, 31.867299604094352 ], [ 78.610790121775921, 31.924406668234283 ], [ 78.616500828189913, 31.957243230114742 ], [ 78.616500828189928, 31.998645851616192 ], [ 78.630777594224909, 32.028627060289658 ], [ 78.670752539122859, 32.05860826896312 ], [ 78.774972931178226, 32.091444830843578 ], [ 78.846356761353135, 32.122853716120538 ], [ 78.867771910405608, 32.154262601397498 ], [ 78.883476353044088, 32.195665222898953 ], [ 78.916312914924546, 32.272759759487855 ] ] } },
{ "type": "Feature", "properties": { "average_dip": null, "average_rake": null, "catalog_id": "GAF_906", "catalog_name": "HimaTibetMap", "dip_dir": null, "lower_seis_depth": null, "name": null, "net_slip_rate": null, "slip_type": "Normal", "upper_seis_depth": null, "downthrown_side_id": null, "reference": "Thiede et al., 2006", "epistemic_quality": null, "accuracy": null, "activity_confidence": null, "fs_name": "Leo Pargil Detachment", "last_movement": null, "downthrown_side_dir": null, "vert_sep_rate": null, "strike_slip_rate": null, "exposure_quality": "1", "shortening_rate": null, "notes": null, "index_right": 9, "NAME_EN": "People's Republic of China" }, "geometry": { "type": "LineString", "coordinates": [ [ 78.924878974545535, 32.021488677272167 ], [ 78.906319178700059, 31.980086055770716 ], [ 78.902036148889565, 31.937255757665767 ], [ 78.883476353044088, 31.894425459560818 ], [ 78.874910293423099, 31.855878191266367 ], [ 78.846356761353135, 31.823041629385905 ], [ 78.812092522869179, 31.81162021655792 ], [ 78.769262224764233, 31.814475569764916 ], [ 78.737853339487273, 31.83731839542089 ], [ 78.692167688175317, 31.834463042213894 ], [ 78.652192743277368, 31.817330922971912 ], [ 78.613645474982917, 31.840173748627887 ] ] } },
{ "type": "Feature", "properties": { "average_dip": null, "average_rake": null, "catalog_id": "GAF_908", "catalog_name": "HimaTibetMap", "dip_dir": null, "lower_seis_depth": null, "name": null, "net_slip_rate": null, "slip_type": "Normal", "upper_seis_depth": null, "downthrown_side_id": null, "reference": null, "epistemic_quality": null, "accuracy": null, "activity_confidence": null, "fs_name": null, "last_movement": null, "downthrown_side_dir": null, "vert_sep_rate": null, "strike_slip_rate": null, "exposure_quality": "1", "shortening_rate": null, "notes": null, "index_right": 9, "NAME_EN": "People's Republic of China" }, "geometry": { "type": "LineString", "coordinates": [ [ 85.308135799386278, 28.587842519133865 ], [ 85.32003310441543, 28.604498746174677 ], [ 85.342637983970818, 28.62829335623298 ], [ 85.367622324532036, 28.648518774782538 ], [ 85.378329899058272, 28.673503115343756 ], [ 85.375950438052442, 28.718712874454532 ], [ 85.366432594029121, 28.736558831998259 ], [ 85.378329899058272, 28.800804279155681 ], [ 85.368812055034951, 28.838875655248966 ], [ 85.362863402520375, 28.881705953353912 ], [ 85.362863402520375, 28.903121102406384 ], [ 85.378329899058272, 28.94595140051133 ] ] } },
{ "type": "Feature", "properties": { "average_dip": null, "average_rake": null, "catalog_id": "GAF_909", "catalog_name": "HimaTibetMap", "dip_dir": null, "lower_seis_depth": null, "name": null, "net_slip_rate": null, "slip_type": "Normal", "upper_seis_depth": null, "downthrown_side_id": null, "reference": null, "epistemic_quality": null, "accuracy": null, "activity_confidence": null, "fs_name": null, "last_movement": null, "downthrown_side_dir": null, "vert_sep_rate": null, "strike_slip_rate": null, "exposure_quality": "2", "shortening_rate": null, "notes": null, "index_right": 9, "NAME_EN": "People's Republic of China" }, "geometry": { "type": "LineString", "coordinates": [ [ 81.450585620841636, 35.301995217231521 ], [ 81.507692684981564, 35.3317384798044 ], [ 81.514831067999054, 35.354343359359788 ], [ 81.51602079850197, 35.36862012539477 ], [ 81.521969451016545, 35.381707160926837 ], [ 81.535056486548612, 35.397173657464734 ], [ 81.544574330571933, 35.432865572552188 ], [ 81.546953791577764, 35.449521799593001 ], [ 81.546953791577764, 35.466178026633813 ], [ 81.545764061074848, 35.476885601160049 ], [ 81.538625678057358, 35.489972636692116 ], [ 81.536246217051527, 35.504249402727098 ], [ 81.536246217051527, 35.517336438259164 ], [ 81.529107834034036, 35.526854282282486 ], [ 81.524348912022376, 35.549459161837873 ] ] } },
{ "type": "Feature", "properties": { "average_dip": null, "average_rake": null, "catalog_id": "GAF_910", "catalog_name": "HimaTibetMap", "dip_dir": null, "lower_seis_depth": null, "name": null, "net_slip_rate": null, "slip_type": "Sinistral", "upper_seis_depth": null, "downthrown_side_id": null, "reference": null, "epistemic_quality": null, "accuracy": null, "activity_confidence": null, "fs_name": null, "last_movement": null, "downthrown_side_dir": null, "vert_sep_rate": null, "strike_slip_rate": null, "exposure_quality": "2", "shortening_rate": null, "notes": null, "index_right": 9, "NAME_EN": "People's Republic of China" }, "geometry": { "type": "LineString", "coordinates": [ [ 82.146907123819489, 36.000957921925817 ], [ 82.212580247580405, 36.020945394374792 ], [ 82.348209524912718, 36.043788220030763 ], [ 82.4410085041401, 36.055209632858748 ], [ 82.508109304504515, 36.060920339272741 ], [ 82.60661899014589, 36.082335488325214 ], [ 82.687996556545286, 36.109461343791679 ], [ 82.830764216895105, 36.162285378121112 ], [ 82.917852489708494, 36.196549616605068 ], [ 83.034921971195345, 36.235096884899512 ], [ 83.089292655178582, 36.26103300986307 ], [ 83.13152808803207, 36.288396811430118 ], [ 83.155322698090373, 36.301245900861609 ], [ 83.185303906763835, 36.320281588908252 ], [ 83.2124297622303, 36.344076198966555 ] ] } },
{ "type": "Feature", "properties": { "average_dip": null, "average_rake": null, "catalog_id": "GAF_911", "catalog_name": "HimaTibetMap", "dip_dir": null, "lower_seis_depth": null, "name": null, "net_slip_rate": null, "slip_type": "Normal", "upper_seis_depth": null, "downthrown_side_id": null, "reference": null, "epistemic_quality": null, "accuracy": null, "activity_confidence": null, "fs_name": null, "last_movement": null, "downthrown_side_dir": null, "vert_sep_rate": null, "strike_slip_rate": null, "exposure_quality": "1", "shortening_rate": null, "notes": null, "index_right": 9, "NAME_EN": "People's Republic of China" }, "geometry": { "type": "LineString", "coordinates": [ [ 79.738337378351176, 34.023883601023151 ], [ 79.763083772811811, 34.021980032218487 ], [ 79.784023029663118, 34.041015720265129 ], [ 79.799251580100432, 34.061003192714104 ], [ 79.806865855319089, 34.079087096358414 ], [ 79.810672992928417, 34.094315646795728 ], [ 79.808769424123753, 34.11335133484237 ], [ 79.804010502112092, 34.131435238486681 ], [ 79.805914070916756, 34.140953082510002 ], [ 79.81638369934241, 34.154278064142652 ], [ 79.826853327768063, 34.161892339361309 ], [ 79.84077317465217, 34.186103355095632 ], [ 79.847316692418204, 34.190267411855835 ], [ 79.854455075435695, 34.200082688504885 ], [ 79.855347373312881, 34.20870823465102 ], [ 79.854157642809966, 34.220010674428714 ], [ 79.849993586049763, 34.234882305715153 ], [ 79.847614125043933, 34.257487185270541 ], [ 79.838988578897798, 34.28247152583176 ], [ 79.840178309400713, 34.297640589743928 ], [ 79.822034919231257, 34.308348164270164 ], [ 79.806865855319089, 34.323517228182332 ], [ 79.788722465149633, 34.345824675111992 ], [ 79.782773812635057, 34.349988731872195 ], [ 79.780691784254955, 34.366050093661549 ], [ 79.774743131740379, 34.374973072433413 ], [ 79.774743131740379, 34.389249838468395 ], [ 79.769091911851532, 34.399957412994631 ], [ 79.767604748722889, 34.408880391766495 ], [ 79.76968677710299, 34.414234179029613 ], [ 79.769091911851532, 34.423752023052934 ], [ 79.770579074980176, 34.425239186181578 ] ] } },
{ "type": "Feature", "properties": { "average_dip": null, "average_rake": null, "catalog_id": "GAF_912", "catalog_name": "HimaTibetMap", "dip_dir": null, "lower_seis_depth": null, "name": null, "net_slip_rate": null, "slip_type": "Normal", "upper_seis_depth": null, "downthrown_side_id": null, "reference": "Murphy et al., 2010 EPSL", "epistemic_quality": null, "accuracy": null, "activity_confidence": null, "fs_name": null, "last_movement": null, "downthrown_side_dir": null, "vert_sep_rate": null, "strike_slip_rate": null, "exposure_quality": "1", "shortening_rate": null, "notes": null, "index_right": 9, "NAME_EN": "People's Republic of China" }, "geometry": { "type": "LineString", "coordinates": [ [ 84.076683708578742, 30.312029524788983 ], [ 84.087391283104978, 30.347721439876437 ], [ 84.114160219420569, 30.383413354963892 ], [ 84.119514006683687, 30.413751482788228 ], [ 84.105237240648705, 30.456581780893174 ], [ 84.071329921315623, 30.494058291735001 ], [ 84.024930431701932, 30.531534802576829 ], [ 84.014222857175696, 30.561872930401165 ], [ 84.005299878403832, 30.595780249734247 ] ] } },
{ "type": "Feature", "properties": { "average_dip": null, "average_rake": null, "catalog_id": "GAF_913", "catalog_name": "HimaTibetMap", "dip_dir": null, "lower_seis_depth": null, "name": null, "net_slip_rate": null, "slip_type": "Normal", "upper_seis_depth": null, "downthrown_side_id": null, "reference": "Murphy et al., 2010 EPSL", "epistemic_quality": null, "accuracy": null, "activity_confidence": null, "fs_name": null, "last_movement": null, "downthrown_side_dir": null, "vert_sep_rate": null, "strike_slip_rate": null, "exposure_quality": "1", "shortening_rate": null, "notes": null, "index_right": 9, "NAME_EN": "People's Republic of China" }, "geometry": { "type": "LineString", "coordinates": [ [ 84.405049327383324, 30.199599992263501 ], [ 84.39612634861146, 30.228153524333464 ], [ 84.380064986822106, 30.253137864894683 ], [ 84.380742317842532, 30.287101410888432 ], [ 84.346157667489024, 30.301321950262746 ], [ 84.340209014974434, 30.317383312052101 ], [ 84.328787602146448, 30.334991323495245 ], [ 84.313083159507968, 30.344509167518567 ], [ 84.300709962277665, 30.347364520725563 ], [ 84.295951040266004, 30.365924316571036 ], [ 84.276915352219362, 30.382104651410682 ], [ 84.26263858618438, 30.391146603232837 ] ] } },
{ "type": "Feature", "properties": { "average_dip": null, "average_rake": null, "catalog_id": "GAF_914", "catalog_name": "HimaTibetMap", "dip_dir": null, "lower_seis_depth": null, "name": null, "net_slip_rate": null, "slip_type": "Normal", "upper_seis_depth": null, "downthrown_side_id": null, "reference": null, "epistemic_quality": null, "accuracy": null, "activity_confidence": null, "fs_name": null, "last_movement": null, "downthrown_side_dir": null, "vert_sep_rate": null, "strike_slip_rate": null, "exposure_quality": "1", "shortening_rate": null, "notes": null, "index_right": 9, "NAME_EN": "People's Republic of China" }, "geometry": { "type": "LineString", "coordinates": [ [ 83.079332627984982, 30.59447154618103 ], [ 83.095503638661171, 30.62405415502797 ], [ 83.114641890585546, 30.628838718009064 ], [ 83.117879896279433, 30.654433963527953 ], [ 83.133584338917913, 30.668710729562935 ], [ 83.135012015521411, 30.692981231822404 ], [ 83.137867368728408, 30.710113351064383 ], [ 83.13643969212491, 30.73295617672035 ], [ 83.12787363250392, 30.742949912944837 ], [ 83.117879896279433, 30.767220415204307 ], [ 83.116452219675935, 30.777214151428794 ] ] } },
{ "type": "Feature", "properties": { "average_dip": null, "average_rake": null, "catalog_id": "GAF_915", "catalog_name": "HimaTibetMap", "dip_dir": null, "lower_seis_depth": null, "name": null, "net_slip_rate": null, "slip_type": "Normal", "upper_seis_depth": null, "downthrown_side_id": null, "reference": null, "epistemic_quality": null, "accuracy": null, "activity_confidence": null, "fs_name": null, "last_movement": null, "downthrown_side_dir": null, "vert_sep_rate": null, "strike_slip_rate": null, "exposure_quality": "1", "shortening_rate": null, "notes": null, "index_right": 9, "NAME_EN": "People's Republic of China" }, "geometry": { "type": "LineString", "coordinates": [ [ 89.925420672635539, 29.922506800924154 ], [ 89.946240956436554, 29.944516815228084 ], [ 89.973604758003603, 29.967121694783472 ], [ 89.980148275769636, 29.985562517578657 ], [ 89.988476389290042, 30.001623879368012 ], [ 89.993235311301703, 30.007572531882587 ], [ 90.015840190857091, 30.02660821992923 ], [ 90.022383708623124, 30.035531198701094 ], [ 90.033091283149361, 30.056351482502112 ], [ 90.037850205161021, 30.069438518034179 ], [ 90.0675934677339, 30.0985869153556 ], [ 90.079490772763052, 30.142012078712003 ], [ 90.077111311757221, 30.158073440501358 ], [ 90.092577808295104, 30.192575625085894 ], [ 90.116372418353407, 30.212801043635451 ], [ 90.127674858131101, 30.230647001179179 ], [ 90.136002971651507, 30.2401648452025 ], [ 90.168125695230216, 30.264554320512261 ], [ 90.171694886738962, 30.275261895038497 ], [ 90.172884617241877, 30.288348930570567 ], [ 90.180617865510825, 30.297271909342431 ], [ 90.193704901042892, 30.307979483868667 ], [ 90.197868957803095, 30.328204902418225 ], [ 90.194894631545807, 30.339507342195919 ] ] } },
{ "type": "Feature", "properties": { "average_dip": null, "average_rake": null, "catalog_id": "GAF_916", "catalog_name": "HimaTibetMap", "dip_dir": null, "lower_seis_depth": null, "name": null, "net_slip_rate": null, "slip_type": "Normal", "upper_seis_depth": null, "downthrown_side_id": null, "reference": null, "epistemic_quality": null, "accuracy": null, "activity_confidence": null, "fs_name": null, "last_movement": null, "downthrown_side_dir": null, "vert_sep_rate": null, "strike_slip_rate": null, "exposure_quality": "1", "shortening_rate": null, "notes": null, "index_right": 9, "NAME_EN": "People's Republic of China" }, "geometry": { "type": "LineString", "coordinates": [ [ 90.260924674457613, 30.406677543506333 ], [ 90.296616589545067, 30.4197645790384 ], [ 90.327549582620861, 30.434041345073382 ], [ 90.353723653684995, 30.442369458593788 ], [ 90.376328533240383, 30.45426676362294 ], [ 90.39179502977828, 30.464974338149176 ], [ 90.407261526316177, 30.473302451669582 ], [ 90.426297214362819, 30.482820295692903 ], [ 90.444143171906546, 30.487579217704564 ], [ 90.481024817496916, 30.514943019271612 ], [ 90.500060505543559, 30.536358168324085 ], [ 90.54883945616308, 30.550634934359067 ], [ 90.569064874712637, 30.548255473353237 ], [ 90.591669754268025, 30.560152778382388 ], [ 90.620223286337989, 30.560152778382388 ], [ 90.657104931928359, 30.570860352908625 ], [ 90.685658463998323, 30.591085771458182 ], [ 90.739196336629504, 30.607741998498991 ], [ 90.762990946687808, 30.623208495036888 ], [ 90.796303400769432, 30.635105800066039 ], [ 90.829615854851056, 30.644623644089361 ], [ 90.86054884792685, 30.656520949118512 ] ] } },
{ "type": "Feature", "properties": { "average_dip": null, "average_rake": null, "catalog_id": "GAF_917", "catalog_name": "HimaTibetMap", "dip_dir": null, "lower_seis_depth": null, "name": null, "net_slip_rate": null, "slip_type": "Normal", "upper_seis_depth": null, "downthrown_side_id": null, "reference": null, "epistemic_quality": null, "accuracy": null, "activity_confidence": null, "fs_name": null, "last_movement": null, "downthrown_side_dir": null, "vert_sep_rate": null, "strike_slip_rate": null, "exposure_quality": "1", "shortening_rate": null, "notes": null, "index_right": 9, "NAME_EN": "People's Republic of China" }, "geometry": { "type": "LineString", "coordinates": [ [ 90.33716657085283, 33.769929676523624 ], [ 90.360366315659689, 33.78063725104986 ], [ 90.388324982478196, 33.783611577307148 ], [ 90.422232301811277, 33.801457534850883 ], [ 90.434129606840429, 33.805026726359628 ], [ 90.445432046618123, 33.814544570382949 ], [ 90.457329351647275, 33.828226471166474 ], [ 90.466847195670596, 33.843692967704371 ] ] } },
{ "type": "Feature", "properties": { "average_dip": null, "average_rake": null, "catalog_id": "GAF_918", "catalog_name": "HimaTibetMap", "dip_dir": null, "lower_seis_depth": null, "name": null, "net_slip_rate": null, "slip_type": "Normal", "upper_seis_depth": null, "downthrown_side_id": null, "reference": null, "epistemic_quality": null, "accuracy": null, "activity_confidence": null, "fs_name": null, "last_movement": null, "downthrown_side_dir": null, "vert_sep_rate": null, "strike_slip_rate": null, "exposure_quality": "1", "shortening_rate": null, "notes": null, "index_right": 9, "NAME_EN": "People's Republic of China" }, "geometry": { "type": "LineString", "coordinates": [ [ 90.511462089529928, 33.945414925703631 ], [ 90.495995592992017, 33.93411248592593 ], [ 90.441862855109378, 33.908533280113254 ], [ 90.417473379799617, 33.893066783575357 ], [ 90.416283649296702, 33.881764343797663 ], [ 90.406170940021923, 33.87760028703746 ], [ 90.393083904489856, 33.865702982008308 ], [ 90.364530372419893, 33.854995407482065 ], [ 90.319320613309102, 33.819898357646068 ] ] } },
{ "type": "Feature", "properties": { "average_dip": null, "average_rake": null, "catalog_id": "GAF_919", "catalog_name": "HimaTibetMap", "dip_dir": null, "lower_seis_depth": null, "name": null, "net_slip_rate": null, "slip_type": "Normal", "upper_seis_depth": null, "downthrown_side_id": null, "reference": null, "epistemic_quality": null, "accuracy": null, "activity_confidence": null, "fs_name": null, "last_movement": null, "downthrown_side_dir": null, "vert_sep_rate": null, "strike_slip_rate": null, "exposure_quality": "1", "shortening_rate": null, "notes": null, "index_right": 9, "NAME_EN": "People's Republic of China" }, "geometry": { "type": "LineString", "coordinates": [ [ 86.651441627736375, 34.050253045305624 ], [ 86.64002021490839, 34.071192302156931 ], [ 86.61337025164309, 34.107360109445544 ], [ 86.596238132401112, 34.126395797492187 ], [ 86.539131068261199, 34.1682743111948 ], [ 86.516288242605228, 34.179695724022785 ], [ 86.502963260972578, 34.193020705655435 ] ] } },
{ "type": "Feature", "properties": { "average_dip": "(90.0,,)", "average_rake": "(180.0,,)", "catalog_id": "EOS_AF0000", "catalog_name": "EOS_SE_Asia", "dip_dir": null, "lower_seis_depth": "(15.0,,)", "name": null, "net_slip_rate": null, "slip_type": "Dextral", "upper_seis_depth": "(1.0,,)", "downthrown_side_id": null, "reference": null, "epistemic_quality": null, "accuracy": null, "activity_confidence": null, "fs_name": null, "last_movement": null, "downthrown_side_dir": null, "vert_sep_rate": null, "strike_slip_rate": null, "exposure_quality": null, "shortening_rate": null, "notes": null, "index_right": 9, "NAME_EN": "People's Republic of China" }, "geometry": { "type": "LineString", "coordinates": [ [ 103.225, 23.075 ], [ 103.254, 23.069 ], [ 103.309, 23.044 ], [ 103.402, 22.996 ], [ 103.441, 22.971 ], [ 103.467, 22.957 ], [ 103.503, 22.921 ], [ 103.548, 22.89 ], [ 103.59, 22.851 ], [ 103.617, 22.832 ], [ 103.642, 22.804 ], [ 103.708, 22.744 ], [ 103.756, 22.703 ], [ 103.819, 22.634 ], [ 103.874, 22.58 ], [ 103.937, 22.531 ], [ 104.03, 22.451 ], [ 104.066, 22.418 ], [ 104.117, 22.376 ], [ 104.198, 22.313 ], [ 104.292, 22.236 ], [ 104.371, 22.167 ], [ 104.445, 22.095 ], [ 104.559, 21.994 ], [ 104.581, 21.98 ], [ 104.709, 21.869 ], [ 106.292, 20.153 ] ] } },
{ "type": "Feature", "properties": { "average_dip": "(90.0,,)", "average_rake": "(0.0,,)", "catalog_id": "EOS_AF0001", "catalog_name": "EOS_SE_Asia", "dip_dir": null, "lower_seis_depth": "(15.0,,)", "name": null, "net_slip_rate": null, "slip_type": "Sinistral", "upper_seis_depth": "(1.0,,)", "downthrown_side_id": null, "reference": null, "epistemic_quality": null, "accuracy": null, "activity_confidence": null, "fs_name": null, "last_movement": null, "downthrown_side_dir": null, "vert_sep_rate": null, "strike_slip_rate": null, "exposure_quality": null, "shortening_rate": null, "notes": null, "index_right": 9, "NAME_EN": "People's Republic of China" }, "geometry": { "type": "LineString", "coordinates": [ [ 100.273, 24.666 ], [ 100.254, 24.656 ], [ 100.253, 24.651 ], [ 100.24, 24.638 ], [ 100.235, 24.631 ], [ 100.231, 24.614 ], [ 100.184, 24.546 ], [ 100.154, 24.498 ], [ 100.127, 24.465 ], [ 100.087, 24.423 ] ] } },
{ "type": "Feature", "properties": { "average_dip": "(90.0,,)", "average_rake": "(0.0,,)", "catalog_id": "EOS_AF0004", "catalog_name": "EOS_SE_Asia", "dip_dir": null, "lower_seis_depth": "(15.0,,)", "name": null, "net_slip_rate": null, "slip_type": "Sinistral", "upper_seis_depth": "(1.0,,)", "downthrown_side_id": null, "reference": null, "epistemic_quality": null, "accuracy": null, "activity_confidence": null, "fs_name": null, "last_movement": null, "downthrown_side_dir": null, "vert_sep_rate": null, "strike_slip_rate": null, "exposure_quality": null, "shortening_rate": null, "notes": null, "index_right": 9, "NAME_EN": "People's Republic of China" }, "geometry": { "type": "LineString", "coordinates": [ [ 97.983, 23.33 ], [ 98.103, 23.356 ], [ 98.151, 23.362 ], [ 98.185, 23.365 ], [ 98.278, 23.363 ], [ 98.324, 23.366 ], [ 98.328, 23.368 ], [ 98.368, 23.375 ], [ 98.427, 23.382 ], [ 98.519, 23.385 ], [ 98.547, 23.388 ], [ 98.608, 23.404 ], [ 98.64, 23.417 ], [ 98.744, 23.45 ], [ 98.826, 23.484 ], [ 98.85, 23.497 ], [ 98.896, 23.507 ], [ 98.908, 23.511 ], [ 98.915, 23.516 ], [ 98.945, 23.528 ], [ 98.987, 23.548 ], [ 99.012, 23.555 ], [ 99.032, 23.566 ], [ 99.069, 23.581 ], [ 99.086, 23.597 ], [ 99.101, 23.607 ], [ 99.132, 23.625 ], [ 99.184, 23.652 ], [ 99.189, 23.658 ], [ 99.263, 23.692 ], [ 99.307, 23.717 ], [ 99.318, 23.729 ], [ 99.328, 23.737 ], [ 99.361, 23.752 ], [ 99.377, 23.765 ], [ 99.403, 23.777 ], [ 99.413, 23.787 ], [ 99.435, 23.801 ], [ 99.488, 23.828 ], [ 99.5, 23.84 ], [ 99.511, 23.848 ], [ 99.559, 23.877 ], [ 99.62, 23.942 ], [ 99.661, 23.972 ], [ 99.67, 23.982 ], [ 99.701, 24.01 ], [ 99.714, 24.029 ], [ 99.735, 24.054 ], [ 99.746, 24.064 ], [ 99.751, 24.075 ], [ 99.755, 24.079 ], [ 99.774, 24.092 ], [ 99.795, 24.11 ], [ 99.806, 24.12 ], [ 99.822, 24.139 ], [ 99.878, 24.187 ], [ 99.925, 24.241 ], [ 99.958, 24.289 ], [ 99.991, 24.317 ], [ 100.012, 24.332 ], [ 100.021, 24.342 ], [ 100.026, 24.344 ], [ 100.03, 24.348 ], [ 100.049, 24.375 ], [ 100.068, 24.398 ], [ 100.072, 24.4 ], [ 100.081, 24.411 ], [ 100.087, 24.423 ] ] } },
{ "type": "Feature", "properties": { "average_dip": "(90.0,,)", "average_rake": "(180.0,,)", "catalog_id": "EOS_AF0010", "catalog_name": "EOS_SE_Asia", "dip_dir": null, "lower_seis_depth": "(15.0,,)", "name": null, "net_slip_rate": null, "slip_type": "Dextral", "upper_seis_depth": "(1.0,,)", "downthrown_side_id": null, "reference": null, "epistemic_quality": null, "accuracy": null, "activity_confidence": null, "fs_name": null, "last_movement": null, "downthrown_side_dir": null, "vert_sep_rate": null, "strike_slip_rate": null, "exposure_quality": null, "shortening_rate": null, "notes": null, "index_right": 9, "NAME_EN": "People's Republic of China" }, "geometry": { "type": "LineString", "coordinates": [ [ 100.415, 25.472 ], [ 100.4, 25.435 ], [ 100.393, 25.424 ], [ 100.392, 25.393 ], [ 100.396, 25.382 ], [ 100.402, 25.373 ], [ 100.435, 25.34 ], [ 100.468, 25.315 ], [ 100.51, 25.275 ], [ 100.54, 25.242 ], [ 100.558, 25.214 ], [ 100.565, 25.208 ], [ 100.572, 25.199 ], [ 100.587, 25.161 ], [ 100.589, 25.152 ], [ 100.596, 25.142 ], [ 100.605, 25.123 ], [ 100.618, 25.114 ], [ 100.634, 25.096 ], [ 100.681, 25.019 ], [ 100.686, 25.014 ], [ 100.713, 24.996 ], [ 100.734, 24.971 ], [ 100.761, 24.946 ], [ 100.793, 24.931 ], [ 100.814, 24.914 ], [ 100.843, 24.898 ], [ 100.883, 24.864 ], [ 100.915, 24.829 ], [ 100.957, 24.787 ], [ 101.028, 24.71 ], [ 101.064, 24.665 ], [ 101.104, 24.621 ], [ 101.131, 24.588 ], [ 101.24, 24.463 ], [ 101.286, 24.414 ], [ 101.335, 24.347 ], [ 101.372, 24.3 ], [ 101.41, 24.247 ], [ 101.443, 24.195 ], [ 101.491, 24.134 ], [ 101.511, 24.111 ], [ 101.663, 23.909 ], [ 101.715, 23.829 ], [ 101.734, 23.809 ], [ 101.744, 23.787 ], [ 101.773, 23.738 ], [ 101.79, 23.714 ], [ 101.821, 23.685 ], [ 101.854, 23.658 ], [ 101.915, 23.626 ], [ 101.945, 23.608 ], [ 101.973, 23.585 ], [ 102.055, 23.529 ], [ 102.121, 23.489 ], [ 102.266, 23.408 ], [ 102.324, 23.383 ], [ 102.456, 23.341 ], [ 102.593, 23.31 ], [ 102.648, 23.296 ], [ 102.697, 23.283 ], [ 102.745, 23.265 ], [ 102.786, 23.246 ], [ 102.834, 23.221 ], [ 102.86, 23.21 ], [ 102.874, 23.209 ], [ 102.917, 23.192 ], [ 102.958, 23.173 ], [ 102.998, 23.158 ], [ 103.061, 23.128 ], [ 103.091, 23.111 ], [ 103.156, 23.088 ], [ 103.2, 23.075 ], [ 103.353, 23.0 ] ] } },
{ "type": "Feature", "properties": { "average_dip": "(90.0,,)", "average_rake": "(-90.0,,)", "catalog_id": "EOS_AF0011", "catalog_name": "EOS_SE_Asia", "dip_dir": null, "lower_seis_depth": "(15.0,,)", "name": null, "net_slip_rate": null, "slip_type": "Normal", "upper_seis_depth": "(1.0,,)", "downthrown_side_id": null, "reference": null, "epistemic_quality": null, "accuracy": null, "activity_confidence": null, "fs_name": null, "last_movement": null, "downthrown_side_dir": null, "vert_sep_rate": null, "strike_slip_rate": null, "exposure_quality": null, "shortening_rate": null, "notes": null, "index_right": 9, "NAME_EN": "People's Republic of China" }, "geometry": { "type": "LineString", "coordinates": [ [ 99.503, 25.079 ], [ 99.498, 25.07 ], [ 99.488, 25.06 ], [ 99.478, 25.044 ], [ 99.466, 25.02 ], [ 99.459, 24.991 ], [ 99.444, 24.946 ], [ 99.443, 24.937 ], [ 99.435, 24.916 ], [ 99.433, 24.902 ], [ 99.427, 24.886 ], [ 99.421, 24.876 ], [ 99.417, 24.865 ], [ 99.409, 24.859 ], [ 99.388, 24.838 ], [ 99.381, 24.826 ], [ 99.376, 24.811 ], [ 99.378, 24.791 ], [ 99.392, 24.776 ], [ 99.427, 24.746 ] ] } },
{ "type": "Feature", "properties": { "average_dip": "(90.0,,)", "average_rake": "(0.0,,)", "catalog_id": "EOS_AF0012", "catalog_name": "EOS_SE_Asia", "dip_dir": null, "lower_seis_depth": "(15.0,,)", "name": null, "net_slip_rate": null, "slip_type": "Sinistral", "upper_seis_depth": "(1.0,,)", "downthrown_side_id": null, "reference": null, "epistemic_quality": null, "accuracy": null, "activity_confidence": null, "fs_name": null, "last_movement": null, "downthrown_side_dir": null, "vert_sep_rate": null, "strike_slip_rate": null, "exposure_quality": null, "shortening_rate": null, "notes": null, "index_right": 9, "NAME_EN": "People's Republic of China" }, "geometry": { "type": "LineString", "coordinates": [ [ 98.727, 24.147 ], [ 98.793, 24.157 ], [ 98.814, 24.165 ], [ 98.834, 24.17 ], [ 98.857, 24.171 ], [ 98.885, 24.176 ], [ 98.91, 24.183 ], [ 98.968, 24.203 ], [ 99.054, 24.226 ], [ 99.08, 24.246 ], [ 99.084, 24.252 ], [ 99.127, 24.292 ], [ 99.139, 24.309 ], [ 99.154, 24.321 ], [ 99.183, 24.36 ], [ 99.218, 24.389 ], [ 99.233, 24.419 ], [ 99.251, 24.441 ], [ 99.285, 24.477 ], [ 99.305, 24.493 ], [ 99.317, 24.521 ], [ 99.323, 24.53 ] ] } },
{ "type": "Feature", "properties": { "average_dip": "(90.0,,)", "average_rake": "(0.0,,)", "catalog_id": "EOS_AF0013", "catalog_name": "EOS_SE_Asia", "dip_dir": null, "lower_seis_depth": "(15.0,,)", "name": null, "net_slip_rate": null, "slip_type": "Sinistral", "upper_seis_depth": "(1.0,,)", "downthrown_side_id": null, "reference": null, "epistemic_quality": null, "accuracy": null, "activity_confidence": null, "fs_name": null, "last_movement": null, "downthrown_side_dir": null, "vert_sep_rate": null, "strike_slip_rate": null, "exposure_quality": null, "shortening_rate": null, "notes": null, "index_right": 9, "NAME_EN": "People's Republic of China" }, "geometry": { "type": "LineString", "coordinates": [ [ 97.899, 24.04 ], [ 97.989, 24.073 ], [ 98.029, 24.083 ], [ 98.05, 24.093 ], [ 98.065, 24.098 ], [ 98.112, 24.102 ], [ 98.253, 24.103 ], [ 98.46, 24.127 ], [ 98.533, 24.13 ], [ 98.682, 24.142 ], [ 98.727, 24.147 ] ] } },
{ "type": "Feature", "properties": { "average_dip": "(90.0,,)", "average_rake": "(0.0,,)", "catalog_id": "EOS_AF0014", "catalog_name": "EOS_SE_Asia", "dip_dir": null, "lower_seis_depth": "(10.0,,)", "name": null, "net_slip_rate": null, "slip_type": "Sinistral", "upper_seis_depth": "(1.0,,)", "downthrown_side_id": null, "reference": null, "epistemic_quality": null, "accuracy": null, "activity_confidence": null, "fs_name": null, "last_movement": null, "downthrown_side_dir": null, "vert_sep_rate": null, "strike_slip_rate": null, "exposure_quality": null, "shortening_rate": null, "notes": null, "index_right": 9, "NAME_EN": "People's Republic of China" }, "geometry": { "type": "LineString", "coordinates": [ [ 97.894, 24.046 ], [ 97.904, 24.061 ], [ 97.931, 24.088 ], [ 97.945, 24.106 ], [ 98.092, 24.205 ], [ 98.184, 24.249 ], [ 98.225, 24.272 ], [ 98.317, 24.313 ], [ 98.368, 24.338 ], [ 98.457, 24.387 ], [ 98.485, 24.418 ], [ 98.5, 24.431 ], [ 98.535, 24.453 ], [ 98.559, 24.472 ], [ 98.595, 24.503 ], [ 98.63, 24.537 ] ] } },
{ "type": "Feature", "properties": { "average_dip": "(90.0,,)", "average_rake": "(0.0,,)", "catalog_id": "EOS_AF0016", "catalog_name": "EOS_SE_Asia", "dip_dir": null, "lower_seis_depth": "(10.0,,)", "name": null, "net_slip_rate": null, "slip_type": "Sinistral", "upper_seis_depth": "(1.0,,)", "downthrown_side_id": null, "reference": null, "epistemic_quality": null, "accuracy": null, "activity_confidence": null, "fs_name": null, "last_movement": null, "downthrown_side_dir": null, "vert_sep_rate": null, "strike_slip_rate": null, "exposure_quality": null, "shortening_rate": null, "notes": null, "index_right": 9, "NAME_EN": "People's Republic of China" }, "geometry": { "type": "LineString", "coordinates": [ [ 98.126, 24.329 ], [ 98.143, 24.331 ], [ 98.182, 24.341 ], [ 98.276, 24.369 ], [ 98.324, 24.387 ], [ 98.336, 24.394 ], [ 98.346, 24.403 ], [ 98.368, 24.418 ], [ 98.391, 24.424 ], [ 98.397, 24.428 ], [ 98.4, 24.433 ], [ 98.417, 24.444 ], [ 98.442, 24.456 ], [ 98.487, 24.487 ], [ 98.513, 24.515 ], [ 98.544, 24.53 ], [ 98.568, 24.539 ], [ 98.628, 24.571 ], [ 98.653, 24.581 ], [ 98.679, 24.601 ], [ 98.695, 24.616 ], [ 98.711, 24.637 ], [ 98.732, 24.683 ], [ 98.743, 24.715 ], [ 98.753, 24.76 ], [ 98.754, 24.789 ] ] } },
{ "type": "Feature", "properties": { "average_dip": "(90.0,,)", "average_rake": "(0.0,,)", "catalog_id": "EOS_AF0017", "catalog_name": "EOS_SE_Asia", "dip_dir": null, "lower_seis_depth": "(10.0,,)", "name": null, "net_slip_rate": null, "slip_type": "Sinistral", "upper_seis_depth": "(1.0,,)", "downthrown_side_id": null, "reference": null, "epistemic_quality": null, "accuracy": null, "activity_confidence": null, "fs_name": null, "last_movement": null, "downthrown_side_dir": null, "vert_sep_rate": null, "strike_slip_rate": null, "exposure_quality": null, "shortening_rate": null, "notes": null, "index_right": 9, "NAME_EN": "People's Republic of China" }, "geometry": { "type": "LineString", "coordinates": [ [ 98.408, 24.981 ], [ 98.403, 24.952 ], [ 98.386, 24.924 ], [ 98.381, 24.896 ], [ 98.354, 24.867 ], [ 98.326, 24.832 ], [ 98.306, 24.81 ], [ 98.272, 24.792 ], [ 98.242, 24.786 ], [ 98.189, 24.766 ], [ 98.154, 24.75 ], [ 98.133, 24.737 ], [ 98.104, 24.732 ], [ 98.047, 24.702 ], [ 98.018, 24.684 ], [ 98.001, 24.67 ], [ 97.963, 24.652 ], [ 97.938, 24.623 ], [ 97.917, 24.605 ], [ 97.904, 24.591 ], [ 97.872, 24.575 ], [ 97.845, 24.554 ], [ 97.821, 24.538 ], [ 97.795, 24.516 ], [ 97.735, 24.473 ], [ 97.702, 24.456 ], [ 97.669, 24.44 ], [ 97.645, 24.434 ], [ 97.614, 24.435 ], [ 97.569, 24.43 ], [ 97.554, 24.425 ], [ 97.493, 24.398 ], [ 97.452, 24.364 ], [ 97.419, 24.34 ], [ 97.369, 24.291 ] ] } },
{ "type": "Feature", "properties": { "average_dip": "(90.0,,)", "average_rake": "(0.0,,)", "catalog_id": "EOS_AF0018", "catalog_name": "EOS_SE_Asia", "dip_dir": null, "lower_seis_depth": "(10.0,,)", "name": null, "net_slip_rate": null, "slip_type": "Sinistral", "upper_seis_depth": "(1.0,,)", "downthrown_side_id": null, "reference": null, "epistemic_quality": null, "accuracy": null, "activity_confidence": null, "fs_name": null, "last_movement": null, "downthrown_side_dir": null, "vert_sep_rate": null, "strike_slip_rate": null, "exposure_quality": null, "shortening_rate": null, "notes": null, "index_right": 9, "NAME_EN": "People's Republic of China" }, "geometry": { "type": "LineString", "coordinates": [ [ 97.986, 24.527 ], [ 98.011, 24.526 ], [ 98.058, 24.518 ], [ 98.124, 24.518 ], [ 98.147, 24.513 ], [ 98.191, 24.513 ], [ 98.234, 24.517 ] ] } },
{ "type": "Feature", "properties": { "average_dip": "(90.0,,)", "average_rake": "(0.0,,)", "catalog_id": "EOS_AF0019", "catalog_name": "EOS_SE_Asia", "dip_dir": null, "lower_seis_depth": "(10.0,,)", "name": null, "net_slip_rate": null, "slip_type": "Sinistral", "upper_seis_depth": "(1.0,,)", "downthrown_side_id": null, "reference": null, "epistemic_quality": null, "accuracy": null, "activity_confidence": null, "fs_name": null, "last_movement": null, "downthrown_side_dir": null, "vert_sep_rate": null, "strike_slip_rate": null, "exposure_quality": null, "shortening_rate": null, "notes": null, "index_right": 9, "NAME_EN": "People's Republic of China" }, "geometry": { "type": "LineString", "coordinates": [ [ 97.969, 24.505 ], [ 97.93, 24.47 ], [ 97.904, 24.45 ], [ 97.882, 24.434 ], [ 97.854, 24.418 ], [ 97.837, 24.414 ], [ 97.785, 24.394 ], [ 97.758, 24.386 ], [ 97.708, 24.377 ], [ 97.692, 24.376 ], [ 97.675, 24.378 ], [ 97.626, 24.392 ], [ 97.582, 24.395 ], [ 97.573, 24.394 ], [ 97.546, 24.384 ], [ 97.524, 24.372 ], [ 97.501, 24.355 ], [ 97.471, 24.325 ] ] } },
{ "type": "Feature", "properties": { "average_dip": "(80.0,,)", "average_rake": "(0.0,,)", "catalog_id": "EOS_AF0023", "catalog_name": "EOS_SE_Asia", "dip_dir": null, "lower_seis_depth": "(15.0,,)", "name": null, "net_slip_rate": null, "slip_type": "Sinistral", "upper_seis_depth": "(1.0,,)", "downthrown_side_id": null, "reference": null, "epistemic_quality": null, "accuracy": null, "activity_confidence": null, "fs_name": null, "last_movement": null, "downthrown_side_dir": null, "vert_sep_rate": null, "strike_slip_rate": null, "exposure_quality": null, "shortening_rate": null, "notes": null, "index_right": 9, "NAME_EN": "People's Republic of China" }, "geometry": { "type": "LineString", "coordinates": [ [ 97.546, 24.947 ], [ 97.554, 24.918 ], [ 97.555, 24.886 ], [ 97.568, 24.827 ], [ 97.566, 24.783 ], [ 97.568, 24.772 ], [ 97.567, 24.723 ], [ 97.568, 24.692 ], [ 97.571, 24.663 ], [ 97.568, 24.636 ], [ 97.568, 24.619 ], [ 97.562, 24.572 ], [ 97.562, 24.557 ], [ 97.559, 24.545 ], [ 97.558, 24.512 ], [ 97.556, 24.499 ], [ 97.552, 24.485 ], [ 97.542, 24.466 ], [ 97.533, 24.455 ], [ 97.523, 24.437 ], [ 97.512, 24.426 ] ] } },
{ "type": "Feature", "properties": { "average_dip": "(90.0,,)", "average_rake": "(180.0,,)", "catalog_id": "EOS_AF0024", "catalog_name": "EOS_SE_Asia", "dip_dir": null, "lower_seis_depth": "(15.0,,)", "name": null, "net_slip_rate": null, "slip_type": "Dextral", "upper_seis_depth": "(1.0,,)", "downthrown_side_id": null, "reference": null, "epistemic_quality": null, "accuracy": null, "activity_confidence": null, "fs_name": null, "last_movement": null, "downthrown_side_dir": null, "vert_sep_rate": null, "strike_slip_rate": null, "exposure_quality": null, "shortening_rate": null, "notes": null, "index_right": 9, "NAME_EN": "People's Republic of China" }, "geometry": { "type": "LineString", "coordinates": [ [ 97.956, 25.007 ], [ 97.956, 24.983 ], [ 97.943, 24.96 ], [ 97.941, 24.945 ], [ 97.942, 24.866 ], [ 97.95, 24.814 ], [ 97.945, 24.762 ], [ 97.947, 24.735 ], [ 97.95, 24.718 ], [ 97.95, 24.705 ], [ 97.946, 24.698 ] ] } },
{ "type": "Feature", "properties": { "average_dip": "(90.0,,)", "average_rake": "(180.0,,)", "catalog_id": "EOS_AF0025", "catalog_name": "EOS_SE_Asia", "dip_dir": null, "lower_seis_depth": "(15.0,,)", "name": null, "net_slip_rate": null, "slip_type": "Dextral", "upper_seis_depth": "(1.0,,)", "downthrown_side_id": null, "reference": null, "epistemic_quality": null, "accuracy": null, "activity_confidence": null, "fs_name": null, "last_movement": null, "downthrown_side_dir": null, "vert_sep_rate": null, "strike_slip_rate": null, "exposure_quality": null, "shortening_rate": null, "notes": null, "index_right": 9, "NAME_EN": "People's Republic of China" }, "geometry": { "type": "LineString", "coordinates": [ [ 97.942, 25.511 ], [ 97.941, 25.492 ], [ 97.936, 25.478 ], [ 97.929, 25.463 ], [ 97.913, 25.441 ], [ 97.907, 25.43 ], [ 97.902, 25.414 ], [ 97.895, 25.381 ], [ 97.894, 25.359 ], [ 97.896, 25.291 ], [ 97.916, 25.22 ], [ 97.93, 25.146 ], [ 97.939, 25.111 ], [ 97.939, 25.101 ], [ 97.951, 25.013 ], [ 97.943, 24.985 ], [ 97.921, 24.954 ] ] } },
{ "type": "Feature", "properties": { "average_dip": "(70.0,,)", "average_rake": "(0.0,,)", "catalog_id": "EOS_AF0026", "catalog_name": "EOS_SE_Asia", "dip_dir": null, "lower_seis_depth": "(15.0,,)", "name": null, "net_slip_rate": null, "slip_type": "Sinistral", "upper_seis_depth": "(1.0,,)", "downthrown_side_id": null, "reference": null, "epistemic_quality": null, "accuracy": null, "activity_confidence": null, "fs_name": null, "last_movement": null, "downthrown_side_dir": null, "vert_sep_rate": null, "strike_slip_rate": null, "exposure_quality": null, "shortening_rate": null, "notes": null, "index_right": 9, "NAME_EN": "People's Republic of China" }, "geometry": { "type": "LineString", "coordinates": [ [ 98.106, 24.811 ], [ 98.136, 24.847 ], [ 98.15, 24.869 ], [ 98.167, 24.89 ], [ 98.19, 24.902 ], [ 98.204, 24.913 ], [ 98.228, 24.939 ], [ 98.241, 24.949 ], [ 98.262, 24.959 ], [ 98.299, 24.983 ], [ 98.309, 24.999 ], [ 98.311, 25.052 ] ] } },
{ "type": "Feature", "properties": { "average_dip": "(70.0,,)", "average_rake": "(0.0,,)", "catalog_id": "EOS_AF0027", "catalog_name": "EOS_SE_Asia", "dip_dir": null, "lower_seis_depth": "(15.0,,)", "name": null, "net_slip_rate": null, "slip_type": "Sinistral", "upper_seis_depth": "(1.0,,)", "downthrown_side_id": null, "reference": null, "epistemic_quality": null, "accuracy": null, "activity_confidence": null, "fs_name": null, "last_movement": null, "downthrown_side_dir": null, "vert_sep_rate": null, "strike_slip_rate": null, "exposure_quality": null, "shortening_rate": null, "notes": null, "index_right": 9, "NAME_EN": "People's Republic of China" }, "geometry": { "type": "LineString", "coordinates": [ [ 97.791, 24.855 ], [ 97.788, 24.851 ], [ 97.775, 24.841 ], [ 97.723, 24.811 ], [ 97.71, 24.802 ], [ 97.7, 24.793 ], [ 97.685, 24.774 ], [ 97.675, 24.75 ], [ 97.671, 24.732 ], [ 97.671, 24.713 ], [ 97.682, 24.673 ] ] } },
{ "type": "Feature", "properties": { "average_dip": "(90.0,,)", "average_rake": "(0.0,,)", "catalog_id": "EOS_AF0029", "catalog_name": "EOS_SE_Asia", "dip_dir": null, "lower_seis_depth": "(10.0,,)", "name": null, "net_slip_rate": null, "slip_type": "Sinistral", "upper_seis_depth": "(1.0,,)", "downthrown_side_id": null, "reference": null, "epistemic_quality": null, "accuracy": null, "activity_confidence": null, "fs_name": null, "last_movement": null, "downthrown_side_dir": null, "vert_sep_rate": null, "strike_slip_rate": null, "exposure_quality": null, "shortening_rate": null, "notes": null, "index_right": 9, "NAME_EN": "People's Republic of China" }, "geometry": { "type": "LineString", "coordinates": [ [ 97.865, 24.059 ], [ 97.84, 24.039 ], [ 97.798, 24.016 ], [ 97.747, 23.973 ], [ 97.685, 23.938 ], [ 97.647, 23.925 ], [ 97.613, 23.911 ], [ 97.609, 23.902 ], [ 97.59, 23.872 ] ] } },
{ "type": "Feature", "properties": { "average_dip": "(90.0,,)", "average_rake": "(180.0,,)", "catalog_id": "EOS_AF0030", "catalog_name": "EOS_SE_Asia", "dip_dir": null, "lower_seis_depth": "(15.0,,)", "name": null, "net_slip_rate": null, "slip_type": "Dextral", "upper_seis_depth": "(1.0,,)", "downthrown_side_id": null, "reference": null, "epistemic_quality": null, "accuracy": null, "activity_confidence": null, "fs_name": null, "last_movement": null, "downthrown_side_dir": null, "vert_sep_rate": null, "strike_slip_rate": null, "exposure_quality": null, "shortening_rate": null, "notes": null, "index_right": 9, "NAME_EN": "People's Republic of China" }, "geometry": { "type": "LineString", "coordinates": [ [ 98.109, 25.571 ], [ 98.132, 25.543 ], [ 98.198, 25.454 ], [ 98.217, 25.436 ], [ 98.254, 25.385 ], [ 98.272, 25.367 ], [ 98.288, 25.339 ] ] } },
{ "type": "Feature", "properties": { "average_dip": "(90.0,,)", "average_rake": "(180.0,,)", "catalog_id": "EOS_AF0031", "catalog_name": "EOS_SE_Asia", "dip_dir": null, "lower_seis_depth": "(15.0,,)", "name": null, "net_slip_rate": null, "slip_type": "Dextral", "upper_seis_depth": "(1.0,,)", "downthrown_side_id": null, "reference": null, "epistemic_quality": null, "accuracy": null, "activity_confidence": null, "fs_name": null, "last_movement": null, "downthrown_side_dir": null, "vert_sep_rate": null, "strike_slip_rate": null, "exposure_quality": null, "shortening_rate": null, "notes": null, "index_right": 9, "NAME_EN": "People's Republic of China" }, "geometry": { "type": "LineString", "coordinates": [ [ 98.25, 25.62 ], [ 98.249, 25.605 ], [ 98.25, 25.584 ], [ 98.246, 25.56 ], [ 98.246, 25.53 ], [ 98.249, 25.477 ], [ 98.257, 25.427 ], [ 98.273, 25.381 ], [ 98.296, 25.334 ], [ 98.314, 25.271 ], [ 98.325, 25.226 ], [ 98.329, 25.2 ], [ 98.349, 25.151 ], [ 98.36, 25.11 ] ] } },
{ "type": "Feature", "properties": { "average_dip": "(90.0,,)", "average_rake": "(0.0,,)", "catalog_id": "EOS_AF0033", "catalog_name": "EOS_SE_Asia", "dip_dir": null, "lower_seis_depth": "(15.0,,)", "name": null, "net_slip_rate": null, "slip_type": "Sinistral", "upper_seis_depth": "(1.0,,)", "downthrown_side_id": null, "reference": null, "epistemic_quality": null, "accuracy": null, "activity_confidence": null, "fs_name": null, "last_movement": null, "downthrown_side_dir": null, "vert_sep_rate": null, "strike_slip_rate": null, "exposure_quality": null, "shortening_rate": null, "notes": null, "index_right": 9, "NAME_EN": "People's Republic of China" }, "geometry": { "type": "LineString", "coordinates": [ [ 99.256, 23.183 ], [ 99.274, 23.217 ], [ 99.285, 23.243 ], [ 99.309, 23.268 ], [ 99.329, 23.306 ], [ 99.335, 23.314 ], [ 99.353, 23.363 ], [ 99.368, 23.393 ], [ 99.378, 23.405 ], [ 99.4, 23.417 ], [ 99.416, 23.431 ], [ 99.425, 23.444 ], [ 99.455, 23.478 ], [ 99.478, 23.51 ], [ 99.485, 23.529 ], [ 99.497, 23.55 ], [ 99.533, 23.586 ], [ 99.542, 23.606 ] ] } },
{ "type": "Feature", "properties": { "average_dip": "(90.0,,)", "average_rake": "(0.0,,)", "catalog_id": "EOS_AF0034", "catalog_name": "EOS_SE_Asia", "dip_dir": null, "lower_seis_depth": "(15.0,,)", "name": null, "net_slip_rate": null, "slip_type": "Sinistral", "upper_seis_depth": "(1.0,,)", "downthrown_side_id": null, "reference": null, "epistemic_quality": null, "accuracy": null, "activity_confidence": null, "fs_name": null, "last_movement": null, "downthrown_side_dir": null, "vert_sep_rate": null, "strike_slip_rate": null, "exposure_quality": null, "shortening_rate": null, "notes": null, "index_right": 9, "NAME_EN": "People's Republic of China" }, "geometry": { "type": "LineString", "coordinates": [ [ 99.701, 23.845 ], [ 99.674, 23.814 ], [ 99.665, 23.794 ], [ 99.648, 23.772 ], [ 99.629, 23.739 ], [ 99.611, 23.717 ], [ 99.576, 23.685 ], [ 99.553, 23.654 ], [ 99.533, 23.62 ] ] } },
{ "type": "Feature", "properties": { "average_dip": "(90.0,,)", "average_rake": "(0.0,,)", "catalog_id": "EOS_AF0035", "catalog_name": "EOS_SE_Asia", "dip_dir": null, "lower_seis_depth": "(15.0,,)", "name": null, "net_slip_rate": null, "slip_type": "Sinistral", "upper_seis_depth": "(1.0,,)", "downthrown_side_id": null, "reference": null, "epistemic_quality": null, "accuracy": null, "activity_confidence": null, "fs_name": null, "last_movement": null, "downthrown_side_dir": null, "vert_sep_rate": null, "strike_slip_rate": null, "exposure_quality": null, "shortening_rate": null, "notes": null, "index_right": 9, "NAME_EN": "People's Republic of China" }, "geometry": { "type": "LineString", "coordinates": [ [ 99.655, 23.83 ], [ 99.66, 23.841 ], [ 99.682, 23.869 ], [ 99.695, 23.889 ], [ 99.71, 23.904 ], [ 99.727, 23.918 ], [ 99.741, 23.919 ], [ 99.747, 23.923 ], [ 99.78, 23.968 ], [ 99.81, 23.991 ], [ 99.828, 24.008 ], [ 99.843, 24.023 ], [ 99.855, 24.04 ], [ 99.88, 24.066 ], [ 99.896, 24.075 ], [ 99.918, 24.1 ], [ 99.932, 24.11 ], [ 99.939, 24.117 ], [ 99.977, 24.161 ] ] } },
{ "type": "Feature", "properties": { "average_dip": "(90.0,,)", "average_rake": "(180.0,,)", "catalog_id": "EOS_AF0036", "catalog_name": "EOS_SE_Asia", "dip_dir": null, "lower_seis_depth": "(15.0,,)", "name": null, "net_slip_rate": null, "slip_type": "Dextral", "upper_seis_depth": "(1.0,,)", "downthrown_side_id": null, "reference": null, "epistemic_quality": null, "accuracy": null, "activity_confidence": null, "fs_name": null, "last_movement": null, "downthrown_side_dir": null, "vert_sep_rate": null, "strike_slip_rate": null, "exposure_quality": null, "shortening_rate": null, "notes": null, "index_right": 9, "NAME_EN": "People's Republic of China" }, "geometry": { "type": "LineString", "coordinates": [ [ 100.131, 24.243 ], [ 100.175, 24.219 ], [ 100.216, 24.188 ], [ 100.235, 24.168 ], [ 100.265, 24.129 ], [ 100.299, 24.065 ], [ 100.339, 23.997 ], [ 100.345, 23.98 ], [ 100.35, 23.973 ], [ 100.365, 23.939 ] ] } },
{ "type": "Feature", "properties": { "average_dip": "(90.0,,)", "average_rake": "(0.0,,)", "catalog_id": "EOS_AF0037", "catalog_name": "EOS_SE_Asia", "dip_dir": null, "lower_seis_depth": "(15.0,,)", "name": null, "net_slip_rate": null, "slip_type": "Sinistral", "upper_seis_depth": "(1.0,,)", "downthrown_side_id": null, "reference": null, "epistemic_quality": null, "accuracy": null, "activity_confidence": null, "fs_name": null, "last_movement": null, "downthrown_side_dir": null, "vert_sep_rate": null, "strike_slip_rate": null, "exposure_quality": null, "shortening_rate": null, "notes": null, "index_right": 9, "NAME_EN": "People's Republic of China" }, "geometry": { "type": "LineString", "coordinates": [ [ 100.365, 23.934 ], [ 100.365, 23.927 ], [ 100.371, 23.911 ], [ 100.377, 23.902 ], [ 100.39, 23.873 ], [ 100.387, 23.841 ], [ 100.38, 23.822 ], [ 100.38, 23.811 ], [ 100.374, 23.759 ], [ 100.358, 23.723 ], [ 100.353, 23.717 ], [ 100.347, 23.7 ], [ 100.337, 23.685 ], [ 100.332, 23.671 ], [ 100.33, 23.66 ], [ 100.324, 23.648 ], [ 100.319, 23.633 ], [ 100.313, 23.624 ], [ 100.296, 23.586 ], [ 100.263, 23.54 ], [ 100.255, 23.531 ], [ 100.247, 23.519 ], [ 100.24, 23.503 ] ] } },
{ "type": "Feature", "properties": { "average_dip": "(90.0,,)", "average_rake": "(0.0,,)", "catalog_id": "EOS_AF0038", "catalog_name": "EOS_SE_Asia", "dip_dir": null, "lower_seis_depth": "(15.0,,)", "name": null, "net_slip_rate": null, "slip_type": "Sinistral", "upper_seis_depth": "(1.0,,)", "downthrown_side_id": null, "reference": null, "epistemic_quality": null, "accuracy": null, "activity_confidence": null, "fs_name": null, "last_movement": null, "downthrown_side_dir": null, "vert_sep_rate": null, "strike_slip_rate": null, "exposure_quality": null, "shortening_rate": null, "notes": null, "index_right": 9, "NAME_EN": "People's Republic of China" }, "geometry": { "type": "LineString", "coordinates": [ [ 99.94, 23.252 ], [ 99.958, 23.269 ], [ 99.986, 23.312 ], [ 100.038, 23.357 ], [ 100.066, 23.378 ], [ 100.117, 23.409 ], [ 100.131, 23.413 ], [ 100.155, 23.417 ], [ 100.182, 23.431 ], [ 100.221, 23.458 ], [ 100.226, 23.467 ], [ 100.23, 23.483 ], [ 100.24, 23.503 ], [ 100.278, 23.529 ], [ 100.314, 23.557 ], [ 100.345, 23.587 ] ] } },
{ "type": "Feature", "properties": { "average_dip": "(70.0,,)", "average_rake": "(180.0,,)", "catalog_id": "EOS_AF0039", "catalog_name": "EOS_SE_Asia", "dip_dir": null, "lower_seis_depth": "(15.0,,)", "name": null, "net_slip_rate": null, "slip_type": "Dextral", "upper_seis_depth": "(1.0,,)", "downthrown_side_id": null, "reference": null, "epistemic_quality": null, "accuracy": null, "activity_confidence": null, "fs_name": null, "last_movement": null, "downthrown_side_dir": null, "vert_sep_rate": null, "strike_slip_rate": null, "exposure_quality": null, "shortening_rate": null, "notes": null, "index_right": 9, "NAME_EN": "People's Republic of China" }, "geometry": { "type": "LineString", "coordinates": [ [ 99.194, 24.73 ], [ 99.195, 24.756 ], [ 99.179, 24.822 ], [ 99.163, 24.845 ], [ 99.158, 24.862 ], [ 99.152, 24.873 ], [ 99.14, 24.884 ], [ 99.076, 24.923 ] ] } },
{ "type": "Feature", "properties": { "average_dip": "(90.0,,)", "average_rake": "(180.0,,)", "catalog_id": "EOS_AF0040", "catalog_name": "EOS_SE_Asia", "dip_dir": null, "lower_seis_depth": "(15.0,,)", "name": null, "net_slip_rate": null, "slip_type": "Dextral", "upper_seis_depth": "(1.0,,)", "downthrown_side_id": null, "reference": null, "epistemic_quality": null, "accuracy": null, "activity_confidence": null, "fs_name": null, "last_movement": null, "downthrown_side_dir": null, "vert_sep_rate": null, "strike_slip_rate": null, "exposure_quality": null, "shortening_rate": null, "notes": null, "index_right": 9, "NAME_EN": "People's Republic of China" }, "geometry": { "type": "LineString", "coordinates": [ [ 98.886, 25.134 ], [ 98.89, 25.126 ], [ 98.896, 25.12 ], [ 98.908, 25.114 ], [ 98.918, 25.105 ], [ 98.948, 25.068 ], [ 98.973, 25.044 ], [ 98.982, 25.034 ], [ 98.987, 25.025 ], [ 99.011, 25.002 ], [ 99.019, 24.988 ], [ 99.032, 24.974 ], [ 99.035, 24.965 ], [ 99.077, 24.909 ], [ 99.085, 24.893 ], [ 99.115, 24.856 ], [ 99.146, 24.825 ] ] } },
{ "type": "Feature", "properties": { "average_dip": "(90.0,,)", "average_rake": "(180.0,,)", "catalog_id": "EOS_AF0041", "catalog_name": "EOS_SE_Asia", "dip_dir": null, "lower_seis_depth": "(15.0,,)", "name": null, "net_slip_rate": null, "slip_type": "Dextral", "upper_seis_depth": "(1.0,,)", "downthrown_side_id": null, "reference": null, "epistemic_quality": null, "accuracy": null, "activity_confidence": null, "fs_name": null, "last_movement": null, "downthrown_side_dir": null, "vert_sep_rate": null, "strike_slip_rate": null, "exposure_quality": null, "shortening_rate": null, "notes": null, "index_right": 9, "NAME_EN": "People's Republic of China" }, "geometry": { "type": "LineString", "coordinates": [ [ 98.842, 25.826 ], [ 98.841, 25.811 ], [ 98.842, 25.797 ], [ 98.839, 25.772 ], [ 98.839, 25.759 ], [ 98.841, 25.747 ], [ 98.838, 25.729 ], [ 98.842, 25.711 ], [ 98.833, 25.657 ], [ 98.837, 25.515 ], [ 98.833, 25.495 ], [ 98.837, 25.477 ], [ 98.829, 25.389 ], [ 98.81, 25.328 ], [ 98.798, 25.274 ], [ 98.8, 25.254 ], [ 98.805, 25.24 ], [ 98.806, 25.212 ], [ 98.817, 25.164 ], [ 98.821, 25.061 ], [ 98.821, 25.02 ], [ 98.829, 24.992 ], [ 98.838, 24.93 ], [ 98.839, 24.852 ] ] } },
{ "type": "Feature", "properties": { "average_dip": "(90.0,,)", "average_rake": "(180.0,,)", "catalog_id": "EOS_AF0042", "catalog_name": "EOS_SE_Asia", "dip_dir": null, "lower_seis_depth": "(15.0,,)", "name": null, "net_slip_rate": null, "slip_type": "Dextral", "upper_seis_depth": "(1.0,,)", "downthrown_side_id": null, "reference": null, "epistemic_quality": null, "accuracy": null, "activity_confidence": null, "fs_name": null, "last_movement": null, "downthrown_side_dir": null, "vert_sep_rate": null, "strike_slip_rate": null, "exposure_quality": null, "shortening_rate": null, "notes": null, "index_right": 9, "NAME_EN": "People's Republic of China" }, "geometry": { "type": "LineString", "coordinates": [ [ 98.74, 25.483 ], [ 98.74, 25.471 ], [ 98.731, 25.427 ], [ 98.729, 25.404 ], [ 98.722, 25.383 ], [ 98.711, 25.374 ], [ 98.709, 25.353 ], [ 98.702, 25.334 ], [ 98.701, 25.297 ], [ 98.687, 25.171 ], [ 98.691, 25.157 ], [ 98.696, 25.103 ], [ 98.718, 25.021 ], [ 98.74, 24.957 ], [ 98.751, 24.903 ], [ 98.751, 24.875 ], [ 98.757, 24.857 ], [ 98.761, 24.837 ], [ 98.757, 24.82 ] ] } },
{ "type": "Feature", "properties": { "average_dip": "(90.0,,)", "average_rake": "(-90.0,,)", "catalog_id": "EOS_AF0043", "catalog_name": "EOS_SE_Asia", "dip_dir": null, "lower_seis_depth": "(15.0,,)", "name": null, "net_slip_rate": null, "slip_type": "Normal", "upper_seis_depth": "(1.0,,)", "downthrown_side_id": null, "reference": null, "epistemic_quality": null, "accuracy": null, "activity_confidence": null, "fs_name": null, "last_movement": null, "downthrown_side_dir": null, "vert_sep_rate": null, "strike_slip_rate": null, "exposure_quality": null, "shortening_rate": null, "notes": null, "index_right": 9, "NAME_EN": "People's Republic of China" }, "geometry": { "type": "LineString", "coordinates": [ [ 99.313, 24.419 ], [ 99.32, 24.405 ], [ 99.331, 24.343 ], [ 99.341, 24.31 ], [ 99.344, 24.294 ], [ 99.342, 24.236 ], [ 99.351, 24.161 ], [ 99.352, 24.118 ], [ 99.35, 24.098 ] ] } },
{ "type": "Feature", "properties": { "average_dip": "(90.0,,)", "average_rake": "(0.0,,)", "catalog_id": "EOS_AF0045", "catalog_name": "EOS_SE_Asia", "dip_dir": null, "lower_seis_depth": "(15.0,,)", "name": null, "net_slip_rate": null, "slip_type": "Sinistral", "upper_seis_depth": "(1.0,,)", "downthrown_side_id": null, "reference": null, "epistemic_quality": null, "accuracy": null, "activity_confidence": null, "fs_name": null, "last_movement": null, "downthrown_side_dir": null, "vert_sep_rate": null, "strike_slip_rate": null, "exposure_quality": null, "shortening_rate": null, "notes": null, "index_right": 9, "NAME_EN": "People's Republic of China" }, "geometry": { "type": "LineString", "coordinates": [ [ 98.765, 22.085 ], [ 98.786, 22.086 ], [ 98.812, 22.091 ], [ 98.824, 22.091 ], [ 98.837, 22.095 ], [ 98.858, 22.097 ], [ 98.893, 22.119 ], [ 98.939, 22.128 ], [ 99.015, 22.134 ], [ 99.082, 22.145 ], [ 99.13, 22.155 ], [ 99.219, 22.187 ], [ 99.314, 22.218 ], [ 99.367, 22.238 ], [ 99.447, 22.275 ], [ 99.518, 22.303 ], [ 99.575, 22.328 ], [ 99.66, 22.374 ], [ 99.704, 22.389 ], [ 99.722, 22.399 ], [ 99.749, 22.419 ], [ 99.782, 22.437 ], [ 99.82, 22.454 ], [ 99.845, 22.46 ] ] } },
{ "type": "Feature", "properties": { "average_dip": "(90.0,,)", "average_rake": "(180.0,,)", "catalog_id": "EOS_AF0048", "catalog_name": "EOS_SE_Asia", "dip_dir": null, "lower_seis_depth": "(15.0,,)", "name": null, "net_slip_rate": null, "slip_type": "Dextral", "upper_seis_depth": "(1.0,,)", "downthrown_side_id": null, "reference": null, "epistemic_quality": null, "accuracy": null, "activity_confidence": null, "fs_name": null, "last_movement": null, "downthrown_side_dir": null, "vert_sep_rate": null, "strike_slip_rate": null, "exposure_quality": null, "shortening_rate": null, "notes": null, "index_right": 9, "NAME_EN": "People's Republic of China" }, "geometry": { "type": "LineString", "coordinates": [ [ 99.444, 23.08 ], [ 99.469, 23.066 ], [ 99.504, 23.051 ], [ 99.552, 23.033 ], [ 99.575, 23.021 ], [ 99.611, 22.995 ], [ 99.658, 22.974 ], [ 99.689, 22.956 ], [ 99.739, 22.917 ], [ 99.768, 22.89 ], [ 99.791, 22.873 ], [ 99.801, 22.862 ], [ 99.808, 22.848 ], [ 99.838, 22.821 ], [ 99.848, 22.813 ], [ 99.857, 22.81 ], [ 99.866, 22.799 ], [ 99.879, 22.791 ], [ 99.888, 22.783 ], [ 99.903, 22.766 ], [ 99.928, 22.751 ], [ 99.935, 22.742 ], [ 99.959, 22.725 ], [ 99.978, 22.721 ], [ 99.985, 22.717 ], [ 100.01, 22.71 ], [ 100.057, 22.692 ], [ 100.085, 22.679 ], [ 100.148, 22.645 ], [ 100.17, 22.631 ], [ 100.175, 22.631 ], [ 100.217, 22.604 ], [ 100.248, 22.591 ], [ 100.269, 22.574 ], [ 100.375, 22.497 ] ] } },
{ "type": "Feature", "properties": { "average_dip": "(90.0,,)", "average_rake": "(180.0,,)", "catalog_id": "EOS_AF0049", "catalog_name": "EOS_SE_Asia", "dip_dir": null, "lower_seis_depth": "(15.0,,)", "name": null, "net_slip_rate": null, "slip_type": "Dextral", "upper_seis_depth": "(1.0,,)", "downthrown_side_id": null, "reference": null, "epistemic_quality": null, "accuracy": null, "activity_confidence": null, "fs_name": null, "last_movement": null, "downthrown_side_dir": null, "vert_sep_rate": null, "strike_slip_rate": null, "exposure_quality": null, "shortening_rate": null, "notes": null, "index_right": 9, "NAME_EN": "People's Republic of China" }, "geometry": { "type": "LineString", "coordinates": [ [ 100.385, 22.496 ], [ 100.406, 22.49 ], [ 100.425, 22.487 ], [ 100.436, 22.482 ], [ 100.448, 22.48 ], [ 100.46, 22.474 ], [ 100.473, 22.463 ], [ 100.512, 22.439 ], [ 100.522, 22.427 ], [ 100.537, 22.414 ], [ 100.565, 22.397 ], [ 100.604, 22.362 ], [ 100.634, 22.325 ], [ 100.648, 22.313 ], [ 100.669, 22.283 ], [ 100.701, 22.249 ], [ 100.725, 22.227 ], [ 100.753, 22.205 ], [ 100.782, 22.174 ], [ 100.832, 22.132 ], [ 100.847, 22.114 ], [ 100.864, 22.102 ], [ 100.88, 22.095 ], [ 100.898, 22.092 ] ] } },
{ "type": "Feature", "properties": { "average_dip": "(90.0,,)", "average_rake": "(180.0,,)", "catalog_id": "EOS_AF0050", "catalog_name": "EOS_SE_Asia", "dip_dir": null, "lower_seis_depth": "(15.0,,)", "name": null, "net_slip_rate": null, "slip_type": "Dextral", "upper_seis_depth": "(1.0,,)", "downthrown_side_id": null, "reference": null, "epistemic_quality": null, "accuracy": null, "activity_confidence": null, "fs_name": null, "last_movement": null, "downthrown_side_dir": null, "vert_sep_rate": null, "strike_slip_rate": null, "exposure_quality": null, "shortening_rate": null, "notes": null, "index_right": 9, "NAME_EN": "People's Republic of China" }, "geometry": { "type": "LineString", "coordinates": [ [ 99.86, 22.73 ], [ 99.902, 22.709 ], [ 99.963, 22.675 ], [ 99.988, 22.659 ], [ 100.022, 22.645 ], [ 100.046, 22.626 ], [ 100.06, 22.62 ], [ 100.073, 22.611 ], [ 100.112, 22.575 ], [ 100.135, 22.557 ], [ 100.163, 22.538 ], [ 100.214, 22.483 ] ] } },
{ "type": "Feature", "properties": { "average_dip": "(90.0,,)", "average_rake": "(180.0,,)", "catalog_id": "EOS_AF0051", "catalog_name": "EOS_SE_Asia", "dip_dir": null, "lower_seis_depth": "(15.0,,)", "name": null, "net_slip_rate": null, "slip_type": "Dextral", "upper_seis_depth": "(1.0,,)", "downthrown_side_id": null, "reference": null, "epistemic_quality": null, "accuracy": null, "activity_confidence": null, "fs_name": null, "last_movement": null, "downthrown_side_dir": null, "vert_sep_rate": null, "strike_slip_rate": null, "exposure_quality": null, "shortening_rate": null, "notes": null, "index_right": 9, "NAME_EN": "People's Republic of China" }, "geometry": { "type": "LineString", "coordinates": [ [ 100.214, 22.483 ], [ 100.288, 22.422 ], [ 100.309, 22.392 ], [ 100.324, 22.379 ], [ 100.347, 22.364 ], [ 100.396, 22.337 ], [ 100.455, 22.308 ], [ 100.508, 22.285 ], [ 100.528, 22.28 ] ] } },
{ "type": "Feature", "properties": { "average_dip": "(90.0,,)", "average_rake": "(180.0,,)", "catalog_id": "EOS_AF0052", "catalog_name": "EOS_SE_Asia", "dip_dir": null, "lower_seis_depth": "(15.0,,)", "name": null, "net_slip_rate": null, "slip_type": "Dextral", "upper_seis_depth": "(1.0,,)", "downthrown_side_id": null, "reference": null, "epistemic_quality": null, "accuracy": null, "activity_confidence": null, "fs_name": null, "last_movement": null, "downthrown_side_dir": null, "vert_sep_rate": null, "strike_slip_rate": null, "exposure_quality": null, "shortening_rate": null, "notes": null, "index_right": 9, "NAME_EN": "People's Republic of China" }, "geometry": { "type": "LineString", "coordinates": [ [ 100.528, 22.28 ], [ 100.563, 22.269 ], [ 100.596, 22.252 ], [ 100.606, 22.244 ], [ 100.631, 22.219 ], [ 100.646, 22.196 ], [ 100.656, 22.176 ], [ 100.671, 22.141 ], [ 100.687, 22.098 ] ] } },
{ "type": "Feature", "properties": { "average_dip": "(90.0,,)", "average_rake": "(180.0,,)", "catalog_id": "EOS_AF0053", "catalog_name": "EOS_SE_Asia", "dip_dir": null, "lower_seis_depth": "(15.0,,)", "name": null, "net_slip_rate": null, "slip_type": "Dextral", "upper_seis_depth": "(1.0,,)", "downthrown_side_id": null, "reference": null, "epistemic_quality": null, "accuracy": null, "activity_confidence": null, "fs_name": null, "last_movement": null, "downthrown_side_dir": null, "vert_sep_rate": null, "strike_slip_rate": null, "exposure_quality": null, "shortening_rate": null, "notes": null, "index_right": 9, "NAME_EN": "People's Republic of China" }, "geometry": { "type": "LineString", "coordinates": [ [ 100.218, 22.475 ], [ 100.23, 22.455 ], [ 100.24, 22.428 ], [ 100.246, 22.417 ], [ 100.266, 22.395 ], [ 100.277, 22.388 ], [ 100.321, 22.345 ], [ 100.353, 22.322 ], [ 100.371, 22.306 ], [ 100.41, 22.285 ], [ 100.436, 22.273 ], [ 100.453, 22.267 ], [ 100.469, 22.257 ], [ 100.484, 22.242 ], [ 100.513, 22.219 ] ] } },
{ "type": "Feature", "properties": { "average_dip": "(90.0,,)", "average_rake": "(180.0,,)", "catalog_id": "EOS_AF0054", "catalog_name": "EOS_SE_Asia", "dip_dir": null, "lower_seis_depth": "(15.0,,)", "name": null, "net_slip_rate": null, "slip_type": "Dextral", "upper_seis_depth": "(1.0,,)", "downthrown_side_id": null, "reference": null, "epistemic_quality": null, "accuracy": null, "activity_confidence": null, "fs_name": null, "last_movement": null, "downthrown_side_dir": null, "vert_sep_rate": null, "strike_slip_rate": null, "exposure_quality": null, "shortening_rate": null, "notes": null, "index_right": 9, "NAME_EN": "People's Republic of China" }, "geometry": { "type": "LineString", "coordinates": [ [ 100.365, 22.238 ], [ 100.392, 22.227 ], [ 100.425, 22.21 ], [ 100.476, 22.199 ], [ 100.495, 22.192 ], [ 100.506, 22.186 ], [ 100.533, 22.182 ], [ 100.587, 22.165 ], [ 100.613, 22.151 ], [ 100.633, 22.138 ], [ 100.665, 22.112 ], [ 100.699, 22.088 ], [ 100.718, 22.07 ], [ 100.732, 22.052 ], [ 100.741, 22.039 ], [ 100.748, 22.025 ], [ 100.751, 22.013 ], [ 100.75, 22.004 ], [ 100.756, 21.963 ] ] } },
{ "type": "Feature", "properties": { "average_dip": "(90.0,,)", "average_rake": "(0.0,,)", "catalog_id": "EOS_AF0056", "catalog_name": "EOS_SE_Asia", "dip_dir": null, "lower_seis_depth": "(15.0,,)", "name": null, "net_slip_rate": null, "slip_type": "Sinistral", "upper_seis_depth": "(1.0,,)", "downthrown_side_id": null, "reference": null, "epistemic_quality": null, "accuracy": null, "activity_confidence": null, "fs_name": null, "last_movement": null, "downthrown_side_dir": null, "vert_sep_rate": null, "strike_slip_rate": null, "exposure_quality": null, "shortening_rate": null, "notes": null, "index_right": 9, "NAME_EN": "People's Republic of China" }, "geometry": { "type": "LineString", "coordinates": [ [ 99.74, 21.507 ], [ 99.756, 21.509 ], [ 99.77, 21.516 ], [ 99.786, 21.528 ], [ 99.839, 21.561 ], [ 99.855, 21.574 ], [ 99.867, 21.587 ], [ 99.885, 21.599 ], [ 99.969, 21.671 ], [ 100.078, 21.722 ], [ 100.123, 21.735 ], [ 100.171, 21.746 ], [ 100.214, 21.769 ], [ 100.261, 21.783 ], [ 100.338, 21.792 ], [ 100.413, 21.813 ], [ 100.492, 21.84 ], [ 100.584, 21.863 ], [ 100.61, 21.879 ], [ 100.63, 21.896 ], [ 100.649, 21.908 ], [ 100.698, 21.918 ] ] } },
{ "type": "Feature", "properties": { "average_dip": "(90.0,,)", "average_rake": "(0.0,,)", "catalog_id": "EOS_AF0057", "catalog_name": "EOS_SE_Asia", "dip_dir": null, "lower_seis_depth": "(15.0,,)", "name": null, "net_slip_rate": null, "slip_type": "Sinistral", "upper_seis_depth": "(1.0,,)", "downthrown_side_id": null, "reference": null, "epistemic_quality": null, "accuracy": null, "activity_confidence": null, "fs_name": null, "last_movement": null, "downthrown_side_dir": null, "vert_sep_rate": null, "strike_slip_rate": null, "exposure_quality": null, "shortening_rate": null, "notes": null, "index_right": 9, "NAME_EN": "People's Republic of China" }, "geometry": { "type": "LineString", "coordinates": [ [ 100.007, 21.279 ], [ 100.012, 21.278 ], [ 100.033, 21.284 ], [ 100.053, 21.301 ], [ 100.068, 21.31 ], [ 100.094, 21.315 ], [ 100.101, 21.318 ], [ 100.109, 21.326 ], [ 100.128, 21.336 ], [ 100.158, 21.343 ], [ 100.201, 21.345 ], [ 100.272, 21.36 ], [ 100.33, 21.37 ], [ 100.357, 21.377 ], [ 100.386, 21.391 ], [ 100.44, 21.411 ], [ 100.462, 21.415 ], [ 100.484, 21.425 ], [ 100.509, 21.429 ], [ 100.533, 21.442 ], [ 100.591, 21.479 ], [ 100.628, 21.493 ], [ 100.651, 21.51 ], [ 100.696, 21.557 ], [ 100.729, 21.614 ], [ 100.746, 21.636 ], [ 100.768, 21.683 ], [ 100.782, 21.718 ] ] } },
{ "type": "Feature", "properties": { "average_dip": "(90.0,,)", "average_rake": "(0.0,,)", "catalog_id": "EOS_AF0058", "catalog_name": "EOS_SE_Asia", "dip_dir": null, "lower_seis_depth": "(15.0,,)", "name": null, "net_slip_rate": null, "slip_type": "Sinistral", "upper_seis_depth": "(1.0,,)", "downthrown_side_id": null, "reference": null, "epistemic_quality": null, "accuracy": null, "activity_confidence": null, "fs_name": null, "last_movement": null, "downthrown_side_dir": null, "vert_sep_rate": null, "strike_slip_rate": null, "exposure_quality": null, "shortening_rate": null, "notes": null, "index_right": 9, "NAME_EN": "People's Republic of China" }, "geometry": { "type": "LineString", "coordinates": [ [ 100.776, 21.697 ], [ 100.785, 21.713 ], [ 100.812, 21.74 ], [ 100.835, 21.755 ], [ 100.852, 21.76 ], [ 100.886, 21.782 ], [ 100.893, 21.785 ], [ 100.92, 21.813 ], [ 100.953, 21.835 ], [ 100.986, 21.86 ] ] } },
{ "type": "Feature", "properties": { "average_dip": "(90.0,,)", "average_rake": "(180.0,,)", "catalog_id": "EOS_AF0059", "catalog_name": "EOS_SE_Asia", "dip_dir": null, "lower_seis_depth": "(15.0,,)", "name": null, "net_slip_rate": null, "slip_type": "Dextral", "upper_seis_depth": "(1.0,,)", "downthrown_side_id": null, "reference": null, "epistemic_quality": null, "accuracy": null, "activity_confidence": null, "fs_name": null, "last_movement": null, "downthrown_side_dir": null, "vert_sep_rate": null, "strike_slip_rate": null, "exposure_quality": null, "shortening_rate": null, "notes": null, "index_right": 9, "NAME_EN": "People's Republic of China" }, "geometry": { "type": "LineString", "coordinates": [ [ 100.771, 22.09 ], [ 100.785, 22.078 ], [ 100.81, 22.065 ], [ 100.849, 22.033 ], [ 100.893, 22.0 ], [ 100.958, 21.974 ], [ 100.974, 21.97 ], [ 100.991, 21.96 ], [ 101.007, 21.942 ] ] } },
{ "type": "Feature", "properties": { "average_dip": "(90.0,,)", "average_rake": "(0.0,,)", "catalog_id": "EOS_AF0060", "catalog_name": "EOS_SE_Asia", "dip_dir": null, "lower_seis_depth": "(15.0,,)", "name": null, "net_slip_rate": null, "slip_type": "Sinistral", "upper_seis_depth": "(1.0,,)", "downthrown_side_id": null, "reference": null, "epistemic_quality": null, "accuracy": null, "activity_confidence": null, "fs_name": null, "last_movement": null, "downthrown_side_dir": null, "vert_sep_rate": null, "strike_slip_rate": null, "exposure_quality": null, "shortening_rate": null, "notes": null, "index_right": 9, "NAME_EN": "People's Republic of China" }, "geometry": { "type": "LineString", "coordinates": [ [ 101.251, 21.867 ], [ 101.245, 21.863 ], [ 101.236, 21.86 ], [ 101.231, 21.856 ], [ 101.221, 21.853 ], [ 101.196, 21.838 ], [ 101.184, 21.836 ], [ 101.171, 21.83 ], [ 101.161, 21.817 ], [ 101.147, 21.813 ], [ 101.112, 21.791 ], [ 101.099, 21.787 ], [ 101.091, 21.78 ], [ 101.088, 21.774 ], [ 101.073, 21.763 ], [ 101.06, 21.751 ], [ 101.031, 21.73 ], [ 101.027, 21.724 ], [ 101.008, 21.708 ], [ 100.972, 21.689 ], [ 100.914, 21.655 ], [ 100.885, 21.636 ], [ 100.87, 21.613 ], [ 100.853, 21.595 ], [ 100.845, 21.583 ] ] } },
{ "type": "Feature", "properties": { "average_dip": "(90.0,,)", "average_rake": "(0.0,,)", "catalog_id": "EOS_AF0061", "catalog_name": "EOS_SE_Asia", "dip_dir": null, "lower_seis_depth": "(15.0,,)", "name": null, "net_slip_rate": null, "slip_type": "Sinistral", "upper_seis_depth": "(1.0,,)", "downthrown_side_id": null, "reference": null, "epistemic_quality": null, "accuracy": null, "activity_confidence": null, "fs_name": null, "last_movement": null, "downthrown_side_dir": null, "vert_sep_rate": null, "strike_slip_rate": null, "exposure_quality": null, "shortening_rate": null, "notes": null, "index_right": 9, "NAME_EN": "People's Republic of China" }, "geometry": { "type": "LineString", "coordinates": [ [ 101.252, 21.711 ], [ 101.239, 21.697 ], [ 101.234, 21.694 ], [ 101.209, 21.69 ], [ 101.192, 21.689 ], [ 101.158, 21.676 ], [ 101.15, 21.675 ], [ 101.108, 21.662 ], [ 101.066, 21.636 ], [ 100.995, 21.617 ], [ 100.962, 21.603 ], [ 100.937, 21.603 ], [ 100.918, 21.598 ], [ 100.897, 21.586 ] ] } },
{ "type": "Feature", "properties": { "average_dip": "(90.0,,)", "average_rake": "(0.0,,)", "catalog_id": "EOS_AF0072", "catalog_name": "EOS_SE_Asia", "dip_dir": null, "lower_seis_depth": "(15.0,,)", "name": null, "net_slip_rate": null, "slip_type": "Sinistral", "upper_seis_depth": "(1.0,,)", "downthrown_side_id": null, "reference": null, "epistemic_quality": null, "accuracy": null, "activity_confidence": null, "fs_name": null, "last_movement": null, "downthrown_side_dir": null, "vert_sep_rate": null, "strike_slip_rate": null, "exposure_quality": null, "shortening_rate": null, "notes": null, "index_right": 9, "NAME_EN": "People's Republic of China" }, "geometry": { "type": "LineString", "coordinates": [ [ 100.975, 21.037 ], [ 100.984, 21.045 ], [ 101.034, 21.067 ], [ 101.059, 21.082 ], [ 101.09, 21.096 ], [ 101.133, 21.12 ], [ 101.142, 21.122 ], [ 101.19, 21.149 ], [ 101.217, 21.169 ], [ 101.24, 21.199 ], [ 101.283, 21.223 ], [ 101.313, 21.237 ], [ 101.38, 21.277 ], [ 101.409, 21.299 ], [ 101.452, 21.32 ], [ 101.486, 21.344 ], [ 101.5, 21.35 ], [ 101.513, 21.36 ], [ 101.548, 21.396 ] ] } },
{ "type": "Feature", "properties": { "average_dip": "(90.0,,)", "average_rake": "(0.0,,)", "catalog_id": "EOS_AF0073", "catalog_name": "EOS_SE_Asia", "dip_dir": null, "lower_seis_depth": "(15.0,,)", "name": null, "net_slip_rate": null, "slip_type": "Sinistral", "upper_seis_depth": "(1.0,,)", "downthrown_side_id": null, "reference": null, "epistemic_quality": null, "accuracy": null, "activity_confidence": null, "fs_name": null, "last_movement": null, "downthrown_side_dir": null, "vert_sep_rate": null, "strike_slip_rate": null, "exposure_quality": null, "shortening_rate": null, "notes": null, "index_right": 9, "NAME_EN": "People's Republic of China" }, "geometry": { "type": "LineString", "coordinates": [ [ 101.555, 21.436 ], [ 101.569, 21.451 ], [ 101.597, 21.495 ], [ 101.611, 21.536 ], [ 101.615, 21.566 ], [ 101.612, 21.579 ], [ 101.62, 21.6 ] ] } },
{ "type": "Feature", "properties": { "average_dip": "(90.0,,)", "average_rake": "(180.0,,)", "catalog_id": "EOS_AF0074", "catalog_name": "EOS_SE_Asia", "dip_dir": null, "lower_seis_depth": "(15.0,,)", "name": null, "net_slip_rate": null, "slip_type": "Dextral", "upper_seis_depth": "(1.0,,)", "downthrown_side_id": null, "reference": null, "epistemic_quality": null, "accuracy": null, "activity_confidence": null, "fs_name": null, "last_movement": null, "downthrown_side_dir": null, "vert_sep_rate": null, "strike_slip_rate": null, "exposure_quality": null, "shortening_rate": null, "notes": null, "index_right": 9, "NAME_EN": "People's Republic of China" }, "geometry": { "type": "LineString", "coordinates": [ [ 100.139, 22.909 ], [ 100.141, 22.87 ], [ 100.158, 22.805 ], [ 100.172, 22.766 ], [ 100.174, 22.745 ], [ 100.185, 22.725 ], [ 100.204, 22.711 ], [ 100.218, 22.695 ], [ 100.231, 22.66 ], [ 100.27, 22.6 ] ] } },
{ "type": "Feature", "properties": { "average_dip": "(90.0,,)", "average_rake": "(180.0,,)", "catalog_id": "EOS_AF0094", "catalog_name": "EOS_SE_Asia", "dip_dir": null, "lower_seis_depth": "(15.0,,)", "name": null, "net_slip_rate": null, "slip_type": "Dextral", "upper_seis_depth": "(1.0,,)", "downthrown_side_id": null, "reference": null, "epistemic_quality": null, "accuracy": null, "activity_confidence": null, "fs_name": null, "last_movement": null, "downthrown_side_dir": null, "vert_sep_rate": null, "strike_slip_rate": null, "exposure_quality": null, "shortening_rate": null, "notes": null, "index_right": 9, "NAME_EN": "People's Republic of China" }, "geometry": { "type": "LineString", "coordinates": [ [ 103.0, 23.045 ], [ 103.022, 23.014 ], [ 103.039, 22.986 ], [ 103.059, 22.945 ], [ 103.092, 22.897 ], [ 103.11, 22.86 ], [ 103.114, 22.847 ], [ 103.117, 22.818 ], [ 103.132, 22.779 ], [ 103.142, 22.761 ], [ 103.144, 22.753 ], [ 103.148, 22.708 ], [ 103.143, 22.634 ], [ 103.145, 22.615 ] ] } },
{ "type": "Feature", "properties": { "average_dip": "(90.0,,)", "average_rake": "(0.0,,)", "catalog_id": "EOS_AF0095", "catalog_name": "EOS_SE_Asia", "dip_dir": null, "lower_seis_depth": "(15.0,,)", "name": null, "net_slip_rate": null, "slip_type": "Sinistral", "upper_seis_depth": "(1.0,,)", "downthrown_side_id": null, "reference": null, "epistemic_quality": null, "accuracy": null, "activity_confidence": null, "fs_name": null, "last_movement": null, "downthrown_side_dir": null, "vert_sep_rate": null, "strike_slip_rate": null, "exposure_quality": null, "shortening_rate": null, "notes": null, "index_right": 9, "NAME_EN": "People's Republic of China" }, "geometry": { "type": "LineString", "coordinates": [ [ 100.152, 23.032 ], [ 100.15, 23.051 ], [ 100.162, 23.098 ], [ 100.17, 23.12 ], [ 100.189, 23.156 ], [ 100.204, 23.167 ], [ 100.231, 23.191 ], [ 100.246, 23.201 ], [ 100.26, 23.217 ], [ 100.316, 23.254 ], [ 100.332, 23.269 ], [ 100.345, 23.284 ], [ 100.349, 23.294 ], [ 100.355, 23.322 ], [ 100.359, 23.394 ] ] } },
{ "type": "Feature", "properties": { "average_dip": "(90.0,,)", "average_rake": "(180.0,,)", "catalog_id": "EOS_AF0096", "catalog_name": "EOS_SE_Asia", "dip_dir": null, "lower_seis_depth": "(15.0,,)", "name": null, "net_slip_rate": null, "slip_type": "Dextral", "upper_seis_depth": "(1.0,,)", "downthrown_side_id": null, "reference": null, "epistemic_quality": null, "accuracy": null, "activity_confidence": null, "fs_name": null, "last_movement": null, "downthrown_side_dir": null, "vert_sep_rate": null, "strike_slip_rate": null, "exposure_quality": null, "shortening_rate": null, "notes": null, "index_right": 9, "NAME_EN": "People's Republic of China" }, "geometry": { "type": "LineString", "coordinates": [ [ 100.654, 24.706 ], [ 100.719, 24.634 ], [ 100.761, 24.573 ], [ 100.797, 24.515 ], [ 100.812, 24.494 ], [ 100.827, 24.454 ], [ 100.86, 24.387 ], [ 100.918, 24.302 ], [ 100.965, 24.22 ], [ 100.987, 24.206 ], [ 101.061, 24.09 ], [ 101.098, 24.006 ] ] } },
{ "type": "Feature", "properties": { "average_dip": "(90.0,,)", "average_rake": "(180.0,,)", "catalog_id": "EOS_AF0097", "catalog_name": "EOS_SE_Asia", "dip_dir": null, "lower_seis_depth": "(15.0,,)", "name": null, "net_slip_rate": null, "slip_type": "Dextral", "upper_seis_depth": "(1.0,,)", "downthrown_side_id": null, "reference": null, "epistemic_quality": null, "accuracy": null, "activity_confidence": null, "fs_name": null, "last_movement": null, "downthrown_side_dir": null, "vert_sep_rate": null, "strike_slip_rate": null, "exposure_quality": null, "shortening_rate": null, "notes": null, "index_right": 9, "NAME_EN": "People's Republic of China" }, "geometry": { "type": "LineString", "coordinates": [ [ 101.085, 24.08 ], [ 101.105, 24.037 ], [ 101.118, 23.996 ], [ 101.125, 23.907 ], [ 101.139, 23.825 ], [ 101.137, 23.754 ], [ 101.149, 23.706 ], [ 101.158, 23.629 ], [ 101.16, 23.577 ], [ 101.165, 23.526 ], [ 101.17, 23.499 ], [ 101.192, 23.437 ], [ 101.197, 23.398 ], [ 101.204, 23.363 ], [ 101.236, 23.274 ], [ 101.253, 23.237 ], [ 101.32, 23.142 ], [ 101.357, 23.096 ] ] } },
{ "type": "Feature", "properties": { "average_dip": "(90.0,,)", "average_rake": "(180.0,,)", "catalog_id": "EOS_AF0098", "catalog_name": "EOS_SE_Asia", "dip_dir": null, "lower_seis_depth": "(15.0,,)", "name": null, "net_slip_rate": null, "slip_type": "Dextral", "upper_seis_depth": "(1.0,,)", "downthrown_side_id": null, "reference": null, "epistemic_quality": null, "accuracy": null, "activity_confidence": null, "fs_name": null, "last_movement": null, "downthrown_side_dir": null, "vert_sep_rate": null, "strike_slip_rate": null, "exposure_quality": null, "shortening_rate": null, "notes": null, "index_right": 9, "NAME_EN": "People's Republic of China" }, "geometry": { "type": "LineString", "coordinates": [ [ 101.238, 23.131 ], [ 101.287, 23.093 ], [ 101.334, 23.043 ], [ 101.382, 22.996 ], [ 101.433, 22.965 ], [ 101.456, 22.955 ] ] } },
{ "type": "Feature", "properties": { "average_dip": "(90.0,,)", "average_rake": "(180.0,,)", "catalog_id": "EOS_AF0099", "catalog_name": "EOS_SE_Asia", "dip_dir": null, "lower_seis_depth": "(15.0,,)", "name": null, "net_slip_rate": null, "slip_type": "Dextral", "upper_seis_depth": "(1.0,,)", "downthrown_side_id": null, "reference": null, "epistemic_quality": null, "accuracy": null, "activity_confidence": null, "fs_name": null, "last_movement": null, "downthrown_side_dir": null, "vert_sep_rate": null, "strike_slip_rate": null, "exposure_quality": null, "shortening_rate": null, "notes": null, "index_right": 9, "NAME_EN": "People's Republic of China" }, "geometry": { "type": "LineString", "coordinates": [ [ 101.515, 22.846 ], [ 101.553, 22.813 ], [ 101.618, 22.749 ], [ 101.752, 22.608 ], [ 101.811, 22.539 ], [ 101.873, 22.491 ] ] } },
{ "type": "Feature", "properties": { "average_dip": "(90.0,,)", "average_rake": "(-90.0,,)", "catalog_id": "EOS_AF0101", "catalog_name": "EOS_SE_Asia", "dip_dir": null, "lower_seis_depth": "(15.0,,)", "name": null, "net_slip_rate": null, "slip_type": "Normal", "upper_seis_depth": "(1.0,,)", "downthrown_side_id": null, "reference": null, "epistemic_quality": null, "accuracy": null, "activity_confidence": null, "fs_name": null, "last_movement": null, "downthrown_side_dir": null, "vert_sep_rate": null, "strike_slip_rate": null, "exposure_quality": null, "shortening_rate": null, "notes": null, "index_right": 9, "NAME_EN": "People's Republic of China" }, "geometry": { "type": "LineString", "coordinates": [ [ 101.482, 22.574 ], [ 101.474, 22.583 ], [ 101.469, 22.586 ], [ 101.458, 22.602 ], [ 101.447, 22.613 ], [ 101.406, 22.666 ], [ 101.388, 22.683 ], [ 101.363, 22.716 ], [ 101.326, 22.772 ], [ 101.313, 22.787 ], [ 101.298, 22.801 ], [ 101.268, 22.812 ], [ 101.234, 22.82 ] ] } },
{ "type": "Feature", "properties": { "average_dip": "(90.0,,)", "average_rake": "(180.0,,)", "catalog_id": "EOS_AF0103", "catalog_name": "EOS_SE_Asia", "dip_dir": null, "lower_seis_depth": "(15.0,,)", "name": null, "net_slip_rate": null, "slip_type": "Dextral", "upper_seis_depth": "(1.0,,)", "downthrown_side_id": null, "reference": null, "epistemic_quality": null, "accuracy": null, "activity_confidence": null, "fs_name": null, "last_movement": null, "downthrown_side_dir": null, "vert_sep_rate": null, "strike_slip_rate": null, "exposure_quality": null, "shortening_rate": null, "notes": null, "index_right": 9, "NAME_EN": "People's Republic of China" }, "geometry": { "type": "LineString", "coordinates": [ [ 102.125, 23.045 ], [ 102.195, 23.032 ], [ 102.247, 23.016 ], [ 102.281, 23.008 ], [ 102.379, 22.993 ], [ 102.458, 22.987 ], [ 102.558, 22.966 ], [ 102.642, 22.931 ], [ 102.677, 22.918 ] ] } },
{ "type": "Feature", "properties": { "average_dip": "(90.0,,)", "average_rake": "(180.0,,)", "catalog_id": "EOS_AF0104", "catalog_name": "EOS_SE_Asia", "dip_dir": null, "lower_seis_depth": "(15.0,,)", "name": null, "net_slip_rate": null, "slip_type": "Dextral", "upper_seis_depth": "(1.0,,)", "downthrown_side_id": null, "reference": null, "epistemic_quality": null, "accuracy": null, "activity_confidence": null, "fs_name": null, "last_movement": null, "downthrown_side_dir": null, "vert_sep_rate": null, "strike_slip_rate": null, "exposure_quality": null, "shortening_rate": null, "notes": null, "index_right": 9, "NAME_EN": "People's Republic of China" }, "geometry": { "type": "LineString", "coordinates": [ [ 101.977, 22.755 ], [ 101.987, 22.742 ], [ 102.0, 22.705 ], [ 102.011, 22.689 ], [ 102.025, 22.678 ], [ 102.032, 22.665 ], [ 102.04, 22.642 ], [ 102.048, 22.63 ], [ 102.073, 22.604 ], [ 102.091, 22.591 ], [ 102.105, 22.577 ], [ 102.145, 22.529 ], [ 102.211, 22.485 ] ] } },
{ "type": "Feature", "properties": { "average_dip": "(90.0,,)", "average_rake": "(180.0,,)", "catalog_id": "EOS_AF0105", "catalog_name": "EOS_SE_Asia", "dip_dir": null, "lower_seis_depth": "(15.0,,)", "name": null, "net_slip_rate": null, "slip_type": "Dextral", "upper_seis_depth": "(1.0,,)", "downthrown_side_id": null, "reference": null, "epistemic_quality": null, "accuracy": null, "activity_confidence": null, "fs_name": null, "last_movement": null, "downthrown_side_dir": null, "vert_sep_rate": null, "strike_slip_rate": null, "exposure_quality": null, "shortening_rate": null, "notes": null, "index_right": 9, "NAME_EN": "People's Republic of China" }, "geometry": { "type": "LineString", "coordinates": [ [ 100.689, 24.016 ], [ 100.677, 24.001 ], [ 100.666, 23.981 ], [ 100.651, 23.967 ], [ 100.646, 23.951 ], [ 100.643, 23.924 ], [ 100.636, 23.909 ], [ 100.635, 23.898 ], [ 100.637, 23.875 ], [ 100.636, 23.853 ], [ 100.627, 23.808 ], [ 100.625, 23.791 ], [ 100.631, 23.718 ], [ 100.644, 23.69 ], [ 100.658, 23.669 ], [ 100.668, 23.643 ], [ 100.671, 23.615 ], [ 100.669, 23.604 ], [ 100.684, 23.572 ] ] } },
{ "type": "Feature", "properties": { "average_dip": "(90.0,,)", "average_rake": "(180.0,,)", "catalog_id": "EOS_AF0106", "catalog_name": "EOS_SE_Asia", "dip_dir": null, "lower_seis_depth": "(15.0,,)", "name": null, "net_slip_rate": null, "slip_type": "Dextral", "upper_seis_depth": "(1.0,,)", "downthrown_side_id": null, "reference": null, "epistemic_quality": null, "accuracy": null, "activity_confidence": null, "fs_name": null, "last_movement": null, "downthrown_side_dir": null, "vert_sep_rate": null, "strike_slip_rate": null, "exposure_quality": null, "shortening_rate": null, "notes": null, "index_right": 9, "NAME_EN": "People's Republic of China" }, "geometry": { "type": "LineString", "coordinates": [ [ 100.926, 23.598 ], [ 100.924, 23.543 ], [ 100.929, 23.503 ], [ 100.937, 23.477 ], [ 100.953, 23.381 ], [ 100.962, 23.339 ], [ 100.973, 23.318 ], [ 100.984, 23.265 ], [ 100.995, 23.224 ], [ 101.007, 23.198 ], [ 101.01, 23.184 ], [ 101.03, 23.119 ], [ 101.043, 23.044 ], [ 101.056, 23.002 ] ] } },
{ "type": "Feature", "properties": { "average_dip": "(90.0,,)", "average_rake": "(180.0,,)", "catalog_id": "EOS_AF0107", "catalog_name": "EOS_SE_Asia", "dip_dir": null, "lower_seis_depth": "(15.0,,)", "name": null, "net_slip_rate": null, "slip_type": "Dextral", "upper_seis_depth": "(1.0,,)", "downthrown_side_id": null, "reference": null, "epistemic_quality": null, "accuracy": null, "activity_confidence": null, "fs_name": null, "last_movement": null, "downthrown_side_dir": null, "vert_sep_rate": null, "strike_slip_rate": null, "exposure_quality": null, "shortening_rate": null, "notes": null, "index_right": 9, "NAME_EN": "People's Republic of China" }, "geometry": { "type": "LineString", "coordinates": [ [ 101.075, 22.469 ], [ 101.068, 22.495 ], [ 101.034, 22.565 ], [ 101.02, 22.587 ], [ 100.961, 22.652 ], [ 100.921, 22.682 ], [ 100.905, 22.699 ], [ 100.892, 22.715 ], [ 100.859, 22.773 ], [ 100.836, 22.808 ], [ 100.792, 22.849 ] ] } },
{ "type": "Feature", "properties": { "average_dip": "(90.0,,)", "average_rake": "(180.0,,)", "catalog_id": "EOS_AF0108", "catalog_name": "EOS_SE_Asia", "dip_dir": null, "lower_seis_depth": "(15.0,,)", "name": null, "net_slip_rate": null, "slip_type": "Dextral", "upper_seis_depth": "(1.0,,)", "downthrown_side_id": null, "reference": null, "epistemic_quality": null, "accuracy": null, "activity_confidence": null, "fs_name": null, "last_movement": null, "downthrown_side_dir": null, "vert_sep_rate": null, "strike_slip_rate": null, "exposure_quality": null, "shortening_rate": null, "notes": null, "index_right": 9, "NAME_EN": "People's Republic of China" }, "geometry": { "type": "LineString", "coordinates": [ [ 97.849, 25.32 ], [ 97.843, 25.291 ], [ 97.834, 25.263 ], [ 97.82, 25.237 ], [ 97.806, 25.203 ], [ 97.782, 25.123 ], [ 97.766, 25.062 ], [ 97.759, 25.043 ], [ 97.754, 25.01 ] ] } },
{ "type": "Feature", "properties": { "average_dip": "(90.0,,)", "average_rake": "(180.0,,)", "catalog_id": "EOS_AF0173", "catalog_name": "EOS_SE_Asia", "dip_dir": null, "lower_seis_depth": "(15.0,,)", "name": null, "net_slip_rate": null, "slip_type": "Dextral", "upper_seis_depth": "(1.0,,)", "downthrown_side_id": null, "reference": null, "epistemic_quality": null, "accuracy": null, "activity_confidence": null, "fs_name": null, "last_movement": null, "downthrown_side_dir": null, "vert_sep_rate": null, "strike_slip_rate": null, "exposure_quality": null, "shortening_rate": null, "notes": null, "index_right": 9, "NAME_EN": "People's Republic of China" }, "geometry": { "type": "LineString", "coordinates": [ [ 99.151, 24.973 ], [ 99.143, 24.989 ], [ 99.132, 25.018 ], [ 99.132, 25.049 ], [ 99.14, 25.097 ], [ 99.148, 25.125 ], [ 99.155, 25.141 ], [ 99.165, 25.148 ], [ 99.19, 25.173 ], [ 99.198, 25.188 ], [ 99.197, 25.219 ], [ 99.204, 25.227 ], [ 99.209, 25.238 ], [ 99.212, 25.273 ], [ 99.206, 25.297 ], [ 99.196, 25.318 ], [ 99.189, 25.339 ], [ 99.185, 25.363 ], [ 99.191, 25.398 ], [ 99.184, 25.431 ], [ 99.184, 25.45 ], [ 99.18, 25.474 ], [ 99.151, 25.525 ] ] } },
{ "type": "Feature", "properties": { "average_dip": "(90.0,,)", "average_rake": "(0.0,,)", "catalog_id": "EOS_AF0193", "catalog_name": "EOS_SE_Asia", "dip_dir": null, "lower_seis_depth": "(15.0,,)", "name": null, "net_slip_rate": null, "slip_type": "Sinistral", "upper_seis_depth": "(1.0,,)", "downthrown_side_id": null, "reference": null, "epistemic_quality": null, "accuracy": null, "activity_confidence": null, "fs_name": null, "last_movement": null, "downthrown_side_dir": null, "vert_sep_rate": null, "strike_slip_rate": null, "exposure_quality": null, "shortening_rate": null, "notes": null, "index_right": 9, "NAME_EN": "People's Republic of China" }, "geometry": { "type": "LineString", "coordinates": [ [ 100.987, 20.933 ], [ 101.063, 20.993 ], [ 101.113, 21.039 ], [ 101.227, 21.112 ], [ 101.342, 21.171 ], [ 101.364, 21.178 ], [ 101.408, 21.202 ], [ 101.465, 21.245 ], [ 101.486, 21.26 ], [ 101.511, 21.274 ], [ 101.557, 21.309 ] ] } },
{ "type": "Feature", "properties": { "average_dip": "(90.0,,)", "average_rake": "(180.0,,)", "catalog_id": "EOS_AF0304", "catalog_name": "EOS_SE_Asia", "dip_dir": null, "lower_seis_depth": "(15.0,,)", "name": null, "net_slip_rate": null, "slip_type": "Dextral", "upper_seis_depth": "(1.0,,)", "downthrown_side_id": null, "reference": null, "epistemic_quality": null, "accuracy": null, "activity_confidence": null, "fs_name": null, "last_movement": null, "downthrown_side_dir": null, "vert_sep_rate": null, "strike_slip_rate": null, "exposure_quality": null, "shortening_rate": null, "notes": null, "index_right": 9, "NAME_EN": "People's Republic of China" }, "geometry": { "type": "LineString", "coordinates": [ [ 95.463, 29.839 ], [ 95.656, 29.719 ], [ 95.932, 29.542 ], [ 96.11, 29.438 ], [ 96.147, 29.396 ], [ 96.186, 29.373 ], [ 96.233, 29.339 ], [ 96.394, 29.184 ], [ 96.503, 29.075 ], [ 96.619, 28.97 ], [ 96.669, 28.886 ], [ 96.722, 28.804 ], [ 96.781, 28.742 ], [ 96.865, 28.664 ], [ 96.947, 28.572 ], [ 96.997, 28.493 ], [ 97.04, 28.45 ], [ 97.083, 28.418 ] ] } },
{ "type": "Feature", "properties": { "average_dip": "(90.0,,)", "average_rake": "(180.0,,)", "catalog_id": "EOS_AF0312", "catalog_name": "EOS_SE_Asia", "dip_dir": null, "lower_seis_depth": "(15.0,,)", "name": null, "net_slip_rate": null, "slip_type": "Dextral", "upper_seis_depth": "(1.0,,)", "downthrown_side_id": null, "reference": null, "epistemic_quality": null, "accuracy": null, "activity_confidence": null, "fs_name": null, "last_movement": null, "downthrown_side_dir": null, "vert_sep_rate": null, "strike_slip_rate": null, "exposure_quality": null, "shortening_rate": null, "notes": null, "index_right": 9, "NAME_EN": "People's Republic of China" }, "geometry": { "type": "LineString", "coordinates": [ [ 98.111, 25.771 ], [ 98.208, 25.729 ], [ 98.24, 25.711 ], [ 98.253, 25.685 ], [ 98.282, 25.651 ], [ 98.288, 25.632 ], [ 98.302, 25.612 ], [ 98.333, 25.586 ], [ 98.388, 25.544 ], [ 98.413, 25.522 ] ] } },
{ "type": "Feature", "properties": { "average_dip": "(90.0,,)", "average_rake": "(180.0,,)", "catalog_id": "EOS_AF0313", "catalog_name": "EOS_SE_Asia", "dip_dir": null, "lower_seis_depth": "(15.0,,)", "name": null, "net_slip_rate": null, "slip_type": "Dextral", "upper_seis_depth": "(1.0,,)", "downthrown_side_id": null, "reference": null, "epistemic_quality": null, "accuracy": null, "activity_confidence": null, "fs_name": null, "last_movement": null, "downthrown_side_dir": null, "vert_sep_rate": null, "strike_slip_rate": null, "exposure_quality": null, "shortening_rate": null, "notes": null, "index_right": 9, "NAME_EN": "People's Republic of China" }, "geometry": { "type": "LineString", "coordinates": [ [ 98.223, 25.807 ], [ 98.264, 25.783 ], [ 98.28, 25.768 ], [ 98.307, 25.732 ], [ 98.383, 25.579 ], [ 98.419, 25.51 ], [ 98.431, 25.491 ], [ 98.452, 25.447 ], [ 98.469, 25.402 ], [ 98.488, 25.359 ] ] } },
{ "type": "Feature", "properties": { "average_dip": "(90.0,,)", "average_rake": "(180.0,,)", "catalog_id": "EOS_AF0314", "catalog_name": "EOS_SE_Asia", "dip_dir": null, "lower_seis_depth": "(15.0,,)", "name": null, "net_slip_rate": null, "slip_type": "Dextral", "upper_seis_depth": "(1.0,,)", "downthrown_side_id": null, "reference": null, "epistemic_quality": null, "accuracy": null, "activity_confidence": null, "fs_name": null, "last_movement": null, "downthrown_side_dir": null, "vert_sep_rate": null, "strike_slip_rate": null, "exposure_quality": null, "shortening_rate": null, "notes": null, "index_right": 9, "NAME_EN": "People's Republic of China" }, "geometry": { "type": "LineString", "coordinates": [ [ 98.413, 25.853 ], [ 98.431, 25.821 ], [ 98.441, 25.787 ], [ 98.444, 25.753 ], [ 98.444, 25.718 ], [ 98.437, 25.599 ], [ 98.426, 25.537 ] ] } },
{ "type": "Feature", "properties": { "average_dip": "(90.0,,)", "average_rake": "(180.0,,)", "catalog_id": "EOS_AF0315", "catalog_name": "EOS_SE_Asia", "dip_dir": null, "lower_seis_depth": "(15.0,,)", "name": null, "net_slip_rate": null, "slip_type": "Dextral", "upper_seis_depth": "(1.0,,)", "downthrown_side_id": null, "reference": null, "epistemic_quality": null, "accuracy": null, "activity_confidence": null, "fs_name": null, "last_movement": null, "downthrown_side_dir": null, "vert_sep_rate": null, "strike_slip_rate": null, "exposure_quality": null, "shortening_rate": null, "notes": null, "index_right": 9, "NAME_EN": "People's Republic of China" }, "geometry": { "type": "LineString", "coordinates": [ [ 98.879, 27.206 ], [ 98.877, 27.172 ], [ 98.869, 27.11 ], [ 98.864, 26.998 ], [ 98.859, 26.958 ], [ 98.859, 26.937 ], [ 98.862, 26.914 ], [ 98.866, 26.895 ], [ 98.872, 26.85 ], [ 98.886, 26.782 ], [ 98.905, 26.66 ], [ 98.913, 26.585 ], [ 98.927, 26.525 ], [ 98.93, 26.496 ], [ 98.942, 26.443 ], [ 98.945, 26.417 ], [ 98.95, 26.4 ], [ 98.96, 26.345 ], [ 98.964, 26.314 ], [ 98.962, 26.277 ], [ 98.978, 26.199 ], [ 98.982, 26.151 ], [ 98.998, 26.069 ], [ 99.007, 26.044 ], [ 99.024, 25.973 ], [ 99.036, 25.947 ], [ 99.057, 25.878 ], [ 99.075, 25.842 ], [ 99.093, 25.799 ], [ 99.107, 25.77 ], [ 99.127, 25.735 ], [ 99.13, 25.716 ], [ 99.13, 25.705 ], [ 99.121, 25.676 ], [ 99.116, 25.654 ], [ 99.107, 25.638 ], [ 99.104, 25.626 ], [ 99.098, 25.614 ], [ 99.102, 25.594 ] ] } },
{ "type": "Feature", "properties": { "average_dip": "(90.0,,)", "average_rake": "(180.0,,)", "catalog_id": "EOS_AF0316", "catalog_name": "EOS_SE_Asia", "dip_dir": null, "lower_seis_depth": "(15.0,,)", "name": null, "net_slip_rate": null, "slip_type": "Dextral", "upper_seis_depth": "(1.0,,)", "downthrown_side_id": null, "reference": null, "epistemic_quality": null, "accuracy": null, "activity_confidence": null, "fs_name": null, "last_movement": null, "downthrown_side_dir": null, "vert_sep_rate": null, "strike_slip_rate": null, "exposure_quality": null, "shortening_rate": null, "notes": null, "index_right": 9, "NAME_EN": "People's Republic of China" }, "geometry": { "type": "LineString", "coordinates": [ [ 99.326, 24.547 ], [ 99.313, 24.577 ], [ 99.291, 24.608 ], [ 99.285, 24.623 ], [ 99.288, 24.636 ], [ 99.288, 24.649 ], [ 99.306, 24.682 ], [ 99.302, 24.703 ], [ 99.312, 24.719 ], [ 99.317, 24.735 ], [ 99.316, 24.752 ], [ 99.34, 24.818 ], [ 99.351, 24.837 ], [ 99.368, 24.861 ] ] } },
{ "type": "Feature", "properties": { "average_dip": "(90.0,,)", "average_rake": "(180.0,,)", "catalog_id": "EOS_AF0317", "catalog_name": "EOS_SE_Asia", "dip_dir": null, "lower_seis_depth": "(15.0,,)", "name": null, "net_slip_rate": null, "slip_type": "Dextral", "upper_seis_depth": "(1.0,,)", "downthrown_side_id": null, "reference": null, "epistemic_quality": null, "accuracy": null, "activity_confidence": null, "fs_name": null, "last_movement": null, "downthrown_side_dir": null, "vert_sep_rate": null, "strike_slip_rate": null, "exposure_quality": null, "shortening_rate": null, "notes": null, "index_right": 9, "NAME_EN": "People's Republic of China" }, "geometry": { "type": "LineString", "coordinates": [ [ 99.728, 25.415 ], [ 99.697, 25.424 ], [ 99.645, 25.449 ], [ 99.622, 25.466 ], [ 99.587, 25.499 ], [ 99.568, 25.533 ], [ 99.556, 25.559 ], [ 99.532, 25.573 ], [ 99.454, 25.607 ], [ 99.414, 25.629 ], [ 99.361, 25.65 ], [ 99.34, 25.661 ], [ 99.327, 25.675 ] ] } },
{ "type": "Feature", "properties": { "average_dip": "(90.0,,)", "average_rake": "(180.0,,)", "catalog_id": "EOS_AF0318", "catalog_name": "EOS_SE_Asia", "dip_dir": null, "lower_seis_depth": "(15.0,,)", "name": null, "net_slip_rate": null, "slip_type": "Dextral", "upper_seis_depth": "(1.0,,)", "downthrown_side_id": null, "reference": null, "epistemic_quality": null, "accuracy": null, "activity_confidence": null, "fs_name": null, "last_movement": null, "downthrown_side_dir": null, "vert_sep_rate": null, "strike_slip_rate": null, "exposure_quality": null, "shortening_rate": null, "notes": null, "index_right": 9, "NAME_EN": "People's Republic of China" }, "geometry": { "type": "LineString", "coordinates": [ [ 100.407, 24.721 ], [ 100.449, 24.697 ], [ 100.493, 24.642 ], [ 100.546, 24.544 ], [ 100.567, 24.486 ], [ 100.579, 24.441 ], [ 100.606, 24.375 ], [ 100.618, 24.332 ], [ 100.623, 24.295 ], [ 100.613, 24.247 ], [ 100.612, 24.227 ] ] } },
{ "type": "Feature", "properties": { "average_dip": "(90.0,,)", "average_rake": "(180.0,,)", "catalog_id": "EOS_AF0319", "catalog_name": "EOS_SE_Asia", "dip_dir": null, "lower_seis_depth": "(15.0,,)", "name": null, "net_slip_rate": null, "slip_type": "Dextral", "upper_seis_depth": "(1.0,,)", "downthrown_side_id": null, "reference": null, "epistemic_quality": null, "accuracy": null, "activity_confidence": null, "fs_name": null, "last_movement": null, "downthrown_side_dir": null, "vert_sep_rate": null, "strike_slip_rate": null, "exposure_quality": null, "shortening_rate": null, "notes": null, "index_right": 9, "NAME_EN": "People's Republic of China" }, "geometry": { "type": "LineString", "coordinates": [ [ 100.29, 24.737 ], [ 100.161, 24.714 ], [ 100.118, 24.709 ], [ 100.041, 24.721 ], [ 99.979, 24.723 ], [ 99.945, 24.729 ] ] } },
{ "type": "Feature", "properties": { "average_dip": "(90.0,,)", "average_rake": "(0.0,,)", "catalog_id": "EOS_AF0320", "catalog_name": "EOS_SE_Asia", "dip_dir": null, "lower_seis_depth": "(15.0,,)", "name": null, "net_slip_rate": null, "slip_type": "Sinistral", "upper_seis_depth": "(1.0,,)", "downthrown_side_id": null, "reference": null, "epistemic_quality": null, "accuracy": null, "activity_confidence": null, "fs_name": null, "last_movement": null, "downthrown_side_dir": null, "vert_sep_rate": null, "strike_slip_rate": null, "exposure_quality": null, "shortening_rate": null, "notes": null, "index_right": 9, "NAME_EN": "People's Republic of China" }, "geometry": { "type": "LineString", "coordinates": [ [ 99.683, 24.179 ], [ 99.713, 24.194 ], [ 99.734, 24.209 ], [ 99.749, 24.231 ], [ 99.829, 24.391 ], [ 99.85, 24.448 ] ] } },
{ "type": "Feature", "properties": { "average_dip": "(90.0,,)", "average_rake": "(180.0,,)", "catalog_id": "EOS_AF0321", "catalog_name": "EOS_SE_Asia", "dip_dir": null, "lower_seis_depth": "(15.0,,)", "name": null, "net_slip_rate": null, "slip_type": "Dextral", "upper_seis_depth": "(1.0,,)", "downthrown_side_id": null, "reference": null, "epistemic_quality": null, "accuracy": null, "activity_confidence": null, "fs_name": null, "last_movement": null, "downthrown_side_dir": null, "vert_sep_rate": null, "strike_slip_rate": null, "exposure_quality": null, "shortening_rate": null, "notes": null, "index_right": 9, "NAME_EN": "People's Republic of China" }, "geometry": { "type": "LineString", "coordinates": [ [ 98.578, 28.027 ], [ 98.595, 27.985 ], [ 98.612, 27.95 ], [ 98.641, 27.819 ], [ 98.669, 27.743 ], [ 98.688, 27.706 ], [ 98.714, 27.64 ], [ 98.738, 27.613 ], [ 98.761, 27.592 ], [ 98.78, 27.555 ], [ 98.789, 27.523 ], [ 98.799, 27.495 ], [ 98.814, 27.461 ], [ 98.826, 27.415 ], [ 98.862, 27.32 ], [ 98.873, 27.273 ], [ 98.885, 27.238 ] ] } },
{ "type": "Feature", "properties": { "average_dip": "(90.0,,)", "average_rake": "(180.0,,)", "catalog_id": "EOS_AF0322", "catalog_name": "EOS_SE_Asia", "dip_dir": null, "lower_seis_depth": "(15.0,,)", "name": null, "net_slip_rate": null, "slip_type": "Dextral", "upper_seis_depth": "(1.0,,)", "downthrown_side_id": null, "reference": null, "epistemic_quality": null, "accuracy": null, "activity_confidence": null, "fs_name": null, "last_movement": null, "downthrown_side_dir": null, "vert_sep_rate": null, "strike_slip_rate": null, "exposure_quality": null, "shortening_rate": null, "notes": null, "index_right": 9, "NAME_EN": "People's Republic of China" }, "geometry": { "type": "LineString", "coordinates": [ [ 99.317, 25.416 ], [ 99.324, 25.395 ], [ 99.337, 25.368 ], [ 99.358, 25.334 ], [ 99.372, 25.315 ], [ 99.387, 25.304 ], [ 99.418, 25.275 ], [ 99.429, 25.257 ], [ 99.449, 25.236 ], [ 99.462, 25.217 ], [ 99.48, 25.206 ], [ 99.499, 25.2 ], [ 99.514, 25.199 ], [ 99.548, 25.189 ], [ 99.601, 25.161 ], [ 99.629, 25.134 ], [ 99.643, 25.123 ], [ 99.69, 25.058 ], [ 99.75, 25.001 ] ] } },
{ "type": "Feature", "properties": { "average_dip": "(90.0,,)", "average_rake": "(0.0,,)", "catalog_id": "EOS_AF0323", "catalog_name": "EOS_SE_Asia", "dip_dir": null, "lower_seis_depth": "(15.0,,)", "name": null, "net_slip_rate": null, "slip_type": "Sinistral", "upper_seis_depth": "(1.0,,)", "downthrown_side_id": null, "reference": null, "epistemic_quality": null, "accuracy": null, "activity_confidence": null, "fs_name": null, "last_movement": null, "downthrown_side_dir": null, "vert_sep_rate": null, "strike_slip_rate": null, "exposure_quality": null, "shortening_rate": null, "notes": null, "index_right": 9, "NAME_EN": "People's Republic of China" }, "geometry": { "type": "LineString", "coordinates": [ [ 99.452, 26.642 ], [ 99.436, 26.618 ], [ 99.433, 26.601 ], [ 99.44, 26.587 ], [ 99.439, 26.558 ], [ 99.43, 26.518 ], [ 99.413, 26.471 ], [ 99.399, 26.423 ], [ 99.369, 26.346 ], [ 99.339, 26.316 ], [ 99.334, 26.304 ], [ 99.329, 26.277 ], [ 99.328, 26.247 ], [ 99.323, 26.196 ] ] } },
{ "type": "Feature", "properties": { "average_dip": "(90.0,,)", "average_rake": "(180.0,,)", "catalog_id": "EOS_AF0324", "catalog_name": "EOS_SE_Asia", "dip_dir": null, "lower_seis_depth": "(15.0,,)", "name": null, "net_slip_rate": null, "slip_type": "Dextral", "upper_seis_depth": "(1.0,,)", "downthrown_side_id": null, "reference": null, "epistemic_quality": null, "accuracy": null, "activity_confidence": null, "fs_name": null, "last_movement": null, "downthrown_side_dir": null, "vert_sep_rate": null, "strike_slip_rate": null, "exposure_quality": null, "shortening_rate": null, "notes": null, "index_right": 9, "NAME_EN": "People's Republic of China" }, "geometry": { "type": "LineString", "coordinates": [ [ 99.329, 25.919 ], [ 99.318, 25.983 ], [ 99.297, 26.067 ], [ 99.282, 26.119 ], [ 99.279, 26.139 ], [ 99.281, 26.158 ], [ 99.289, 26.201 ], [ 99.298, 26.226 ], [ 99.299, 26.252 ], [ 99.303, 26.285 ], [ 99.302, 26.318 ], [ 99.303, 26.331 ], [ 99.307, 26.346 ], [ 99.309, 26.37 ], [ 99.306, 26.393 ], [ 99.291, 26.434 ], [ 99.275, 26.526 ], [ 99.255, 26.7 ] ] } },
{ "type": "Feature", "properties": { "average_dip": "(90.0,,)", "average_rake": "(180.0,,)", "catalog_id": "EOS_AF0325", "catalog_name": "EOS_SE_Asia", "dip_dir": null, "lower_seis_depth": "(15.0,,)", "name": null, "net_slip_rate": null, "slip_type": "Dextral", "upper_seis_depth": "(1.0,,)", "downthrown_side_id": null, "reference": null, "epistemic_quality": null, "accuracy": null, "activity_confidence": null, "fs_name": null, "last_movement": null, "downthrown_side_dir": null, "vert_sep_rate": null, "strike_slip_rate": null, "exposure_quality": null, "shortening_rate": null, "notes": null, "index_right": 9, "NAME_EN": "People's Republic of China" }, "geometry": { "type": "LineString", "coordinates": [ [ 99.057, 27.661 ], [ 99.051, 27.651 ], [ 99.045, 27.645 ], [ 99.048, 27.625 ], [ 99.05, 27.587 ], [ 99.049, 27.578 ], [ 99.055, 27.556 ], [ 99.051, 27.545 ], [ 99.052, 27.533 ], [ 99.056, 27.523 ], [ 99.062, 27.493 ], [ 99.072, 27.459 ], [ 99.077, 27.447 ], [ 99.085, 27.435 ], [ 99.09, 27.424 ], [ 99.092, 27.414 ], [ 99.096, 27.405 ], [ 99.098, 27.387 ] ] } },
{ "type": "Feature", "properties": { "average_dip": "(90.0,,)", "average_rake": "(0.0,,)", "catalog_id": "EOS_AF0326", "catalog_name": "EOS_SE_Asia", "dip_dir": null, "lower_seis_depth": "(15.0,,)", "name": null, "net_slip_rate": null, "slip_type": "Sinistral", "upper_seis_depth": "(1.0,,)", "downthrown_side_id": null, "reference": null, "epistemic_quality": null, "accuracy": null, "activity_confidence": null, "fs_name": null, "last_movement": null, "downthrown_side_dir": null, "vert_sep_rate": null, "strike_slip_rate": null, "exposure_quality": null, "shortening_rate": null, "notes": null, "index_right": 9, "NAME_EN": "People's Republic of China" }, "geometry": { "type": "LineString", "coordinates": [ [ 102.017, 27.461 ], [ 102.018, 27.414 ], [ 102.015, 27.366 ], [ 101.98, 27.235 ], [ 101.957, 27.162 ], [ 101.957, 27.097 ], [ 101.961, 27.041 ], [ 101.987, 26.969 ], [ 102.006, 26.909 ], [ 101.985, 26.77 ], [ 101.969, 26.699 ], [ 101.944, 26.607 ], [ 101.933, 26.472 ], [ 101.935, 26.419 ], [ 101.919, 26.26 ], [ 101.913, 26.214 ], [ 101.906, 26.122 ], [ 101.883, 25.985 ], [ 101.88, 25.939 ], [ 101.883, 25.873 ], [ 101.893, 25.811 ], [ 101.934, 25.674 ], [ 101.94, 25.528 ], [ 101.934, 25.473 ], [ 101.937, 25.406 ], [ 101.932, 25.358 ], [ 101.922, 25.314 ], [ 101.919, 25.265 ], [ 101.902, 25.181 ], [ 101.894, 25.123 ] ] } },
{ "type": "Feature", "properties": { "average_dip": "(90.0,,)", "average_rake": "(0.0,,)", "catalog_id": "EOS_AF0327", "catalog_name": "EOS_SE_Asia", "dip_dir": null, "lower_seis_depth": "(15.0,,)", "name": null, "net_slip_rate": null, "slip_type": "Sinistral", "upper_seis_depth": "(1.0,,)", "downthrown_side_id": null, "reference": null, "epistemic_quality": null, "accuracy": null, "activity_confidence": null, "fs_name": null, "last_movement": null, "downthrown_side_dir": null, "vert_sep_rate": null, "strike_slip_rate": null, "exposure_quality": null, "shortening_rate": null, "notes": null, "index_right": 9, "NAME_EN": "People's Republic of China" }, "geometry": { "type": "LineString", "coordinates": [ [ 101.788, 25.736 ], [ 101.789, 25.72 ], [ 101.793, 25.698 ], [ 101.819, 25.641 ], [ 101.826, 25.618 ], [ 101.83, 25.576 ], [ 101.829, 25.525 ], [ 101.832, 25.506 ], [ 101.84, 25.487 ], [ 101.846, 25.467 ], [ 101.849, 25.446 ], [ 101.856, 25.424 ], [ 101.868, 25.397 ] ] } },
{ "type": "Feature", "properties": { "average_dip": "(90.0,,)", "average_rake": "(180.0,,)", "catalog_id": "EOS_AF0328", "catalog_name": "EOS_SE_Asia", "dip_dir": null, "lower_seis_depth": "(15.0,,)", "name": null, "net_slip_rate": null, "slip_type": "Dextral", "upper_seis_depth": "(1.0,,)", "downthrown_side_id": null, "reference": null, "epistemic_quality": null, "accuracy": null, "activity_confidence": null, "fs_name": null, "last_movement": null, "downthrown_side_dir": null, "vert_sep_rate": null, "strike_slip_rate": null, "exposure_quality": null, "shortening_rate": null, "notes": null, "index_right": 9, "NAME_EN": "People's Republic of China" }, "geometry": { "type": "LineString", "coordinates": [ [ 99.199, 27.253 ], [ 99.21, 27.244 ], [ 99.224, 27.223 ], [ 99.236, 27.201 ], [ 99.253, 27.184 ], [ 99.269, 27.16 ], [ 99.285, 27.143 ], [ 99.299, 27.124 ], [ 99.316, 27.108 ], [ 99.326, 27.094 ], [ 99.335, 27.077 ], [ 99.338, 27.065 ], [ 99.347, 27.051 ], [ 99.352, 27.032 ], [ 99.353, 27.019 ], [ 99.371, 27.003 ], [ 99.384, 26.978 ], [ 99.396, 26.965 ], [ 99.429, 26.919 ], [ 99.474, 26.847 ], [ 99.487, 26.808 ], [ 99.498, 26.762 ], [ 99.5, 26.743 ], [ 99.506, 26.719 ], [ 99.513, 26.701 ], [ 99.515, 26.688 ], [ 99.522, 26.672 ], [ 99.549, 26.627 ], [ 99.57, 26.569 ], [ 99.58, 26.55 ], [ 99.611, 26.508 ], [ 99.619, 26.484 ], [ 99.63, 26.46 ], [ 99.647, 26.437 ], [ 99.654, 26.419 ], [ 99.66, 26.385 ], [ 99.67, 26.347 ], [ 99.693, 26.282 ], [ 99.697, 26.265 ], [ 99.731, 26.184 ] ] } },
{ "type": "Feature", "properties": { "average_dip": "(90.0,,)", "average_rake": "(0.0,,)", "catalog_id": "EOS_AF0329", "catalog_name": "EOS_SE_Asia", "dip_dir": null, "lower_seis_depth": "(15.0,,)", "name": null, "net_slip_rate": null, "slip_type": "Sinistral", "upper_seis_depth": "(1.0,,)", "downthrown_side_id": null, "reference": null, "epistemic_quality": null, "accuracy": null, "activity_confidence": null, "fs_name": null, "last_movement": null, "downthrown_side_dir": null, "vert_sep_rate": null, "strike_slip_rate": null, "exposure_quality": null, "shortening_rate": null, "notes": null, "index_right": 9, "NAME_EN": "People's Republic of China" }, "geometry": { "type": "LineString", "coordinates": [ [ 99.861, 26.361 ], [ 99.869, 26.342 ], [ 99.868, 26.315 ], [ 99.859, 26.309 ], [ 99.842, 26.29 ], [ 99.833, 26.275 ], [ 99.806, 26.207 ], [ 99.791, 26.176 ], [ 99.785, 26.154 ], [ 99.774, 26.132 ], [ 99.764, 26.107 ], [ 99.758, 26.064 ], [ 99.767, 26.053 ], [ 99.769, 26.04 ], [ 99.778, 26.011 ], [ 99.782, 26.003 ] ] } },
{ "type": "Feature", "properties": { "average_dip": "(90.0,,)", "average_rake": "(0.0,,)", "catalog_id": "EOS_AF0330", "catalog_name": "EOS_SE_Asia", "dip_dir": null, "lower_seis_depth": "(15.0,,)", "name": null, "net_slip_rate": null, "slip_type": "Sinistral", "upper_seis_depth": "(1.0,,)", "downthrown_side_id": null, "reference": null, "epistemic_quality": null, "accuracy": null, "activity_confidence": null, "fs_name": null, "last_movement": null, "downthrown_side_dir": null, "vert_sep_rate": null, "strike_slip_rate": null, "exposure_quality": null, "shortening_rate": null, "notes": null, "index_right": 9, "NAME_EN": "People's Republic of China" }, "geometry": { "type": "LineString", "coordinates": [ [ 100.109, 26.737 ], [ 100.169, 26.794 ], [ 100.19, 26.807 ], [ 100.235, 26.865 ], [ 100.301, 26.925 ], [ 100.406, 27.028 ], [ 100.417, 27.058 ], [ 100.421, 27.097 ], [ 100.421, 27.14 ] ] } },
{ "type": "Feature", "properties": { "average_dip": "(90.0,,)", "average_rake": "(0.0,,)", "catalog_id": "EOS_AF0331", "catalog_name": "EOS_SE_Asia", "dip_dir": null, "lower_seis_depth": "(15.0,,)", "name": null, "net_slip_rate": null, "slip_type": "Sinistral", "upper_seis_depth": "(1.0,,)", "downthrown_side_id": null, "reference": null, "epistemic_quality": null, "accuracy": null, "activity_confidence": null, "fs_name": null, "last_movement": null, "downthrown_side_dir": null, "vert_sep_rate": null, "strike_slip_rate": null, "exposure_quality": null, "shortening_rate": null, "notes": null, "index_right": 9, "NAME_EN": "People's Republic of China" }, "geometry": { "type": "LineString", "coordinates": [ [ 100.508, 27.07 ], [ 100.532, 27.093 ], [ 100.596, 27.174 ], [ 100.621, 27.198 ], [ 100.685, 27.275 ], [ 100.702, 27.297 ], [ 100.721, 27.326 ], [ 100.771, 27.395 ], [ 100.876, 27.47 ], [ 100.904, 27.502 ], [ 100.943, 27.543 ], [ 100.98, 27.579 ], [ 101.01, 27.618 ], [ 101.039, 27.632 ], [ 101.066, 27.648 ], [ 101.103, 27.657 ], [ 101.167, 27.689 ], [ 101.219, 27.729 ], [ 101.24, 27.737 ], [ 101.276, 27.74 ], [ 101.324, 27.754 ] ] } },
{ "type": "Feature", "properties": { "average_dip": "(60.0,,)", "average_rake": "(-90.0,,)", "catalog_id": "EOS_AF0332", "catalog_name": "EOS_SE_Asia", "dip_dir": null, "lower_seis_depth": "(15.0,,)", "name": null, "net_slip_rate": null, "slip_type": "Normal", "upper_seis_depth": "(1.0,,)", "downthrown_side_id": null, "reference": null, "epistemic_quality": null, "accuracy": null, "activity_confidence": null, "fs_name": null, "last_movement": null, "downthrown_side_dir": null, "vert_sep_rate": null, "strike_slip_rate": null, "exposure_quality": null, "shortening_rate": null, "notes": null, "index_right": 9, "NAME_EN": "People's Republic of China" }, "geometry": { "type": "LineString", "coordinates": [ [ 101.493, 27.417 ], [ 101.475, 27.416 ], [ 101.439, 27.409 ], [ 101.391, 27.408 ], [ 101.36, 27.424 ], [ 101.355, 27.437 ], [ 101.325, 27.461 ], [ 101.321, 27.474 ], [ 101.322, 27.499 ], [ 101.315, 27.511 ], [ 101.294, 27.533 ], [ 101.286, 27.55 ], [ 101.274, 27.57 ], [ 101.262, 27.583 ], [ 101.247, 27.633 ], [ 101.225, 27.676 ], [ 101.22, 27.696 ], [ 101.21, 27.713 ] ] } },
{ "type": "Feature", "properties": { "average_dip": "(90.0,,)", "average_rake": "(0.0,,)", "catalog_id": "EOS_AF0333", "catalog_name": "EOS_SE_Asia", "dip_dir": null, "lower_seis_depth": "(15.0,,)", "name": null, "net_slip_rate": null, "slip_type": "Sinistral", "upper_seis_depth": "(1.0,,)", "downthrown_side_id": null, "reference": null, "epistemic_quality": null, "accuracy": null, "activity_confidence": null, "fs_name": null, "last_movement": null, "downthrown_side_dir": null, "vert_sep_rate": null, "strike_slip_rate": null, "exposure_quality": null, "shortening_rate": null, "notes": null, "index_right": 9, "NAME_EN": "People's Republic of China" }, "geometry": { "type": "LineString", "coordinates": [ [ 101.424, 27.7 ], [ 101.551, 27.781 ], [ 101.641, 27.867 ], [ 101.704, 27.957 ], [ 101.769, 28.054 ], [ 101.783, 28.08 ], [ 101.812, 28.149 ], [ 101.83, 28.237 ], [ 101.84, 28.267 ], [ 101.853, 28.298 ], [ 101.871, 28.332 ], [ 101.886, 28.366 ], [ 101.898, 28.38 ], [ 101.917, 28.426 ], [ 101.941, 28.472 ], [ 101.961, 28.515 ], [ 102.009, 28.645 ], [ 102.035, 28.71 ], [ 102.048, 28.734 ] ] } },
{ "type": "Feature", "properties": { "average_dip": "(75.0,,)", "average_rake": "(-90.0,,)", "catalog_id": "EOS_AF0334", "catalog_name": "EOS_SE_Asia", "dip_dir": null, "lower_seis_depth": "(15.0,,)", "name": null, "net_slip_rate": null, "slip_type": "Normal", "upper_seis_depth": "(1.0,,)", "downthrown_side_id": null, "reference": null, "epistemic_quality": null, "accuracy": null, "activity_confidence": null, "fs_name": null, "last_movement": null, "downthrown_side_dir": null, "vert_sep_rate": null, "strike_slip_rate": null, "exposure_quality": null, "shortening_rate": null, "notes": null, "index_right": 9, "NAME_EN": "People's Republic of China" }, "geometry": { "type": "LineString", "coordinates": [ [ 100.598, 26.805 ], [ 100.636, 26.779 ], [ 100.655, 26.771 ], [ 100.671, 26.77 ], [ 100.685, 26.76 ], [ 100.699, 26.734 ], [ 100.704, 26.713 ], [ 100.702, 26.665 ], [ 100.692, 26.632 ], [ 100.686, 26.618 ], [ 100.687, 26.595 ], [ 100.69, 26.577 ], [ 100.69, 26.534 ], [ 100.692, 26.524 ], [ 100.688, 26.495 ], [ 100.678, 26.453 ], [ 100.653, 26.405 ], [ 100.639, 26.369 ], [ 100.63, 26.326 ], [ 100.634, 26.318 ], [ 100.636, 26.307 ], [ 100.631, 26.29 ], [ 100.624, 26.274 ], [ 100.614, 26.263 ], [ 100.611, 26.235 ], [ 100.594, 26.183 ], [ 100.584, 26.167 ], [ 100.578, 26.149 ], [ 100.575, 26.127 ], [ 100.574, 26.103 ], [ 100.576, 26.075 ], [ 100.581, 26.044 ], [ 100.597, 25.992 ], [ 100.607, 25.973 ], [ 100.612, 25.943 ], [ 100.611, 25.922 ], [ 100.613, 25.902 ], [ 100.625, 25.865 ], [ 100.634, 25.853 ], [ 100.621, 25.83 ], [ 100.614, 25.792 ], [ 100.615, 25.767 ], [ 100.612, 25.735 ], [ 100.594, 25.71 ], [ 100.578, 25.674 ], [ 100.549, 25.643 ], [ 100.512, 25.609 ], [ 100.481, 25.581 ], [ 100.442, 25.55 ] ] } },
{ "type": "Feature", "properties": { "average_dip": "(90.0,,)", "average_rake": "(0.0,,)", "catalog_id": "EOS_AF0335", "catalog_name": "EOS_SE_Asia", "dip_dir": null, "lower_seis_depth": "(15.0,,)", "name": null, "net_slip_rate": null, "slip_type": "Sinistral", "upper_seis_depth": "(1.0,,)", "downthrown_side_id": null, "reference": null, "epistemic_quality": null, "accuracy": null, "activity_confidence": null, "fs_name": null, "last_movement": null, "downthrown_side_dir": null, "vert_sep_rate": null, "strike_slip_rate": null, "exposure_quality": null, "shortening_rate": null, "notes": null, "index_right": 9, "NAME_EN": "People's Republic of China" }, "geometry": { "type": "LineString", "coordinates": [ [ 100.071, 27.071 ], [ 100.046, 26.988 ], [ 100.011, 26.904 ], [ 100.008, 26.831 ], [ 99.995, 26.775 ], [ 99.981, 26.738 ], [ 99.951, 26.675 ], [ 99.944, 26.627 ] ] } },
{ "type": "Feature", "properties": { "average_dip": "(90.0,,)", "average_rake": "(0.0,,)", "catalog_id": "EOS_AF0336", "catalog_name": "EOS_SE_Asia", "dip_dir": null, "lower_seis_depth": "(15.0,,)", "name": null, "net_slip_rate": null, "slip_type": "Sinistral", "upper_seis_depth": "(1.0,,)", "downthrown_side_id": null, "reference": null, "epistemic_quality": null, "accuracy": null, "activity_confidence": null, "fs_name": null, "last_movement": null, "downthrown_side_dir": null, "vert_sep_rate": null, "strike_slip_rate": null, "exposure_quality": null, "shortening_rate": null, "notes": null, "index_right": 9, "NAME_EN": "People's Republic of China" }, "geometry": { "type": "LineString", "coordinates": [ [ 99.981, 26.721 ], [ 99.975, 26.69 ], [ 99.964, 26.658 ], [ 99.925, 26.572 ], [ 99.898, 26.539 ], [ 99.887, 26.517 ], [ 99.885, 26.504 ], [ 99.895, 26.464 ] ] } },
{ "type": "Feature", "properties": { "average_dip": "(90.0,,)", "average_rake": "(0.0,,)", "catalog_id": "EOS_AF0337", "catalog_name": "EOS_SE_Asia", "dip_dir": null, "lower_seis_depth": "(15.0,,)", "name": null, "net_slip_rate": null, "slip_type": "Sinistral", "upper_seis_depth": "(1.0,,)", "downthrown_side_id": null, "reference": null, "epistemic_quality": null, "accuracy": null, "activity_confidence": null, "fs_name": null, "last_movement": null, "downthrown_side_dir": null, "vert_sep_rate": null, "strike_slip_rate": null, "exposure_quality": null, "shortening_rate": null, "notes": null, "index_right": 9, "NAME_EN": "People's Republic of China" }, "geometry": { "type": "LineString", "coordinates": [ [ 100.162, 26.872 ], [ 100.13, 26.817 ], [ 100.127, 26.804 ], [ 100.117, 26.78 ], [ 100.106, 26.761 ], [ 100.089, 26.743 ], [ 100.053, 26.688 ], [ 100.028, 26.642 ], [ 99.995, 26.591 ], [ 99.979, 26.574 ], [ 99.95, 26.559 ], [ 99.898, 26.539 ] ] } },
{ "type": "Feature", "properties": { "average_dip": "(90.0,,)", "average_rake": "(-90.0,,)", "catalog_id": "EOS_AF0338", "catalog_name": "EOS_SE_Asia", "dip_dir": null, "lower_seis_depth": "(15.0,,)", "name": null, "net_slip_rate": null, "slip_type": "Normal", "upper_seis_depth": "(1.0,,)", "downthrown_side_id": null, "reference": null, "epistemic_quality": null, "accuracy": null, "activity_confidence": null, "fs_name": null, "last_movement": null, "downthrown_side_dir": null, "vert_sep_rate": null, "strike_slip_rate": null, "exposure_quality": null, "shortening_rate": null, "notes": null, "index_right": 9, "NAME_EN": "People's Republic of China" }, "geometry": { "type": "LineString", "coordinates": [ [ 100.223, 26.501 ], [ 100.217, 26.544 ], [ 100.217, 26.554 ], [ 100.22, 26.567 ], [ 100.229, 26.587 ], [ 100.232, 26.598 ], [ 100.244, 26.615 ], [ 100.245, 26.62 ], [ 100.251, 26.63 ], [ 100.252, 26.649 ], [ 100.256, 26.656 ], [ 100.264, 26.68 ], [ 100.265, 26.694 ], [ 100.263, 26.7 ], [ 100.265, 26.707 ], [ 100.275, 26.718 ], [ 100.276, 26.733 ], [ 100.28, 26.745 ], [ 100.294, 26.775 ], [ 100.297, 26.789 ], [ 100.3, 26.809 ], [ 100.296, 26.835 ], [ 100.295, 26.857 ], [ 100.29, 26.875 ], [ 100.29, 26.898 ] ] } },
{ "type": "Feature", "properties": { "average_dip": "(60.0,,)", "average_rake": "(-90.0,,)", "catalog_id": "EOS_AF0339", "catalog_name": "EOS_SE_Asia", "dip_dir": null, "lower_seis_depth": "(15.0,,)", "name": null, "net_slip_rate": null, "slip_type": "Normal", "upper_seis_depth": "(1.0,,)", "downthrown_side_id": null, "reference": null, "epistemic_quality": null, "accuracy": null, "activity_confidence": null, "fs_name": null, "last_movement": null, "downthrown_side_dir": null, "vert_sep_rate": null, "strike_slip_rate": null, "exposure_quality": null, "shortening_rate": null, "notes": null, "index_right": 9, "NAME_EN": "People's Republic of China" }, "geometry": { "type": "LineString", "coordinates": [ [ 100.243, 25.557 ], [ 100.207, 25.587 ], [ 100.199, 25.612 ], [ 100.199, 25.633 ], [ 100.168, 25.658 ], [ 100.144, 25.688 ], [ 100.13, 25.709 ], [ 100.115, 25.743 ], [ 100.108, 25.764 ], [ 100.111, 25.785 ], [ 100.103, 25.821 ], [ 100.105, 25.841 ], [ 100.112, 25.874 ], [ 100.094, 25.898 ], [ 100.094, 25.914 ], [ 100.091, 25.94 ], [ 100.034, 25.994 ], [ 100.028, 26.019 ], [ 100.03, 26.077 ] ] } },
{ "type": "Feature", "properties": { "average_dip": "(90.0,,)", "average_rake": "(0.0,,)", "catalog_id": "EOS_AF0340", "catalog_name": "EOS_SE_Asia", "dip_dir": null, "lower_seis_depth": "(15.0,,)", "name": null, "net_slip_rate": null, "slip_type": "Sinistral", "upper_seis_depth": "(1.0,,)", "downthrown_side_id": null, "reference": null, "epistemic_quality": null, "accuracy": null, "activity_confidence": null, "fs_name": null, "last_movement": null, "downthrown_side_dir": null, "vert_sep_rate": null, "strike_slip_rate": null, "exposure_quality": null, "shortening_rate": null, "notes": null, "index_right": 9, "NAME_EN": "People's Republic of China" }, "geometry": { "type": "LineString", "coordinates": [ [ 102.952, 23.829 ], [ 102.918, 23.756 ], [ 102.89, 23.622 ], [ 102.876, 23.578 ], [ 102.868, 23.545 ], [ 102.849, 23.499 ], [ 102.822, 23.453 ], [ 102.789, 23.387 ], [ 102.776, 23.34 ], [ 102.765, 23.307 ] ] } },
{ "type": "Feature", "properties": { "average_dip": "(90.0,,)", "average_rake": "(0.0,,)", "catalog_id": "EOS_AF0341", "catalog_name": "EOS_SE_Asia", "dip_dir": null, "lower_seis_depth": "(15.0,,)", "name": null, "net_slip_rate": null, "slip_type": "Sinistral", "upper_seis_depth": "(1.0,,)", "downthrown_side_id": null, "reference": null, "epistemic_quality": null, "accuracy": null, "activity_confidence": null, "fs_name": null, "last_movement": null, "downthrown_side_dir": null, "vert_sep_rate": null, "strike_slip_rate": null, "exposure_quality": null, "shortening_rate": null, "notes": null, "index_right": 9, "NAME_EN": "People's Republic of China" }, "geometry": { "type": "LineString", "coordinates": [ [ 103.119, 23.587 ], [ 103.139, 23.537 ], [ 103.15, 23.488 ], [ 103.157, 23.446 ], [ 103.16, 23.351 ], [ 103.16, 23.32 ], [ 103.156, 23.287 ], [ 103.158, 23.267 ], [ 103.155, 23.248 ], [ 103.148, 23.221 ], [ 103.139, 23.194 ], [ 103.116, 23.154 ], [ 103.1, 23.136 ] ] } },
{ "type": "Feature", "properties": { "average_dip": "(90.0,,)", "average_rake": "(0.0,,)", "catalog_id": "EOS_AF0342", "catalog_name": "EOS_SE_Asia", "dip_dir": null, "lower_seis_depth": "(15.0,,)", "name": null, "net_slip_rate": null, "slip_type": "Sinistral", "upper_seis_depth": "(1.0,,)", "downthrown_side_id": null, "reference": null, "epistemic_quality": null, "accuracy": null, "activity_confidence": null, "fs_name": null, "last_movement": null, "downthrown_side_dir": null, "vert_sep_rate": null, "strike_slip_rate": null, "exposure_quality": null, "shortening_rate": null, "notes": null, "index_right": 9, "NAME_EN": "People's Republic of China" }, "geometry": { "type": "LineString", "coordinates": [ [ 103.101, 26.32 ], [ 103.104, 26.208 ], [ 103.09, 26.117 ], [ 103.097, 26.065 ], [ 103.114, 25.986 ], [ 103.115, 25.795 ], [ 103.102, 25.626 ], [ 103.103, 25.537 ], [ 103.091, 25.449 ], [ 103.07, 25.356 ], [ 103.074, 25.236 ], [ 103.052, 25.144 ], [ 103.052, 25.116 ], [ 103.037, 25.043 ], [ 103.006, 24.969 ], [ 102.986, 24.894 ], [ 102.976, 24.818 ], [ 102.959, 24.749 ], [ 102.907, 24.511 ], [ 102.87, 24.397 ], [ 102.782, 24.197 ] ] } },
{ "type": "Feature", "properties": { "average_dip": "(90.0,,)", "average_rake": "(0.0,,)", "catalog_id": "EOS_AF0343", "catalog_name": "EOS_SE_Asia", "dip_dir": null, "lower_seis_depth": "(15.0,,)", "name": null, "net_slip_rate": null, "slip_type": "Sinistral", "upper_seis_depth": "(1.0,,)", "downthrown_side_id": null, "reference": null, "epistemic_quality": null, "accuracy": null, "activity_confidence": null, "fs_name": null, "last_movement": null, "downthrown_side_dir": null, "vert_sep_rate": null, "strike_slip_rate": null, "exposure_quality": null, "shortening_rate": null, "notes": null, "index_right": 9, "NAME_EN": "People's Republic of China" }, "geometry": { "type": "LineString", "coordinates": [ [ 102.249, 27.882 ], [ 102.344, 27.74 ], [ 102.413, 27.585 ], [ 102.52, 27.407 ], [ 102.658, 27.145 ], [ 102.814, 26.965 ], [ 102.89, 26.889 ], [ 102.957, 26.803 ], [ 103.007, 26.694 ], [ 103.054, 26.548 ], [ 103.101, 26.32 ] ] } },
{ "type": "Feature", "properties": { "average_dip": "(90.0,,)", "average_rake": "(0.0,,)", "catalog_id": "EOS_AF0344", "catalog_name": "EOS_SE_Asia", "dip_dir": null, "lower_seis_depth": "(15.0,,)", "name": null, "net_slip_rate": null, "slip_type": "Sinistral", "upper_seis_depth": "(1.0,,)", "downthrown_side_id": null, "reference": null, "epistemic_quality": null, "accuracy": null, "activity_confidence": null, "fs_name": null, "last_movement": null, "downthrown_side_dir": null, "vert_sep_rate": null, "strike_slip_rate": null, "exposure_quality": null, "shortening_rate": null, "notes": null, "index_right": 9, "NAME_EN": "People's Republic of China" }, "geometry": { "type": "LineString", "coordinates": [ [ 103.112, 26.28 ], [ 103.189, 26.083 ], [ 103.267, 25.875 ], [ 103.272, 25.81 ], [ 103.259, 25.553 ], [ 103.242, 25.445 ], [ 103.136, 24.975 ], [ 103.089, 24.78 ], [ 103.037, 24.664 ], [ 102.956, 24.353 ], [ 102.902, 24.158 ] ] } },
{ "type": "Feature", "properties": { "average_dip": "(90.0,,)", "average_rake": "(0.0,,)", "catalog_id": "EOS_AF0345", "catalog_name": "EOS_SE_Asia", "dip_dir": null, "lower_seis_depth": "(15.0,,)", "name": null, "net_slip_rate": null, "slip_type": "Sinistral", "upper_seis_depth": "(1.0,,)", "downthrown_side_id": null, "reference": null, "epistemic_quality": null, "accuracy": null, "activity_confidence": null, "fs_name": null, "last_movement": null, "downthrown_side_dir": null, "vert_sep_rate": null, "strike_slip_rate": null, "exposure_quality": null, "shortening_rate": null, "notes": null, "index_right": 9, "NAME_EN": "People's Republic of China" }, "geometry": { "type": "LineString", "coordinates": [ [ 102.783, 26.207 ], [ 102.77, 26.106 ], [ 102.744, 26.034 ], [ 102.739, 26.015 ], [ 102.732, 25.972 ], [ 102.727, 25.924 ], [ 102.686, 25.843 ], [ 102.668, 25.8 ], [ 102.651, 25.681 ], [ 102.662, 25.567 ], [ 102.673, 25.487 ], [ 102.655, 25.344 ], [ 102.65, 25.103 ], [ 102.632, 25.025 ], [ 102.661, 24.839 ], [ 102.643, 24.732 ], [ 102.586, 24.634 ], [ 102.521, 24.448 ], [ 102.461, 24.269 ] ] } },
{ "type": "Feature", "properties": { "average_dip": "(90.0,,)", "average_rake": "(0.0,,)", "catalog_id": "EOS_AF0346", "catalog_name": "EOS_SE_Asia", "dip_dir": null, "lower_seis_depth": "(15.0,,)", "name": null, "net_slip_rate": null, "slip_type": "Sinistral", "upper_seis_depth": "(1.0,,)", "downthrown_side_id": null, "reference": null, "epistemic_quality": null, "accuracy": null, "activity_confidence": null, "fs_name": null, "last_movement": null, "downthrown_side_dir": null, "vert_sep_rate": null, "strike_slip_rate": null, "exposure_quality": null, "shortening_rate": null, "notes": null, "index_right": 9, "NAME_EN": "People's Republic of China" }, "geometry": { "type": "LineString", "coordinates": [ [ 99.39, 28.175 ], [ 99.327, 28.226 ], [ 99.243, 28.265 ], [ 99.165, 28.294 ], [ 99.081, 28.334 ], [ 98.377, 28.503 ], [ 98.265, 28.571 ], [ 98.071, 28.659 ], [ 97.97, 28.692 ], [ 97.827, 28.727 ] ] } },
{ "type": "Feature", "properties": { "average_dip": "(90.0,,)", "average_rake": "(0.0,,)", "catalog_id": "EOS_AF0347", "catalog_name": "EOS_SE_Asia", "dip_dir": null, "lower_seis_depth": "(15.0,,)", "name": null, "net_slip_rate": null, "slip_type": "Sinistral", "upper_seis_depth": "(1.0,,)", "downthrown_side_id": null, "reference": null, "epistemic_quality": null, "accuracy": null, "activity_confidence": null, "fs_name": null, "last_movement": null, "downthrown_side_dir": null, "vert_sep_rate": null, "strike_slip_rate": null, "exposure_quality": null, "shortening_rate": null, "notes": null, "index_right": 9, "NAME_EN": "People's Republic of China" }, "geometry": { "type": "LineString", "coordinates": [ [ 99.408, 28.161 ], [ 99.447, 28.125 ], [ 99.457, 28.108 ], [ 99.486, 28.078 ], [ 99.511, 28.048 ], [ 99.531, 28.02 ], [ 99.584, 27.964 ], [ 99.629, 27.911 ], [ 99.702, 27.789 ], [ 99.726, 27.728 ], [ 99.729, 27.699 ], [ 99.789, 27.625 ], [ 99.829, 27.593 ], [ 99.877, 27.52 ], [ 99.902, 27.463 ], [ 99.957, 27.355 ], [ 99.972, 27.307 ], [ 100.012, 27.212 ], [ 100.045, 27.164 ], [ 100.073, 27.085 ], [ 100.084, 27.063 ], [ 100.096, 27.051 ], [ 100.102, 27.032 ], [ 100.117, 27.002 ], [ 100.126, 26.932 ] ] } },
{ "type": "Feature", "properties": { "average_dip": "(90.0,,)", "average_rake": "(0.0,,)", "catalog_id": "EOS_AF0348", "catalog_name": "EOS_SE_Asia", "dip_dir": null, "lower_seis_depth": "(15.0,,)", "name": null, "net_slip_rate": null, "slip_type": "Sinistral", "upper_seis_depth": "(1.0,,)", "downthrown_side_id": null, "reference": null, "epistemic_quality": null, "accuracy": null, "activity_confidence": null, "fs_name": null, "last_movement": null, "downthrown_side_dir": null, "vert_sep_rate": null, "strike_slip_rate": null, "exposure_quality": null, "shortening_rate": null, "notes": null, "index_right": 9, "NAME_EN": "People's Republic of China" }, "geometry": { "type": "LineString", "coordinates": [ [ 103.292, 25.544 ], [ 103.36, 25.65 ], [ 103.588, 25.994 ], [ 103.661, 26.069 ], [ 103.783, 26.219 ], [ 103.827, 26.261 ], [ 103.861, 26.288 ], [ 103.919, 26.307 ], [ 104.076, 26.349 ], [ 104.168, 26.376 ], [ 104.272, 26.426 ], [ 104.359, 26.463 ], [ 104.394, 26.498 ], [ 104.411, 26.545 ] ] } },
{ "type": "Feature", "properties": { "average_dip": "(90.0,,)", "average_rake": "(180.0,,)", "catalog_id": "EOS_AF0349", "catalog_name": "EOS_SE_Asia", "dip_dir": null, "lower_seis_depth": "(15.0,,)", "name": null, "net_slip_rate": null, "slip_type": "Dextral", "upper_seis_depth": "(1.0,,)", "downthrown_side_id": null, "reference": null, "epistemic_quality": null, "accuracy": null, "activity_confidence": null, "fs_name": null, "last_movement": null, "downthrown_side_dir": null, "vert_sep_rate": null, "strike_slip_rate": null, "exposure_quality": null, "shortening_rate": null, "notes": null, "index_right": 9, "NAME_EN": "People's Republic of China" }, "geometry": { "type": "LineString", "coordinates": [ [ 101.592, 24.96 ], [ 101.546, 25.018 ], [ 101.508, 25.058 ], [ 101.456, 25.095 ], [ 101.408, 25.12 ], [ 101.36, 25.138 ], [ 101.316, 25.158 ], [ 101.16, 25.24 ], [ 101.075, 25.302 ], [ 100.977, 25.333 ], [ 100.953, 25.343 ], [ 100.943, 25.355 ], [ 100.851, 25.392 ], [ 100.823, 25.4 ] ] } },
{ "type": "Feature", "properties": { "average_dip": "(90.0,,)", "average_rake": "(0.0,,)", "catalog_id": "EOS_AF0350", "catalog_name": "EOS_SE_Asia", "dip_dir": null, "lower_seis_depth": "(15.0,,)", "name": null, "net_slip_rate": null, "slip_type": "Sinistral", "upper_seis_depth": "(1.0,,)", "downthrown_side_id": null, "reference": null, "epistemic_quality": null, "accuracy": null, "activity_confidence": null, "fs_name": null, "last_movement": null, "downthrown_side_dir": null, "vert_sep_rate": null, "strike_slip_rate": null, "exposure_quality": null, "shortening_rate": null, "notes": null, "index_right": 9, "NAME_EN": "People's Republic of China" }, "geometry": { "type": "LineString", "coordinates": [ [ 102.958, 24.32 ], [ 102.953, 24.288 ], [ 102.953, 24.261 ], [ 102.966, 24.173 ], [ 102.958, 24.143 ], [ 102.952, 24.111 ], [ 102.932, 24.059 ], [ 102.914, 24.031 ], [ 102.899, 23.999 ], [ 102.893, 23.974 ], [ 102.846, 23.828 ], [ 102.822, 23.739 ] ] } },
{ "type": "Feature", "properties": { "average_dip": "(90.0,,)", "average_rake": "(180.0,,)", "catalog_id": "EOS_AF0351", "catalog_name": "EOS_SE_Asia", "dip_dir": null, "lower_seis_depth": "(15.0,,)", "name": null, "net_slip_rate": null, "slip_type": "Dextral", "upper_seis_depth": "(1.0,,)", "downthrown_side_id": null, "reference": null, "epistemic_quality": null, "accuracy": null, "activity_confidence": null, "fs_name": null, "last_movement": null, "downthrown_side_dir": null, "vert_sep_rate": null, "strike_slip_rate": null, "exposure_quality": null, "shortening_rate": null, "notes": null, "index_right": 9, "NAME_EN": "People's Republic of China" }, "geometry": { "type": "LineString", "coordinates": [ [ 102.206, 24.289 ], [ 102.537, 24.105 ], [ 102.604, 24.06 ], [ 102.683, 24.017 ], [ 102.73, 24.0 ], [ 102.783, 23.996 ], [ 102.851, 23.963 ] ] } },
{ "type": "Feature", "properties": { "average_dip": "(90.0,,)", "average_rake": "(180.0,,)", "catalog_id": "EOS_AF0352", "catalog_name": "EOS_SE_Asia", "dip_dir": null, "lower_seis_depth": "(15.0,,)", "name": null, "net_slip_rate": null, "slip_type": "Dextral", "upper_seis_depth": "(1.0,,)", "downthrown_side_id": null, "reference": null, "epistemic_quality": null, "accuracy": null, "activity_confidence": null, "fs_name": null, "last_movement": null, "downthrown_side_dir": null, "vert_sep_rate": null, "strike_slip_rate": null, "exposure_quality": null, "shortening_rate": null, "notes": null, "index_right": 9, "NAME_EN": "People's Republic of China" }, "geometry": { "type": "LineString", "coordinates": [ [ 101.687, 24.878 ], [ 101.731, 24.843 ], [ 101.791, 24.803 ], [ 101.804, 24.791 ], [ 101.862, 24.705 ], [ 102.004, 24.553 ], [ 102.09, 24.464 ], [ 102.13, 24.419 ], [ 102.152, 24.385 ], [ 102.172, 24.333 ], [ 102.185, 24.287 ] ] } },
{ "type": "Feature", "properties": { "average_dip": "(90.0,,)", "average_rake": "(180.0,,)", "catalog_id": "EOS_AF0353", "catalog_name": "EOS_SE_Asia", "dip_dir": null, "lower_seis_depth": "(15.0,,)", "name": null, "net_slip_rate": null, "slip_type": "Dextral", "upper_seis_depth": "(1.0,,)", "downthrown_side_id": null, "reference": null, "epistemic_quality": null, "accuracy": null, "activity_confidence": null, "fs_name": null, "last_movement": null, "downthrown_side_dir": null, "vert_sep_rate": null, "strike_slip_rate": null, "exposure_quality": null, "shortening_rate": null, "notes": null, "index_right": 9, "NAME_EN": "People's Republic of China" }, "geometry": { "type": "LineString", "coordinates": [ [ 102.178, 24.159 ], [ 102.182, 24.133 ], [ 102.195, 24.099 ], [ 102.209, 24.049 ], [ 102.236, 24.027 ], [ 102.283, 23.952 ], [ 102.339, 23.873 ], [ 102.405, 23.803 ], [ 102.463, 23.758 ], [ 102.548, 23.702 ], [ 102.619, 23.668 ], [ 102.679, 23.654 ], [ 102.756, 23.648 ], [ 102.8, 23.641 ] ] } },
{ "type": "Feature", "properties": { "average_dip": "(90.0,,)", "average_rake": "(180.0,,)", "catalog_id": "EOS_AF0354", "catalog_name": "EOS_SE_Asia", "dip_dir": null, "lower_seis_depth": "(15.0,,)", "name": null, "net_slip_rate": null, "slip_type": "Dextral", "upper_seis_depth": "(1.0,,)", "downthrown_side_id": null, "reference": null, "epistemic_quality": null, "accuracy": null, "activity_confidence": null, "fs_name": null, "last_movement": null, "downthrown_side_dir": null, "vert_sep_rate": null, "strike_slip_rate": null, "exposure_quality": null, "shortening_rate": null, "notes": null, "index_right": 9, "NAME_EN": "People's Republic of China" }, "geometry": { "type": "LineString", "coordinates": [ [ 101.17, 25.674 ], [ 101.218, 25.652 ], [ 101.285, 25.617 ], [ 101.315, 25.589 ], [ 101.35, 25.549 ], [ 101.386, 25.512 ], [ 101.465, 25.438 ] ] } },
{ "type": "Feature", "properties": { "average_dip": "(90.0,,)", "average_rake": "(0.0,,)", "catalog_id": "EOS_AF0355", "catalog_name": "EOS_SE_Asia", "dip_dir": null, "lower_seis_depth": "(15.0,,)", "name": null, "net_slip_rate": null, "slip_type": "Sinistral", "upper_seis_depth": "(1.0,,)", "downthrown_side_id": null, "reference": null, "epistemic_quality": null, "accuracy": null, "activity_confidence": null, "fs_name": null, "last_movement": null, "downthrown_side_dir": null, "vert_sep_rate": null, "strike_slip_rate": null, "exposure_quality": null, "shortening_rate": null, "notes": null, "index_right": 9, "NAME_EN": "People's Republic of China" }, "geometry": { "type": "LineString", "coordinates": [ [ 102.224, 26.297 ], [ 102.233, 26.239 ], [ 102.248, 26.161 ], [ 102.257, 26.14 ], [ 102.275, 26.109 ], [ 102.281, 26.091 ], [ 102.288, 26.078 ], [ 102.297, 26.055 ], [ 102.301, 26.038 ], [ 102.305, 26.001 ], [ 102.304, 25.976 ], [ 102.301, 25.959 ], [ 102.293, 25.935 ], [ 102.286, 25.897 ], [ 102.286, 25.882 ], [ 102.29, 25.86 ], [ 102.291, 25.838 ], [ 102.29, 25.823 ], [ 102.286, 25.812 ], [ 102.283, 25.788 ], [ 102.283, 25.767 ], [ 102.291, 25.737 ], [ 102.28, 25.67 ], [ 102.283, 25.655 ], [ 102.295, 25.624 ], [ 102.317, 25.54 ], [ 102.322, 25.486 ], [ 102.311, 25.259 ], [ 102.301, 25.19 ], [ 102.281, 25.058 ], [ 102.268, 24.996 ], [ 102.25, 24.923 ], [ 102.241, 24.847 ], [ 102.212, 24.735 ] ] } },
{ "type": "Feature", "properties": { "average_dip": "(90.0,,)", "average_rake": "(0.0,,)", "catalog_id": "EOS_AF0356", "catalog_name": "EOS_SE_Asia", "dip_dir": null, "lower_seis_depth": "(15.0,,)", "name": null, "net_slip_rate": null, "slip_type": "Sinistral", "upper_seis_depth": "(1.0,,)", "downthrown_side_id": null, "reference": null, "epistemic_quality": null, "accuracy": null, "activity_confidence": null, "fs_name": null, "last_movement": null, "downthrown_side_dir": null, "vert_sep_rate": null, "strike_slip_rate": null, "exposure_quality": null, "shortening_rate": null, "notes": null, "index_right": 9, "NAME_EN": "People's Republic of China" }, "geometry": { "type": "LineString", "coordinates": [ [ 102.188, 26.449 ], [ 102.213, 26.659 ], [ 102.273, 26.819 ], [ 102.283, 26.841 ] ] } },
{ "type": "Feature", "properties": { "average_dip": "(60.0,,)", "average_rake": "(-90.0,,)", "catalog_id": "EOS_AF0357", "catalog_name": "EOS_SE_Asia", "dip_dir": null, "lower_seis_depth": "(15.0,,)", "name": null, "net_slip_rate": null, "slip_type": "Normal", "upper_seis_depth": "(1.0,,)", "downthrown_side_id": null, "reference": null, "epistemic_quality": null, "accuracy": null, "activity_confidence": null, "fs_name": null, "last_movement": null, "downthrown_side_dir": null, "vert_sep_rate": null, "strike_slip_rate": null, "exposure_quality": null, "shortening_rate": null, "notes": null, "index_right": 9, "NAME_EN": "People's Republic of China" }, "geometry": { "type": "LineString", "coordinates": [ [ 103.394, 23.56 ], [ 103.408, 23.546 ], [ 103.424, 23.506 ], [ 103.423, 23.494 ], [ 103.411, 23.469 ], [ 103.409, 23.457 ], [ 103.425, 23.428 ], [ 103.428, 23.415 ], [ 103.439, 23.398 ], [ 103.446, 23.383 ], [ 103.448, 23.362 ], [ 103.442, 23.344 ], [ 103.448, 23.3 ], [ 103.453, 23.284 ], [ 103.481, 23.244 ] ] } },
{ "type": "Feature", "properties": { "average_dip": "(90.0,,)", "average_rake": "(180.0,,)", "catalog_id": "EOS_AF0358", "catalog_name": "EOS_SE_Asia", "dip_dir": null, "lower_seis_depth": "(15.0,,)", "name": null, "net_slip_rate": null, "slip_type": "Dextral", "upper_seis_depth": "(1.0,,)", "downthrown_side_id": null, "reference": null, "epistemic_quality": null, "accuracy": null, "activity_confidence": null, "fs_name": null, "last_movement": null, "downthrown_side_dir": null, "vert_sep_rate": null, "strike_slip_rate": null, "exposure_quality": null, "shortening_rate": null, "notes": null, "index_right": 9, "NAME_EN": "People's Republic of China" }, "geometry": { "type": "LineString", "coordinates": [ [ 102.922, 23.654 ], [ 102.964, 23.637 ], [ 103.127, 23.605 ], [ 103.198, 23.588 ], [ 103.329, 23.546 ] ] } },
{ "type": "Feature", "properties": { "average_dip": "(90.0,,)", "average_rake": "(180.0,,)", "catalog_id": "EOS_AF0359", "catalog_name": "EOS_SE_Asia", "dip_dir": null, "lower_seis_depth": "(15.0,,)", "name": null, "net_slip_rate": null, "slip_type": "Dextral", "upper_seis_depth": "(1.0,,)", "downthrown_side_id": null, "reference": null, "epistemic_quality": null, "accuracy": null, "activity_confidence": null, "fs_name": null, "last_movement": null, "downthrown_side_dir": null, "vert_sep_rate": null, "strike_slip_rate": null, "exposure_quality": null, "shortening_rate": null, "notes": null, "index_right": 9, "NAME_EN": "People's Republic of China" }, "geometry": { "type": "LineString", "coordinates": [ [ 102.483, 23.819 ], [ 102.658, 23.765 ], [ 102.73, 23.738 ] ] } },
{ "type": "Feature", "properties": { "average_dip": "(90.0,,)", "average_rake": "(0.0,,)", "catalog_id": "EOS_AF0360", "catalog_name": "EOS_SE_Asia", "dip_dir": null, "lower_seis_depth": "(15.0,,)", "name": null, "net_slip_rate": null, "slip_type": "Sinistral", "upper_seis_depth": "(1.0,,)", "downthrown_side_id": null, "reference": null, "epistemic_quality": null, "accuracy": null, "activity_confidence": null, "fs_name": null, "last_movement": null, "downthrown_side_dir": null, "vert_sep_rate": null, "strike_slip_rate": null, "exposure_quality": null, "shortening_rate": null, "notes": null, "index_right": 9, "NAME_EN": "People's Republic of China" }, "geometry": { "type": "LineString", "coordinates": [ [ 103.526, 24.374 ], [ 103.483, 24.283 ], [ 103.444, 24.216 ], [ 103.423, 24.173 ], [ 103.394, 24.12 ], [ 103.37, 24.063 ], [ 103.315, 23.944 ], [ 103.31, 23.919 ], [ 103.296, 23.897 ], [ 103.257, 23.774 ], [ 103.242, 23.735 ], [ 103.238, 23.71 ], [ 103.244, 23.675 ], [ 103.253, 23.642 ] ] } },
{ "type": "Feature", "properties": { "average_dip": "(90.0,,)", "average_rake": "(0.0,,)", "catalog_id": "EOS_AF0361", "catalog_name": "EOS_SE_Asia", "dip_dir": null, "lower_seis_depth": "(15.0,,)", "name": null, "net_slip_rate": null, "slip_type": "Sinistral", "upper_seis_depth": "(1.0,,)", "downthrown_side_id": null, "reference": null, "epistemic_quality": null, "accuracy": null, "activity_confidence": null, "fs_name": null, "last_movement": null, "downthrown_side_dir": null, "vert_sep_rate": null, "strike_slip_rate": null, "exposure_quality": null, "shortening_rate": null, "notes": null, "index_right": 9, "NAME_EN": "People's Republic of China" }, "geometry": { "type": "LineString", "coordinates": [ [ 103.792, 24.976 ], [ 103.817, 25.006 ], [ 103.834, 25.043 ], [ 103.914, 25.137 ], [ 103.956, 25.183 ], [ 103.993, 25.228 ], [ 104.066, 25.29 ], [ 104.097, 25.334 ], [ 104.131, 25.374 ], [ 104.165, 25.426 ], [ 104.236, 25.518 ], [ 104.258, 25.609 ] ] } },
{ "type": "Feature", "properties": { "average_dip": "(90.0,,)", "average_rake": "(0.0,,)", "catalog_id": "EOS_AF0362", "catalog_name": "EOS_SE_Asia", "dip_dir": null, "lower_seis_depth": "(15.0,,)", "name": null, "net_slip_rate": null, "slip_type": "Sinistral", "upper_seis_depth": "(1.0,,)", "downthrown_side_id": null, "reference": null, "epistemic_quality": null, "accuracy": null, "activity_confidence": null, "fs_name": null, "last_movement": null, "downthrown_side_dir": null, "vert_sep_rate": null, "strike_slip_rate": null, "exposure_quality": null, "shortening_rate": null, "notes": null, "index_right": 9, "NAME_EN": "People's Republic of China" }, "geometry": { "type": "LineString", "coordinates": [ [ 103.252, 24.209 ], [ 103.279, 24.245 ], [ 103.306, 24.262 ], [ 103.558, 24.626 ], [ 103.609, 24.67 ], [ 103.686, 24.782 ], [ 103.701, 24.82 ], [ 103.736, 24.872 ], [ 103.741, 24.89 ], [ 103.743, 24.906 ], [ 103.764, 24.953 ] ] } },
{ "type": "Feature", "properties": { "average_dip": "(60.0,,)", "average_rake": "(-90.0,,)", "catalog_id": "EOS_AF0363", "catalog_name": "EOS_SE_Asia", "dip_dir": null, "lower_seis_depth": "(15.0,,)", "name": null, "net_slip_rate": null, "slip_type": "Normal", "upper_seis_depth": "(1.0,,)", "downthrown_side_id": null, "reference": null, "epistemic_quality": null, "accuracy": null, "activity_confidence": null, "fs_name": null, "last_movement": null, "downthrown_side_dir": null, "vert_sep_rate": null, "strike_slip_rate": null, "exposure_quality": null, "shortening_rate": null, "notes": null, "index_right": 9, "NAME_EN": "People's Republic of China" }, "geometry": { "type": "LineString", "coordinates": [ [ 103.813, 25.176 ], [ 103.807, 25.152 ], [ 103.799, 25.137 ], [ 103.799, 25.088 ], [ 103.791, 25.07 ], [ 103.79, 25.033 ], [ 103.786, 25.018 ], [ 103.781, 24.968 ], [ 103.776, 24.94 ], [ 103.772, 24.93 ], [ 103.754, 24.902 ] ] } },
{ "type": "Feature", "properties": { "average_dip": "(90.0,,)", "average_rake": "(180.0,,)", "catalog_id": "EOS_AF0364", "catalog_name": "EOS_SE_Asia", "dip_dir": null, "lower_seis_depth": "(15.0,,)", "name": null, "net_slip_rate": null, "slip_type": "Dextral", "upper_seis_depth": "(1.0,,)", "downthrown_side_id": null, "reference": null, "epistemic_quality": null, "accuracy": null, "activity_confidence": null, "fs_name": null, "last_movement": null, "downthrown_side_dir": null, "vert_sep_rate": null, "strike_slip_rate": null, "exposure_quality": null, "shortening_rate": null, "notes": null, "index_right": 9, "NAME_EN": "People's Republic of China" }, "geometry": { "type": "LineString", "coordinates": [ [ 102.628, 24.17 ], [ 102.651, 24.124 ], [ 102.661, 24.113 ], [ 102.684, 24.107 ], [ 102.74, 24.116 ], [ 102.774, 24.117 ], [ 102.803, 24.112 ], [ 102.939, 24.078 ] ] } },
{ "type": "Feature", "properties": { "average_dip": "(90.0,,)", "average_rake": "(180.0,,)", "catalog_id": "EOS_AF0367", "catalog_name": "EOS_SE_Asia", "dip_dir": null, "lower_seis_depth": "(15.0,,)", "name": null, "net_slip_rate": null, "slip_type": "Dextral", "upper_seis_depth": "(1.0,,)", "downthrown_side_id": null, "reference": null, "epistemic_quality": null, "accuracy": null, "activity_confidence": null, "fs_name": null, "last_movement": null, "downthrown_side_dir": null, "vert_sep_rate": null, "strike_slip_rate": null, "exposure_quality": null, "shortening_rate": null, "notes": null, "index_right": 9, "NAME_EN": "People's Republic of China" }, "geometry": { "type": "LineString", "coordinates": [ [ 103.252, 23.591 ], [ 103.309, 23.606 ], [ 103.371, 23.612 ], [ 103.431, 23.608 ], [ 103.513, 23.567 ], [ 103.589, 23.534 ], [ 103.648, 23.503 ], [ 103.69, 23.486 ] ] } },
{ "type": "Feature", "properties": { "average_dip": "(90.0,,)", "average_rake": "(180.0,,)", "catalog_id": "EOS_AF0368", "catalog_name": "EOS_SE_Asia", "dip_dir": null, "lower_seis_depth": "(15.0,,)", "name": null, "net_slip_rate": null, "slip_type": "Dextral", "upper_seis_depth": "(1.0,,)", "downthrown_side_id": null, "reference": null, "epistemic_quality": null, "accuracy": null, "activity_confidence": null, "fs_name": null, "last_movement": null, "downthrown_side_dir": null, "vert_sep_rate": null, "strike_slip_rate": null, "exposure_quality": null, "shortening_rate": null, "notes": null, "index_right": 9, "NAME_EN": "People's Republic of China" }, "geometry": { "type": "LineString", "coordinates": [ [ 103.455, 23.394 ], [ 103.567, 23.344 ], [ 103.625, 23.32 ], [ 103.673, 23.295 ], [ 103.715, 23.282 ], [ 103.757, 23.275 ], [ 103.8, 23.265 ], [ 103.834, 23.245 ], [ 103.855, 23.226 ] ] } },
{ "type": "Feature", "properties": { "average_dip": "(90.0,,)", "average_rake": "(180.0,,)", "catalog_id": "EOS_AF0369", "catalog_name": "EOS_SE_Asia", "dip_dir": null, "lower_seis_depth": "(15.0,,)", "name": null, "net_slip_rate": null, "slip_type": "Dextral", "upper_seis_depth": "(1.0,,)", "downthrown_side_id": null, "reference": null, "epistemic_quality": null, "accuracy": null, "activity_confidence": null, "fs_name": null, "last_movement": null, "downthrown_side_dir": null, "vert_sep_rate": null, "strike_slip_rate": null, "exposure_quality": null, "shortening_rate": null, "notes": null, "index_right": 9, "NAME_EN": "People's Republic of China" }, "geometry": { "type": "LineString", "coordinates": [ [ 104.46, 23.01 ], [ 104.556, 23.027 ], [ 104.583, 23.03 ], [ 104.619, 23.028 ], [ 104.659, 23.016 ], [ 104.792, 22.961 ], [ 104.889, 22.903 ], [ 105.003, 22.849 ], [ 105.207, 22.767 ], [ 105.334, 22.734 ], [ 105.368, 22.729 ] ] } },
{ "type": "Feature", "properties": { "average_dip": "(90.0,,)", "average_rake": "(180.0,,)", "catalog_id": "EOS_AF0370", "catalog_name": "EOS_SE_Asia", "dip_dir": null, "lower_seis_depth": "(15.0,,)", "name": null, "net_slip_rate": null, "slip_type": "Dextral", "upper_seis_depth": "(1.0,,)", "downthrown_side_id": null, "reference": null, "epistemic_quality": null, "accuracy": null, "activity_confidence": null, "fs_name": null, "last_movement": null, "downthrown_side_dir": null, "vert_sep_rate": null, "strike_slip_rate": null, "exposure_quality": null, "shortening_rate": null, "notes": null, "index_right": 9, "NAME_EN": "People's Republic of China" }, "geometry": { "type": "LineString", "coordinates": [ [ 102.245, 22.902 ], [ 102.286, 22.895 ], [ 102.32, 22.892 ], [ 102.471, 22.843 ], [ 102.535, 22.833 ], [ 102.593, 22.818 ], [ 102.668, 22.792 ], [ 102.758, 22.756 ], [ 102.836, 22.738 ], [ 102.867, 22.734 ], [ 102.897, 22.724 ], [ 102.935, 22.715 ], [ 102.961, 22.711 ], [ 103.031, 22.71 ], [ 103.05, 22.703 ], [ 103.07, 22.692 ], [ 103.096, 22.659 ], [ 103.103, 22.638 ] ] } },
{ "type": "Feature", "properties": { "average_dip": "(90.0,,)", "average_rake": "(180.0,,)", "catalog_id": "EOS_AF0371", "catalog_name": "EOS_SE_Asia", "dip_dir": null, "lower_seis_depth": "(15.0,,)", "name": null, "net_slip_rate": null, "slip_type": "Dextral", "upper_seis_depth": "(1.0,,)", "downthrown_side_id": null, "reference": null, "epistemic_quality": null, "accuracy": null, "activity_confidence": null, "fs_name": null, "last_movement": null, "downthrown_side_dir": null, "vert_sep_rate": null, "strike_slip_rate": null, "exposure_quality": null, "shortening_rate": null, "notes": null, "index_right": 9, "NAME_EN": "People's Republic of China" }, "geometry": { "type": "LineString", "coordinates": [ [ 102.318, 23.151 ], [ 102.372, 23.137 ], [ 102.406, 23.124 ], [ 102.482, 23.082 ], [ 102.518, 23.058 ], [ 102.552, 23.039 ], [ 102.663, 22.989 ] ] } },
{ "type": "Feature", "properties": { "average_dip": "(90.0,,)", "average_rake": "(180.0,,)", "catalog_id": "EOS_AF0372", "catalog_name": "EOS_SE_Asia", "dip_dir": null, "lower_seis_depth": "(15.0,,)", "name": null, "net_slip_rate": null, "slip_type": "Dextral", "upper_seis_depth": "(1.0,,)", "downthrown_side_id": null, "reference": null, "epistemic_quality": null, "accuracy": null, "activity_confidence": null, "fs_name": null, "last_movement": null, "downthrown_side_dir": null, "vert_sep_rate": null, "strike_slip_rate": null, "exposure_quality": null, "shortening_rate": null, "notes": null, "index_right": 9, "NAME_EN": "People's Republic of China" }, "geometry": { "type": "LineString", "coordinates": [ [ 102.324, 23.228 ], [ 102.385, 23.211 ], [ 102.523, 23.159 ], [ 102.572, 23.13 ], [ 102.716, 23.052 ] ] } },
{ "type": "Feature", "properties": { "average_dip": "(90.0,,)", "average_rake": "(180.0,,)", "catalog_id": "EOS_AF0373", "catalog_name": "EOS_SE_Asia", "dip_dir": null, "lower_seis_depth": "(15.0,,)", "name": null, "net_slip_rate": null, "slip_type": "Dextral", "upper_seis_depth": "(1.0,,)", "downthrown_side_id": null, "reference": null, "epistemic_quality": null, "accuracy": null, "activity_confidence": null, "fs_name": null, "last_movement": null, "downthrown_side_dir": null, "vert_sep_rate": null, "strike_slip_rate": null, "exposure_quality": null, "shortening_rate": null, "notes": null, "index_right": 9, "NAME_EN": "People's Republic of China" }, "geometry": { "type": "LineString", "coordinates": [ [ 101.736, 23.371 ], [ 101.813, 23.375 ], [ 101.847, 23.369 ], [ 101.874, 23.356 ], [ 101.902, 23.334 ], [ 101.928, 23.316 ], [ 101.94, 23.31 ], [ 102.028, 23.297 ], [ 102.094, 23.279 ] ] } },
{ "type": "Feature", "properties": { "average_dip": "(90.0,,)", "average_rake": "(0.0,,)", "catalog_id": "EOS_AF0374", "catalog_name": "EOS_SE_Asia", "dip_dir": null, "lower_seis_depth": "(15.0,,)", "name": null, "net_slip_rate": null, "slip_type": "Sinistral", "upper_seis_depth": "(1.0,,)", "downthrown_side_id": null, "reference": null, "epistemic_quality": null, "accuracy": null, "activity_confidence": null, "fs_name": null, "last_movement": null, "downthrown_side_dir": null, "vert_sep_rate": null, "strike_slip_rate": null, "exposure_quality": null, "shortening_rate": null, "notes": null, "index_right": 9, "NAME_EN": "People's Republic of China" }, "geometry": { "type": "LineString", "coordinates": [ [ 101.026, 24.132 ], [ 101.0, 24.064 ], [ 100.991, 24.035 ], [ 100.952, 23.939 ], [ 100.935, 23.901 ], [ 100.927, 23.867 ], [ 100.922, 23.832 ], [ 100.924, 23.804 ] ] } },
{ "type": "Feature", "properties": { "average_dip": "(90.0,,)", "average_rake": "(180.0,,)", "catalog_id": "EOS_AF0375", "catalog_name": "EOS_SE_Asia", "dip_dir": null, "lower_seis_depth": "(15.0,,)", "name": null, "net_slip_rate": null, "slip_type": "Dextral", "upper_seis_depth": "(1.0,,)", "downthrown_side_id": null, "reference": null, "epistemic_quality": null, "accuracy": null, "activity_confidence": null, "fs_name": null, "last_movement": null, "downthrown_side_dir": null, "vert_sep_rate": null, "strike_slip_rate": null, "exposure_quality": null, "shortening_rate": null, "notes": null, "index_right": 9, "NAME_EN": "People's Republic of China" }, "geometry": { "type": "LineString", "coordinates": [ [ 100.795, 24.2 ], [ 100.831, 24.172 ], [ 100.855, 24.114 ], [ 100.859, 24.092 ], [ 100.851, 24.006 ], [ 100.833, 23.959 ], [ 100.824, 23.905 ], [ 100.819, 23.886 ], [ 100.798, 23.84 ] ] } },
{ "type": "Feature", "properties": { "average_dip": "(90.0,,)", "average_rake": "(180.0,,)", "catalog_id": "EOS_AF0376", "catalog_name": "EOS_SE_Asia", "dip_dir": null, "lower_seis_depth": "(15.0,,)", "name": null, "net_slip_rate": null, "slip_type": "Dextral", "upper_seis_depth": "(1.0,,)", "downthrown_side_id": null, "reference": null, "epistemic_quality": null, "accuracy": null, "activity_confidence": null, "fs_name": null, "last_movement": null, "downthrown_side_dir": null, "vert_sep_rate": null, "strike_slip_rate": null, "exposure_quality": null, "shortening_rate": null, "notes": null, "index_right": 9, "NAME_EN": "People's Republic of China" }, "geometry": { "type": "LineString", "coordinates": [ [ 101.094, 23.745 ], [ 101.087, 23.683 ], [ 101.079, 23.648 ], [ 101.079, 23.611 ], [ 101.108, 23.554 ], [ 101.122, 23.54 ], [ 101.142, 23.526 ] ] } },
{ "type": "Feature", "properties": { "average_dip": "(90.0,,)", "average_rake": "(180.0,,)", "catalog_id": "EOS_AF0382", "catalog_name": "EOS_SE_Asia", "dip_dir": null, "lower_seis_depth": "(15.0,,)", "name": null, "net_slip_rate": null, "slip_type": "Dextral", "upper_seis_depth": "(1.0,,)", "downthrown_side_id": null, "reference": null, "epistemic_quality": null, "accuracy": null, "activity_confidence": null, "fs_name": null, "last_movement": null, "downthrown_side_dir": null, "vert_sep_rate": null, "strike_slip_rate": null, "exposure_quality": null, "shortening_rate": null, "notes": null, "index_right": 9, "NAME_EN": "People's Republic of China" }, "geometry": { "type": "LineString", "coordinates": [ [ 102.155, 22.736 ], [ 102.187, 22.722 ], [ 102.225, 22.697 ], [ 102.271, 22.673 ], [ 102.362, 22.651 ], [ 102.393, 22.641 ], [ 102.439, 22.62 ], [ 102.461, 22.607 ], [ 102.498, 22.58 ], [ 102.624, 22.465 ] ] } },
{ "type": "Feature", "properties": { "average_dip": "(90.0,,)", "average_rake": "(180.0,,)", "catalog_id": "EOS_AF0383", "catalog_name": "EOS_SE_Asia", "dip_dir": null, "lower_seis_depth": "(15.0,,)", "name": null, "net_slip_rate": null, "slip_type": "Dextral", "upper_seis_depth": "(1.0,,)", "downthrown_side_id": null, "reference": null, "epistemic_quality": null, "accuracy": null, "activity_confidence": null, "fs_name": null, "last_movement": null, "downthrown_side_dir": null, "vert_sep_rate": null, "strike_slip_rate": null, "exposure_quality": null, "shortening_rate": null, "notes": null, "index_right": 9, "NAME_EN": "People's Republic of China" }, "geometry": { "type": "LineString", "coordinates": [ [ 105.116, 23.937 ], [ 105.309, 23.869 ], [ 105.377, 23.84 ], [ 105.421, 23.816 ], [ 105.468, 23.78 ], [ 105.506, 23.754 ], [ 105.538, 23.725 ], [ 105.568, 23.691 ], [ 105.61, 23.651 ], [ 105.651, 23.626 ], [ 105.672, 23.608 ], [ 105.693, 23.574 ], [ 105.7, 23.551 ], [ 105.722, 23.538 ], [ 105.74, 23.524 ], [ 105.751, 23.51 ], [ 105.759, 23.487 ], [ 105.766, 23.453 ], [ 105.781, 23.424 ] ] } },
{ "type": "Feature", "properties": { "average_dip": "(90.0,,)", "average_rake": "(180.0,,)", "catalog_id": "EOS_AF0384", "catalog_name": "EOS_SE_Asia", "dip_dir": null, "lower_seis_depth": "(15.0,,)", "name": null, "net_slip_rate": null, "slip_type": "Dextral", "upper_seis_depth": "(1.0,,)", "downthrown_side_id": null, "reference": null, "epistemic_quality": null, "accuracy": null, "activity_confidence": null, "fs_name": null, "last_movement": null, "downthrown_side_dir": null, "vert_sep_rate": null, "strike_slip_rate": null, "exposure_quality": null, "shortening_rate": null, "notes": null, "index_right": 9, "NAME_EN": "People's Republic of China" }, "geometry": { "type": "LineString", "coordinates": [ [ 106.256, 22.688 ], [ 106.3, 22.614 ], [ 106.331, 22.546 ], [ 106.339, 22.494 ], [ 106.428, 22.296 ], [ 106.496, 22.208 ], [ 106.549, 22.16 ], [ 106.608, 22.06 ], [ 106.669, 21.977 ], [ 106.737, 21.898 ], [ 106.806, 21.835 ], [ 106.876, 21.78 ], [ 106.92, 21.742 ], [ 106.971, 21.691 ], [ 107.014, 21.634 ], [ 107.044, 21.599 ], [ 107.127, 21.521 ], [ 107.161, 21.481 ], [ 107.211, 21.432 ], [ 107.271, 21.39 ], [ 107.326, 21.364 ], [ 107.408, 21.329 ], [ 107.462, 21.317 ] ] } },
{ "type": "Feature", "properties": { "average_dip": "(90.0,,)", "average_rake": "(180.0,,)", "catalog_id": "EOS_AF0385", "catalog_name": "EOS_SE_Asia", "dip_dir": null, "lower_seis_depth": "(15.0,,)", "name": null, "net_slip_rate": null, "slip_type": "Dextral", "upper_seis_depth": "(1.0,,)", "downthrown_side_id": null, "reference": null, "epistemic_quality": null, "accuracy": null, "activity_confidence": null, "fs_name": null, "last_movement": null, "downthrown_side_dir": null, "vert_sep_rate": null, "strike_slip_rate": null, "exposure_quality": null, "shortening_rate": null, "notes": null, "index_right": 9, "NAME_EN": "People's Republic of China" }, "geometry": { "type": "LineString", "coordinates": [ [ 105.687, 23.431 ], [ 105.729, 23.408 ], [ 105.775, 23.378 ], [ 105.815, 23.327 ], [ 105.844, 23.283 ], [ 105.874, 23.226 ], [ 105.899, 23.16 ], [ 105.917, 23.105 ], [ 106.01, 22.901 ], [ 106.04, 22.842 ], [ 106.08, 22.78 ], [ 106.122, 22.731 ], [ 106.162, 22.696 ], [ 106.199, 22.659 ], [ 106.217, 22.628 ], [ 106.237, 22.556 ], [ 106.285, 22.472 ] ] } },
{ "type": "Feature", "properties": { "average_dip": "(60.0,,)", "average_rake": "(-90.0,,)", "catalog_id": "EOS_AF0386", "catalog_name": "EOS_SE_Asia", "dip_dir": null, "lower_seis_depth": "(15.0,,)", "name": null, "net_slip_rate": null, "slip_type": "Normal", "upper_seis_depth": "(1.0,,)", "downthrown_side_id": null, "reference": null, "epistemic_quality": null, "accuracy": null, "activity_confidence": null, "fs_name": null, "last_movement": null, "downthrown_side_dir": null, "vert_sep_rate": null, "strike_slip_rate": null, "exposure_quality": null, "shortening_rate": null, "notes": null, "index_right": 9, "NAME_EN": "People's Republic of China" }, "geometry": { "type": "LineString", "coordinates": [ [ 103.79, 24.557 ], [ 103.791, 24.535 ], [ 103.788, 24.521 ], [ 103.775, 24.483 ], [ 103.758, 24.45 ], [ 103.747, 24.386 ], [ 103.736, 24.368 ], [ 103.719, 24.355 ], [ 103.714, 24.343 ], [ 103.706, 24.336 ], [ 103.677, 24.333 ], [ 103.661, 24.327 ], [ 103.635, 24.309 ], [ 103.619, 24.3 ], [ 103.611, 24.291 ], [ 103.598, 24.282 ], [ 103.593, 24.275 ] ] } },
{ "type": "Feature", "properties": { "average_dip": "(90.0,,)", "average_rake": "(180.0,,)", "catalog_id": "EOS_AF0389", "catalog_name": "EOS_SE_Asia", "dip_dir": null, "lower_seis_depth": "(15.0,,)", "name": null, "net_slip_rate": null, "slip_type": "Dextral", "upper_seis_depth": "(1.0,,)", "downthrown_side_id": null, "reference": null, "epistemic_quality": null, "accuracy": null, "activity_confidence": null, "fs_name": null, "last_movement": null, "downthrown_side_dir": null, "vert_sep_rate": null, "strike_slip_rate": null, "exposure_quality": null, "shortening_rate": null, "notes": null, "index_right": 9, "NAME_EN": "People's Republic of China" }, "geometry": { "type": "LineString", "coordinates": [ [ 105.842, 23.356 ], [ 105.92, 23.329 ], [ 105.979, 23.3 ], [ 106.027, 23.269 ], [ 106.112, 23.184 ], [ 106.172, 23.139 ], [ 106.248, 23.089 ], [ 106.309, 23.052 ], [ 106.353, 23.014 ], [ 106.388, 22.974 ], [ 106.429, 22.941 ], [ 106.485, 22.911 ], [ 106.611, 22.834 ] ] } },
{ "type": "Feature", "properties": { "average_dip": "(90.0,,)", "average_rake": "(180.0,,)", "catalog_id": "EOS_AF0399", "catalog_name": "EOS_SE_Asia", "dip_dir": null, "lower_seis_depth": "(15.0,,)", "name": null, "net_slip_rate": null, "slip_type": "Dextral", "upper_seis_depth": "(1.0,,)", "downthrown_side_id": null, "reference": null, "epistemic_quality": null, "accuracy": null, "activity_confidence": null, "fs_name": null, "last_movement": null, "downthrown_side_dir": null, "vert_sep_rate": null, "strike_slip_rate": null, "exposure_quality": null, "shortening_rate": null, "notes": null, "index_right": 9, "NAME_EN": "People's Republic of China" }, "geometry": { "type": "LineString", "coordinates": [ [ 100.751, 24.868 ], [ 100.784, 24.818 ], [ 100.814, 24.745 ], [ 100.843, 24.699 ], [ 100.874, 24.657 ], [ 100.909, 24.582 ], [ 100.93, 24.53 ], [ 100.944, 24.461 ], [ 100.957, 24.416 ] ] } },
{ "type": "Feature", "properties": { "average_dip": "(60.0,,)", "average_rake": "(-90.0,,)", "catalog_id": "EOS_AF0400", "catalog_name": "EOS_SE_Asia", "dip_dir": null, "lower_seis_depth": "(15.0,,)", "name": null, "net_slip_rate": null, "slip_type": "Normal", "upper_seis_depth": "(1.0,,)", "downthrown_side_id": null, "reference": null, "epistemic_quality": null, "accuracy": null, "activity_confidence": null, "fs_name": null, "last_movement": null, "downthrown_side_dir": null, "vert_sep_rate": null, "strike_slip_rate": null, "exposure_quality": null, "shortening_rate": null, "notes": null, "index_right": 9, "NAME_EN": "People's Republic of China" }, "geometry": { "type": "LineString", "coordinates": [ [ 100.535, 26.319 ], [ 100.549, 26.355 ], [ 100.55, 26.398 ], [ 100.57, 26.469 ], [ 100.569, 26.486 ], [ 100.578, 26.501 ], [ 100.584, 26.542 ], [ 100.603, 26.637 ], [ 100.625, 26.709 ], [ 100.639, 26.739 ] ] } },
{ "type": "Feature", "properties": { "average_dip": "(90.0,,)", "average_rake": "(0.0,,)", "catalog_id": "EOS_AF0401", "catalog_name": "EOS_SE_Asia", "dip_dir": null, "lower_seis_depth": "(15.0,,)", "name": null, "net_slip_rate": null, "slip_type": "Sinistral", "upper_seis_depth": "(1.0,,)", "downthrown_side_id": null, "reference": null, "epistemic_quality": null, "accuracy": null, "activity_confidence": null, "fs_name": null, "last_movement": null, "downthrown_side_dir": null, "vert_sep_rate": null, "strike_slip_rate": null, "exposure_quality": null, "shortening_rate": null, "notes": null, "index_right": 9, "NAME_EN": "People's Republic of China" }, "geometry": { "type": "LineString", "coordinates": [ [ 103.017, 24.06 ], [ 103.064, 24.115 ], [ 103.083, 24.144 ], [ 103.096, 24.212 ], [ 103.097, 24.24 ], [ 103.103, 24.265 ], [ 103.115, 24.363 ], [ 103.109, 24.376 ], [ 103.117, 24.44 ], [ 103.127, 24.47 ] ] } },
{ "type": "Feature", "properties": { "average_dip": "(90.0,,)", "average_rake": "(0.0,,)", "catalog_id": "EOS_AF0409", "catalog_name": "EOS_SE_Asia", "dip_dir": null, "lower_seis_depth": "(15.0,,)", "name": null, "net_slip_rate": null, "slip_type": "Sinistral", "upper_seis_depth": "(1.0,,)", "downthrown_side_id": null, "reference": null, "epistemic_quality": null, "accuracy": null, "activity_confidence": null, "fs_name": null, "last_movement": null, "downthrown_side_dir": null, "vert_sep_rate": null, "strike_slip_rate": null, "exposure_quality": null, "shortening_rate": null, "notes": null, "index_right": 9, "NAME_EN": "People's Republic of China" }, "geometry": { "type": "LineString", "coordinates": [ [ 104.13, 23.206 ], [ 104.11, 23.175 ], [ 104.073, 23.105 ], [ 104.062, 23.08 ], [ 104.056, 23.052 ], [ 104.055, 23.02 ], [ 104.044, 22.971 ], [ 104.028, 22.879 ], [ 104.025, 22.847 ], [ 104.01, 22.778 ], [ 104.004, 22.743 ], [ 103.999, 22.681 ], [ 104.002, 22.624 ], [ 104.009, 22.599 ], [ 104.009, 22.58 ] ] } },
{ "type": "Feature", "properties": { "average_dip": "(90.0,,)", "average_rake": "(0.0,,)", "catalog_id": "EOS_AF0412", "catalog_name": "EOS_SE_Asia", "dip_dir": null, "lower_seis_depth": "(15.0,,)", "name": null, "net_slip_rate": null, "slip_type": "Sinistral", "upper_seis_depth": "(1.0,,)", "downthrown_side_id": null, "reference": null, "epistemic_quality": null, "accuracy": null, "activity_confidence": null, "fs_name": null, "last_movement": null, "downthrown_side_dir": null, "vert_sep_rate": null, "strike_slip_rate": null, "exposure_quality": null, "shortening_rate": null, "notes": null, "index_right": 9, "NAME_EN": "People's Republic of China" }, "geometry": { "type": "LineString", "coordinates": [ [ 104.251, 22.552 ], [ 104.314, 22.659 ], [ 104.353, 22.717 ], [ 104.387, 22.767 ], [ 104.425, 22.814 ], [ 104.464, 22.866 ], [ 104.49, 22.905 ], [ 104.51, 22.948 ] ] } },
{ "type": "Feature", "properties": { "average_dip": "(90.0,,)", "average_rake": "(0.0,,)", "catalog_id": "EOS_AF0413", "catalog_name": "EOS_SE_Asia", "dip_dir": null, "lower_seis_depth": "(15.0,,)", "name": null, "net_slip_rate": null, "slip_type": "Sinistral", "upper_seis_depth": "(1.0,,)", "downthrown_side_id": null, "reference": null, "epistemic_quality": null, "accuracy": null, "activity_confidence": null, "fs_name": null, "last_movement": null, "downthrown_side_dir": null, "vert_sep_rate": null, "strike_slip_rate": null, "exposure_quality": null, "shortening_rate": null, "notes": null, "index_right": 9, "NAME_EN": "People's Republic of China" }, "geometry": { "type": "LineString", "coordinates": [ [ 104.41, 23.096 ], [ 104.378, 23.04 ], [ 104.312, 22.902 ], [ 104.284, 22.852 ], [ 104.266, 22.807 ], [ 104.239, 22.752 ], [ 104.213, 22.683 ], [ 104.195, 22.603 ], [ 104.185, 22.541 ], [ 104.183, 22.512 ], [ 104.185, 22.467 ] ] } },
{ "type": "Feature", "properties": { "average_dip": "(90.0,,)", "average_rake": "(180.0,,)", "catalog_id": "EOS_AF0414", "catalog_name": "EOS_SE_Asia", "dip_dir": null, "lower_seis_depth": "(15.0,,)", "name": null, "net_slip_rate": null, "slip_type": "Dextral", "upper_seis_depth": "(1.0,,)", "downthrown_side_id": null, "reference": null, "epistemic_quality": null, "accuracy": null, "activity_confidence": null, "fs_name": null, "last_movement": null, "downthrown_side_dir": null, "vert_sep_rate": null, "strike_slip_rate": null, "exposure_quality": null, "shortening_rate": null, "notes": null, "index_right": 9, "NAME_EN": "People's Republic of China" }, "geometry": { "type": "LineString", "coordinates": [ [ 104.871, 24.529 ], [ 105.036, 24.489 ], [ 105.113, 24.468 ], [ 105.256, 24.411 ], [ 105.352, 24.375 ], [ 105.397, 24.36 ], [ 105.541, 24.338 ], [ 105.599, 24.32 ], [ 105.74, 24.271 ], [ 105.841, 24.232 ] ] } },
{ "type": "Feature", "properties": { "average_dip": "(90.0,,)", "average_rake": "(180.0,,)", "catalog_id": "EOS_AF0415", "catalog_name": "EOS_SE_Asia", "dip_dir": null, "lower_seis_depth": "(15.0,,)", "name": null, "net_slip_rate": null, "slip_type": "Dextral", "upper_seis_depth": "(1.0,,)", "downthrown_side_id": null, "reference": null, "epistemic_quality": null, "accuracy": null, "activity_confidence": null, "fs_name": null, "last_movement": null, "downthrown_side_dir": null, "vert_sep_rate": null, "strike_slip_rate": null, "exposure_quality": null, "shortening_rate": null, "notes": null, "index_right": 9, "NAME_EN": "People's Republic of China" }, "geometry": { "type": "LineString", "coordinates": [ [ 104.721, 24.506 ], [ 104.851, 24.488 ], [ 104.964, 24.464 ], [ 105.076, 24.426 ], [ 105.226, 24.354 ], [ 105.398, 24.293 ], [ 105.482, 24.252 ], [ 105.567, 24.223 ], [ 105.705, 24.168 ], [ 105.721, 24.166 ] ] } },
{ "type": "Feature", "properties": { "average_dip": "(90.0,,)", "average_rake": "(180.0,,)", "catalog_id": "EOS_AF0416", "catalog_name": "EOS_SE_Asia", "dip_dir": null, "lower_seis_depth": "(15.0,,)", "name": null, "net_slip_rate": null, "slip_type": "Dextral", "upper_seis_depth": "(1.0,,)", "downthrown_side_id": null, "reference": null, "epistemic_quality": null, "accuracy": null, "activity_confidence": null, "fs_name": null, "last_movement": null, "downthrown_side_dir": null, "vert_sep_rate": null, "strike_slip_rate": null, "exposure_quality": null, "shortening_rate": null, "notes": null, "index_right": 9, "NAME_EN": "People's Republic of China" }, "geometry": { "type": "LineString", "coordinates": [ [ 104.579, 24.717 ], [ 104.669, 24.724 ], [ 104.762, 24.738 ], [ 105.078, 24.775 ], [ 105.146, 24.778 ], [ 105.21, 24.785 ], [ 105.255, 24.786 ], [ 105.396, 24.769 ], [ 105.58, 24.736 ], [ 105.709, 24.698 ], [ 105.845, 24.635 ], [ 105.908, 24.588 ], [ 105.987, 24.503 ], [ 106.07, 24.433 ], [ 106.112, 24.402 ], [ 106.308, 24.216 ], [ 106.373, 24.161 ], [ 106.499, 24.073 ], [ 106.577, 24.046 ], [ 106.65, 24.023 ], [ 106.749, 23.987 ], [ 106.775, 23.965 ], [ 106.812, 23.945 ], [ 106.851, 23.93 ] ] } },
{ "type": "Feature", "properties": { "average_dip": "(90.0,,)", "average_rake": "(180.0,,)", "catalog_id": "EOS_AF0417", "catalog_name": "EOS_SE_Asia", "dip_dir": null, "lower_seis_depth": "(15.0,,)", "name": null, "net_slip_rate": null, "slip_type": "Dextral", "upper_seis_depth": "(1.0,,)", "downthrown_side_id": null, "reference": null, "epistemic_quality": null, "accuracy": null, "activity_confidence": null, "fs_name": null, "last_movement": null, "downthrown_side_dir": null, "vert_sep_rate": null, "strike_slip_rate": null, "exposure_quality": null, "shortening_rate": null, "notes": null, "index_right": 9, "NAME_EN": "People's Republic of China" }, "geometry": { "type": "LineString", "coordinates": [ [ 107.096, 23.717 ], [ 107.138, 23.692 ], [ 107.178, 23.662 ], [ 107.248, 23.596 ], [ 107.31, 23.542 ], [ 107.378, 23.47 ], [ 107.487, 23.375 ], [ 107.533, 23.325 ], [ 107.577, 23.286 ], [ 107.606, 23.257 ], [ 107.643, 23.224 ], [ 107.693, 23.19 ] ] } },
{ "type": "Feature", "properties": { "average_dip": "(90,,)", "average_rake": null, "catalog_id": "NEA_53", "catalog_name": "GEM_NE_Asia", "dip_dir": null, "lower_seis_depth": null, "name": "Fuyun Fault (south segment)", "net_slip_rate": null, "slip_type": "Dextral", "upper_seis_depth": null, "downthrown_side_id": null, "reference": "Klinger et al., 2011", "epistemic_quality": "1", "accuracy": "20000", "activity_confidence": "1", "fs_name": null, "last_movement": "1931", "downthrown_side_dir": null, "vert_sep_rate": null, "strike_slip_rate": null, "exposure_quality": "1", "shortening_rate": null, "notes": "Incredible offsets from the 1931 rupture. ~6 m characteristic slip over the past 5 earthquakes.", "index_right": 9, "NAME_EN": "People's Republic of China" }, "geometry": { "type": "LineString", "coordinates": [ [ 90.160614174409574, 46.400091812250281, 0.0 ], [ 90.161665175739302, 46.396185162902263, 0.0 ], [ 90.152312213933669, 46.341126771617603, 0.0 ], [ 90.153287095710922, 46.334752925699902, 0.0 ], [ 90.14858827579873, 46.322138727442912, 0.0 ], [ 90.148919022686158, 46.296750484047593, 0.0 ], [ 90.155560177554236, 46.27785313109726, 0.0 ], [ 90.164186347015686, 46.260258454063248, 0.0 ], [ 90.180115688550643, 46.244057765814567, 0.0 ], [ 90.20387439001253, 46.212327522212568, 0.0 ], [ 90.293075752366263, 46.080572122587377, 0.0 ], [ 90.294664811496901, 46.067948279150528, 0.0 ], [ 90.299412026847406, 46.053030052320842, 0.0 ], [ 90.301703963776802, 46.052010725025212, 0.0 ], [ 90.302525720604947, 46.048913056462553, 0.0 ], [ 90.303381575922771, 46.031360391462492, 0.0 ], [ 90.305743890394083, 46.026716931670379, 0.0 ] ] } },
{ "type": "Feature", "properties": { "average_dip": "(15,10,40)", "average_rake": null, "catalog_id": "NEA_54", "catalog_name": "GEM_NE_Asia", "dip_dir": "N", "lower_seis_depth": null, "name": "Fuyun Fault, southern endcap", "net_slip_rate": null, "slip_type": "Reverse", "upper_seis_depth": null, "downthrown_side_id": null, "reference": "Klinger et al., 2011", "epistemic_quality": "1", "accuracy": "20000", "activity_confidence": "1", "fs_name": "Fuyun Fault", "last_movement": null, "downthrown_side_dir": null, "vert_sep_rate": null, "strike_slip_rate": null, "exposure_quality": "1", "shortening_rate": null, "notes": "Really strange reverse fault at end of dextral fault", "index_right": 9, "NAME_EN": "People's Republic of China" }, "geometry": { "type": "LineString", "coordinates": [ [ 90.329690602282085, 46.04563472546193, 0.0 ], [ 90.325726209258022, 46.031124983063158, 0.0 ], [ 90.318791638195762, 46.02641266029751, 0.0 ], [ 90.305875700100032, 46.026792059537577, 0.0 ] ] } },
{ "type": "Feature", "properties": { "average_dip": "(90,,)", "average_rake": null, "catalog_id": "NEA_55", "catalog_name": "GEM_NE_Asia", "dip_dir": null, "lower_seis_depth": null, "name": "Fuyun Fault, south central segment", "net_slip_rate": null, "slip_type": "Dextral", "upper_seis_depth": null, "downthrown_side_id": null, "reference": "Klinger et al. 2011", "epistemic_quality": "1", "accuracy": "20000", "activity_confidence": "1", "fs_name": "Fuyun Fault", "last_movement": "1931", "downthrown_side_dir": null, "vert_sep_rate": null, "strike_slip_rate": null, "exposure_quality": "1", "shortening_rate": null, "notes": "Beautiful tectonic geomorphology", "index_right": 9, "NAME_EN": "People's Republic of China" }, "geometry": { "type": "LineString", "coordinates": [ [ 89.970926313100549, 46.649701142350068, 0.0 ], [ 89.972401141915796, 46.641586432054417, 0.0 ], [ 89.976204258293706, 46.638480142558741, 0.0 ], [ 89.979388263304216, 46.628716104996897, 0.0 ], [ 89.983779818652962, 46.623194583441027, 0.0 ], [ 89.989928798920445, 46.619264257698951, 0.0 ], [ 89.99360609045236, 46.611943140147041, 0.0 ], [ 90.00277115578308, 46.606366733829773, 0.0 ], [ 90.01337491499369, 46.595746444136559, 0.0 ], [ 90.014633689459473, 46.592388063885892, 0.0 ], [ 90.021237656647699, 46.58569909617507, 0.0 ], [ 90.025259368128175, 46.574836514313077, 0.0 ], [ 90.029708164347028, 46.571672220579799, 0.0 ], [ 90.041159593901639, 46.567766576849472, 0.0 ], [ 90.049980255752885, 46.561251609794752, 0.0 ], [ 90.064226897056926, 46.543894926071303, 0.0 ], [ 90.070925982108804, 46.538286874853803, 0.0 ], [ 90.082683953850577, 46.520517962364018, 0.0 ], [ 90.09320130055724, 46.502157047680257, 0.0 ], [ 90.097775216176444, 46.487887145023223, 0.0 ], [ 90.103500714104541, 46.479950305328373, 0.0 ], [ 90.104757900273299, 46.468000206077789, 0.0 ], [ 90.109095979708499, 46.455313564750107, 0.0 ], [ 90.107980928012964, 46.447408598396152, 0.0 ], [ 90.110273033803409, 46.436093167432063, 0.0 ], [ 90.108170087381367, 46.426584590390327, 0.0 ], [ 90.119109269479878, 46.421153252904801, 0.0 ], [ 90.129733522775325, 46.394661362808463, 0.0 ], [ 90.130450357459779, 46.379851836587513, 0.0 ], [ 90.141987484726116, 46.367469423454693, 0.0 ] ] } },
{ "type": "Feature", "properties": { "average_dip": "(90,,)", "average_rake": null, "catalog_id": "NEA_56", "catalog_name": "GEM_NE_Asia", "dip_dir": null, "lower_seis_depth": null, "name": "Fuyun Fault Splay", "net_slip_rate": null, "slip_type": "Dextral", "upper_seis_depth": null, "downthrown_side_id": null, "reference": "Klinger et al., 2011", "epistemic_quality": "1", "accuracy": "20000", "activity_confidence": "1", "fs_name": "Fuyun Fault", "last_movement": "1931", "downthrown_side_dir": null, "vert_sep_rate": null, "strike_slip_rate": null, "exposure_quality": "1", "shortening_rate": null, "notes": "Splay from 1931 rupture", "index_right": 9, "NAME_EN": "People's Republic of China" }, "geometry": { "type": "LineString", "coordinates": [ [ 90.103723364775519, 46.479861761119608, 0.0 ], [ 90.10872454653871, 46.472207015399221, 0.0 ], [ 90.123909757069683, 46.4609683826422, 0.0 ] ] } },
{ "type": "Feature", "properties": { "average_dip": "(90,,)", "average_rake": null, "catalog_id": "NEA_57", "catalog_name": "GEM_NE_Asia", "dip_dir": null, "lower_seis_depth": null, "name": "Fuyun Fault, Central Segment", "net_slip_rate": null, "slip_type": "Dextral", "upper_seis_depth": null, "downthrown_side_id": null, "reference": "Klinger et al. 2011", "epistemic_quality": "1", "accuracy": "20000", "activity_confidence": "1", "fs_name": "Fuyun Fault", "last_movement": "1931", "downthrown_side_dir": null, "vert_sep_rate": null, "strike_slip_rate": null, "exposure_quality": "1", "shortening_rate": null, "notes": "1931 rupture. ~6 , displacement per event over past  5 events.", "index_right": 9, "NAME_EN": "People's Republic of China" }, "geometry": { "type": "LineString", "coordinates": [ [ 89.760480666729308, 47.011021360204701, 0.0 ], [ 89.778130436980078, 46.968840159460107, 0.0 ], [ 89.784363760020355, 46.947776001851423, 0.0 ], [ 89.796229298502624, 46.919497246494117, 0.0 ], [ 89.84196840209313, 46.829433607182018, 0.0 ], [ 89.862899561395508, 46.799873376178567, 0.0 ], [ 89.915017475003893, 46.740716798100173, 0.0 ], [ 89.917350404516881, 46.734278420207197, 0.0 ], [ 89.957401590503352, 46.679124458020603, 0.0 ], [ 89.970510639487273, 46.650870251984891, 0.0 ] ] } },
{ "type": "Feature", "properties": { "average_dip": "(75,60,90)", "average_rake": null, "catalog_id": "NEA_58", "catalog_name": "GEM_NE_Asia", "dip_dir": "E", "lower_seis_depth": null, "name": "Fuyun Fault, north segment", "net_slip_rate": null, "slip_type": "Dextral-Normal", "upper_seis_depth": null, "downthrown_side_id": null, "reference": "Klinger et al. 2011", "epistemic_quality": "1", "accuracy": "50000", "activity_confidence": "1", "fs_name": "Fuyun Fault", "last_movement": "1931", "downthrown_side_dir": "E", "vert_sep_rate": null, "strike_slip_rate": null, "exposure_quality": "1", "shortening_rate": null, "notes": null, "index_right": 9, "NAME_EN": "People's Republic of China" }, "geometry": { "type": "LineString", "coordinates": [ [ 89.647436209749216, 47.373271183562117, 0.0 ], [ 89.679774215837156, 47.308124797536848, 0.0 ], [ 89.680439527080381, 47.294993825275931, 0.0 ], [ 89.683269880296294, 47.287181428073993, 0.0 ], [ 89.687064678920962, 47.2541714684303, 0.0 ] ] } },
{ "type": "Feature", "properties": { "average_dip": "(75,65,90)", "average_rake": null, "catalog_id": "NEA_59", "catalog_name": "GEM_NE_Asia", "dip_dir": "E", "lower_seis_depth": null, "name": "Fuyun Fault, north central segment", "net_slip_rate": null, "slip_type": "Dextral-Normal", "upper_seis_depth": null, "downthrown_side_id": null, "reference": "Klinger et al., 2011", "epistemic_quality": "1", "accuracy": "50000", "activity_confidence": "1", "fs_name": "Fuyun Fault", "last_movement": "1931", "downthrown_side_dir": "E", "vert_sep_rate": null, "strike_slip_rate": null, "exposure_quality": "1", "shortening_rate": null, "notes": null, "index_right": 9, "NAME_EN": "People's Republic of China" }, "geometry": { "type": "LineString", "coordinates": [ [ 89.69369005444571, 47.283293431131078, 0.0 ], [ 89.701214274564762, 47.258732439075523, 0.0 ], [ 89.710546952135488, 47.199450803191844, 0.0 ], [ 89.72188014619735, 47.169095334250514, 0.0 ], [ 89.725571975824437, 47.151580239255722, 0.0 ], [ 89.732930809110911, 47.134398322236706, 0.0 ], [ 89.73178343026261, 47.117761420910718, 0.0 ], [ 89.742442912913077, 47.084306773344153, 0.0 ], [ 89.750289194442388, 47.046764751863464, 0.0 ], [ 89.760405117385645, 47.011005515320043, 0.0 ] ] } },
{ "type": "Feature", "properties": { "average_dip": "(90,,)", "average_rake": null, "catalog_id": "NEA_79", "catalog_name": "GEM_NE_Asia", "dip_dir": null, "lower_seis_depth": null, "name": null, "net_slip_rate": null, "slip_type": "Sinistral", "upper_seis_depth": null, "downthrown_side_id": null, "reference": "Google Earth", "epistemic_quality": "1", "accuracy": "30000", "activity_confidence": "1", "fs_name": null, "last_movement": null, "downthrown_side_dir": null, "vert_sep_rate": null, "strike_slip_rate": null, "exposure_quality": "1", "shortening_rate": null, "notes": "Found on Google EArth. Good stepover geomorphology.", "index_right": 9, "NAME_EN": "People's Republic of China" }, "geometry": { "type": "LineString", "coordinates": [ [ 90.605152864760655, 45.567659282336713, 0.0 ], [ 90.628991886198691, 45.580370662274028, 0.0 ], [ 90.721627493321705, 45.622195391251928, 0.0 ], [ 90.776587130057663, 45.643596085010188, 0.0 ], [ 90.787207726545518, 45.650372069361829, 0.0 ], [ 90.811053309228186, 45.661559870344881, 0.0 ], [ 90.894451025170909, 45.682484758949961, 0.0 ], [ 90.918958179305605, 45.690515568689761, 0.0 ] ] } },
{ "type": "Feature", "properties": { "average_dip": "(90,,)", "average_rake": null, "catalog_id": "NEA_80", "catalog_name": "GEM_NE_Asia", "dip_dir": null, "lower_seis_depth": null, "name": "Baruum-Hurray Fault (western segment)", "net_slip_rate": null, "slip_type": "Sinistral", "upper_seis_depth": null, "downthrown_side_id": null, "reference": "Baljinnyam et al., 1993; Google Earth", "epistemic_quality": "1", "accuracy": "30000", "activity_confidence": "1", "fs_name": null, "last_movement": null, "downthrown_side_dir": null, "vert_sep_rate": null, "strike_slip_rate": null, "exposure_quality": "1", "shortening_rate": null, "notes": "Long rupture observed (and inferred in places) in Google Earth.  Taylor 2010 puts a fault through here too, probably based on SRTM 90.", "index_right": 9, "NAME_EN": "People's Republic of China" }, "geometry": { "type": "LineString", "coordinates": [ [ 90.56064895101116, 45.736022599917433, 0.0 ], [ 90.61438355484475, 45.733334507879242, 0.0 ], [ 90.655855707640725, 45.728938304740574, 0.0 ], [ 90.685231827488181, 45.729565024191501, 0.0 ], [ 90.736234802111738, 45.727685836537077, 0.0 ], [ 90.821637063266081, 45.720632479900587, 0.0 ], [ 90.955147404844794, 45.713719421156092, 0.0 ], [ 91.021644674242765, 45.719009058668213, 0.0 ], [ 91.134310789471357, 45.736946489359802, 0.0 ], [ 91.208426717269518, 45.753925337354758, 0.0 ], [ 91.282642395589562, 45.773131477641201, 0.0 ], [ 91.33103389643918, 45.793157303292389, 0.0 ], [ 91.375346541734601, 45.806081786368743, 0.0 ], [ 91.40905243425118, 45.811120031645054, 0.0 ], [ 91.427752838296655, 45.812162996041131, 0.0 ], [ 91.447499016903691, 45.810787086930382, 0.0 ], [ 91.481831977224857, 45.815978853835666, 0.0 ], [ 91.547353519507809, 45.819192812942852, 0.0 ], [ 91.555710492295759, 45.822077866152938, 0.0 ], [ 91.567750641199709, 45.82290374015782, 0.0 ], [ 91.606942183893679, 45.830683151766273, 0.0 ], [ 91.665097895765683, 45.84769052685472, 0.0 ], [ 91.688668728274223, 45.852562551632182, 0.0 ] ] } },
{ "type": "Feature", "properties": { "average_dip": "(90,,)", "average_rake": null, "catalog_id": "NEA_82", "catalog_name": "GEM_NE_Asia", "dip_dir": null, "lower_seis_depth": null, "name": "Bulgan Gol fault (western segment)", "net_slip_rate": null, "slip_type": "Sinistral", "upper_seis_depth": null, "downthrown_side_id": null, "reference": "Google Earth", "epistemic_quality": "1", "accuracy": "30000", "activity_confidence": "1", "fs_name": null, "last_movement": null, "downthrown_side_dir": null, "vert_sep_rate": null, "strike_slip_rate": null, "exposure_quality": "1", "shortening_rate": null, "notes": "Rupture mapped in Google Earth. Continues eastward but quaternary activity east of this structure is unclear.", "index_right": 9, "NAME_EN": "People's Republic of China" }, "geometry": { "type": "LineString", "coordinates": [ [ 90.68703352755756, 46.136313454599652, 0.0 ], [ 90.729235638432939, 46.133366811097282, 0.0 ], [ 90.845247950759784, 46.130665728357918, 0.0 ], [ 90.962785038476369, 46.122407547578092, 0.0 ], [ 90.981342786001932, 46.118520470604253, 0.0 ], [ 91.059283048514857, 46.111853933798187, 0.0 ], [ 91.121767182786286, 46.110346282773101, 0.0 ], [ 91.165152907031796, 46.106610671581507, 0.0 ], [ 91.202668168590975, 46.106785959226372, 0.0 ], [ 91.285370798106484, 46.112023078305768, 0.0 ], [ 91.326023114464078, 46.117303553070201, 0.0 ], [ 91.362040969190886, 46.119616528966667, 0.0 ] ] } },
{ "type": "Feature", "properties": { "average_dip": "(60,40,90)", "average_rake": null, "catalog_id": "NEA_65", "catalog_name": "GEM_NE_Asia", "dip_dir": "E", "lower_seis_depth": null, "name": null, "net_slip_rate": null, "slip_type": "Dextral-Reverse", "upper_seis_depth": null, "downthrown_side_id": null, "reference": "DEM", "epistemic_quality": "1", "accuracy": "60000", "activity_confidence": "1", "fs_name": null, "last_movement": null, "downthrown_side_dir": "W", "vert_sep_rate": null, "strike_slip_rate": null, "exposure_quality": "1", "shortening_rate": null, "notes": null, "index_right": 9, "NAME_EN": "People's Republic of China" }, "geometry": { "type": "LineString", "coordinates": [ [ 90.286894500763125, 45.825947933940014, 0.0 ], [ 90.306947324269913, 45.810226284242425, 0.0 ], [ 90.33460670622236, 45.793882842652941, 0.0 ], [ 90.358801629826544, 45.771805179676875, 0.0 ], [ 90.380048053632763, 45.759747625792969, 0.0 ], [ 90.409808647897407, 45.73227191350685, 0.0 ], [ 90.418582704572216, 45.722009947269811, 0.0 ], [ 90.438600844083496, 45.705811927283818, 0.0 ], [ 90.467536723883043, 45.685704561861797, 0.0 ] ] } },
{ "type": "Feature", "properties": { "average_dip": "(60,40,90)", "average_rake": null, "catalog_id": "NEA_66", "catalog_name": "GEM_NE_Asia", "dip_dir": "E", "lower_seis_depth": null, "name": null, "net_slip_rate": null, "slip_type": "Dextral-Reverse", "upper_seis_depth": null, "downthrown_side_id": null, "reference": "DEM", "epistemic_quality": "1", "accuracy": "60000", "activity_confidence": "1", "fs_name": null, "last_movement": null, "downthrown_side_dir": "W", "vert_sep_rate": null, "strike_slip_rate": null, "exposure_quality": "1", "shortening_rate": null, "notes": null, "index_right": 9, "NAME_EN": "People's Republic of China" }, "geometry": { "type": "LineString", "coordinates": [ [ 90.341814529913421, 45.935282450328685, 0.0 ], [ 90.347849582750456, 45.927343309937086, 0.0 ], [ 90.360394721508072, 45.92206925057711, 0.0 ], [ 90.391347177527138, 45.902813466103574, 0.0 ], [ 90.416544036512832, 45.867908244076183, 0.0 ], [ 90.431470531922685, 45.859539571640511, 0.0 ], [ 90.467288238921483, 45.826681378951029, 0.0 ], [ 90.476213871569939, 45.814455769079736, 0.0 ], [ 90.484885428373772, 45.796925939927178, 0.0 ], [ 90.501278183978073, 45.777258046353218, 0.0 ], [ 90.514239872744966, 45.765782187085769, 0.0 ], [ 90.526745569338132, 45.757464949968728, 0.0 ], [ 90.536681478301091, 45.745876434543149, 0.0 ], [ 90.548425433708388, 45.741916106631734, 0.0 ] ] } },
{ "type": "Feature", "properties": { "average_dip": "(30,20,50)", "average_rake": null, "catalog_id": "NEA_67", "catalog_name": "GEM_NE_Asia", "dip_dir": "NE", "lower_seis_depth": null, "name": null, "net_slip_rate": null, "slip_type": "Reverse", "upper_seis_depth": null, "downthrown_side_id": null, "reference": "DEM", "epistemic_quality": "1", "accuracy": "50000", "activity_confidence": "1", "fs_name": null, "last_movement": null, "downthrown_side_dir": "SW", "vert_sep_rate": null, "strike_slip_rate": null, "exposure_quality": "1", "shortening_rate": null, "notes": "Beautiful on DEM. Almost certainly merges with main thrust to NE.", "index_right": 9, "NAME_EN": "People's Republic of China" }, "geometry": { "type": "LineString", "coordinates": [ [ 90.626235902564162, 45.128824786253098, 0.0 ], [ 90.630852510233368, 45.121119006121283, 0.0 ], [ 90.646462591200248, 45.112142565924806, 0.0 ], [ 90.66985135575321, 45.101928119777178, 0.0 ], [ 90.683381274142846, 45.098019958718773, 0.0 ], [ 90.712119097625333, 45.084505950627488, 0.0 ], [ 90.74812627156146, 45.076841591693011, 0.0 ], [ 90.758298722541042, 45.071899309812814, 0.0 ], [ 90.785113062312561, 45.051791818069361, 0.0 ], [ 90.790840256788201, 45.049265840566093, 0.0 ], [ 90.811422358325416, 45.044982925460317, 0.0 ], [ 90.823615362683086, 45.038439916161046, 0.0 ], [ 90.841130508331091, 45.032078432051939, 0.0 ], [ 90.888996410674167, 45.025082509148795, 0.0 ], [ 90.909858252867394, 45.025966801362721, 0.0 ], [ 90.924028907904756, 45.024787394186561, 0.0 ], [ 90.959368572052369, 45.029396199828355, 0.0 ], [ 91.018506060296076, 45.030843752170213, 0.0 ] ] } },
{ "type": "Feature", "properties": { "average_dip": "(30,20,60)", "average_rake": null, "catalog_id": "NEA_68", "catalog_name": "GEM_NE_Asia", "dip_dir": "W", "lower_seis_depth": null, "name": null, "net_slip_rate": null, "slip_type": "Reverse", "upper_seis_depth": null, "downthrown_side_id": null, "reference": "DEM; Google Earth", "epistemic_quality": "1", "accuracy": "60000", "activity_confidence": "1", "fs_name": null, "last_movement": null, "downthrown_side_dir": "E", "vert_sep_rate": null, "strike_slip_rate": null, "exposure_quality": "1", "shortening_rate": null, "notes": "Very strange, probably misoriented but very clear reverse(?) fault. Uplift of the east at least is clear.", "index_right": 9, "NAME_EN": "People's Republic of China" }, "geometry": { "type": "LineString", "coordinates": [ [ 90.530160409768797, 45.394382350289035, 0.0 ], [ 90.52576290549456, 45.352146814813423, 0.0 ], [ 90.512426980275478, 45.320628797873631, 0.0 ], [ 90.505113328651987, 45.309309901113366, 0.0 ], [ 90.503871986276351, 45.302906895227125, 0.0 ], [ 90.496910384437172, 45.289783726985689, 0.0 ], [ 90.496346340925527, 45.285827351921434, 0.0 ], [ 90.487633101568747, 45.273243888975401, 0.0 ], [ 90.478709919763602, 45.266403810908386, 0.0 ] ] } },
{ "type": "Feature", "properties": { "average_dip": "(60,40,75)", "average_rake": null, "catalog_id": "NEA_69", "catalog_name": "GEM_NE_Asia", "dip_dir": "E", "lower_seis_depth": null, "name": null, "net_slip_rate": null, "slip_type": "Dextral-Reverse", "upper_seis_depth": null, "downthrown_side_id": null, "reference": "DEM", "epistemic_quality": "2", "accuracy": "100000", "activity_confidence": "2", "fs_name": null, "last_movement": null, "downthrown_side_dir": "W", "vert_sep_rate": null, "strike_slip_rate": null, "exposure_quality": "1", "shortening_rate": null, "notes": "This, or a similar nearby structure, clearly bounds a huge transpressional popup (2.5 km relief) and transfers dextral slip along N-S faults ot the north to the east-striking faults to the east. But it's not clear exactly where the surface expression of it is, or how active. I am picking this arrangement but I am a bit uncertain.", "index_right": 9, "NAME_EN": "People's Republic of China" }, "geometry": { "type": "LineString", "coordinates": [ [ 90.569511336405483, 45.407016819719786, 0.0 ], [ 90.607922725796954, 45.34544878534394, 0.0 ], [ 90.618400062903845, 45.331145430224012, 0.0 ], [ 90.619286227208121, 45.324820722774859, 0.0 ], [ 90.635409248093694, 45.29755120124603, 0.0 ], [ 90.644304847899747, 45.278193877235019, 0.0 ], [ 90.650876383113072, 45.270255679923359, 0.0 ], [ 90.688218939866871, 45.24396200332523, 0.0 ], [ 90.695998961113688, 45.236972336599798, 0.0 ], [ 90.718142347023687, 45.214595995191736, 0.0 ], [ 90.728154684929393, 45.200114803891616, 0.0 ], [ 90.74964996202452, 45.186640238796045, 0.0 ], [ 90.76552225091028, 45.173874353110307, 0.0 ], [ 90.801190963524704, 45.159370389035615, 0.0 ], [ 90.814641294758957, 45.150450001104758, 0.0 ], [ 90.827379206600042, 45.139384586453978, 0.0 ], [ 90.866471304096535, 45.118016876959729, 0.0 ], [ 90.894610049040651, 45.100202458749294, 0.0 ], [ 90.928093173571582, 45.085285763534706, 0.0 ], [ 90.959342883947158, 45.065139271471701, 0.0 ], [ 90.975739728060077, 45.062657055526543, 0.0 ] ] } },
{ "type": "Feature", "properties": { "average_dip": "(90,,)", "average_rake": null, "catalog_id": "NEA_89", "catalog_name": "GEM_NE_Asia", "dip_dir": null, "lower_seis_depth": null, "name": null, "net_slip_rate": null, "slip_type": "Dextral", "upper_seis_depth": null, "downthrown_side_id": null, "reference": "DEM", "epistemic_quality": "2", "accuracy": "70000", "activity_confidence": "2", "fs_name": null, "last_movement": null, "downthrown_side_dir": null, "vert_sep_rate": null, "strike_slip_rate": null, "exposure_quality": "1", "shortening_rate": null, "notes": "Good tectonic geomorphology indicating a dextral fault, but may be old.", "index_right": 9, "NAME_EN": "People's Republic of China" }, "geometry": { "type": "LineString", "coordinates": [ [ 91.788199783650299, 44.50235966730753, 0.0 ], [ 91.796287776584165, 44.485164420642093, 0.0 ], [ 91.83611958118793, 44.417936381508888, 0.0 ], [ 91.84957286353719, 44.386191033484806, 0.0 ], [ 91.865157210486174, 44.362070195373519, 0.0 ], [ 91.885188601278244, 44.347829287450942, 0.0 ], [ 91.897846938712377, 44.335287118458425, 0.0 ], [ 91.903945402265123, 44.327268235589067, 0.0 ], [ 91.940136645426662, 44.290797387255445, 0.0 ], [ 91.938282951960531, 44.289917165150413, 0.0 ], [ 91.949248872339311, 44.274903348310268, 0.0 ], [ 91.967279007497282, 44.255373504157767, 0.0 ], [ 91.985465802937284, 44.238873375643713, 0.0 ], [ 92.004154040618488, 44.222685892584543, 0.0 ], [ 92.020054248305016, 44.211726060977554, 0.0 ], [ 92.048146798968503, 44.183348505241817, 0.0 ], [ 92.079848717947698, 44.16262419430722, 0.0 ], [ 92.090835203114537, 44.157137832873502, 0.0 ], [ 92.122538348654942, 44.131253646053601, 0.0 ], [ 92.128363606415164, 44.12351929971075, 0.0 ], [ 92.161625916287846, 44.090393264613922, 0.0 ], [ 92.168567768452476, 44.08101761917289, 0.0 ], [ 92.169669657258041, 44.075289090214071, 0.0 ] ] } },
{ "type": "Feature", "properties": { "average_dip": "(40,20,60)", "average_rake": null, "catalog_id": "NEA_90", "catalog_name": "GEM_NE_Asia", "dip_dir": "NE", "lower_seis_depth": null, "name": null, "net_slip_rate": null, "slip_type": "Reverse", "upper_seis_depth": null, "downthrown_side_id": null, "reference": "DEM", "epistemic_quality": "1", "accuracy": "60000", "activity_confidence": "1", "fs_name": null, "last_movement": null, "downthrown_side_dir": "SW", "vert_sep_rate": null, "strike_slip_rate": null, "exposure_quality": "1", "shortening_rate": null, "notes": null, "index_right": 9, "NAME_EN": "People's Republic of China" }, "geometry": { "type": "LineString", "coordinates": [ [ 90.992546052825915, 45.063667589654727, 0.0 ], [ 91.033046071143602, 45.058338966426163, 0.0 ], [ 91.089502081364571, 45.043825552258561, 0.0 ], [ 91.102749469972807, 45.036986769436879, 0.0 ], [ 91.129618918741556, 45.017262481281065, 0.0 ], [ 91.135736597411082, 45.009965250365397, 0.0 ], [ 91.136839519248738, 44.995923546157108, 0.0 ], [ 91.145597916276756, 44.985606902357965, 0.0 ], [ 91.169038660058632, 44.975754903639547, 0.0 ], [ 91.194942764091209, 44.957045271283491, 0.0 ], [ 91.21647803231123, 44.946670349668153, 0.0 ], [ 91.223149868443357, 44.942186288356602, 0.0 ], [ 91.228787092990146, 44.933734041845916, 0.0 ], [ 91.240071677870944, 44.926970797817901, 0.0 ], [ 91.2458156547806, 44.920186118546113, 0.0 ], [ 91.262614823834085, 44.906780106216054, 0.0 ], [ 91.321519092412956, 44.873013653386757, 0.0 ], [ 91.345972423608615, 44.852108863407523, 0.0 ], [ 91.352543347212389, 44.848977110761254, 0.0 ], [ 91.364827778040492, 44.839205143267158, 0.0 ], [ 91.383378371886508, 44.834917815425946, 0.0 ], [ 91.411403628354932, 44.821372916402446, 0.0 ] ] } },
{ "type": "Feature", "properties": { "average_dip": "(40,20,60)", "average_rake": null, "catalog_id": "NEA_91", "catalog_name": "GEM_NE_Asia", "dip_dir": "NE", "lower_seis_depth": null, "name": null, "net_slip_rate": null, "slip_type": "Reverse", "upper_seis_depth": null, "downthrown_side_id": null, "reference": "DEM", "epistemic_quality": "1", "accuracy": "50000", "activity_confidence": "1", "fs_name": null, "last_movement": null, "downthrown_side_dir": "SW", "vert_sep_rate": null, "strike_slip_rate": null, "exposure_quality": "1", "shortening_rate": null, "notes": null, "index_right": 9, "NAME_EN": "People's Republic of China" }, "geometry": { "type": "LineString", "coordinates": [ [ 91.431993012419326, 44.719951300441018, 0.0 ], [ 91.441159120773918, 44.715680460550168, 0.0 ], [ 91.462095664555477, 44.711603514045215, 0.0 ], [ 91.47069814792971, 44.707843812483759, 0.0 ], [ 91.486586974481696, 44.706566922288538, 0.0 ], [ 91.497144364301349, 44.703846363732829, 0.0 ], [ 91.510856500474915, 44.703487069974329, 0.0 ], [ 91.538210560668162, 44.696479270148799, 0.0 ], [ 91.626121369006867, 44.664834956883482, 0.0 ], [ 91.642550832372393, 44.657270508346414, 0.0 ], [ 91.65223186978443, 44.650878967557212, 0.0 ] ] } },
{ "type": "Feature", "properties": { "average_dip": "(90,,)", "average_rake": null, "catalog_id": "NEA_92", "catalog_name": "GEM_NE_Asia", "dip_dir": null, "lower_seis_depth": null, "name": null, "net_slip_rate": null, "slip_type": "Sinistral", "upper_seis_depth": null, "downthrown_side_id": null, "reference": "DEM; Google Earth", "epistemic_quality": "1", "accuracy": "20000", "activity_confidence": "1", "fs_name": null, "last_movement": null, "downthrown_side_dir": null, "vert_sep_rate": null, "strike_slip_rate": null, "exposure_quality": "1", "shortening_rate": null, "notes": "Clear rupture in Google Earth", "index_right": 9, "NAME_EN": "People's Republic of China" }, "geometry": { "type": "LineString", "coordinates": [ [ 92.558647847923282, 44.924330462364452, 0.0 ], [ 92.595628106834354, 44.933078632882079, 0.0 ], [ 92.717027937303243, 44.956527490527307, 0.0 ], [ 92.729953661919893, 44.960485316143483, 0.0 ], [ 92.753439433396636, 44.964072816714562, 0.0 ], [ 92.801446214578888, 44.968131516623231, 0.0 ], [ 92.932363311752141, 44.974938969251049, 0.0 ], [ 92.999432596752001, 44.97256182975601, 0.0 ], [ 93.060673174445725, 44.964346082916087, 0.0 ] ] } },
{ "type": "Feature", "properties": { "average_dip": "(70,30,90)", "average_rake": null, "catalog_id": "NEA_102", "catalog_name": "GEM_NE_Asia", "dip_dir": "N", "lower_seis_depth": null, "name": null, "net_slip_rate": null, "slip_type": "Sinistral-Reverse", "upper_seis_depth": null, "downthrown_side_id": null, "reference": "DEM; Cunningham Faults", "epistemic_quality": "1", "accuracy": "100000", "activity_confidence": "1", "fs_name": null, "last_movement": null, "downthrown_side_dir": null, "vert_sep_rate": null, "strike_slip_rate": null, "exposure_quality": "1", "shortening_rate": null, "notes": "Connects more visible ruptures", "index_right": 9, "NAME_EN": "People's Republic of China" }, "geometry": { "type": "LineString", "coordinates": [ [ 93.061439389189204, 44.964582452267017, 0.0 ], [ 93.07871240811744, 44.963135033267243, 0.0 ], [ 93.154392535497081, 44.947775014747201, 0.0 ], [ 93.213471572576765, 44.94314868029516, 0.0 ], [ 93.24862596366232, 44.943662156403384, 0.0 ], [ 93.264186607476461, 44.942335893286469, 0.0 ], [ 93.311197511554852, 44.930684444766364, 0.0 ], [ 93.333241270846045, 44.92263554433049, 0.0 ], [ 93.352781098990988, 44.912826023868647, 0.0 ], [ 93.418595561601151, 44.894152690861262, 0.0 ], [ 93.45339132708942, 44.888573419882469, 0.0 ], [ 93.495103371992428, 44.887204581441054, 0.0 ], [ 93.578889996101083, 44.868580561613797, 0.0 ], [ 93.606876977897599, 44.857537148896213, 0.0 ], [ 93.619158646978576, 44.855266389718111, 0.0 ], [ 93.655892249095913, 44.858780883582178, 0.0 ], [ 93.685047987244346, 44.854450490300131, 0.0 ], [ 93.737394954248117, 44.852596795824773, 0.0 ] ] } },
{ "type": "Feature", "properties": { "average_dip": "(70,40,80)", "average_rake": null, "catalog_id": "NEA_30", "catalog_name": "GEM_NE_Asia", "dip_dir": "N", "lower_seis_depth": null, "name": null, "net_slip_rate": null, "slip_type": "Sinistral-Reverse", "upper_seis_depth": null, "downthrown_side_id": null, "reference": "DEM", "epistemic_quality": "1", "accuracy": "30000", "activity_confidence": "1", "fs_name": null, "last_movement": null, "downthrown_side_dir": "S", "vert_sep_rate": null, "strike_slip_rate": null, "exposure_quality": "1", "shortening_rate": null, "notes": "Some rupture visible in Google Earth", "index_right": 9, "NAME_EN": "People's Republic of China" }, "geometry": { "type": "LineString", "coordinates": [ [ 92.096831431369978, 44.952614832077558, 0.0 ], [ 92.11894101899837, 44.960430120390363, 0.0 ], [ 92.153606280553078, 44.965997725314843, 0.0 ], [ 92.177678070130995, 44.965107732031058, 0.0 ], [ 92.195075029533498, 44.961470185378069, 0.0 ], [ 92.226184566592764, 44.962095103798028, 0.0 ], [ 92.23308545116511, 44.958581288591233, 0.0 ], [ 92.255977762756984, 44.954441400527628, 0.0 ], [ 92.299008492607527, 44.948971429324217, 0.0 ], [ 92.305684961160381, 44.946820244751002, 0.0 ], [ 92.318784156233662, 44.947314293578117, 0.0 ], [ 92.327330396534933, 44.944382229833586, 0.0 ], [ 92.347576540360535, 44.941056159323459, 0.0 ], [ 92.399417792148938, 44.938761100467921, 0.0 ], [ 92.419581320346381, 44.935235427202478, 0.0 ], [ 92.447872900254254, 44.935180859911483, 0.0 ], [ 92.471988223368541, 44.931175801067397, 0.0 ], [ 92.555604739947157, 44.923687056534085, 0.0 ] ] } },
{ "type": "Feature", "properties": { "average_dip": "(70,40,80)", "average_rake": null, "catalog_id": "NEA_104", "catalog_name": "GEM_NE_Asia", "dip_dir": "N", "lower_seis_depth": null, "name": null, "net_slip_rate": null, "slip_type": "Sinistral-Reverse", "upper_seis_depth": null, "downthrown_side_id": null, "reference": "DEM", "epistemic_quality": "1", "accuracy": "35000", "activity_confidence": "1", "fs_name": null, "last_movement": null, "downthrown_side_dir": "S", "vert_sep_rate": null, "strike_slip_rate": null, "exposure_quality": "1", "shortening_rate": null, "notes": null, "index_right": 9, "NAME_EN": "People's Republic of China" }, "geometry": { "type": "LineString", "coordinates": [ [ 91.482357856930122, 45.098730460638983, 0.0 ], [ 91.49000615766343, 45.087696719870877, 0.0 ], [ 91.49644059085557, 45.082120155825287, 0.0 ], [ 91.529331840953503, 45.067115625330658, 0.0 ], [ 91.540819763292419, 45.057391308310471, 0.0 ], [ 91.575392588569741, 45.040876816730773, 0.0 ], [ 91.58356800505976, 45.039229039703322, 0.0 ], [ 91.60376476272917, 45.040738831018167, 0.0 ], [ 91.619362123688603, 45.037459997121317, 0.0 ], [ 91.629489891704679, 45.033356684402122, 0.0 ], [ 91.678021852178503, 45.023377282944963, 0.0 ], [ 91.687226096747906, 45.017501579553041, 0.0 ], [ 91.693975822591071, 45.016984300507339, 0.0 ], [ 91.702834513081399, 45.013113753450646, 0.0 ], [ 91.708062946862441, 45.008809986584339, 0.0 ], [ 91.715514500228224, 45.006960280864448, 0.0 ], [ 91.739442634297333, 45.006564106932593, 0.0 ], [ 91.7454448668217, 45.002505678681757, 0.0 ], [ 91.757895966542236, 44.997931600234807, 0.0 ], [ 91.80177792948983, 44.994244898085917, 0.0 ], [ 91.820778893784677, 44.988575461774843, 0.0 ], [ 91.850229751316263, 44.98472462511544, 0.0 ], [ 91.869930391369238, 44.987050710088333, 0.0 ], [ 91.917380172583663, 44.997405246915562, 0.0 ], [ 91.956247929806068, 44.996236889699723, 0.0 ], [ 91.970306540344978, 44.993402860350237, 0.0 ], [ 91.996641878344917, 44.985009664344737, 0.0 ], [ 92.016376574302001, 44.973252448032923, 0.0 ], [ 92.038604254843051, 44.970120250801664, 0.0 ], [ 92.063768863403197, 44.963111068596938, 0.0 ] ] } },
{ "type": "Feature", "properties": { "average_dip": "(90,,)", "average_rake": null, "catalog_id": "NEA_131", "catalog_name": "GEM_NE_Asia", "dip_dir": null, "lower_seis_depth": null, "name": null, "net_slip_rate": null, "slip_type": "Sinistral", "upper_seis_depth": null, "downthrown_side_id": null, "reference": null, "epistemic_quality": "1", "accuracy": "50000", "activity_confidence": "1", "fs_name": null, "last_movement": null, "downthrown_side_dir": null, "vert_sep_rate": null, "strike_slip_rate": null, "exposure_quality": "1", "shortening_rate": null, "notes": "650 km long strike-slip fault, continuous in Google Earth. Poorly studied and kind of terrifying.", "index_right": 9, "NAME_EN": "People's Republic of China" }, "geometry": { "type": "LineString", "coordinates": [ [ 94.796692932496114, 42.990982457230558, 0.0 ], [ 94.89100936834889, 42.986952256716968, 0.0 ], [ 94.926359840002888, 42.989037203262363, 0.0 ], [ 94.964029698593251, 42.989026929455498, 0.0 ], [ 95.01521808925321, 42.995781118527127, 0.0 ], [ 95.077764291898902, 43.008373826757861, 0.0 ], [ 95.343960107036111, 43.073547300942387, 0.0 ], [ 95.430034030371729, 43.086846742388438, 0.0 ], [ 95.56006289383987, 43.115595191949367, 0.0 ], [ 95.58896704510407, 43.125533171419839, 0.0 ], [ 95.698593258951561, 43.171659625219519, 0.0 ], [ 95.753174249724694, 43.195326184781777, 0.0 ], [ 95.807329614829342, 43.222797984418023, 0.0 ], [ 96.038418980737248, 43.308006766473433, 0.0 ], [ 96.105493920628021, 43.322082281822681, 0.0 ], [ 96.147873179238175, 43.333120695793987, 0.0 ], [ 96.219997951354642, 43.340104019933747, 0.0 ], [ 96.303144538650528, 43.345909650608981, 0.0 ], [ 96.431512832597676, 43.365240637535791, 0.0 ], [ 96.466433188473403, 43.364092477037239, 0.0 ], [ 96.518772644700675, 43.358696215413438, 0.0 ], [ 96.562912180852351, 43.359376023541543, 0.0 ], [ 96.594760990096248, 43.364238970785038, 0.0 ], [ 96.650871097539977, 43.36057127533519, 0.0 ], [ 96.726047174788974, 43.361734088760969, 0.0 ], [ 96.808255444502308, 43.357473365620507, 0.0 ], [ 96.863085820559732, 43.351323897407013, 0.0 ], [ 97.006151868034564, 43.353874933302123, 0.0 ], [ 97.181148262495284, 43.361703963406399, 0.0 ], [ 97.329231618572052, 43.380235812658157, 0.0 ], [ 97.704048341517463, 43.392893415430642, 0.0 ], [ 97.843737946478939, 43.399236385374657, 0.0 ], [ 97.909251621030421, 43.406048161593908, 0.0 ], [ 97.980665987914776, 43.41580299211202, 0.0 ], [ 98.094570052707951, 43.424732582541957, 0.0 ], [ 98.44713216351272, 43.433282478559647, 0.0 ], [ 98.56313024702547, 43.439082975589152, 0.0 ], [ 98.849607012218584, 43.458576932257472, 0.0 ], [ 99.040825817471358, 43.469239101585451, 0.0 ], [ 99.111812430335348, 43.477447789663813, 0.0 ], [ 99.174293527010889, 43.482184024245903, 0.0 ], [ 99.393381489099369, 43.494255537615793, 0.0 ], [ 99.51094989446328, 43.5048735112508, 0.0 ], [ 99.617013451798726, 43.51885487022335, 0.0 ], [ 99.723644270269205, 43.539291558189028, 0.0 ], [ 100.054768193809807, 43.584845197511882, 0.0 ], [ 100.239364568676294, 43.598709656747523, 0.0 ], [ 100.432703607223999, 43.61662982642661, 0.0 ], [ 100.530674555717496, 43.618860327619913, 0.0 ], [ 100.617763966184498, 43.617650572305607, 0.0 ], [ 100.677157420014495, 43.621017258179968, 0.0 ], [ 100.730722439937594, 43.627659824831852, 0.0 ], [ 100.956092964478401, 43.62124115547681, 0.0 ], [ 101.043934615216401, 43.625805185358942, 0.0 ], [ 101.188168985856507, 43.638030499896402, 0.0 ], [ 101.364467751834695, 43.666182320857438, 0.0 ], [ 101.445633342107001, 43.672198374974222, 0.0 ], [ 101.504315901274197, 43.673349179161683, 0.0 ], [ 101.553443590398601, 43.671884922791371, 0.0 ], [ 101.584493430602393, 43.665509059786693, 0.0 ], [ 101.647987473205006, 43.656743154701829, 0.0 ], [ 101.693390589911402, 43.65444058627893, 0.0 ], [ 101.753169697000502, 43.654550158037672, 0.0 ], [ 101.787321675713599, 43.659209524704153, 0.0 ], [ 101.810918611057502, 43.660650620584491, 0.0 ], [ 101.829871594018599, 43.659284321878317, 0.0 ], [ 101.850380336920097, 43.662178376177437, 0.0 ], [ 101.870380187325495, 43.662817340441947, 0.0 ], [ 101.889720037871399, 43.667906328201731, 0.0 ], [ 101.919266686180094, 43.668109836255333, 0.0 ], [ 101.951579628730201, 43.664783136789687, 0.0 ], [ 101.994312414291798, 43.662976888450643, 0.0 ], [ 102.029038465943998, 43.663756160763988, 0.0 ], [ 102.179271530351897, 43.660202789587878, 0.0 ], [ 102.323948670374605, 43.644098979533432, 0.0 ], [ 102.416266623521807, 43.622300036612877, 0.0 ], [ 102.517657033476297, 43.612795884868078, 0.0 ], [ 102.539507787529999, 43.60936377714166, 0.0 ], [ 102.562491689662195, 43.601771539831198, 0.0 ] ] } },
{ "type": "Feature", "properties": { "average_dip": "(70,50,80)", "average_rake": null, "catalog_id": "NEA_260", "catalog_name": "GEM_NE_Asia", "dip_dir": "E", "lower_seis_depth": null, "name": null, "net_slip_rate": null, "slip_type": "Dextral-Normal", "upper_seis_depth": null, "downthrown_side_id": null, "reference": "DEM", "epistemic_quality": "1", "accuracy": "40000", "activity_confidence": "1", "fs_name": null, "last_movement": null, "downthrown_side_dir": "E", "vert_sep_rate": null, "strike_slip_rate": null, "exposure_quality": "1", "shortening_rate": null, "notes": "Haven't seen in the literature but it's clean as a whistle in the topo data", "index_right": 9, "NAME_EN": "People's Republic of China" }, "geometry": { "type": "LineString", "coordinates": [ [ 86.187175127597371, 48.875134711791937, 0.0 ], [ 86.185840399424663, 48.869860484404057, 0.0 ], [ 86.188254070789753, 48.862154456342154, 0.0 ], [ 86.197808738794379, 48.844612919711992, 0.0 ], [ 86.216494274093975, 48.827818625882593, 0.0 ], [ 86.236735953103249, 48.813296867411161, 0.0 ], [ 86.244230477211119, 48.809587740485405, 0.0 ], [ 86.27258808914543, 48.788418096722062, 0.0 ], [ 86.287870536274056, 48.780754894387123, 0.0 ], [ 86.295134026001335, 48.770503665254466, 0.0 ], [ 86.350770323479722, 48.724219393966528, 0.0 ], [ 86.405443082666068, 48.674590942576152, 0.0 ], [ 86.425377309972717, 48.654875649235301, 0.0 ], [ 86.431384652005079, 48.644349457410129, 0.0 ], [ 86.441008168009475, 48.633461322711781, 0.0 ], [ 86.458767763716949, 48.618453345970302, 0.0 ], [ 86.480854576148971, 48.601389074577341, 0.0 ], [ 86.512335247930665, 48.586900835721273, 0.0 ], [ 86.525505522399868, 48.57816276706135, 0.0 ], [ 86.54959762892895, 48.552094967468641, 0.0 ], [ 86.550913568003068, 48.547538033928575, 0.0 ], [ 86.559622252114238, 48.536645389087546, 0.0 ], [ 86.560793845234485, 48.532787674403309, 0.0 ], [ 86.588003001927362, 48.498836680343956, 0.0 ], [ 86.607875072238187, 48.469497021841448, 0.0 ], [ 86.627703267817353, 48.451124412465539, 0.0 ], [ 86.63421859670413, 48.439594171174569, 0.0 ], [ 86.645147407176694, 48.407825803683217, 0.0 ], [ 86.660901458253633, 48.383753125415012, 0.0 ], [ 86.697557203858139, 48.342918793877516, 0.0 ], [ 86.764072776168689, 48.260383881666492, 0.0 ], [ 86.811336892764757, 48.217748234764407, 0.0 ] ] } }
]
}
